<?xml version="1.0" encoding="UTF-8"?>
<gpx xmlns="http://www.topografix.com/GPX/1/1" xmlns:xsi="http://www.w3.org/2001/XMLSchema-instance" xsi:schemaLocation="http://www.topografix.com/GPX/1/1 http://www.topografix.com/GPX/1/1/gpx.xsd" version="1.1" creator="overpass-turbo"><metadata><desc>Filtered OSM data converted to GPX by overpass turbo</desc><copyright author="The data included in this document is from www.openstreetmap.org. The data is made available under ODbL."/><time>2026-10-01T14:34:17Z</time></metadata><wpt lat="37.7842526" lon="-122.3886816"><name>node/1392953862</name><desc>camera:direction=277
camera:mount=wall
camera:type=dome
man_made=surveillance
surveillance=outdoor
surveillance:type=camera
surveillance:zone=entrance</desc><link href="http://osm.org/browse/node/1392953862"/></wpt><wpt lat="37.7825584" lon="-122.3941002"><name>node/1607241531</name><desc>camera:direction=240
camera:mount=wall
camera:type=fixed
man_made=surveillance
surveillance=public
surveillance:type=camera
surveillance:zone=entrance</desc><link href="http://osm.org/browse/node/1607241531"/></wpt><wpt lat="37.7856589" lon="-122.4284284"><name>node/2634186259</name><desc>camera:direction=N
camera:mount=wall
camera:type=dome
man_made=surveillance
surveillance=public
surveillance:type=camera
surveillance:zone=street</desc><link href="http://osm.org/browse/node/2634186259"/></wpt><wpt lat="37.7749251" lon="-122.4704442"><name>node/2801071364</name><desc>camera:direction=89
camera:mount=wall
camera:type=fixed
man_made=surveillance
manufacturer:wikidata=Q5297222
surveillance=public
surveillance:type=camera</desc><link href="http://osm.org/browse/node/2801071364"/></wpt><wpt lat="37.7895667" lon="-122.390151"><name>node/3201045669</name><desc>amenity=parking_entrance
camera:direction=237
camera:mount=wall
camera:type=dome
man_made=surveillance
parking=underground
surveillance=public
surveillance:type=camera
surveillance:zone=entrance;street</desc><link href="http://osm.org/browse/node/3201045669"/></wpt><wpt lat="37.7655162" lon="-122.4760181"><name>node/4034036876</name><desc>camera:mount=pole
camera:type=fixed
direction=100
image=https://alpr.pictures/san-francisco/lincoln%20ebfs%2018th.jpg
man_made=surveillance
manufacturer=Flock Safety
manufacturer:wikidata=Q108485435
operator=San Francisco Police Department
operator:wikidata=Q1320247
surveillance=public
surveillance:type=ALPR
surveillance:zone=traffic</desc><link href="http://osm.org/browse/node/4034036876"/></wpt><wpt lat="37.7650798" lon="-122.4776933"><name>node/10612927301</name><desc>camera:direction=178
camera:mount=wall
man_made=surveillance
surveillance=outdoor
surveillance:type=camera
surveillance:zone=parking</desc><link href="http://osm.org/browse/node/10612927301"/></wpt><wpt lat="37.7800545" lon="-122.4781631"><name>node/10671986862</name><desc>camera:direction=266
camera:type=dome
man_made=surveillance
surveillance=public
surveillance:type=camera
surveillance:zone=street</desc><link href="http://osm.org/browse/node/10671986862"/></wpt><wpt lat="37.7747463" lon="-122.4748051"><name>node/10681921355</name><desc>camera:mount=wall
camera:type=fixed
direction=SE
man_made=surveillance
surveillance=outdoor
surveillance:type=camera
surveillance:zone=street</desc><link href="http://osm.org/browse/node/10681921355"/></wpt><wpt lat="37.7747612" lon="-122.4748305"><name>node/10681921356</name><desc>camera:mount=wall
camera:type=fixed
direction=NW
man_made=surveillance
surveillance=outdoor
surveillance:type=camera
surveillance:zone=street</desc><link href="http://osm.org/browse/node/10681921356"/></wpt><wpt lat="37.774608" lon="-122.4745574"><name>node/10681921357</name><desc>camera:mount=wall
camera:type=fixed
direction=SW
man_made=surveillance
surveillance=outdoor
surveillance:type=camera
surveillance:zone=street</desc><link href="http://osm.org/browse/node/10681921357"/></wpt><wpt lat="37.7745914" lon="-122.474556"><name>node/10681921358</name><desc>camera:mount=wall
camera:type=fixed
direction=SW
man_made=surveillance
surveillance=outdoor
surveillance:type=camera
surveillance:zone=street</desc><link href="http://osm.org/browse/node/10681921358"/></wpt><wpt lat="37.7734183" lon="-122.4747103"><name>node/10681921362</name><desc>camera:mount=wall
camera:type=fixed
direction=ESE
man_made=surveillance
surveillance=outdoor
surveillance:type=camera
surveillance:zone=entrance</desc><link href="http://osm.org/browse/node/10681921362"/></wpt><wpt lat="37.7734436" lon="-122.4747055"><name>node/10681921363</name><desc>camera:mount=wall
camera:type=fixed
direction=SE
man_made=surveillance
surveillance=outdoor
surveillance:type=camera
surveillance:zone=entrance</desc><link href="http://osm.org/browse/node/10681921363"/></wpt><wpt lat="37.7734796" lon="-122.4747132"><name>node/10681921364</name><desc>camera:mount=wall
camera:type=fixed
direction=ESE
man_made=surveillance
surveillance=outdoor
surveillance:type=camera
surveillance:zone=street</desc><link href="http://osm.org/browse/node/10681921364"/></wpt><wpt lat="37.7735042" lon="-122.4747162"><name>node/10681921365</name><desc>camera:mount=wall
camera:type=fixed
direction=NNW
man_made=surveillance
surveillance=outdoor
surveillance:type=camera
surveillance:zone=street</desc><link href="http://osm.org/browse/node/10681921365"/></wpt><wpt lat="37.7778829" lon="-122.4739269"><name>node/10681979480</name><desc>camera:mount=wall
camera:type=fixed
direction=E
man_made=surveillance
surveillance=outdoor
surveillance:type=camera
surveillance:zone=street</desc><link href="http://osm.org/browse/node/10681979480"/></wpt><wpt lat="37.7790429" lon="-122.4739854"><name>node/10681979484</name><desc>camera:mount=wall
camera:type=dome
direction=E
man_made=surveillance
surveillance=outdoor
surveillance:type=camera
surveillance:zone=entrance</desc><link href="http://osm.org/browse/node/10681979484"/></wpt><wpt lat="37.7793434" lon="-122.4740285"><name>node/10681979485</name><desc>camera:mount=wall
camera:type=fixed
direction=E
man_made=surveillance
surveillance=outdoor
surveillance:type=camera
surveillance:zone=street</desc><link href="http://osm.org/browse/node/10681979485"/></wpt><wpt lat="37.7800071" lon="-122.4740827"><name>node/10681979486</name><desc>camera:mount=wall
camera:type=door
direction=E
man_made=surveillance
surveillance=outdoor
surveillance:type=camera
surveillance:zone=entrance</desc><link href="http://osm.org/browse/node/10681979486"/></wpt><wpt lat="37.7765195" lon="-122.4773853"><name>node/10684063289</name><desc>camera:mount=wall
direction=ENE
man_made=surveillance
surveillance=outdoor
surveillance:type=camera
surveillance:zone=street</desc><link href="http://osm.org/browse/node/10684063289"/></wpt><wpt lat="37.7764886" lon="-122.477204"><name>node/10684063290</name><desc>camera:mount=wall
camera:type=door
direction=N
man_made=surveillance
surveillance=outdoor
surveillance:type=camera
surveillance:zone=entrance</desc><link href="http://osm.org/browse/node/10684063290"/></wpt><wpt lat="37.7765027" lon="-122.4774778"><name>node/10684063291</name><desc>camera:mount=wall
camera:type=fixed
direction=N
man_made=surveillance
surveillance=outdoor
surveillance:type=camera
surveillance:zone=entrance</desc><link href="http://osm.org/browse/node/10684063291"/></wpt><wpt lat="37.8067081" lon="-122.4757155"><name>node/10691449145</name><desc>camera:mount=pole
camera:type=panning
direction=S
man_made=surveillance
surveillance=outdoor
surveillance:type=camera
surveillance:zone=parking</desc><link href="http://osm.org/browse/node/10691449145"/></wpt><wpt lat="37.8067756" lon="-122.475609"><name>node/10691449146</name><desc>camera:mount=pole
camera:type=panning
direction=E
man_made=surveillance
surveillance=outdoor
surveillance:type=camera
surveillance:zone=traffic</desc><link href="http://osm.org/browse/node/10691449146"/></wpt><wpt lat="37.7755974" lon="-122.4702027"><name>node/10698147308</name><desc>camera:mount=wall
camera:type=fixed
direction=SW
man_made=surveillance
surveillance=outdoor
surveillance:type=camera
surveillance:zone=street</desc><link href="http://osm.org/browse/node/10698147308"/></wpt><wpt lat="37.7768742" lon="-122.4695206"><name>node/10698162385</name><desc>camera:mount=wall
camera:type=fixed
direction=NW
man_made=surveillance
surveillance=outdoor
surveillance:type=camera
surveillance:zone=entrance</desc><link href="http://osm.org/browse/node/10698162385"/></wpt><wpt lat="37.7768651" lon="-122.4695099"><name>node/10698162386</name><desc>camera:mount=wall
camera:type=fixed
direction=SE
man_made=surveillance
surveillance=outdoor
surveillance:type=camera
surveillance:zone=entrance</desc><link href="http://osm.org/browse/node/10698162386"/></wpt><wpt lat="37.7768124" lon="-122.4695059"><name>node/10698162387</name><desc>camera:mount=wall
camera:type=fixed
direction=NE
man_made=surveillance
surveillance=outdoor
surveillance:type=camera
surveillance:zone=entrance</desc><link href="http://osm.org/browse/node/10698162387"/></wpt><wpt lat="37.777118" lon="-122.4643493"><name>node/10702587425</name><desc>camera:mount=wall
camera:type=fixed
direction=NE
man_made=surveillance
surveillance=outdoor
surveillance:type=camera
surveillance:zone=entrance</desc><link href="http://osm.org/browse/node/10702587425"/></wpt><wpt lat="37.7839863" lon="-122.4340736"><name>node/10702606294</name><desc>camera:direction=78
camera:mount=wall
camera:type=fixed
direction=E
man_made=surveillance
surveillance=outdoor
surveillance:type=camera
surveillance:zone=street</desc><link href="http://osm.org/browse/node/10702606294"/></wpt><wpt lat="37.7839719" lon="-122.4340808"><name>node/10702606295</name><desc>camera:direction=171
camera:mount=wall
camera:type=fixed
man_made=surveillance
surveillance=outdoor
surveillance:type=camera
surveillance:zone=entrance</desc><link href="http://osm.org/browse/node/10702606295"/></wpt><wpt lat="37.7637623" lon="-122.4766353"><name>node/10705377779</name><desc>camera:direction=178
camera:mount=wall
camera:type=dome
man_made=surveillance
surveillance=outdoor
surveillance:type=camera
surveillance:zone=entrance</desc><link href="http://osm.org/browse/node/10705377779"/></wpt><wpt lat="37.7639448" lon="-122.4767327"><name>node/10705377780</name><desc>camera:direction=267
camera:mount=wall
camera:type=dome
man_made=surveillance
surveillance=outdoor
surveillance:type=camera</desc><link href="http://osm.org/browse/node/10705377780"/></wpt><wpt lat="37.7650895" lon="-122.4774891"><name>node/10705431681</name><desc>camera:direction=158
camera:type=dome
man_made=surveillance
surveillance=outdoor
surveillance:type=camera
surveillance:zone=street</desc><link href="http://osm.org/browse/node/10705431681"/></wpt><wpt lat="37.7651" lon="-122.4774766"><name>node/10705431682</name><desc>camera:direction=359
camera:type=dome
man_made=surveillance
surveillance=outdoor
surveillance:type=camera
surveillance:zone=street</desc><link href="http://osm.org/browse/node/10705431682"/></wpt><wpt lat="37.7651421" lon="-122.4774768"><name>node/10705431683</name><desc>camera:direction=183
camera:type=dome
man_made=surveillance
surveillance=outdoor
surveillance:type=camera
surveillance:zone=street</desc><link href="http://osm.org/browse/node/10705431683"/></wpt><wpt lat="37.7652706" lon="-122.4774938"><name>node/10705431684</name><desc>camera:direction=182
camera:type=dome
man_made=surveillance
surveillance=outdoor
surveillance:type=camera
surveillance:zone=entrance</desc><link href="http://osm.org/browse/node/10705431684"/></wpt><wpt lat="37.7653043" lon="-122.4774897"><name>node/10705431685</name><desc>camera:direction=174
camera:type=dome
man_made=surveillance
surveillance=outdoor
surveillance:type=camera
surveillance:zone=street</desc><link href="http://osm.org/browse/node/10705431685"/></wpt><wpt lat="37.7653106" lon="-122.4775029"><name>node/10705431687</name><desc>camera:direction=263
camera:type=dome
man_made=surveillance
surveillance=outdoor
surveillance:type=camera
surveillance:zone=street</desc><link href="http://osm.org/browse/node/10705431687"/></wpt><wpt lat="37.7653049" lon="-122.4777028"><name>node/10705431688</name><desc>camera:direction=84
camera:type=dome
man_made=surveillance
surveillance=outdoor
surveillance:type=camera
surveillance:zone=entrance</desc><link href="http://osm.org/browse/node/10705431688"/></wpt><wpt lat="37.76535" lon="-122.4773959"><name>node/10705431690</name><desc>camera:direction=355
camera:mount=pole
camera:type=fixed
man_made=surveillance
surveillance=outdoor
surveillance:type=camera
surveillance:zone=traffic</desc><link href="http://osm.org/browse/node/10705431690"/></wpt><wpt lat="37.807238" lon="-122.4378923"><name>node/10708012496</name><desc>camera:direction=204
camera:mount=ceiling
camera:type=dome
man_made=surveillance
surveillance:type=camera</desc><link href="http://osm.org/browse/node/10708012496"/></wpt><wpt lat="37.8072382" lon="-122.4378753"><name>node/10708012497</name><desc>camera:direction=129
camera:mount=ceiling
camera:type=dome
man_made=surveillance
surveillance:type=camera</desc><link href="http://osm.org/browse/node/10708012497"/></wpt><wpt lat="37.8072537" lon="-122.4377783"><name>node/10708012498</name><desc>camera:direction=135
camera:mount=ceiling
camera:type=dome
man_made=surveillance
surveillance:type=camera</desc><link href="http://osm.org/browse/node/10708012498"/></wpt><wpt lat="37.7806023" lon="-122.4721298"><name>node/10720135505</name><desc>camera:direction=267
camera:mount=pole
camera:type=fixed
man_made=surveillance
surveillance=public
surveillance:type=camera
surveillance:zone=traffic</desc><link href="http://osm.org/browse/node/10720135505"/></wpt><wpt lat="37.7808408" lon="-122.472182"><name>node/10720135506</name><desc>camera:mount=pole
camera:type=fixed
direction=325
man_made=surveillance
manufacturer=Flock Safety
manufacturer:wikidata=Q108485435
operator=San Francisco Police Department
operator:wikidata=Q1320247
surveillance=public
surveillance:type=ALPR
surveillance:zone=traffic</desc><link href="http://osm.org/browse/node/10720135506"/></wpt><wpt lat="37.7807268" lon="-122.4725192"><name>node/10720135508</name><desc>camera:direction=86
camera:mount=pole
camera:type=fixed
man_made=surveillance
surveillance=public
surveillance:type=camera
surveillance:zone=traffic</desc><link href="http://osm.org/browse/node/10720135508"/></wpt><wpt lat="37.7799633" lon="-122.4839976"><name>node/10728597626</name><desc>camera:direction=335
camera:type=dome
check_date=2026-07-18
man_made=surveillance
surveillance=outdoor
surveillance:type=camera</desc><link href="http://osm.org/browse/node/10728597626"/></wpt><wpt lat="37.7797244" lon="-122.4835179"><name>node/10728597634</name><desc>camera:direction=266
camera:mount=fence
camera:type=dome
man_made=surveillance
surveillance=outdoor
surveillance:type=camera
surveillance:zone=street</desc><link href="http://osm.org/browse/node/10728597634"/></wpt><wpt lat="37.7803059" lon="-122.4867849"><name>node/10728615650</name><desc>camera:direction=188
camera:mount=wall
camera:type=dome
man_made=surveillance
surveillance=outdoor
surveillance:type=camera
surveillance:zone=entrance</desc><link href="http://osm.org/browse/node/10728615650"/></wpt><wpt lat="37.7796785" lon="-122.4848388"><name>node/10728628302</name><desc>camera:direction=358
camera:mount=wall
camera:type=fixed
man_made=surveillance
surveillance=public
surveillance:type=camera
surveillance:zone=entrance</desc><link href="http://osm.org/browse/node/10728628302"/></wpt><wpt lat="37.7799169" lon="-122.4848537"><name>node/10728628707</name><desc>camera:direction=270
camera:type=fixed
disused:*=yes
man_made=surveillance
surveillance=public
surveillance:type=camera
surveillance:zone=entrance</desc><link href="http://osm.org/browse/node/10728628707"/></wpt><wpt lat="37.779908" lon="-122.4850068"><name>node/10728628708</name><desc>camera:direction=86
camera:type=fixed
check_date=2026-07-18
man_made=surveillance
surveillance=public
surveillance:type=camera
surveillance:zone=entrance</desc><link href="http://osm.org/browse/node/10728628708"/></wpt><wpt lat="37.7694282" lon="-122.4807958"><name>node/10733847381</name><desc>camera:direction=332
camera:mount=wall
camera:type=dome
man_made=surveillance
surveillance=outdoor
surveillance:type=camera</desc><link href="http://osm.org/browse/node/10733847381"/></wpt><wpt lat="37.7693159" lon="-122.4808803"><name>node/10733847382</name><desc>camera:direction=63
camera:mount=wall
camera:type=dome
man_made=surveillance
surveillance=outdoor
surveillance:type=camera</desc><link href="http://osm.org/browse/node/10733847382"/></wpt><wpt lat="37.7693306" lon="-122.4810249"><name>node/10733847383</name><desc>camera:direction=333
camera:mount=wall
camera:type=dome
man_made=surveillance
surveillance=outdoor
surveillance:type=camera</desc><link href="http://osm.org/browse/node/10733847383"/></wpt><wpt lat="37.7698848" lon="-122.4598284"><name>node/10742483079</name><desc>camera:direction=137
camera:mount=pole
camera:type=dome
man_made=surveillance
surveillance=outdoor
surveillance:type=camera</desc><link href="http://osm.org/browse/node/10742483079"/></wpt><wpt lat="37.7749318" lon="-122.4791086"><name>node/10744215627</name><desc>camera:direction=186
camera:mount=wall
camera:type=fixed
man_made=surveillance
surveillance=outdoor
surveillance:type=camera
surveillance:zone=entrance</desc><link href="http://osm.org/browse/node/10744215627"/></wpt><wpt lat="37.7811555" lon="-122.4774317"><name>node/10744252164</name><desc>camera:direction=153
camera:mount=ceiling
camera:type=fixed
man_made=surveillance
surveillance=public
surveillance:type=camera
surveillance:zone=street</desc><link href="http://osm.org/browse/node/10744252164"/></wpt><wpt lat="37.780777" lon="-122.4771575"><name>node/10744252166</name><desc>camera:direction=269
camera:mount=wall
camera:type=dome
man_made=surveillance
surveillance=public
surveillance:type=camera
surveillance:zone=entrance</desc><link href="http://osm.org/browse/node/10744252166"/></wpt><wpt lat="37.7813916" lon="-122.4774381"><name>node/10744252167</name><desc>camera:direction=170
camera:mount=wall
camera:type=fixed
man_made=surveillance
surveillance=public
surveillance:type=camera
surveillance:zone=street</desc><link href="http://osm.org/browse/node/10744252167"/></wpt><wpt lat="37.7813072" lon="-122.4774365"><name>node/10744252168</name><desc>camera:direction=5
camera:mount=wall
camera:type=fixed
man_made=surveillance
surveillance=public
surveillance:type=camera
surveillance:zone=street</desc><link href="http://osm.org/browse/node/10744252168"/></wpt><wpt lat="37.7811141" lon="-122.4774705"><name>node/10744252170</name><desc>camera:direction=86
camera:mount=ceiling
camera:type=fixed
man_made=surveillance
surveillance=public
surveillance:type=camera
surveillance:zone=street</desc><link href="http://osm.org/browse/node/10744252170"/></wpt><wpt lat="37.7823381" lon="-122.4755579"><name>node/10744312764</name><desc>camera:direction=304
camera:mount=wall
man_made=surveillance
surveillance=public
surveillance:type=camera
surveillance:zone=street</desc><link href="http://osm.org/browse/node/10744312764"/></wpt><wpt lat="37.7823357" lon="-122.4756317"><name>node/10744312765</name><desc>camera:direction=37
camera:mount=wall
man_made=surveillance
surveillance=public
surveillance:type=camera
surveillance:zone=street</desc><link href="http://osm.org/browse/node/10744312765"/></wpt><wpt lat="37.7840426" lon="-122.4786943"><name>node/10744390959</name><desc>camera:direction=155
camera:mount=wall
camera:type=fixed
man_made=surveillance
surveillance=public
surveillance:type=camera
surveillance:zone=street</desc><link href="http://osm.org/browse/node/10744390959"/></wpt><wpt lat="37.7839977" lon="-122.4786911"><name>node/10744390960</name><desc>camera:direction=32
camera:mount=wall
camera:type=fixed
man_made=surveillance
surveillance=public
surveillance:type=camera
surveillance:zone=street</desc><link href="http://osm.org/browse/node/10744390960"/></wpt><wpt lat="37.7852204" lon="-122.4238817"><name>node/10746955726</name><desc>camera:direction=268
camera:mount=wall
camera:type=dome
man_made=surveillance
surveillance=outdoor
surveillance:type=camera
surveillance:zone=playground</desc><link href="http://osm.org/browse/node/10746955726"/></wpt><wpt lat="37.785086" lon="-122.4243703"><name>node/10746955730</name><desc>camera:direction=328
camera:mount=wall
man_made=surveillance
surveillance=public
surveillance:type=camera
surveillance:zone=street</desc><link href="http://osm.org/browse/node/10746955730"/></wpt><wpt lat="37.7849833" lon="-122.4244334"><name>node/10746955733</name><desc>camera:direction=289
camera:mount=wall
camera:type=dome
man_made=surveillance
surveillance=public
surveillance:type=camera
surveillance:zone=street</desc><link href="http://osm.org/browse/node/10746955733"/></wpt><wpt lat="37.7850907" lon="-122.4241835"><name>node/10746955734</name><desc>camera:direction=260
camera:mount=pole
man_made=surveillance
surveillance=public
surveillance:type=camera</desc><link href="http://osm.org/browse/node/10746955734"/></wpt><wpt lat="37.7850846" lon="-122.4241709"><name>node/10746955735</name><desc>camera:direction=173
camera:mount=pole
man_made=surveillance
surveillance=public
surveillance:type=camera</desc><link href="http://osm.org/browse/node/10746955735"/></wpt><wpt lat="37.7849992" lon="-122.424051"><name>node/10746955738</name><desc>camera:direction=314
camera:mount=pole
man_made=surveillance
surveillance=public
surveillance:type=camera
surveillance:zone=public_transport</desc><link href="http://osm.org/browse/node/10746955738"/></wpt><wpt lat="37.7849949" lon="-122.4240403"><name>node/10746955739</name><desc>camera:direction=127
camera:mount=pole
man_made=surveillance
surveillance=public
surveillance:type=camera
surveillance:zone=street</desc><link href="http://osm.org/browse/node/10746955739"/></wpt><wpt lat="37.7848706" lon="-122.4239399"><name>node/10746955740</name><desc>camera:direction=350
camera:mount=pole
camera:type=fixed
man_made=surveillance
surveillance=public
surveillance:type=camera
surveillance:zone=stairs</desc><link href="http://osm.org/browse/node/10746955740"/></wpt><wpt lat="37.7848613" lon="-122.4239403"><name>node/10746955741</name><desc>camera:direction=171
camera:mount=pole
camera:type=fixed
man_made=surveillance
surveillance=public
surveillance:type=camera
surveillance:zone=parking</desc><link href="http://osm.org/browse/node/10746955741"/></wpt><wpt lat="37.77524" lon="-122.4841671"><name>node/10757719234</name><desc>camera:direction=356
camera:mount=wall
camera:type=dome
man_made=surveillance
surveillance=outdoor
surveillance:type=camera
surveillance:zone=entrance</desc><link href="http://osm.org/browse/node/10757719234"/></wpt><wpt lat="37.7752479" lon="-122.4840825"><name>node/10757719235</name><desc>camera:direction=356
camera:mount=wall
camera:type=dome
man_made=surveillance
surveillance=outdoor
surveillance:type=camera
surveillance:zone=entrance</desc><link href="http://osm.org/browse/node/10757719235"/></wpt><wpt lat="37.7802089" lon="-122.4784283"><name>node/10783380178</name><desc>camera:direction=38
camera:mount=wall
camera:type=dome
man_made=surveillance
surveillance=public
surveillance:type=camera
surveillance:zone=street</desc><link href="http://osm.org/browse/node/10783380178"/></wpt><wpt lat="37.7772668" lon="-122.4782092"><name>node/10783380180</name><desc>camera:direction=87
camera:mount=wall
camera:type=dome
man_made=surveillance
surveillance=public
surveillance:type=camera
surveillance:zone=street</desc><link href="http://osm.org/browse/node/10783380180"/></wpt><wpt lat="37.7795099" lon="-122.4783792"><name>node/10783380182</name><desc>camera:direction=86
camera:mount=doorbell
camera:type=door
man_made=surveillance
surveillance=public
surveillance:type=camera
surveillance:zone=entrance</desc><link href="http://osm.org/browse/node/10783380182"/></wpt><wpt lat="37.7795417" lon="-122.4783672"><name>node/10783380184</name><desc>camera:direction=177
camera:mount=wall
man_made=surveillance
surveillance=outdoor
surveillance:type=camera
surveillance:zone=entrance</desc><link href="http://osm.org/browse/node/10783380184"/></wpt><wpt lat="37.7801575" lon="-122.4781742"><name>node/10783380185</name><desc>camera:direction=267
camera:type=dome
man_made=surveillance
surveillance=public
surveillance:type=camera
surveillance:zone=street</desc><link href="http://osm.org/browse/node/10783380185"/></wpt><wpt lat="37.780545" lon="-122.4784579"><name>node/10783380186</name><desc>camera:direction=177
camera:mount=wall
camera:type=dome
man_made=surveillance
surveillance=public
surveillance:type=camera
surveillance:zone=street</desc><link href="http://osm.org/browse/node/10783380186"/></wpt><wpt lat="37.7804459" lon="-122.4808221"><name>node/10783380187</name><desc>camera:direction=178
camera:mount=wall
camera:type=dome
man_made=surveillance
surveillance=public
surveillance:type=camera
surveillance:zone=street</desc><link href="http://osm.org/browse/node/10783380187"/></wpt><wpt lat="37.7804527" lon="-122.4805901"><name>node/10783380188</name><desc>camera:direction=203
camera:mount=wall
man_made=surveillance
surveillance=public
surveillance:type=camera
surveillance:zone=street</desc><link href="http://osm.org/browse/node/10783380188"/></wpt><wpt lat="37.7801962" lon="-122.4789686"><name>node/10783380189</name><desc>camera:direction=275
camera:mount=wall
camera:type=fixed
man_made=surveillance
surveillance=public
surveillance:type=camera
surveillance:zone=street</desc><link href="http://osm.org/browse/node/10783380189"/></wpt><wpt lat="37.7804775" lon="-122.4800445"><name>node/10783380191</name><desc>camera:direction=237
camera:mount=wall
man_made=surveillance
surveillance=public
surveillance:type=camera
surveillance:zone=street</desc><link href="http://osm.org/browse/node/10783380191"/></wpt><wpt lat="37.7805539" lon="-122.4805912"><name>node/10783380192</name><desc>camera:direction=141
camera:mount=wall
man_made=surveillance
surveillance=public
surveillance:type=camera
surveillance:zone=street</desc><link href="http://osm.org/browse/node/10783380192"/></wpt><wpt lat="37.7773048" lon="-122.4782106"><name>node/10783380196</name><desc>camera:direction=168
camera:type=fixed
man_made=surveillance
surveillance=public
surveillance:type=camera
surveillance:zone=entrance</desc><link href="http://osm.org/browse/node/10783380196"/></wpt><wpt lat="37.7804619" lon="-122.4805831"><name>node/10783380197</name><desc>camera:direction=14
camera:mount=wall
man_made=surveillance
surveillance=public
surveillance:type=camera
surveillance:zone=street</desc><link href="http://osm.org/browse/node/10783380197"/></wpt><wpt lat="37.7763928" lon="-122.4800574"><name>node/10784788025</name><desc>camera:direction=268
camera:type=door
man_made=surveillance
surveillance=public
surveillance:type=camera
surveillance:zone=entrance</desc><link href="http://osm.org/browse/node/10784788025"/></wpt><wpt lat="37.7814777" lon="-122.4581991"><name>node/10784973453</name><desc>camera:direction=176
camera:mount=wall
camera:type=dome
man_made=surveillance
surveillance=public
surveillance:type=camera
surveillance:zone=street</desc><link href="http://osm.org/browse/node/10784973453"/></wpt><wpt lat="37.7810926" lon="-122.4584025"><name>node/10785047732</name><desc>camera:direction=212
camera:mount=pole
camera:type=fixed
man_made=surveillance
surveillance=outdoor
surveillance:type=camera</desc><link href="http://osm.org/browse/node/10785047732"/></wpt><wpt lat="37.7807347" lon="-122.4585817"><name>node/10785047735</name><desc>camera:direction=0
camera:mount=pole
camera:type=fixed
man_made=surveillance
surveillance=outdoor
surveillance:type=camera</desc><link href="http://osm.org/browse/node/10785047735"/></wpt><wpt lat="37.7806509" lon="-122.4586625"><name>node/10785048102</name><desc>camera:direction=225
camera:mount=wall
camera:type=fixed
man_made=surveillance
surveillance=outdoor
surveillance:type=camera
surveillance:zone=street</desc><link href="http://osm.org/browse/node/10785048102"/></wpt><wpt lat="37.7754934" lon="-122.4586363"><name>node/10785201863</name><desc>camera:direction=144
camera:mount=wall
camera:type=fixed
man_made=surveillance
surveillance=public
surveillance:type=camera
surveillance:zone=street</desc><link href="http://osm.org/browse/node/10785201863"/></wpt><wpt lat="37.7754962" lon="-122.4586404"><name>node/10785201864</name><desc>camera:direction=312
camera:mount=wall
camera:type=fixed
man_made=surveillance
surveillance=public
surveillance:type=camera
surveillance:zone=street</desc><link href="http://osm.org/browse/node/10785201864"/></wpt><wpt lat="37.7754859" lon="-122.4589296"><name>node/10785201865</name><desc>camera:direction=49
camera:mount=wall
camera:type=fixed
man_made=surveillance
surveillance=public
surveillance:type=camera
surveillance:zone=street</desc><link href="http://osm.org/browse/node/10785201865"/></wpt><wpt lat="37.7754884" lon="-122.4587897"><name>node/10785201866</name><desc>camera:direction=155
camera:mount=wall
camera:type=fixed
man_made=surveillance
surveillance=indoor
surveillance:type=camera
surveillance:zone=entrance</desc><link href="http://osm.org/browse/node/10785201866"/></wpt><wpt lat="37.7753439" lon="-122.4589258"><name>node/10785201867</name><desc>camera:direction=327
camera:mount=wall
camera:type=fixed
man_made=surveillance
surveillance=outdoor
surveillance:type=camera
surveillance:zone=parking</desc><link href="http://osm.org/browse/node/10785201867"/></wpt><wpt lat="37.7754325" lon="-122.4600506"><name>node/10785201868</name><desc>camera:direction=308
camera:type=fixed
man_made=surveillance
surveillance=public
surveillance:type=camera
surveillance:zone=street</desc><link href="http://osm.org/browse/node/10785201868"/></wpt><wpt lat="37.7752798" lon="-122.4615738"><name>node/10785201869</name><desc>camera:direction=335
camera:mount=wall
camera:type=fixed
man_made=surveillance
surveillance=public
surveillance:type=camera
surveillance:zone=street</desc><link href="http://osm.org/browse/node/10785201869"/></wpt><wpt lat="37.775317" lon="-122.4623239"><name>node/10785201870</name><desc>camera:direction=357
camera:mount=wall
camera:type=fixed
man_made=surveillance
surveillance=public
surveillance:type=camera
surveillance:zone=street</desc><link href="http://osm.org/browse/node/10785201870"/></wpt><wpt lat="37.7753183" lon="-122.4622933"><name>node/10785201871</name><desc>camera:direction=272
camera:mount=wall
camera:type=fixed
man_made=surveillance
surveillance=outdoor
surveillance:type=camera
surveillance:zone=entrance</desc><link href="http://osm.org/browse/node/10785201871"/></wpt><wpt lat="37.7755356" lon="-122.4625328"><name>node/10785201872</name><desc>camera:direction=262
camera:mount=wall
camera:type=fixed
man_made=surveillance
surveillance=public
surveillance:type=camera
surveillance:zone=street</desc><link href="http://osm.org/browse/node/10785201872"/></wpt><wpt lat="37.7752999" lon="-122.4633159"><name>node/10785201873</name><desc>camera:direction=358
camera:mount=wall
camera:type=door
man_made=surveillance
manufacturer=Ring
surveillance=public
surveillance:type=camera
surveillance:zone=entrance</desc><link href="http://osm.org/browse/node/10785201873"/></wpt><wpt lat="37.7752903" lon="-122.4634753"><name>node/10785201874</name><desc>camera:direction=30
camera:type=fixed
man_made=surveillance
manufacturer=Ring
surveillance=public
surveillance:type=camera
surveillance:zone=street</desc><link href="http://osm.org/browse/node/10785201874"/></wpt><wpt lat="37.7752895" lon="-122.4635125"><name>node/10785201875</name><desc>camera:direction=7
camera:type=fixed
man_made=surveillance
manufacturer=Ring
surveillance=public
surveillance:type=camera
surveillance:zone=street</desc><link href="http://osm.org/browse/node/10785201875"/></wpt><wpt lat="37.7752236" lon="-122.4647671"><name>node/10785201876</name><desc>camera:direction=54
camera:mount=wall
camera:type=fixed
man_made=surveillance
surveillance=public
surveillance:type=camera
surveillance:zone=street</desc><link href="http://osm.org/browse/node/10785201876"/></wpt><wpt lat="37.7786329" lon="-122.4802239"><name>node/10788492873</name><desc>camera:direction=268
camera:mount=wall
camera:type=dome
man_made=surveillance
surveillance=public
surveillance:type=camera
surveillance:zone=street</desc><link href="http://osm.org/browse/node/10788492873"/></wpt><wpt lat="37.7785686" lon="-122.4802205"><name>node/10788492874</name><desc>camera:direction=268
camera:mount=wall
camera:type=dome
man_made=surveillance
surveillance=public
surveillance:type=camera
surveillance:zone=street</desc><link href="http://osm.org/browse/node/10788492874"/></wpt><wpt lat="37.7636402" lon="-122.4812644"><name>node/10788496697</name><desc>camera:direction=303
camera:mount=wall
camera:type=fixed
man_made=surveillance
surveillance=public
surveillance:type=camera
surveillance:zone=street</desc><link href="http://osm.org/browse/node/10788496697"/></wpt><wpt lat="37.7637031" lon="-122.4812662"><name>node/10788496698</name><desc>camera:direction=217
camera:mount=wall
camera:type=fixed
man_made=surveillance
surveillance=public
surveillance:type=camera
surveillance:zone=street</desc><link href="http://osm.org/browse/node/10788496698"/></wpt><wpt lat="37.7636309" lon="-122.4812732"><name>node/10788496699</name><desc>camera:direction=266
camera:mount=wall
camera:type=dome
level=1
man_made=surveillance
surveillance=public
surveillance:type=camera
surveillance:zone=street</desc><link href="http://osm.org/browse/node/10788496699"/></wpt><wpt lat="37.7635328" lon="-122.4812853"><name>node/10788496700</name><desc>camera:direction=268
camera:mount=wall
camera:type=dome
level=1
man_made=surveillance
surveillance=public
surveillance:type=camera
surveillance:zone=street</desc><link href="http://osm.org/browse/node/10788496700"/></wpt><wpt lat="37.7635017" lon="-122.481292"><name>node/10788496701</name><desc>camera:direction=351
camera:type=fixed
level=1
man_made=surveillance
surveillance=public
surveillance:type=camera
surveillance:zone=street</desc><link href="http://osm.org/browse/node/10788496701"/></wpt><wpt lat="37.7631634" lon="-122.4802214"><name>node/10788556306</name><desc>camera:direction=311
camera:mount=wall
camera:type=fixed
level=1
man_made=surveillance
surveillance=public
surveillance:type=camera
surveillance:zone=street</desc><link href="http://osm.org/browse/node/10788556306"/></wpt><wpt lat="37.7632772" lon="-122.4802291"><name>node/10788556307</name><desc>camera:direction=215
camera:mount=wall
camera:type=fixed
level=1
man_made=surveillance
surveillance=public
surveillance:type=camera
surveillance:zone=street</desc><link href="http://osm.org/browse/node/10788556307"/></wpt><wpt lat="37.7633217" lon="-122.4802291"><name>node/10788556308</name><desc>camera:direction=0-88;177-360
camera:mount=wall
camera:type=fixed
level=1
man_made=surveillance
manufacturer=Avigilon
surveillance=public
surveillance:type=camera
surveillance:zone=street</desc><link href="http://osm.org/browse/node/10788556308"/></wpt><wpt lat="37.7631685" lon="-122.4802201"><name>node/10788556311</name><desc>camera:direction=265
camera:mount=wall
camera:type=dome
level=1
man_made=surveillance
surveillance=public
surveillance:type=camera
surveillance:zone=street</desc><link href="http://osm.org/browse/node/10788556311"/></wpt><wpt lat="37.7213707" lon="-122.4772691"><name>node/10789049088</name><desc>camera:direction=333
camera:mount=wall
camera:type=fixed
man_made=surveillance
surveillance=public
surveillance:type=camera</desc><link href="http://osm.org/browse/node/10789049088"/></wpt><wpt lat="37.7213849" lon="-122.4773207"><name>node/10789049089</name><desc>camera:direction=69
camera:mount=wall
camera:type=fixed
man_made=surveillance
surveillance=public
surveillance:type=camera</desc><link href="http://osm.org/browse/node/10789049089"/></wpt><wpt lat="37.7769635" lon="-122.4800986"><name>node/10790849305</name><desc>camera:direction=266
camera:mount=wall
camera:type=dome
man_made=surveillance
surveillance=public
surveillance:type=camera
surveillance:zone=street</desc><link href="http://osm.org/browse/node/10790849305"/></wpt><wpt lat="37.7770617" lon="-122.4803847"><name>node/10790849306</name><desc>camera:direction=67
camera:mount=wall
camera:type=fixed
man_made=surveillance
surveillance=public
surveillance:type=camera
surveillance:zone=street</desc><link href="http://osm.org/browse/node/10790849306"/></wpt><wpt lat="37.7771533" lon="-122.4803646"><name>node/10790849307</name><desc>camera:direction=120
camera:mount=fence
camera:type=fixed
man_made=surveillance
surveillance=public
surveillance:type=camera
surveillance:zone=street</desc><link href="http://osm.org/browse/node/10790849307"/></wpt><wpt lat="37.7769275" lon="-122.4803574"><name>node/10790849308</name><desc>camera:direction=67
camera:mount=ceiling
camera:type=dome
man_made=surveillance
surveillance=public
surveillance:type=camera
surveillance:zone=entrance</desc><link href="http://osm.org/browse/node/10790849308"/></wpt><wpt lat="37.7770766" lon="-122.4800946"><name>node/10790849309</name><desc>camera:direction=213
camera:mount=ceiling
camera:type=dome
man_made=surveillance
surveillance=public
surveillance:type=camera
surveillance:zone=entrance</desc><link href="http://osm.org/browse/node/10790849309"/></wpt><wpt lat="37.7772126" lon="-122.4804039"><name>node/10790849310</name><desc>camera:direction=146
camera:mount=wall
camera:type=fixed
man_made=surveillance
surveillance=public
surveillance:type=camera
surveillance:zone=entrance</desc><link href="http://osm.org/browse/node/10790849310"/></wpt><wpt lat="37.7774571" lon="-122.4804039"><name>node/10790849311</name><desc>camera:direction=176
camera:mount=wall
camera:type=fixed
man_made=surveillance
surveillance=outdoor
surveillance:type=camera
surveillance:zone=entrance</desc><link href="http://osm.org/browse/node/10790849311"/></wpt><wpt lat="37.7774197" lon="-122.4801134"><name>node/10790849312</name><desc>camera:direction=265
camera:type=fixed
man_made=surveillance
surveillance=public
surveillance:type=camera
surveillance:zone=entrance</desc><link href="http://osm.org/browse/node/10790849312"/></wpt><wpt lat="37.7775529" lon="-122.4803999"><name>node/10790849313</name><desc>camera:direction=89
camera:mount=wall
camera:type=dome
man_made=surveillance
surveillance=public
surveillance:type=camera
surveillance:zone=street</desc><link href="http://osm.org/browse/node/10790849313"/></wpt><wpt lat="37.7775776" lon="-122.4804004"><name>node/10790849314</name><desc>camera:direction=359
camera:mount=wall
camera:type=fixed
man_made=surveillance
surveillance=public
surveillance:type=camera
surveillance:zone=entrance</desc><link href="http://osm.org/browse/node/10790849314"/></wpt><wpt lat="37.7776098" lon="-122.4804066"><name>node/10790849315</name><desc>camera:direction=4
camera:mount=wall
camera:type=fixed
man_made=surveillance
surveillance=public
surveillance:type=camera
surveillance:zone=entrance</desc><link href="http://osm.org/browse/node/10790849315"/></wpt><wpt lat="37.7774854" lon="-122.4801371"><name>node/10790849316</name><desc>camera:direction=266
camera:mount=wall
camera:type=door
level=1
man_made=surveillance
surveillance=public
surveillance:type=camera
surveillance:zone=entrance</desc><link href="http://osm.org/browse/node/10790849316"/></wpt><wpt lat="37.7775907" lon="-122.4804017"><name>node/10790849317</name><desc>camera:direction=87
camera:type=fixed
level=1
man_made=surveillance
surveillance=public
surveillance:type=camera
surveillance:zone=street</desc><link href="http://osm.org/browse/node/10790849317"/></wpt><wpt lat="37.7775501" lon="-122.4801335"><name>node/10790849318</name><desc>camera:direction=177
camera:mount=ceiling
camera:type=fixed
level=2
man_made=surveillance
surveillance=outdoor
surveillance:type=camera
surveillance:zone=entrance</desc><link href="http://osm.org/browse/node/10790849318"/></wpt><wpt lat="37.7778055" lon="-122.4801505"><name>node/10790849319</name><desc>camera:direction=265
camera:type=door
level=0
man_made=surveillance
surveillance=outdoor
surveillance:type=camera
surveillance:zone=entrance</desc><link href="http://osm.org/browse/node/10790849319"/></wpt><wpt lat="37.7781571" lon="-122.4804147"><name>node/10790849320</name><desc>camera:direction=155
camera:type=fixed
level=0
man_made=surveillance
surveillance=outdoor
surveillance:type=camera
surveillance:zone=entrance</desc><link href="http://osm.org/browse/node/10790849320"/></wpt><wpt lat="37.7781316" lon="-122.4804196"><name>node/10790849321</name><desc>camera:direction=85
camera:type=fixed
level=1
man_made=surveillance
surveillance=public
surveillance:type=camera
surveillance:zone=street</desc><link href="http://osm.org/browse/node/10790849321"/></wpt><wpt lat="37.7781636" lon="-122.4804214"><name>node/10790849322</name><desc>camera:direction=147
camera:type=fixed
level=1
man_made=surveillance
surveillance=public
surveillance:type=camera
surveillance:zone=street</desc><link href="http://osm.org/browse/node/10790849322"/></wpt><wpt lat="37.7800409" lon="-122.4823085"><name>node/10790894152</name><desc>camera:direction=358
camera:type=fixed
level=1
man_made=surveillance
surveillance=public
surveillance:type=camera
surveillance:zone=entrance</desc><link href="http://osm.org/browse/node/10790894152"/></wpt><wpt lat="37.7800412" lon="-122.4823764"><name>node/10790894153</name><desc>camera:direction=357
camera:type=fixed
level=1
man_made=surveillance
surveillance=public
surveillance:type=camera
surveillance:zone=entrance</desc><link href="http://osm.org/browse/node/10790894153"/></wpt><wpt lat="37.7785358" lon="-122.4825951"><name>node/10790904251</name><desc>camera:direction=3
camera:mount=wall
camera:type=fixed
level=1
man_made=surveillance
surveillance=public
surveillance:type=camera
surveillance:zone=entrance</desc><link href="http://osm.org/browse/node/10790904251"/></wpt><wpt lat="37.7785701" lon="-122.4826027"><name>node/10790904252</name><desc>camera:direction=176
camera:mount=wall
level=1
man_made=surveillance
surveillance=public
surveillance:type=camera
surveillance:zone=entrance</desc><link href="http://osm.org/browse/node/10790904252"/></wpt><wpt lat="37.773935" lon="-122.5099932"><name>node/10791225831</name><desc>camera:direction=143
camera:mount=wall
camera:type=fixed
man_made=surveillance
surveillance=outdoor
surveillance:type=camera
surveillance:zone=entrance</desc><link href="http://osm.org/browse/node/10791225831"/></wpt><wpt lat="37.7809196" lon="-122.4793116"><name>node/10794112873</name><desc>camera:direction=192
camera:mount=wall
camera:type=fixed
man_made=surveillance
surveillance=public
surveillance:type=camera
surveillance:zone=street</desc><link href="http://osm.org/browse/node/10794112873"/></wpt><wpt lat="37.7808375" lon="-122.4793072"><name>node/10794112874</name><desc>camera:direction=206
camera:mount=wall
camera:type=fixed
man_made=surveillance
surveillance=public
surveillance:type=camera
surveillance:zone=street</desc><link href="http://osm.org/browse/node/10794112874"/></wpt><wpt lat="37.7807871" lon="-122.4793127"><name>node/10794112875</name><desc>camera:direction=303
camera:mount=ceiling
camera:type=fixed
man_made=surveillance
surveillance=public
surveillance:type=camera
surveillance:zone=street</desc><link href="http://osm.org/browse/node/10794112875"/></wpt><wpt lat="37.780688" lon="-122.4792986"><name>node/10794112876</name><desc>camera:direction=185
camera:mount=wall
camera:type=fixed
man_made=surveillance
surveillance=public
surveillance:type=camera
surveillance:zone=street</desc><link href="http://osm.org/browse/node/10794112876"/></wpt><wpt lat="37.7802552" lon="-122.4776563"><name>node/10794112882</name><desc>camera:direction=356
camera:mount=wall
camera:type=door
man_made=surveillance
surveillance=public
surveillance:type=camera
surveillance:zone=street</desc><link href="http://osm.org/browse/node/10794112882"/></wpt><wpt lat="37.7807006" lon="-122.4749809"><name>node/10794112890</name><desc>camera:direction=179
camera:mount=wall
camera:type=dome
man_made=surveillance
surveillance=public
surveillance:type=camera
surveillance:zone=street</desc><link href="http://osm.org/browse/node/10794112890"/></wpt><wpt lat="37.7807648" lon="-122.4750063"><name>node/10794112891</name><desc>camera:direction=267
camera:mount=wall
camera:type=dome
man_made=surveillance
surveillance=public
surveillance:type=camera
surveillance:zone=street</desc><link href="http://osm.org/browse/node/10794112891"/></wpt><wpt lat="37.7809246" lon="-122.4750095"><name>node/10794112892</name><desc>camera:direction=269
camera:mount=wall
camera:type=dome
man_made=surveillance
surveillance=public
surveillance:type=camera
surveillance:zone=street</desc><link href="http://osm.org/browse/node/10794112892"/></wpt><wpt lat="37.778398" lon="-122.4759116"><name>node/10794116981</name><desc>camera:direction=266
camera:mount=ceiling
camera:type=dome
man_made=surveillance
surveillance=public
surveillance:type=camera
surveillance:zone=entrance</desc><link href="http://osm.org/browse/node/10794116981"/></wpt><wpt lat="37.7784375" lon="-122.4759123"><name>node/10794116982</name><desc>camera:direction=267
camera:mount=ceiling
camera:type=dome
man_made=surveillance
surveillance=public
surveillance:type=camera
surveillance:zone=entrance</desc><link href="http://osm.org/browse/node/10794116982"/></wpt><wpt lat="37.7784739" lon="-122.4757807"><name>node/10794116983</name><desc>camera:direction=266
camera:mount=wall
camera:type=dome
man_made=surveillance
surveillance=public
surveillance:type=camera
surveillance:zone=entrance</desc><link href="http://osm.org/browse/node/10794116983"/></wpt><wpt lat="37.7784725" lon="-122.4757036"><name>node/10794116984</name><desc>camera:direction=267
camera:mount=wall
camera:type=dome
man_made=surveillance
surveillance=public
surveillance:type=camera
surveillance:zone=entrance</desc><link href="http://osm.org/browse/node/10794116984"/></wpt><wpt lat="37.7842481" lon="-122.4317123"><name>node/10795947220</name><desc>camera:direction=124
camera:mount=wall
camera:type=fixed
man_made=surveillance
surveillance=public
surveillance:type=camera
surveillance:zone=entrance</desc><link href="http://osm.org/browse/node/10795947220"/></wpt><wpt lat="37.7842111" lon="-122.4316998"><name>node/10795947221</name><desc>camera:direction=79
camera:mount=wall
camera:type=dome
man_made=surveillance
surveillance=public
surveillance:type=camera
surveillance:zone=entrance</desc><link href="http://osm.org/browse/node/10795947221"/></wpt><wpt lat="37.7855706" lon="-122.428949"><name>node/10796023316</name><desc>camera:direction=S
camera:type=dome
man_made=surveillance
surveillance=outdoor
surveillance:type=camera
surveillance:zone=parking</desc><link href="http://osm.org/browse/node/10796023316"/></wpt><wpt lat="37.7864258" lon="-122.428517"><name>node/10796025058</name><desc>camera:direction=S
camera:mount=wall
camera:type=dome
man_made=surveillance
surveillance=outdoor
surveillance:type=camera
surveillance:zone=parking</desc><link href="http://osm.org/browse/node/10796025058"/></wpt><wpt lat="37.7830245" lon="-122.4311997"><name>node/10796040780</name><desc>camera:direction=332
camera:mount=wall
camera:type=fixed
man_made=surveillance
surveillance=outdoor
surveillance:type=camera
surveillance:zone=parking</desc><link href="http://osm.org/browse/node/10796040780"/></wpt><wpt lat="37.7830207" lon="-122.431214"><name>node/10796040781</name><desc>camera:direction=352
camera:mount=wall
camera:type=dome
man_made=surveillance
surveillance=outdoor
surveillance:type=camera
surveillance:zone=parking</desc><link href="http://osm.org/browse/node/10796040781"/></wpt><wpt lat="37.7830195" lon="-122.4312316"><name>node/10796040782</name><desc>camera:direction=350
camera:mount=wall
camera:type=fixed
man_made=surveillance
surveillance=outdoor
surveillance:type=camera
surveillance:zone=parking</desc><link href="http://osm.org/browse/node/10796040782"/></wpt><wpt lat="37.782546" lon="-122.4324225"><name>node/10796040783</name><desc>camera:direction=21
camera:mount=ceiling
camera:type=dome
man_made=surveillance
surveillance=outdoor
surveillance:type=camera
surveillance:zone=entrance</desc><link href="http://osm.org/browse/node/10796040783"/></wpt><wpt lat="37.7866845" lon="-122.4293617"><name>node/10796045525</name><desc>camera:direction=171
camera:mount=wall
camera:type=dome
man_made=surveillance
surveillance=public
surveillance:type=camera
surveillance:zone=street</desc><link href="http://osm.org/browse/node/10796045525"/></wpt><wpt lat="37.7864583" lon="-122.4292549"><name>node/10796045526</name><desc>camera:direction=333
camera:mount=wall
camera:type=fixed
man_made=surveillance
surveillance=public
surveillance:type=camera
surveillance:zone=entrance</desc><link href="http://osm.org/browse/node/10796045526"/></wpt><wpt lat="37.7864832" lon="-122.4292772"><name>node/10796045527</name><desc>camera:direction=160
camera:mount=wall
camera:type=fixed
man_made=surveillance
surveillance=outdoor
surveillance:type=camera
surveillance:zone=entrance</desc><link href="http://osm.org/browse/node/10796045527"/></wpt><wpt lat="37.7866449" lon="-122.4296371"><name>node/10796045528</name><desc>camera:direction=170
camera:mount=wall
camera:type=dome
man_made=surveillance
surveillance=public
surveillance:type=camera
surveillance:zone=street</desc><link href="http://osm.org/browse/node/10796045528"/></wpt><wpt lat="37.7865963" lon="-122.4301482"><name>node/10796045529</name><desc>camera:direction=140
camera:mount=wall
camera:type=dome
man_made=surveillance
surveillance=public
surveillance:type=camera
surveillance:zone=street</desc><link href="http://osm.org/browse/node/10796045529"/></wpt><wpt lat="37.7866894" lon="-122.4294765"><name>node/10796045530</name><desc>camera:direction=171
camera:mount=wall
camera:type=dome
man_made=surveillance
surveillance=public
surveillance:type=camera
surveillance:zone=entrance</desc><link href="http://osm.org/browse/node/10796045530"/></wpt><wpt lat="37.7861662" lon="-122.4300256"><name>node/10796045532</name><desc>camera:direction=32
camera:mount=wall
camera:type=fixed
man_made=surveillance
surveillance=public
surveillance:type=camera
surveillance:zone=street</desc><link href="http://osm.org/browse/node/10796045532"/></wpt><wpt lat="37.7861262" lon="-122.4297871"><name>node/10796045533</name><desc>camera:direction=257
camera:mount=wall
camera:type=fixed
man_made=surveillance
surveillance=public
surveillance:type=camera
surveillance:zone=street</desc><link href="http://osm.org/browse/node/10796045533"/></wpt><wpt lat="37.7860605" lon="-122.4298138"><name>node/10796045534</name><desc>camera:direction=220
camera:mount=wall
camera:type=fixed
man_made=surveillance
surveillance=public
surveillance:type=camera
surveillance:zone=street</desc><link href="http://osm.org/browse/node/10796045534"/></wpt><wpt lat="37.7857284" lon="-122.4299568"><name>node/10796045535</name><desc>camera:direction=31
camera:mount=ceiling
camera:type=dome
man_made=surveillance
surveillance=public
surveillance:type=camera
surveillance:zone=street</desc><link href="http://osm.org/browse/node/10796045535"/></wpt><wpt lat="37.7856608" lon="-122.4299527"><name>node/10796045536</name><desc>camera:direction=129
camera:mount=pole
camera:type=dome
man_made=surveillance
surveillance=public
surveillance:type=camera
surveillance:zone=street</desc><link href="http://osm.org/browse/node/10796045536"/></wpt><wpt lat="37.779607" lon="-122.4856688"><name>node/10797495287</name><desc>camera:direction=212
camera:mount=wall
camera:type=fixed
man_made=surveillance
surveillance=public
surveillance:type=camera
surveillance:zone=street</desc><link href="http://osm.org/browse/node/10797495287"/></wpt><wpt lat="37.7795414" lon="-122.4856646"><name>node/10797495288</name><desc>camera:direction=305
camera:mount=wall
camera:type=fixed
man_made=surveillance
surveillance=public
surveillance:type=camera
surveillance:zone=street</desc><link href="http://osm.org/browse/node/10797495288"/></wpt><wpt lat="37.7795337" lon="-122.4856596"><name>node/10797495289</name><desc>camera:direction=144
camera:mount=pole
camera:type=fixed
man_made=surveillance
surveillance=outdoor
surveillance:type=camera
surveillance:zone=parking</desc><link href="http://osm.org/browse/node/10797495289"/></wpt><wpt lat="37.779304" lon="-122.4856134"><name>node/10797495291</name><desc>camera:direction=297
camera:mount=wall
camera:type=fixed
man_made=surveillance
surveillance=public
surveillance:type=camera
surveillance:zone=street</desc><link href="http://osm.org/browse/node/10797495291"/></wpt><wpt lat="37.7790896" lon="-122.4858645"><name>node/10797495292</name><desc>camera:direction=90
camera:mount=wall
camera:type=dome
man_made=surveillance
surveillance=public
surveillance:type=camera
surveillance:zone=street</desc><link href="http://osm.org/browse/node/10797495292"/></wpt><wpt lat="37.7791546" lon="-122.485869"><name>node/10797495294</name><desc>camera:direction=165
camera:mount=wall
camera:type=fixed
man_made=surveillance
surveillance=public
surveillance:type=camera
surveillance:zone=street</desc><link href="http://osm.org/browse/node/10797495294"/></wpt><wpt lat="37.7882456" lon="-122.4095762"><name>node/10802159099</name><desc>camera:direction=91
camera:mount=wall
camera:type=fixed
man_made=surveillance
surveillance=public
surveillance:type=camera
surveillance:zone=street</desc><link href="http://osm.org/browse/node/10802159099"/></wpt><wpt lat="37.7882561" lon="-122.4095216"><name>node/10802159100</name><desc>camera:direction=255
camera:mount=wall
camera:type=fixed
man_made=surveillance
surveillance=public
surveillance:type=camera
surveillance:zone=street</desc><link href="http://osm.org/browse/node/10802159100"/></wpt><wpt lat="37.7882212" lon="-122.4097683"><name>node/10802159101</name><desc>camera:direction=174
camera:mount=wall
camera:type=dome
man_made=surveillance
surveillance=public
surveillance:type=camera
surveillance:zone=street</desc><link href="http://osm.org/browse/node/10802159101"/></wpt><wpt lat="37.7882011" lon="-122.4099847"><name>node/10802159104</name><desc>camera:direction=308
camera:mount=wall
man_made=surveillance
surveillance=public
surveillance:type=camera
surveillance:zone=street</desc><link href="http://osm.org/browse/node/10802159104"/></wpt><wpt lat="37.7885657" lon="-122.4100585"><name>node/10802194805</name><desc>camera:direction=189
camera:mount=wall
man_made=surveillance
surveillance=public
surveillance:type=camera
surveillance:zone=street</desc><link href="http://osm.org/browse/node/10802194805"/></wpt><wpt lat="37.7884371" lon="-122.4102609"><name>node/10802194806</name><desc>camera:direction=83
camera:mount=wall
camera:type=dome
man_made=surveillance
surveillance=public
surveillance:type=camera
surveillance:zone=street</desc><link href="http://osm.org/browse/node/10802194806"/></wpt><wpt lat="37.7879921" lon="-122.409892"><name>node/10802452144</name><desc>camera:direction=263
camera:mount=wall
camera:type=dome
man_made=surveillance
surveillance=public
surveillance:type=camera
surveillance:zone=entrance</desc><link href="http://osm.org/browse/node/10802452144"/></wpt><wpt lat="37.7880276" lon="-122.4096127"><name>node/10802452145</name><desc>camera:direction=82
camera:mount=wall
camera:type=dome
man_made=surveillance
surveillance=public
surveillance:type=camera
surveillance:zone=entrance</desc><link href="http://osm.org/browse/node/10802452145"/></wpt><wpt lat="37.7880216" lon="-122.409631"><name>node/10802452146</name><desc>camera:direction=260
camera:mount=wall
camera:type=dome
man_made=surveillance
surveillance=outdoor
surveillance:type=camera
surveillance:zone=entrance</desc><link href="http://osm.org/browse/node/10802452146"/></wpt><wpt lat="37.7880065" lon="-122.4080822"><name>node/10802452148</name><desc>camera:direction=5
camera:type=fixed
man_made=surveillance
surveillance=public
surveillance:type=camera</desc><link href="http://osm.org/browse/node/10802452148"/></wpt><wpt lat="37.7879354" lon="-122.4080747"><name>node/10802452149</name><desc>camera:direction=5
camera:type=fixed
man_made=surveillance
surveillance=public
surveillance:type=camera</desc><link href="http://osm.org/browse/node/10802452149"/></wpt><wpt lat="37.788445" lon="-122.4078752"><name>node/10802452150</name><desc>camera:direction=172
camera:type=dome
man_made=surveillance
surveillance=public
surveillance:type=camera
surveillance:zone=street</desc><link href="http://osm.org/browse/node/10802452150"/></wpt><wpt lat="37.7877992" lon="-122.4080021"><name>node/10802452155</name><desc>camera:direction=100
camera:mount=wall
camera:type=dome
man_made=surveillance
surveillance=public
surveillance:type=camera</desc><link href="http://osm.org/browse/node/10802452155"/></wpt><wpt lat="37.7877899" lon="-122.4080046"><name>node/10802452156</name><desc>camera:direction=129
camera:mount=wall
camera:type=fixed
man_made=surveillance
surveillance=public
surveillance:type=camera</desc><link href="http://osm.org/browse/node/10802452156"/></wpt><wpt lat="37.7876983" lon="-122.4080346"><name>node/10802452157</name><desc>camera:direction=112
camera:mount=wall
camera:type=dome
man_made=surveillance
surveillance=public
surveillance:type=camera</desc><link href="http://osm.org/browse/node/10802452157"/></wpt><wpt lat="37.7876934" lon="-122.4076079"><name>node/10802452159</name><desc>camera:direction=267
camera:mount=pole
camera:type=fixed
man_made=surveillance
surveillance=public
surveillance:type=camera</desc><link href="http://osm.org/browse/node/10802452159"/></wpt><wpt lat="37.7877236" lon="-122.4073447"><name>node/10802452160</name><desc>camera:direction=79
camera:mount=pole
camera:type=fixed
man_made=surveillance
surveillance=public
surveillance:type=camera</desc><link href="http://osm.org/browse/node/10802452160"/></wpt><wpt lat="37.7979891" lon="-122.3929915"><name>node/10805585977</name><desc>camera:direction=51
camera:type=dome
man_made=surveillance
surveillance=public
surveillance:type=camera
surveillance:zone=outdoor</desc><link href="http://osm.org/browse/node/10805585977"/></wpt><wpt lat="37.7959548" lon="-122.3941338"><name>node/10805597209</name><desc>camera:direction=144
camera:mount=wall
camera:type=dome
level=0
man_made=surveillance
surveillance=public
surveillance:type=camera
surveillance:zone=entrance</desc><link href="http://osm.org/browse/node/10805597209"/></wpt><wpt lat="37.7959541" lon="-122.3941505"><name>node/10805597210</name><desc>camera:direction=233
camera:mount=pole
camera:type=dome
level=0
man_made=surveillance
surveillance=public
surveillance:type=camera
surveillance:zone=outdoor</desc><link href="http://osm.org/browse/node/10805597210"/></wpt><wpt lat="37.7961228" lon="-122.3942929"><name>node/10805597211</name><desc>camera:direction=234
camera:mount=pole
camera:type=dome
level=0
man_made=surveillance
surveillance=public
surveillance:type=camera
surveillance:zone=outdoor</desc><link href="http://osm.org/browse/node/10805597211"/></wpt><wpt lat="37.7962325" lon="-122.3941703"><name>node/10805597213</name><desc>camera:direction=321
camera:type=dome
level=0
man_made=surveillance
surveillance=public
surveillance:type=camera
surveillance:zone=entrance</desc><link href="http://osm.org/browse/node/10805597213"/></wpt><wpt lat="37.7967529" lon="-122.3948429"><name>node/10805597219</name><desc>camera:direction=143
camera:mount=wall
camera:type=dome
man_made=surveillance
surveillance=public
surveillance:type=camera</desc><link href="http://osm.org/browse/node/10805597219"/></wpt><wpt lat="37.7968953" lon="-122.3945761"><name>node/10805597220</name><desc>camera:direction=144
camera:mount=wall
camera:type=dome
man_made=surveillance
surveillance=public
surveillance:type=camera</desc><link href="http://osm.org/browse/node/10805597220"/></wpt><wpt lat="37.8102846" lon="-122.4771485"><name>node/10815354119</name><desc>camera:direction=199
camera:mount=pole
camera:type=fixed
man_made=surveillance
surveillance=outdoor
surveillance:type=camera</desc><link href="http://osm.org/browse/node/10815354119"/></wpt><wpt lat="37.8078332" lon="-122.475053"><name>node/10815359932</name><desc>camera:direction=183
camera:mount=pole
camera:type=fixed
man_made=surveillance
surveillance=public
surveillance:type=camera
surveillance:zone=outdoor</desc><link href="http://osm.org/browse/node/10815359932"/></wpt><wpt lat="37.8078311" lon="-122.4750544"><name>node/10815359933</name><desc>camera:direction=288
camera:mount=pole
camera:type=fixed
man_made=surveillance
surveillance=public
surveillance:type=camera
surveillance:zone=outdoor</desc><link href="http://osm.org/browse/node/10815359933"/></wpt><wpt lat="37.8079018" lon="-122.4745075"><name>node/10815359935</name><desc>camera:direction=186
camera:mount=pole
camera:type=fixed
man_made=surveillance
surveillance=public
surveillance:type=camera
surveillance:zone=parking</desc><link href="http://osm.org/browse/node/10815359935"/></wpt><wpt lat="37.7822714" lon="-122.4817881"><name>node/10830894147</name><desc>camera:direction=24
camera:mount=wall
man_made=surveillance
surveillance=public
surveillance:type=camera
surveillance:zone=street</desc><link href="http://osm.org/browse/node/10830894147"/></wpt><wpt lat="37.7822668" lon="-122.4817905"><name>node/10830894148</name><desc>camera:direction=201
camera:mount=wall
man_made=surveillance
surveillance=public
surveillance:type=camera
surveillance:zone=street</desc><link href="http://osm.org/browse/node/10830894148"/></wpt><wpt lat="37.7644806" lon="-122.4664775"><name>node/10832552644</name><desc>camera:direction=140
camera:mount=ceiling
man_made=surveillance
surveillance=public
surveillance:type=camera
surveillance:zone=entrance</desc><link href="http://osm.org/browse/node/10832552644"/></wpt><wpt lat="37.7646288" lon="-122.4664887"><name>node/10832552645</name><desc>camera:direction=41
camera:mount=wall
camera:type=dome
man_made=surveillance
surveillance=public
surveillance:type=camera
surveillance:zone=entrance</desc><link href="http://osm.org/browse/node/10832552645"/></wpt><wpt lat="37.764691" lon="-122.4664896"><name>node/10832552646</name><desc>camera:direction=126
camera:mount=wall
camera:type=dome
man_made=surveillance
surveillance=public
surveillance:type=camera
surveillance:zone=entrance</desc><link href="http://osm.org/browse/node/10832552646"/></wpt><wpt lat="37.7775421" lon="-122.482292"><name>node/10857020222</name><desc>camera:direction=217
camera:mount=wall
man_made=surveillance
surveillance=public
surveillance:type=camera
surveillance:zone=street</desc><link href="http://osm.org/browse/node/10857020222"/></wpt><wpt lat="37.7774924" lon="-122.4822861"><name>node/10857020223</name><desc>camera:direction=305
camera:mount=wall
man_made=surveillance
surveillance=public
surveillance:type=camera
surveillance:zone=street</desc><link href="http://osm.org/browse/node/10857020223"/></wpt><wpt lat="37.777277" lon="-122.4822675"><name>node/10857020224</name><desc>camera:direction=316
camera:mount=ceiling
camera:type=dome
man_made=surveillance
surveillance=public
surveillance:type=camera
surveillance:zone=street</desc><link href="http://osm.org/browse/node/10857020224"/></wpt><wpt lat="37.7771317" lon="-122.4822154"><name>node/10857020225</name><desc>camera:direction=267
camera:mount=wall
camera:type=door
man_made=surveillance
manufacturer=Ring
surveillance=public
surveillance:type=camera
surveillance:zone=entrance</desc><link href="http://osm.org/browse/node/10857020225"/></wpt><wpt lat="37.7771218" lon="-122.4822632"><name>node/10857020226</name><desc>camera:direction=267
camera:mount=wall
camera:type=dome
man_made=surveillance
surveillance=public
surveillance:type=camera
surveillance:zone=street</desc><link href="http://osm.org/browse/node/10857020226"/></wpt><wpt lat="37.7770859" lon="-122.482262"><name>node/10857020228</name><desc>camera:direction=317
camera:mount=ceiling
camera:type=dome
man_made=surveillance
surveillance=public
surveillance:type=camera
surveillance:zone=entrance</desc><link href="http://osm.org/browse/node/10857020228"/></wpt><wpt lat="37.7770939" lon="-122.4822653"><name>node/10857020229</name><desc>camera:direction=268
camera:mount=wall
camera:type=fixed
man_made=surveillance
manufacturer=Ring
surveillance=public
surveillance:type=camera
surveillance:zone=entrance</desc><link href="http://osm.org/browse/node/10857020229"/></wpt><wpt lat="37.7770384" lon="-122.4824906"><name>node/10857020230</name><desc>camera:direction=47
camera:mount=wall
camera:type=fixed
man_made=surveillance
surveillance=public
surveillance:type=camera
surveillance:zone=street</desc><link href="http://osm.org/browse/node/10857020230"/></wpt><wpt lat="37.7632536" lon="-122.481291"><name>node/10869399694</name><desc>camera:direction=226
camera:mount=wall
camera:type=dome
man_made=surveillance
surveillance=public
surveillance:type=camera
surveillance:zone=street</desc><link href="http://osm.org/browse/node/10869399694"/></wpt><wpt lat="37.7632802" lon="-122.4811522"><name>node/10869399696</name><desc>camera:direction=357
camera:mount=wall
camera:type=dome
man_made=surveillance
surveillance=public
surveillance:type=camera
surveillance:zone=street</desc><link href="http://osm.org/browse/node/10869399696"/></wpt><wpt lat="37.7632915" lon="-122.4809962"><name>node/10869399702</name><desc>camera:direction=355
camera:mount=wall
camera:type=dome
man_made=surveillance
surveillance=public
surveillance:type=camera
surveillance:zone=street</desc><link href="http://osm.org/browse/node/10869399702"/></wpt><wpt lat="37.7748676" lon="-122.4773311"><name>node/10872159003</name><desc>camera:direction=177
camera:mount=wall
camera:type=dome
man_made=surveillance
surveillance=public
surveillance:type=camera
surveillance:zone=street</desc><link href="http://osm.org/browse/node/10872159003"/></wpt><wpt lat="37.819248" lon="-122.3708068"><name>node/10876289644</name><desc>camera:direction=S
camera:mount=wall
man_made=surveillance
surveillance=public
surveillance:type=camera</desc><link href="http://osm.org/browse/node/10876289644"/></wpt><wpt lat="37.8192924" lon="-122.3708627"><name>node/10876289651</name><desc>camera:direction=NW
camera:mount=wall
camera:type=fixed
man_made=surveillance
surveillance=public
surveillance:type=camera</desc><link href="http://osm.org/browse/node/10876289651"/></wpt><wpt lat="37.7757633" lon="-122.4985154"><name>node/10897723836</name><desc>camera:direction=178
camera:mount=wall
camera:type=dome
man_made=surveillance
surveillance=public
surveillance:type=camera
surveillance:zone=street</desc><link href="http://osm.org/browse/node/10897723836"/></wpt><wpt lat="37.7755474" lon="-122.4984954"><name>node/10897723838</name><desc>camera:direction=87
camera:mount=wall
camera:type=dome
man_made=surveillance
surveillance=public
surveillance:type=camera
surveillance:zone=street</desc><link href="http://osm.org/browse/node/10897723838"/></wpt><wpt lat="37.7755538" lon="-122.49852"><name>node/10897723839</name><desc>camera:direction=357
camera:mount=wall
camera:type=dome
man_made=surveillance
surveillance=public
surveillance:type=camera
surveillance:zone=street</desc><link href="http://osm.org/browse/node/10897723839"/></wpt><wpt lat="37.7757969" lon="-122.497839"><name>node/10897723842</name><desc>camera:direction=178
camera:mount=ceiling
camera:type=dome
man_made=surveillance
surveillance:type=camera
surveillance:zone=street</desc><link href="http://osm.org/browse/node/10897723842"/></wpt><wpt lat="37.7757712" lon="-122.4985064"><name>node/10897723843</name><desc>camera:direction=86
camera:mount=wall
camera:type=dome
man_made=surveillance
surveillance=public
surveillance:type=camera
surveillance:zone=street</desc><link href="http://osm.org/browse/node/10897723843"/></wpt><wpt lat="37.7772709" lon="-122.4965525"><name>node/10932511871</name><desc>camera:direction=144
camera:type=dome
man_made=surveillance
surveillance=outdoor
surveillance:type=camera</desc><link href="http://osm.org/browse/node/10932511871"/></wpt><wpt lat="37.7766722" lon="-122.4970178"><name>node/10932511877</name><desc>camera:direction=87
camera:type=dome
man_made=surveillance
surveillance=outdoor
surveillance:type=camera</desc><link href="http://osm.org/browse/node/10932511877"/></wpt><wpt lat="37.77916" lon="-122.4655784"><name>node/10969916964</name><desc>camera:direction=87
camera:mount=wall
camera:type=door
man_made=surveillance
surveillance=outdoor
surveillance:type=camera
surveillance:zone=entrance</desc><link href="http://osm.org/browse/node/10969916964"/></wpt><wpt lat="37.7805252" lon="-122.4697408"><name>node/10969975322</name><desc>camera:direction=16
camera:mount=wall
camera:type=dome
man_made=surveillance
surveillance=public
surveillance:type=camera
surveillance:zone=street</desc><link href="http://osm.org/browse/node/10969975322"/></wpt><wpt lat="37.7805159" lon="-122.4695079"><name>node/10969975323</name><desc>camera:direction=346
camera:mount=wall
camera:type=fixed
man_made=surveillance
surveillance=public
surveillance:type=camera
surveillance:zone=street</desc><link href="http://osm.org/browse/node/10969975323"/></wpt><wpt lat="37.7862619" lon="-122.4712319"><name>node/11009320679</name><desc>camera:direction=44
camera:mount=doorbell
camera:type=door
man_made=surveillance
surveillance=public
surveillance:type=camera
surveillance:zone=entrance</desc><link href="http://osm.org/browse/node/11009320679"/></wpt><wpt lat="37.7866558" lon="-122.47125"><name>node/11009320699</name><desc>camera:direction=87
camera:type=fixed
man_made=surveillance
surveillance=public
surveillance:type=camera
surveillance:zone=entrance</desc><link href="http://osm.org/browse/node/11009320699"/></wpt><wpt lat="37.7866728" lon="-122.4716759"><name>node/11009374814</name><desc>camera:direction=80
camera:type=fixed
man_made=surveillance
surveillance=outdoor
surveillance:type=camera
surveillance:zone=entrance</desc><link href="http://osm.org/browse/node/11009374814"/></wpt><wpt lat="37.7866794" lon="-122.4715807"><name>node/11009374815</name><desc>camera:direction=278
camera:type=fixed
man_made=surveillance
surveillance=outdoor
surveillance:type=camera
surveillance:zone=entrance</desc><link href="http://osm.org/browse/node/11009374815"/></wpt><wpt lat="37.7866787" lon="-122.4715711"><name>node/11009374816</name><desc>camera:direction=79
camera:type=fixed
man_made=surveillance
surveillance=outdoor
surveillance:type=camera
surveillance:zone=entrance</desc><link href="http://osm.org/browse/node/11009374816"/></wpt><wpt lat="37.7639275" lon="-122.4715684"><name>node/11308484399</name><desc>camera:direction=267
camera:type=dome
man_made=surveillance
surveillance=outdoor
surveillance:type=camera
surveillance:zone=street</desc><link href="http://osm.org/browse/node/11308484399"/></wpt><wpt lat="37.7746062" lon="-122.4650698"><name>node/11374592690</name><desc>camera:direction=127
camera:mount=wall
camera:type=dome
man_made=surveillance
surveillance=public
surveillance:type=camera
surveillance:zone=entrance</desc><link href="http://osm.org/browse/node/11374592690"/></wpt><wpt lat="37.7746604" lon="-122.4654172"><name>node/11374592716</name><desc>camera:direction=91
camera:mount=wall
camera:type=dome
man_made=surveillance
surveillance=outdoor
surveillance:type=camera</desc><link href="http://osm.org/browse/node/11374592716"/></wpt><wpt lat="37.7746629" lon="-122.4654163"><name>node/11374592728</name><desc>camera:direction=357
camera:mount=wall
camera:type=dome
man_made=surveillance
surveillance=outdoor
surveillance:type=camera
surveillance:zone=parking</desc><link href="http://osm.org/browse/node/11374592728"/></wpt><wpt lat="37.8088396" lon="-122.4096072"><name>node/11390824846</name><desc>camera:direction=82
camera:mount=ceiling
camera:type=fixed
man_made=surveillance
surveillance=outdoor
surveillance:type=camera</desc><link href="http://osm.org/browse/node/11390824846"/></wpt><wpt lat="37.7569602" lon="-122.5021288"><name>node/11509744709</name><desc>camera:direction=97
camera:mount=wall
camera:type=fixed
man_made=surveillance
surveillance=public
surveillance:type=camera
surveillance:zone=street</desc><link href="http://osm.org/browse/node/11509744709"/></wpt><wpt lat="37.7569712" lon="-122.5018947"><name>node/11509744710</name><desc>camera:direction=259
camera:mount=wall
camera:type=fixed
man_made=surveillance
surveillance=public
surveillance:type=camera
surveillance:zone=street</desc><link href="http://osm.org/browse/node/11509744710"/></wpt><wpt lat="37.7713607" lon="-122.4006543"><name>node/11590449610</name><desc>camera:direction=208
camera:mount=pole
camera:type=fixed
man_made=surveillance
surveillance=public
surveillance:type=camera</desc><link href="http://osm.org/browse/node/11590449610"/></wpt><wpt lat="37.7813581" lon="-122.4547222"><name>node/11593177066</name><desc>camera:direction=195
camera:mount=pole
man_made=surveillance
surveillance=outdoor
surveillance:type=camera
surveillance:zone=parking</desc><link href="http://osm.org/browse/node/11593177066"/></wpt><wpt lat="37.7816147" lon="-122.4554006"><name>node/11593218970</name><desc>camera:direction=171
camera:mount=wall
camera:type=dome
man_made=surveillance
surveillance=public
surveillance:type=camera
surveillance:zone=street</desc><link href="http://osm.org/browse/node/11593218970"/></wpt><wpt lat="37.7816275" lon="-122.4554163"><name>node/11593218971</name><desc>camera:direction=267
camera:mount=wall
camera:type=dome
man_made=surveillance
surveillance=public
surveillance:type=camera
surveillance:zone=street</desc><link href="http://osm.org/browse/node/11593218971"/></wpt><wpt lat="37.7796388" lon="-122.3935488"><name>node/11711830527</name><desc>camera:direction=260
camera:mount=wall
camera:type=fixed
man_made=surveillance
surveillance=public
surveillance:type=camera</desc><link href="http://osm.org/browse/node/11711830527"/></wpt><wpt lat="37.7796319" lon="-122.3935344"><name>node/11711830528</name><desc>camera:direction=182
camera:mount=wall
camera:type=fixed
man_made=surveillance
surveillance=public
surveillance:type=camera</desc><link href="http://osm.org/browse/node/11711830528"/></wpt><wpt lat="37.7795907" lon="-122.3934921"><name>node/11711830531</name><desc>camera:direction=187
camera:mount=wall
camera:type=fixed
man_made=surveillance
surveillance=public
surveillance:type=camera</desc><link href="http://osm.org/browse/node/11711830531"/></wpt><wpt lat="37.7795654" lon="-122.3934586"><name>node/11711830532</name><desc>camera:direction=253
camera:mount=wall
camera:type=fixed
man_made=surveillance
surveillance=public
surveillance:type=camera</desc><link href="http://osm.org/browse/node/11711830532"/></wpt><wpt lat="37.7401328" lon="-122.4311483"><name>node/11837783162</name><desc>camera:direction=144
camera:mount=doorbell
camera:type=door
man_made=surveillance
surveillance=public
surveillance:type=camera
surveillance:zone=entrance</desc><link href="http://osm.org/browse/node/11837783162"/></wpt><wpt lat="37.7401306" lon="-122.4310254"><name>node/11837783163</name><desc>camera:direction=26
camera:mount=wall
camera:type=fixed
man_made=surveillance
surveillance=public
surveillance:type=camera
surveillance:zone=public</desc><link href="http://osm.org/browse/node/11837783163"/></wpt><wpt lat="37.7401486" lon="-122.4309948"><name>node/11837783164</name><desc>camera:direction=248
camera:mount=wall
camera:type=fixed
man_made=surveillance
surveillance=public
surveillance:type=camera
surveillance:zone=public</desc><link href="http://osm.org/browse/node/11837783164"/></wpt><wpt lat="37.7401017" lon="-122.4309404"><name>node/11837783165</name><desc>camera:direction=323
camera:mount=wall
camera:type=fixed
man_made=surveillance
surveillance=outdoor
surveillance:type=camera
surveillance:zone=entrance</desc><link href="http://osm.org/browse/node/11837783165"/></wpt><wpt lat="37.7430753" lon="-122.4050433"><name>node/11882721093</name><desc>camera:mount=pole
camera:type=fixed
direction=4
man_made=surveillance
manufacturer=Flock Safety
manufacturer:wikidata=Q108485435
operator=San Francisco Police Department
operator:wikidata=Q1320247
surveillance=public
surveillance:type=ALPR
surveillance:zone=traffic</desc><link href="http://osm.org/browse/node/11882721093"/></wpt><wpt lat="37.7797241" lon="-122.3980695"><name>node/11897445095</name><desc>camera:mount=pole
camera:type=fixed
direction=60
man_made=surveillance
manufacturer=Flock Safety
manufacturer:wikidata=Q108485435
operator=San Francisco Police Department
operator:wikidata=Q1320247
surveillance=public
surveillance:type=ALPR
surveillance:zone=traffic</desc><link href="http://osm.org/browse/node/11897445095"/></wpt><wpt lat="37.7795978" lon="-122.3978879"><name>node/11897445096</name><desc>camera:mount=pole
camera:type=fixed
direction=30
man_made=surveillance
manufacturer=Flock Safety
manufacturer:wikidata=Q108485435
operator=San Francisco Police Department
operator:wikidata=Q1320247
surveillance=public
surveillance:type=ALPR
surveillance:zone=traffic</desc><link href="http://osm.org/browse/node/11897445096"/></wpt><wpt lat="37.7217852" lon="-122.4011129"><name>node/11897802140</name><desc>brand=Flock Safety
brand:wikidata=Q108485435
camera:mount=pole
camera:type=fixed
direction=306
man_made=surveillance
operator=San Francisco Police Department
operator:wikidata=Q1320247
surveillance=traffic
surveillance:type=ALPR
surveillance:zone=traffic</desc><link href="http://osm.org/browse/node/11897802140"/></wpt><wpt lat="37.7766014" lon="-122.3985878"><name>node/11911033541</name><desc>camera:mount=pole
camera:type=fixed
direction=25
man_made=surveillance
manufacturer=Flock Safety
manufacturer:wikidata=Q108485435
operator=San Francisco Police Department
operator:wikidata=Q1320247
surveillance=public
surveillance:type=ALPR
surveillance:zone=traffic</desc><link href="http://osm.org/browse/node/11911033541"/></wpt><wpt lat="37.7765469" lon="-122.3989822"><name>node/11911033542</name><desc>camera:mount=pole
camera:type=fixed
direction=205
man_made=surveillance
manufacturer=Flock Safety
manufacturer:wikidata=Q108485435
operator=San Francisco Police Department
operator:wikidata=Q1320247
surveillance=public
surveillance:type=ALPR
surveillance:zone=traffic</desc><link href="http://osm.org/browse/node/11911033542"/></wpt><wpt lat="37.7745026" lon="-122.4048142"><name>node/11925965768</name><desc>camera:mount=pole
camera:type=fixed
direction=85
man_made=surveillance
manufacturer=Flock Safety
manufacturer:wikidata=Q108485435
operator=San Francisco Police Department
operator:wikidata=Q1320247
surveillance=public
surveillance:type=ALPR
surveillance:zone=traffic</desc><link href="http://osm.org/browse/node/11925965768"/></wpt><wpt lat="37.774971" lon="-122.4010293"><name>node/11925983469</name><desc>camera:mount=pole
camera:type=fixed
direction=290
man_made=surveillance
manufacturer=Flock Safety
manufacturer:wikidata=Q108485435
operator=San Francisco Police Department
operator:wikidata=Q1320247
surveillance=public
surveillance:type=ALPR
surveillance:zone=traffic</desc><link href="http://osm.org/browse/node/11925983469"/></wpt><wpt lat="37.7544077" lon="-122.4763365"><name>node/11943429347</name><desc>brand=Flock Safety
brand:wikidata=Q108485435
camera:mount=pole
camera:type=fixed
direction=346
man_made=surveillance
operator=San Francisco Police Department
operator:wikidata=Q1320247
surveillance=traffic
surveillance:type=ALPR
surveillance:zone=traffic</desc><link href="http://osm.org/browse/node/11943429347"/></wpt><wpt lat="37.7541159" lon="-122.4765789"><name>node/11943429348</name><desc>brand=Flock Safety
brand:wikidata=Q108485435
camera:mount=pole
camera:type=fixed
direction=159
man_made=surveillance
operator=San Francisco Police Department
operator:wikidata=Q1320247
surveillance=traffic
surveillance:type=ALPR
surveillance:zone=traffic</desc><link href="http://osm.org/browse/node/11943429348"/></wpt><wpt lat="37.7601617" lon="-122.5060537"><name>node/11943429356</name><desc>camera:direction=156
camera:mount=wall
camera:type=fixed
man_made=surveillance
surveillance=public
surveillance:type=camera</desc><link href="http://osm.org/browse/node/11943429356"/></wpt><wpt lat="37.7601762" lon="-122.5060561"><name>node/11943429357</name><desc>camera:direction=24
camera:mount=wall
camera:type=fixed
man_made=surveillance
surveillance=public
surveillance:type=camera</desc><link href="http://osm.org/browse/node/11943429357"/></wpt><wpt lat="37.7602892" lon="-122.5060608"><name>node/11943429358</name><desc>camera:direction=152
camera:mount=wall
camera:type=fixed
man_made=surveillance
surveillance=public
surveillance:type=camera</desc><link href="http://osm.org/browse/node/11943429358"/></wpt><wpt lat="37.8050504" lon="-122.4250223"><name>node/11974401130</name><desc>camera:mount=pole
camera:type=fixed
direction=50
man_made=surveillance
manufacturer=Flock Safety
manufacturer:wikidata=Q108485435
operator=San Francisco Police Department
operator:wikidata=Q1320247
surveillance=public
surveillance:type=ALPR
surveillance:zone=traffic</desc><link href="http://osm.org/browse/node/11974401130"/></wpt><wpt lat="37.8045031" lon="-122.4250315"><name>node/11974401131</name><desc>camera:mount=pole
camera:type=fixed
direction=320
man_made=surveillance
manufacturer=Flock Safety
manufacturer:wikidata=Q108485435
operator=San Francisco Police Department
operator:wikidata=Q1320247
surveillance=public
surveillance:type=ALPR
surveillance:zone=traffic</desc><link href="http://osm.org/browse/node/11974401131"/></wpt><wpt lat="37.8056675" lon="-122.4215143"><name>node/11974401133</name><desc>camera:mount=pole
camera:type=fixed
direction=240
man_made=surveillance
manufacturer=Flock Safety
manufacturer:wikidata=Q108485435
operator=San Francisco Police Department
operator:wikidata=Q1320247
surveillance=public
surveillance:type=ALPR
surveillance:zone=traffic</desc><link href="http://osm.org/browse/node/11974401133"/></wpt><wpt lat="37.7780759" lon="-122.3915198"><name>node/11976799861</name><desc>camera:mount=pole
camera:type=fixed
direction=30
man_made=surveillance
manufacturer=Flock Safety
manufacturer:wikidata=Q108485435
operator=San Francisco Police Department
operator:wikidata=Q1320247
surveillance=public
surveillance:type=ALPR
surveillance:zone=traffic</desc><link href="http://osm.org/browse/node/11976799861"/></wpt><wpt lat="37.7668893" lon="-122.3913406"><name>node/11976799863</name><desc>brand=Flock Safety
brand:wikidata=Q108485435
camera:mount=pole
camera:type=fixed
direction=246
man_made=surveillance
operator=San Francisco Police Department
operator:wikidata=Q1320247
surveillance=traffic
surveillance:type=ALPR
surveillance:zone=traffic</desc><link href="http://osm.org/browse/node/11976799863"/></wpt><wpt lat="37.7667005" lon="-122.3909984"><name>node/11976799864</name><desc>camera:direction=13
camera:mount=pole
camera:type=fixed
man_made=surveillance
surveillance=public
surveillance:type=camera</desc><link href="http://osm.org/browse/node/11976799864"/></wpt><wpt lat="37.7759064" lon="-122.3873342"><name>node/11976847177</name><desc>camera:direction=19
camera:mount=wall
camera:type=fixed
man_made=surveillance
surveillance:type=camera</desc><link href="http://osm.org/browse/node/11976847177"/></wpt><wpt lat="37.7754657" lon="-122.3890163"><name>node/11976847197</name><desc>camera:direction=175
camera:mount=pole
camera:type=fixed
man_made=surveillance
surveillance:type=camera</desc><link href="http://osm.org/browse/node/11976847197"/></wpt><wpt lat="37.7755126" lon="-122.3881497"><name>node/11976847211</name><desc>camera:direction=177
camera:mount=pole
camera:type=fixed
man_made=surveillance
surveillance:type=camera</desc><link href="http://osm.org/browse/node/11976847211"/></wpt><wpt lat="37.7643409" lon="-122.3922513"><name>node/11982126197</name><desc>camera:mount=pole
camera:type=fixed
direction=340
man_made=surveillance
manufacturer=Flock Safety
manufacturer:wikidata=Q108485435
operator=San Francisco Police Department
operator:wikidata=Q1320247
surveillance=public
surveillance:type=ALPR
surveillance:zone=traffic</desc><link href="http://osm.org/browse/node/11982126197"/></wpt><wpt lat="37.7799853" lon="-122.3961029"><name>node/11984257157</name><desc>camera:direction=284
camera:mount=wall
camera:type=fixed
man_made=surveillance
surveillance=public
surveillance:type=camera</desc><link href="http://osm.org/browse/node/11984257157"/></wpt><wpt lat="37.7801841" lon="-122.3963493"><name>node/11984257158</name><desc>camera:direction=226
camera:mount=wall
camera:type=fixed
man_made=surveillance
surveillance=public
surveillance:type=camera</desc><link href="http://osm.org/browse/node/11984257158"/></wpt><wpt lat="37.7802618" lon="-122.3964633"><name>node/11984257160</name><desc>camera:direction=226
camera:mount=wall
camera:type=fixed
man_made=surveillance
surveillance=public
surveillance:type=camera</desc><link href="http://osm.org/browse/node/11984257160"/></wpt><wpt lat="37.7804264" lon="-122.396671"><name>node/11984257161</name><desc>camera:direction=225
camera:mount=wall
camera:type=fixed
man_made=surveillance
surveillance=public
surveillance:type=camera
surveillance:zone=entrance</desc><link href="http://osm.org/browse/node/11984257161"/></wpt><wpt lat="37.7804944" lon="-122.3967305"><name>node/11984257162</name><desc>camera:direction=313
camera:mount=wall
camera:type=fixed
man_made=surveillance
surveillance=public
surveillance:type=camera</desc><link href="http://osm.org/browse/node/11984257162"/></wpt><wpt lat="37.7806598" lon="-122.3969103"><name>node/11984257163</name><desc>camera:direction=80
camera:mount=wall
camera:type=panning
man_made=surveillance
surveillance=public
surveillance:type=camera
surveillance:zone=entrance;street</desc><link href="http://osm.org/browse/node/11984257163"/></wpt><wpt lat="37.7806279" lon="-122.3965634"><name>node/11984257164</name><desc>camera:direction=310
camera:mount=wall
camera:type=fixed
man_made=surveillance
surveillance=public
surveillance:type=camera</desc><link href="http://osm.org/browse/node/11984257164"/></wpt><wpt lat="37.7806827" lon="-122.3964935"><name>node/11984257165</name><desc>camera:direction=253
camera:mount=wall
camera:type=fixed
man_made=surveillance
surveillance=public
surveillance:type=camera</desc><link href="http://osm.org/browse/node/11984257165"/></wpt><wpt lat="37.7806438" lon="-122.3965453"><name>node/11984257166</name><desc>camera:direction=9
camera:mount=wall
camera:type=fixed
man_made=surveillance
surveillance=public
surveillance:type=camera</desc><link href="http://osm.org/browse/node/11984257166"/></wpt><wpt lat="37.7808189" lon="-122.3967154"><name>node/11984257167</name><desc>camera:direction=115
camera:mount=wall
camera:type=fixed
man_made=surveillance
surveillance=public
surveillance:type=camera</desc><link href="http://osm.org/browse/node/11984257167"/></wpt><wpt lat="37.7809085" lon="-122.396598"><name>node/11984289370</name><desc>camera:direction=83
camera:mount=wall
camera:type=fixed
man_made=surveillance
surveillance=public
surveillance:type=camera</desc><link href="http://osm.org/browse/node/11984289370"/></wpt><wpt lat="37.7809788" lon="-122.3965145"><name>node/11984289371</name><desc>camera:direction=189
camera:mount=wall
camera:type=fixed
man_made=surveillance
surveillance=public
surveillance:type=camera</desc><link href="http://osm.org/browse/node/11984289371"/></wpt><wpt lat="37.7857842" lon="-122.4042469"><name>node/11984289372</name><desc>camera:direction=224
camera:mount=wall
camera:type=fixed
man_made=surveillance
surveillance:type=camera</desc><link href="http://osm.org/browse/node/11984289372"/></wpt><wpt lat="37.7829226" lon="-122.3967493"><name>node/11984289375</name><desc>camera:direction=310
camera:mount=wall
camera:type=fixed
man_made=surveillance
surveillance=public
surveillance:type=camera</desc><link href="http://osm.org/browse/node/11984289375"/></wpt><wpt lat="37.7839218" lon="-122.3967679"><name>node/11984289376</name><desc>camera:direction=282
camera:mount=wall
camera:type=fixed
man_made=surveillance
surveillance=public
surveillance:type=camera</desc><link href="http://osm.org/browse/node/11984289376"/></wpt><wpt lat="37.784122" lon="-122.3972784"><name>node/11984289379</name><desc>camera:direction=89
camera:mount=wall
camera:type=fixed
man_made=surveillance
surveillance=public
surveillance:type=camera</desc><link href="http://osm.org/browse/node/11984289379"/></wpt><wpt lat="37.7837988" lon="-122.4022111"><name>node/11984289382</name><desc>camera:mount=pole
camera:type=fixed
direction=208
man_made=surveillance
manufacturer=Flock Safety
manufacturer:wikidata=Q108485435
operator=San Francisco Police Department
operator:wikidata=Q1320247
surveillance=public
surveillance:type=ALPR
surveillance:zone=traffic</desc><link href="http://osm.org/browse/node/11984289382"/></wpt><wpt lat="37.78369" lon="-122.4020331"><name>node/11984289383</name><desc>camera:mount=pole
camera:type=fixed
direction=239
man_made=surveillance
manufacturer=Flock Safety
manufacturer:wikidata=Q108485435
operator=San Francisco Police Department
operator:wikidata=Q1320247
surveillance=public
surveillance:type=ALPR
surveillance:zone=traffic</desc><link href="http://osm.org/browse/node/11984289383"/></wpt><wpt lat="37.7853942" lon="-122.4051974"><name>node/11984289385</name><desc>camera:direction=139
camera:mount=wall
camera:type=fixed
man_made=surveillance
surveillance:type=camera</desc><link href="http://osm.org/browse/node/11984289385"/></wpt><wpt lat="37.7854539" lon="-122.4013001"><name>node/11984289400</name><desc>camera:direction=324
camera:mount=wall
camera:type=fixed
man_made=surveillance
surveillance:type=camera</desc><link href="http://osm.org/browse/node/11984289400"/></wpt><wpt lat="37.7840268" lon="-122.3994223"><name>node/11984289420</name><desc>camera:mount=pole
camera:type=fixed
direction=330
man_made=surveillance
manufacturer=Flock Safety
manufacturer:wikidata=Q108485435
operator=San Francisco Police Department
operator:wikidata=Q1320247
surveillance=public
surveillance:type=ALPR
surveillance:zone=traffic</desc><link href="http://osm.org/browse/node/11984289420"/></wpt><wpt lat="37.779446" lon="-122.3961348"><name>node/11984289423</name><desc>camera:direction=313
camera:mount=wall
camera:type=fixed
man_made=surveillance
surveillance=public
surveillance:type=camera</desc><link href="http://osm.org/browse/node/11984289423"/></wpt><wpt lat="37.7747542" lon="-122.3965308"><name>node/11986480195</name><desc>camera:direction=45
camera:mount=pole
camera:type=fixed
man_made=surveillance
surveillance=outdoor
surveillance:type=camera</desc><link href="http://osm.org/browse/node/11986480195"/></wpt><wpt lat="37.7747425" lon="-122.3965407"><name>node/11986480196</name><desc>camera:direction=228
camera:mount=pole
camera:type=fixed
man_made=surveillance
surveillance=outdoor
surveillance:type=camera</desc><link href="http://osm.org/browse/node/11986480196"/></wpt><wpt lat="37.7762396" lon="-122.3946628"><name>node/11986480197</name><desc>camera:direction=207
camera:mount=ceiling
camera:type=fixed
man_made=surveillance
surveillance=outdoor
surveillance:type=camera</desc><link href="http://osm.org/browse/node/11986480197"/></wpt><wpt lat="37.7762222" lon="-122.3946442"><name>node/11986480198</name><desc>camera:direction=247
camera:mount=ceiling
camera:type=fixed
man_made=surveillance
surveillance=outdoor
surveillance:type=camera</desc><link href="http://osm.org/browse/node/11986480198"/></wpt><wpt lat="37.7762997" lon="-122.3947355"><name>node/11986480199</name><desc>camera:direction=256
camera:mount=ceiling
camera:type=fixed
man_made=surveillance
surveillance=outdoor
surveillance:type=camera</desc><link href="http://osm.org/browse/node/11986480199"/></wpt><wpt lat="37.776317" lon="-122.3947552"><name>node/11986480200</name><desc>camera:direction=199
camera:mount=ceiling
camera:type=fixed
man_made=surveillance
surveillance=outdoor
surveillance:type=camera</desc><link href="http://osm.org/browse/node/11986480200"/></wpt><wpt lat="37.7766771" lon="-122.3951471"><name>node/11986480201</name><desc>camera:direction=125
camera:mount=wall
camera:type=fixed
man_made=surveillance
surveillance=indoor
surveillance:type=camera</desc><link href="http://osm.org/browse/node/11986480201"/></wpt><wpt lat="37.7766562" lon="-122.3951471"><name>node/11986480202</name><desc>camera:direction=50
camera:mount=wall
camera:type=fixed
man_made=surveillance
surveillance=indoor
surveillance:type=camera</desc><link href="http://osm.org/browse/node/11986480202"/></wpt><wpt lat="37.7765035" lon="-122.3949607"><name>node/11986480203</name><desc>camera:direction=42
camera:mount=wall
camera:type=fixed
man_made=surveillance
surveillance=indoor
surveillance:type=camera</desc><link href="http://osm.org/browse/node/11986480203"/></wpt><wpt lat="37.7764701" lon="-122.3949258"><name>node/11986480204</name><desc>camera:direction=44
camera:mount=wall
camera:type=fixed
man_made=surveillance
surveillance=indoor
surveillance:type=camera</desc><link href="http://osm.org/browse/node/11986480204"/></wpt><wpt lat="37.7764318" lon="-122.3948712"><name>node/11986480205</name><desc>camera:direction=44
camera:mount=wall
camera:type=fixed
man_made=surveillance
surveillance=indoor
surveillance:type=camera</desc><link href="http://osm.org/browse/node/11986480205"/></wpt><wpt lat="37.7763713" lon="-122.3947963"><name>node/11986480206</name><desc>camera:direction=45
camera:mount=wall
camera:type=fixed
man_made=surveillance
surveillance=indoor
surveillance:type=camera</desc><link href="http://osm.org/browse/node/11986480206"/></wpt><wpt lat="37.7513011" lon="-122.4289515"><name>node/11997740470</name><desc>camera:direction=202
camera:mount=post
camera:type=fixed
man_made=surveillance
surveillance=public
surveillance:type=camera
surveillance:zone=park</desc><link href="http://osm.org/browse/node/11997740470"/></wpt><wpt lat="37.7943724" lon="-122.392244"><name>node/12001925652</name><desc>camera:direction=257
camera:mount=wall
camera:type=fixed
man_made=surveillance
surveillance=public
surveillance:type=camera</desc><link href="http://osm.org/browse/node/12001925652"/></wpt><wpt lat="37.7960989" lon="-122.3936079"><name>node/12001925659</name><desc>camera:direction=324
camera:mount=ceiling
camera:type=fixed
man_made=surveillance
surveillance=outdoor
surveillance:type=camera</desc><link href="http://osm.org/browse/node/12001925659"/></wpt><wpt lat="37.7961367" lon="-122.393639"><name>node/12001925660</name><desc>camera:direction=145
camera:mount=ceiling
camera:type=fixed
man_made=surveillance
surveillance=outdoor
surveillance:type=camera</desc><link href="http://osm.org/browse/node/12001925660"/></wpt><wpt lat="37.7803529" lon="-122.394452"><name>node/12001976880</name><desc>camera:direction=294
camera:mount=wall
camera:type=fixed
man_made=surveillance
surveillance=public
surveillance:type=camera</desc><link href="http://osm.org/browse/node/12001976880"/></wpt><wpt lat="37.7803458" lon="-122.3944475"><name>node/12001976881</name><desc>camera:direction=159
camera:mount=wall
camera:type=fixed
man_made=surveillance
surveillance=public
surveillance:type=camera</desc><link href="http://osm.org/browse/node/12001976881"/></wpt><wpt lat="37.7801699" lon="-122.3935514"><name>node/12001976884</name><desc>camera:direction=226
camera:mount=wall
camera:type=fixed
man_made=surveillance
surveillance=outdoor
surveillance:type=camera
surveillance:zone=parking</desc><link href="http://osm.org/browse/node/12001976884"/></wpt><wpt lat="37.7803335" lon="-122.3937509"><name>node/12001976885</name><desc>camera:direction=159
camera:mount=wall
camera:type=fixed
man_made=surveillance
surveillance=outdoor
surveillance:type=camera</desc><link href="http://osm.org/browse/node/12001976885"/></wpt><wpt lat="37.7805433" lon="-122.3935529"><name>node/12001976890</name><desc>camera:direction=232
camera:mount=wall
camera:type=fixed
man_made=surveillance
surveillance=public
surveillance:type=camera</desc><link href="http://osm.org/browse/node/12001976890"/></wpt><wpt lat="37.781139" lon="-122.3935125"><name>node/12001976891</name><desc>camera:direction=122
camera:mount=wall
camera:type=fixed
man_made=surveillance
surveillance=public
surveillance:type=camera</desc><link href="http://osm.org/browse/node/12001976891"/></wpt><wpt lat="37.7813125" lon="-122.3935208"><name>node/12001976895</name><desc>camera:direction=184
camera:mount=wall
camera:type=fixed
man_made=surveillance
surveillance=public
surveillance:type=camera</desc><link href="http://osm.org/browse/node/12001976895"/></wpt><wpt lat="37.7869694" lon="-122.3880776"><name>node/12001976927</name><desc>camera:direction=182
camera:mount=pole
camera:type=fixed
man_made=surveillance
surveillance=public
surveillance:type=camera</desc><link href="http://osm.org/browse/node/12001976927"/></wpt><wpt lat="37.7872182" lon="-122.3876857"><name>node/12001976928</name><desc>camera:direction=3
camera:mount=pole
camera:type=fixed
man_made=surveillance
surveillance=public
surveillance:type=camera</desc><link href="http://osm.org/browse/node/12001976928"/></wpt><wpt lat="37.790009" lon="-122.3894923"><name>node/12001976946</name><desc>camera:direction=128
camera:mount=wall
camera:type=fixed
man_made=surveillance
surveillance=public
surveillance:type=camera</desc><link href="http://osm.org/browse/node/12001976946"/></wpt><wpt lat="37.7780354" lon="-122.4048526"><name>node/12008496243</name><desc>camera:direction=170
camera:mount=wall
camera:type=fixed
man_made=surveillance
surveillance=public
surveillance:type=camera</desc><link href="http://osm.org/browse/node/12008496243"/></wpt><wpt lat="37.7779797" lon="-122.4047667"><name>node/12008496244</name><desc>camera:direction=270
camera:mount=wall
camera:type=fixed
man_made=surveillance
surveillance=public
surveillance:type=camera</desc><link href="http://osm.org/browse/node/12008496244"/></wpt><wpt lat="37.8053136" lon="-122.4172715"><name>node/12023102939</name><desc>camera:mount=pole
camera:type=fixed
direction=300
man_made=surveillance
manufacturer=Flock Safety
manufacturer:wikidata=Q108485435
operator=San Francisco Police Department
operator:wikidata=Q1320247
surveillance=public
surveillance:type=ALPR
surveillance:zone=traffic</desc><link href="http://osm.org/browse/node/12023102939"/></wpt><wpt lat="37.7979876" lon="-122.4066703"><name>node/12023102941</name><desc>camera:direction=303
camera:mount=wall
camera:type=fixed
man_made=surveillance
surveillance=public
surveillance:type=camera</desc><link href="http://osm.org/browse/node/12023102941"/></wpt><wpt lat="37.7979127" lon="-122.4069473"><name>node/12023102943</name><desc>camera:mount=pole
camera:type=fixed
direction=119
man_made=surveillance
manufacturer=Flock Safety
manufacturer:wikidata=Q108485435
operator=San Francisco Police Department
operator:wikidata=Q1320247
surveillance=public
surveillance:type=ALPR
surveillance:zone=traffic</desc><link href="http://osm.org/browse/node/12023102943"/></wpt><wpt lat="37.7776191" lon="-122.4407113"><name>node/12138287840</name><desc>camera:direction=169
camera:type=dome
man_made=surveillance
surveillance=public
surveillance:type=camera
surveillance:zone=street</desc><link href="http://osm.org/browse/node/12138287840"/></wpt><wpt lat="37.7749851" lon="-122.3921967"><name>node/12152934857</name><desc>camera:direction=226
camera:mount=pole
camera:type=fixed
man_made=surveillance
surveillance=public
surveillance:type=camera</desc><link href="http://osm.org/browse/node/12152934857"/></wpt><wpt lat="37.774854" lon="-122.3923452"><name>node/12152934858</name><desc>camera:direction=45
camera:mount=pole
camera:type=fixed
man_made=surveillance
surveillance=public
surveillance:type=camera</desc><link href="http://osm.org/browse/node/12152934858"/></wpt><wpt lat="37.80658" lon="-122.4741757"><name>node/12191923962</name><desc>camera:direction=225
camera:mount=pole
camera:type=fixed
image=https://alpr.pictures/san-francisco/lincoln%20wbns%20merchant.jpg
man_made=surveillance
manufacturer=Pelco
manufacturer:wikidata=Q17143655
surveillance=public
surveillance:type=ALPR
surveillance:zone=traffic</desc><link href="http://osm.org/browse/node/12191923962"/></wpt><wpt lat="37.8060612" lon="-122.4749577"><name>node/12191923963</name><desc>camera:direction=60
camera:mount=pole
camera:type=fixed
image=https://alpr.pictures/san-francisco/lincoln%20ebfs%20merchant.jpg
man_made=surveillance
manufacturer=Pelco
manufacturer:wikidata=Q17143655
surveillance=public
surveillance:type=ALPR
surveillance:zone=traffic</desc><link href="http://osm.org/browse/node/12191923963"/></wpt><wpt lat="37.7781717" lon="-122.3965103"><name>node/12247231002</name><desc>camera:mount=pole
camera:type=fixed
direction=120
man_made=surveillance
manufacturer=Flock Safety
manufacturer:wikidata=Q108485435
operator=San Francisco Police Department
operator:wikidata=Q1320247
surveillance=public
surveillance:type=ALPR
surveillance:zone=traffic</desc><link href="http://osm.org/browse/node/12247231002"/></wpt><wpt lat="37.7786249" lon="-122.4780737"><name>node/12256477756</name><desc>camera:direction=267
camera:type=door
level=0
man_made=surveillance
manufacturer=ring
manufacturer:wikidata=Q5297222
surveillance=public
surveillance:type=camera
surveillance:zone=entrance</desc><link href="http://osm.org/browse/node/12256477756"/></wpt><wpt lat="37.7786679" lon="-122.4780697"><name>node/12256477757</name><desc>camera:direction=266
camera:mount=wall
camera:type=door
level=1
man_made=surveillance
surveillance=public
surveillance:type=camera
surveillance:zone=entrance</desc><link href="http://osm.org/browse/node/12256477757"/></wpt><wpt lat="37.778691" lon="-122.478065"><name>node/12256477758</name><desc>camera:direction=254
camera:type=fixed
level=1
man_made=surveillance
surveillance=public
surveillance:type=camera
surveillance:zone=entrance</desc><link href="http://osm.org/browse/node/12256477758"/></wpt><wpt lat="37.7802482" lon="-122.4775894"><name>node/12256477759</name><desc>camera:direction=357
camera:mount=wall
camera:type=fixed
level=1
man_made=surveillance
surveillance=public
surveillance:type=camera
surveillance:zone=street</desc><link href="http://osm.org/browse/node/12256477759"/></wpt><wpt lat="37.7802299" lon="-122.4775973"><name>node/12256477760</name><desc>camera:direction=318
camera:mount=ceiling
camera:type=fixed
level=1
man_made=surveillance
surveillance=indoor
surveillance:type=camera
surveillance:zone=entrance</desc><link href="http://osm.org/browse/node/12256477760"/></wpt><wpt lat="37.7870395" lon="-122.3874032"><name>node/12269476896</name><desc>camera:mount=pole
camera:type=fixed
direction=301
man_made=surveillance
manufacturer=Genetec
operator=Impark
operator:wikidata=Q6006077
surveillance=outdoor
surveillance:type=ALPR
surveillance:zone=traffic</desc><link href="http://osm.org/browse/node/12269476896"/></wpt><wpt lat="37.7496009" lon="-122.3970774"><name>node/12313079564</name><desc>brand=Flock Safety
brand:wikidata=Q108485435
camera:mount=pole
camera:type=fixed
direction=70
man_made=surveillance
operator=San Francisco Police Department
operator:wikidata=Q1320247
surveillance=public
surveillance:type=ALPR
surveillance:zone=traffic</desc><link href="http://osm.org/browse/node/12313079564"/></wpt><wpt lat="37.7649945" lon="-122.4076597"><name>node/12336505699</name><desc>brand=Flock Safety
brand:wikidata=Q108485435
camera:mount=pole
camera:type=fixed
direction=150
man_made=surveillance
operator=San Francisco Police Department
operator:wikidata=Q1320247
surveillance=traffic
surveillance:type=ALPR
surveillance:zone=traffic</desc><link href="http://osm.org/browse/node/12336505699"/></wpt><wpt lat="37.7655912" lon="-122.4094808"><name>node/12336505700</name><desc>brand=Flock Safety
brand:wikidata=Q108485435
camera:mount=pole
camera:type=fixed
direction=70
man_made=surveillance
operator=San Francisco Police Department
operator:wikidata=Q1320247
surveillance=traffic
surveillance:type=ALPR
surveillance:zone=traffic</desc><link href="http://osm.org/browse/node/12336505700"/></wpt><wpt lat="37.7636661" lon="-122.4664019"><name>node/12336515140</name><desc>brand=Flock Safety
brand:wikidata=Q108485435
camera:mount=pole
camera:type=fixed
direction=150
man_made=surveillance
operator=San Francisco Police Department
operator:wikidata=Q1320247
surveillance=traffic
surveillance:type=ALPR
surveillance:zone=traffic</desc><link href="http://osm.org/browse/node/12336515140"/></wpt><wpt lat="37.7268348" lon="-122.4746402"><name>node/12336519291</name><desc>brand=Flock Safety
brand:wikidata=Q108485435
camera:mount=pole
camera:type=fixed
direction=340
man_made=surveillance
operator=San Francisco Police Department
operator:wikidata=Q1320247
surveillance=traffic
surveillance:type=ALPR
surveillance:zone=traffic</desc><link href="http://osm.org/browse/node/12336519291"/></wpt><wpt lat="37.7665156" lon="-122.3970642"><name>node/12336533501</name><desc>brand=Flock Safety
brand:wikidata=Q108485435
camera:mount=pole
camera:type=fixed
direction=250
man_made=surveillance
operator=San Francisco Police Department
operator:wikidata=Q1320247
surveillance=traffic
surveillance:type=ALPR
surveillance:zone=traffic</desc><link href="http://osm.org/browse/node/12336533501"/></wpt><wpt lat="37.7663949" lon="-122.3950654"><name>node/12336533503</name><desc>brand=Flock Safety
brand:wikidata=Q108485435
camera:mount=pole
camera:type=fixed
direction=160
man_made=surveillance
operator=San Francisco Police Department
operator:wikidata=Q1320247
surveillance=traffic
surveillance:type=ALPR
surveillance:zone=traffic</desc><link href="http://osm.org/browse/node/12336533503"/></wpt><wpt lat="37.7651364" lon="-122.417199"><name>node/12336533506</name><desc>camera:mount=pole
camera:type=fixed
direction=70
man_made=surveillance
manufacturer=Flock Safety
manufacturer:wikidata=Q108485435
operator=San Francisco Police Department
operator:wikidata=Q1320247
surveillance=public
surveillance:type=ALPR
surveillance:zone=traffic</desc><link href="http://osm.org/browse/node/12336533506"/></wpt><wpt lat="37.7669701" lon="-122.386548"><name>node/12336533507</name><desc>brand=Flock Safety
brand:wikidata=Q108485435
camera:mount=pole
camera:type=fixed
direction=70
man_made=surveillance
operator=San Francisco Police Department
operator:wikidata=Q1320247
surveillance=traffic
surveillance:type=ALPR
surveillance:zone=traffic</desc><link href="http://osm.org/browse/node/12336533507"/></wpt><wpt lat="37.7628506" lon="-122.3934911"><name>node/12336533509</name><desc>brand=Flock Safety
brand:wikidata=Q108485435
camera:mount=pole
camera:type=fixed
direction=250
man_made=surveillance
operator=San Francisco Police Department
operator:wikidata=Q1320247
surveillance=traffic
surveillance:type=ALPR
surveillance:zone=traffic</desc><link href="http://osm.org/browse/node/12336533509"/></wpt><wpt lat="37.7997004" lon="-122.4361244"><name>node/12336533510</name><desc>brand=Flock Safety
brand:wikidata=Q108485435
camera:mount=pole
camera:type=fixed
direction=150
man_made=surveillance
operator=San Francisco Police Department
operator:wikidata=Q1320247
surveillance=traffic
surveillance:type=ALPR
surveillance:zone=traffic</desc><link href="http://osm.org/browse/node/12336533510"/></wpt><wpt lat="37.7626935" lon="-122.435455"><name>node/12336615701</name><desc>brand=Flock Safety
brand:wikidata=Q108485435
camera:mount=pole
camera:type=fixed
direction=220
man_made=surveillance
operator=San Francisco Police Department
operator:wikidata=Q1320247
surveillance=traffic
surveillance:type=ALPR
surveillance:zone=traffic</desc><link href="http://osm.org/browse/node/12336615701"/></wpt><wpt lat="37.7613863" lon="-122.4279239"><name>node/12336658451</name><desc>brand=Flock Safety
brand:wikidata=Q108485435
camera:mount=pole
camera:type=fixed
direction=250
man_made=surveillance
operator=San Francisco Police Department
operator:wikidata=Q1320247
surveillance=traffic
surveillance:type=ALPR
surveillance:zone=traffic</desc><link href="http://osm.org/browse/node/12336658451"/></wpt><wpt lat="37.7659163" lon="-122.4074502"><name>node/12338344312</name><desc>brand=Flock Safety
brand:wikidata=Q108485435
camera:mount=pole
camera:type=fixed
direction=330
man_made=surveillance
operator=San Francisco Police Department
operator:wikidata=Q1320247
surveillance=traffic
surveillance:type=ALPR
surveillance:zone=traffic</desc><link href="http://osm.org/browse/node/12338344312"/></wpt><wpt lat="37.7649901" lon="-122.4221741"><name>node/12338344313</name><desc>brand=Flock Safety
brand:wikidata=Q108485435
camera:mount=pole
camera:type=fixed
direction=245
man_made=surveillance
operator=San Francisco Police Department
operator:wikidata=Q1320247
surveillance=traffic
surveillance:type=ALPR
surveillance:zone=traffic</desc><link href="http://osm.org/browse/node/12338344313"/></wpt><wpt lat="37.7624158" lon="-122.4352875"><name>node/12338344314</name><desc>brand=Flock Safety
brand:wikidata=Q108485435
camera:mount=pole
camera:type=fixed
direction=150
man_made=surveillance
operator=San Francisco Police Department
operator:wikidata=Q1320247
surveillance=traffic
surveillance:type=ALPR
surveillance:zone=traffic</desc><link href="http://osm.org/browse/node/12338344314"/></wpt><wpt lat="37.765624" lon="-122.4772151"><name>node/12338974526</name><desc>brand=Flock Safety
brand:wikidata=Q108485435
camera:mount=pole
camera:type=fixed
direction=345
image=https://alpr.pictures/san-francisco/crossover%20nbfs%20lincoln.jpg
man_made=surveillance
operator=San Francisco Police Department
operator:wikidata=Q1320247
surveillance=traffic
surveillance:type=ALPR
surveillance:zone=traffic</desc><link href="http://osm.org/browse/node/12338974526"/></wpt><wpt lat="37.7332916" lon="-122.3911086"><name>node/12338996742</name><desc>brand=Flock Safety
brand:wikidata=Q108485435
camera:mount=pole
camera:type=fixed
direction=370
man_made=surveillance
operator=San Francisco Police Department
operator:wikidata=Q1320247
surveillance=traffic
surveillance:type=ALPR
surveillance:zone=traffic</desc><link href="http://osm.org/browse/node/12338996742"/></wpt><wpt lat="37.7331749" lon="-122.391445"><name>node/12338996743</name><desc>brand=Flock Safety
brand:wikidata=Q108485435
camera:mount=pole
camera:type=fixed
direction=190
man_made=surveillance
operator=San Francisco Police Department
operator:wikidata=Q1320247
surveillance=traffic
surveillance:type=ALPR
surveillance:zone=traffic</desc><link href="http://osm.org/browse/node/12338996743"/></wpt><wpt lat="37.7237095" lon="-122.4007138"><name>node/12345117085</name><desc>camera:mount=pole
camera:type=fixed
direction=320
man_made=surveillance
manufacturer=Flock Safety
manufacturer:wikidata=Q108485435
operator=San Francisco Police Department
operator:wikidata=Q1320247
surveillance=public
surveillance:type=ALPR
surveillance:zone=traffic</desc><link href="http://osm.org/browse/node/12345117085"/></wpt><wpt lat="37.7876698" lon="-122.4334773"><name>node/12351957744</name><desc>camera:direction=207
camera:mount=building
camera:type=fixed
man_made=surveillance
surveillance=public
surveillance:type=camera
surveillance:zone=street</desc><link href="http://osm.org/browse/node/12351957744"/></wpt><wpt lat="37.7905487" lon="-122.4337411"><name>node/12352009467</name><desc>camera:direction=W
camera:mount=building
camera:type=dome
man_made=surveillance
surveillance=public
surveillance:type=camera
surveillance:zone=street</desc><link href="http://osm.org/browse/node/12352009467"/></wpt><wpt lat="37.7603493" lon="-122.3897649"><name>node/12353575484</name><desc>brand=Flock Safety
brand:wikidata=Q108485435
camera:mount=pole
camera:type=fixed
direction=280
man_made=surveillance
operator=San Francisco Police Department
operator:wikidata=Q1320247
surveillance=traffic
surveillance:type=ALPR
surveillance:zone=traffic</desc><link href="http://osm.org/browse/node/12353575484"/></wpt><wpt lat="37.7813992" lon="-122.4002393"><name>node/12372333251</name><desc>camera:mount=pole
camera:type=fixed
direction=156
man_made=surveillance
manufacturer=Flock Safety
manufacturer:wikidata=Q108485435
operator=San Francisco Police Department
operator:wikidata=Q1320247
surveillance=public
surveillance:type=ALPR
surveillance:zone=traffic</desc><link href="http://osm.org/browse/node/12372333251"/></wpt><wpt lat="37.7304" lon="-122.3827264"><name>node/12374382414</name><desc>brand=Flock Safety
brand:wikidata=Q108485435
camera:mount=pole
camera:type=fixed
direction=25
man_made=surveillance
operator=San Francisco Police Department
operator:wikidata=Q1320247
surveillance=traffic
surveillance:type=ALPR
surveillance:zone=traffic</desc><link href="http://osm.org/browse/node/12374382414"/></wpt><wpt lat="37.7303191" lon="-122.3830191"><name>node/12374382822</name><desc>brand=Flock Safety
brand:wikidata=Q108485435
camera:mount=pole
camera:type=fixed
direction=180
man_made=surveillance
operator=San Francisco Police Department
operator:wikidata=Q1320247
surveillance=traffic
surveillance:type=ALPR
surveillance:zone=traffic</desc><link href="http://osm.org/browse/node/12374382822"/></wpt><wpt lat="37.7302177" lon="-122.3827746"><name>node/12374386014</name><desc>brand=Flock Safety
brand:wikidata=Q108485435
camera:mount=pole
camera:type=fixed
direction=90
man_made=surveillance
operator=San Francisco Police Department
operator:wikidata=Q1320247
surveillance=traffic
surveillance:type=ALPR
surveillance:zone=traffic</desc><link href="http://osm.org/browse/node/12374386014"/></wpt><wpt lat="37.7744172" lon="-122.4207212"><name>node/12389297213</name><desc>brand=Flock Safety
brand:wikidata=Q108485435
camera:mount=pole
camera:type=fixed
direction=335
man_made=surveillance
operator=San Francisco Police Department
operator:wikidata=Q1320247
surveillance=traffic
surveillance:type=ALPR
surveillance:zone=traffic</desc><link href="http://osm.org/browse/node/12389297213"/></wpt><wpt lat="37.7724036" lon="-122.4224811"><name>node/12389297214</name><desc>brand=Flock Safety
brand:wikidata=Q108485435
camera:mount=pole
camera:type=fixed
direction=30
man_made=surveillance
operator=San Francisco Police Department
operator:wikidata=Q1320247
surveillance=traffic
surveillance:type=ALPR
surveillance:zone=traffic</desc><link href="http://osm.org/browse/node/12389297214"/></wpt><wpt lat="37.7718766" lon="-122.4236468"><name>node/12389297215</name><desc>brand=Flock Safety
brand:wikidata=Q108485435
camera:mount=pole
camera:type=fixed
direction=215
man_made=surveillance
manufacturer=Flock Safety
manufacturer:wikidata=Q108485435
operator=San Francisco Police Department
operator:wikidata=Q1320247
surveillance=public
surveillance:type=ALPR
surveillance:zone=traffic</desc><link href="http://osm.org/browse/node/12389297215"/></wpt><wpt lat="37.7721325" lon="-122.4234202"><name>node/12389297216</name><desc>brand=Flock Safety
brand:wikidata=Q108485435
camera:mount=pole
camera:type=fixed
direction=320
man_made=surveillance
manufacturer=Flock Safety
manufacturer:wikidata=Q108485435
operator=San Francisco Police Department
operator:wikidata=Q1320247
surveillance=public
surveillance:type=ALPR
surveillance:zone=traffic</desc><link href="http://osm.org/browse/node/12389297216"/></wpt><wpt lat="37.774587" lon="-122.3917009"><name>node/12389301198</name><desc>brand=Flock Safety
brand:wikidata=Q108485435
camera:mount=pole
camera:type=fixed
direction=295
man_made=surveillance
operator=San Francisco Police Department
operator:wikidata=Q1320247
surveillance=public
surveillance:type=ALPR
surveillance:zone=traffic</desc><link href="http://osm.org/browse/node/12389301198"/></wpt><wpt lat="37.7737448" lon="-122.4087531"><name>node/12398980562</name><desc>brand=Flock Safety
brand:wikidata=Q108485435
camera:mount=pole
camera:type=fixed
direction=210
man_made=surveillance
operator=San Francisco Police Department
operator:wikidata=Q1320247
surveillance=traffic
surveillance:type=ALPR
surveillance:zone=traffic</desc><link href="http://osm.org/browse/node/12398980562"/></wpt><wpt lat="37.7726998" lon="-122.4101334"><name>node/12398980563</name><desc>brand=Flock Safety
brand:wikidata=Q108485435
camera:mount=pole
camera:type=fixed
direction=295
man_made=surveillance
operator=San Francisco Police Department
operator:wikidata=Q1320247
surveillance=traffic
surveillance:type=ALPR
surveillance:zone=traffic</desc><link href="http://osm.org/browse/node/12398980563"/></wpt><wpt lat="37.772528" lon="-122.4102889"><name>node/12398980564</name><desc>brand=Flock Safety
brand:wikidata=Q108485435
camera:mount=pole
camera:type=fixed
direction=210
man_made=surveillance
operator=San Francisco Police Department
operator:wikidata=Q1320247
surveillance=traffic
surveillance:type=ALPR
surveillance:zone=traffic</desc><link href="http://osm.org/browse/node/12398980564"/></wpt><wpt lat="37.7713405" lon="-122.4083461"><name>node/12398980565</name><desc>camera:mount=pole
camera:type=fixed
direction=15
man_made=surveillance
manufacturer=Flock Safety
manufacturer:wikidata=Q108485435
operator=San Francisco Police Department
operator:wikidata=Q1320247
surveillance=public
surveillance:type=ALPR
surveillance:zone=traffic</desc><link href="http://osm.org/browse/node/12398980565"/></wpt><wpt lat="37.7761452" lon="-122.4802837"><name>node/12403013005</name><desc>camera:direction=85
camera:mount=wall
camera:type=fixed
man_made=surveillance
manufacturer:wikidata=Q5297222
surveillance=public
surveillance:type=camera
surveillance:zone=street</desc><link href="http://osm.org/browse/node/12403013005"/></wpt><wpt lat="37.7762968" lon="-122.480288"><name>node/12403013007</name><desc>camera:direction=85
camera:mount=doorbell
camera:type=fixed
man_made=surveillance
surveillance=public
surveillance:type=camera
surveillance:zone=street</desc><link href="http://osm.org/browse/node/12403013007"/></wpt><wpt lat="37.7789903" lon="-122.4802141"><name>node/12403013012</name><desc>camera:direction=273
camera:mount=wall
camera:type=dome
man_made=surveillance
surveillance=public
surveillance:type=camera
surveillance:zone=street</desc><link href="http://osm.org/browse/node/12403013012"/></wpt><wpt lat="37.7757663" lon="-122.3935611"><name>node/12403623012</name><desc>camera:direction=56
camera:mount=pole
camera:type=fixed
man_made=surveillance
surveillance=public
surveillance:type=camera</desc><link href="http://osm.org/browse/node/12403623012"/></wpt><wpt lat="37.7756396" lon="-122.3933558"><name>node/12403623013</name><desc>camera:direction=323
camera:mount=pole
camera:type=fixed
man_made=surveillance
surveillance=public
surveillance:type=camera</desc><link href="http://osm.org/browse/node/12403623013"/></wpt><wpt lat="37.7757815" lon="-122.3931932"><name>node/12403623014</name><desc>camera:direction=238
camera:mount=pole
camera:type=fixed
man_made=surveillance
surveillance=public
surveillance:type=camera</desc><link href="http://osm.org/browse/node/12403623014"/></wpt><wpt lat="37.7743253" lon="-122.3918463"><name>node/12403623018</name><desc>camera:direction=60
camera:mount=pole
camera:type=fixed
man_made=surveillance
surveillance=public
surveillance:type=camera</desc><link href="http://osm.org/browse/node/12403623018"/></wpt><wpt lat="37.7743599" lon="-122.3914744"><name>node/12403623019</name><desc>camera:direction=234
camera:mount=pole
camera:type=fixed
man_made=surveillance
surveillance=public
surveillance:type=camera</desc><link href="http://osm.org/browse/node/12403623019"/></wpt><wpt lat="37.7767485" lon="-122.3943865"><name>node/12403623028</name><desc>camera:mount=pole
camera:type=fixed
direction=290
man_made=surveillance
manufacturer=Flock Safety
manufacturer:wikidata=Q108485435
operator=San Francisco Police Department
operator:wikidata=Q1320247
surveillance=public
surveillance:type=ALPR
surveillance:zone=traffic</desc><link href="http://osm.org/browse/node/12403623028"/></wpt><wpt lat="37.7827755" lon="-122.4398743"><name>node/12405725341</name><desc>camera:direction=43
camera:mount=building
camera:type=dome
man_made=surveillance
surveillance=outdoor
surveillance:type=camera</desc><link href="http://osm.org/browse/node/12405725341"/></wpt><wpt lat="37.7575663" lon="-122.3932571"><name>node/12408682017</name><desc>brand=Flock Safety
brand:wikidata=Q108485435
camera:mount=pole
camera:type=fixed
direction=155
man_made=surveillance
operator=San Francisco Police Department
operator:wikidata=Q1320247
surveillance=traffic
surveillance:type=ALPR
surveillance:zone=traffic</desc><link href="http://osm.org/browse/node/12408682017"/></wpt><wpt lat="37.721902" lon="-122.3960563"><name>node/12408893989</name><desc>brand=Flock Safety
brand:wikidata=Q108485435
camera:mount=pole
camera:type=fixed
direction=175
man_made=surveillance
operator=San Francisco Police Department
operator:wikidata=Q1320247
surveillance=public
surveillance:type=ALPR
surveillance:zone=traffic</desc><link href="http://osm.org/browse/node/12408893989"/></wpt><wpt lat="37.7293893" lon="-122.3927747"><name>node/12408893990</name><desc>brand=Flock Safety
brand:wikidata=Q108485435
camera:mount=pole
camera:type=fixed
direction=260
man_made=surveillance
operator=San Francisco Police Department
operator:wikidata=Q1320247
surveillance=public
surveillance:type=ALPR
surveillance:zone=traffic</desc><link href="http://osm.org/browse/node/12408893990"/></wpt><wpt lat="37.7779511" lon="-122.4379207"><name>node/12413897808</name><desc>camera:direction=S
camera:mount=wall
camera:type=dome
man_made=surveillance
surveillance=public
surveillance:type=camera
surveillance:zone=street</desc><link href="http://osm.org/browse/node/12413897808"/></wpt><wpt lat="37.7779069" lon="-122.4382636"><name>node/12413897811</name><desc>camera:direction=S
camera:mount=wall
camera:type=dome
man_made=surveillance
surveillance=public
surveillance:type=camera
surveillance:zone=street</desc><link href="http://osm.org/browse/node/12413897811"/></wpt><wpt lat="37.768656" lon="-122.4179535"><name>node/12452553849</name><desc>brand=Flock Safety
brand:wikidata=Q108485435
camera:mount=pole
camera:type=fixed
direction=155
man_made=surveillance
operator=San Francisco Police Department
operator:wikidata=Q1320247
surveillance=traffic
surveillance:type=ALPR
surveillance:zone=traffic</desc><link href="http://osm.org/browse/node/12452553849"/></wpt><wpt lat="37.7506058" lon="-122.4057907"><name>node/12452553850</name><desc>brand=Flock Safety
brand:wikidata=Q108485435
camera:mount=pole
camera:type=fixed
direction=315
man_made=surveillance
operator=San Francisco Police Department
operator:wikidata=Q1320247
surveillance=traffic
surveillance:type=ALPR
surveillance:zone=traffic</desc><link href="http://osm.org/browse/node/12452553850"/></wpt><wpt lat="37.7764553" lon="-122.4759897"><name>node/12454338769</name><desc>camera:direction=58
camera:mount=wall
camera:type=panning
man_made=surveillance
surveillance=public
surveillance:type=camera
surveillance:zone=street</desc><link href="http://osm.org/browse/node/12454338769"/></wpt><wpt lat="37.7764028" lon="-122.4760091"><name>node/12454338770</name><desc>camera:direction=236
camera:mount=tree
camera:type=fixed
man_made=surveillance
manufacturer:wikidata=Q60740820
surveillance=public
surveillance:type=camera
surveillance:zone=street</desc><link href="http://osm.org/browse/node/12454338770"/></wpt><wpt lat="37.7730692" lon="-122.4183556"><name>node/12461769827</name><desc>brand=Flock Safety
brand:wikidata=Q108485435
camera:mount=pole
camera:type=fixed
direction=15
man_made=surveillance
operator=San Francisco Police Department
operator:wikidata=Q1320247
surveillance=traffic
surveillance:type=ALPR
surveillance:zone=traffic</desc><link href="http://osm.org/browse/node/12461769827"/></wpt><wpt lat="37.7342118" lon="-122.3795317"><name>node/12487347397</name><desc>camera:mount=pole
camera:type=fixed
direction=185
man_made=surveillance
manufacturer=Flock Safety
manufacturer:wikidata=Q108485435
operator=San Francisco Police Department
operator:wikidata=Q1320247
surveillance=public
surveillance:type=ALPR
surveillance:zone=traffic</desc><link href="http://osm.org/browse/node/12487347397"/></wpt><wpt lat="37.7368414" lon="-122.3793886"><name>node/12487347398</name><desc>camera:mount=pole
camera:type=fixed
direction=185
man_made=surveillance
manufacturer=Flock Safety
manufacturer:wikidata=Q108485435
operator=San Francisco Police Department
operator:wikidata=Q1320247
surveillance=public
surveillance:type=ALPR
surveillance:zone=traffic</desc><link href="http://osm.org/browse/node/12487347398"/></wpt><wpt lat="37.7382432" lon="-122.3799264"><name>node/12487347399</name><desc>camera:mount=pole
camera:type=fixed
direction=290
man_made=surveillance
manufacturer=Flock Safety
manufacturer:wikidata=Q108485435
operator=San Francisco Police Department
operator:wikidata=Q1320247
surveillance=public
surveillance:type=ALPR
surveillance:zone=traffic</desc><link href="http://osm.org/browse/node/12487347399"/></wpt><wpt lat="37.7425043" lon="-122.3875346"><name>node/12487347400</name><desc>camera:mount=pole
camera:type=fixed
direction=130
man_made=surveillance
manufacturer=Flock Safety
manufacturer:wikidata=Q108485435
operator=San Francisco Police Department
operator:wikidata=Q1320247
surveillance=public
surveillance:type=ALPR
surveillance:zone=traffic</desc><link href="http://osm.org/browse/node/12487347400"/></wpt><wpt lat="37.7427335" lon="-122.3881048"><name>node/12487417401</name><desc>camera:mount=pole
camera:type=fixed
direction=180
man_made=surveillance
manufacturer=Flock Safety
manufacturer:wikidata=Q108485435
operator=San Francisco Police Department
operator:wikidata=Q1320247
surveillance=public
surveillance:type=ALPR
surveillance:zone=traffic</desc><link href="http://osm.org/browse/node/12487417401"/></wpt><wpt lat="37.7433607" lon="-122.3875875"><name>node/12487417402</name><desc>camera:mount=pole
camera:type=fixed
direction=350
man_made=surveillance
manufacturer=Flock Safety
manufacturer:wikidata=Q108485435
operator=San Francisco Police Department
operator:wikidata=Q1320247
surveillance=public
surveillance:type=ALPR
surveillance:zone=traffic</desc><link href="http://osm.org/browse/node/12487417402"/></wpt><wpt lat="37.747149" lon="-122.3959657"><name>node/12487417403</name><desc>camera:mount=pole
camera:type=fixed
direction=90
man_made=surveillance
manufacturer=Flock Safety
manufacturer:wikidata=Q108485435
operator=San Francisco Police Department
operator:wikidata=Q1320247
surveillance=public
surveillance:type=ALPR
surveillance:zone=traffic</desc><link href="http://osm.org/browse/node/12487417403"/></wpt><wpt lat="37.7473951" lon="-122.3960934"><name>node/12487417404</name><desc>camera:mount=pole
camera:type=fixed
direction=315
man_made=surveillance
manufacturer=Flock Safety
manufacturer:wikidata=Q108485435
operator=San Francisco Police Department
operator:wikidata=Q1320247
surveillance=public
surveillance:type=ALPR
surveillance:zone=traffic</desc><link href="http://osm.org/browse/node/12487417404"/></wpt><wpt lat="37.7523949" lon="-122.418385"><name>node/12487417405</name><desc>camera:mount=pole
camera:type=fixed
direction=330
man_made=surveillance
manufacturer=Flock Safety
manufacturer:wikidata=Q108485435
operator=San Francisco Police Department
operator:wikidata=Q1320247
surveillance=public
surveillance:type=ALPR
surveillance:zone=traffic</desc><link href="http://osm.org/browse/node/12487417405"/></wpt><wpt lat="37.7521892" lon="-122.4190582"><name>node/12487417406</name><desc>camera:mount=pole
camera:type=fixed
direction=295
man_made=surveillance
manufacturer=Flock Safety
manufacturer:wikidata=Q108485435
operator=San Francisco Police Department
operator:wikidata=Q1320247
surveillance=public
surveillance:type=ALPR
surveillance:zone=traffic</desc><link href="http://osm.org/browse/node/12487417406"/></wpt><wpt lat="37.729216" lon="-122.3928243"><name>node/12487417407</name><desc>camera:mount=pole
camera:type=fixed
direction=170
man_made=surveillance
manufacturer=Flock Safety
manufacturer:wikidata=Q108485435
operator=San Francisco Police Department
operator:wikidata=Q1320247
surveillance=public
surveillance:type=ALPR
surveillance:zone=traffic</desc><link href="http://osm.org/browse/node/12487417407"/></wpt><wpt lat="37.7291899" lon="-122.3925345"><name>node/12487417408</name><desc>camera:mount=pole
camera:type=fixed
direction=90
man_made=surveillance
manufacturer=Flock Safety
manufacturer:wikidata=Q108485435
operator=San Francisco Police Department
operator:wikidata=Q1320247
surveillance=public
surveillance:type=ALPR
surveillance:zone=traffic</desc><link href="http://osm.org/browse/node/12487417408"/></wpt><wpt lat="37.7325828" lon="-122.3839706"><name>node/12487417409</name><desc>camera:mount=pole
camera:type=fixed
direction=270
man_made=surveillance
manufacturer=Flock Safety
manufacturer:wikidata=Q108485435
operator=San Francisco Police Department
operator:wikidata=Q1320247
surveillance=public
surveillance:type=ALPR
surveillance:zone=traffic</desc><link href="http://osm.org/browse/node/12487417409"/></wpt><wpt lat="37.7633655" lon="-122.4219016"><name>node/12487590013</name><desc>camera:mount=pole
camera:type=fixed
direction=260
man_made=surveillance
manufacturer=Flock Safety
manufacturer:wikidata=Q108485435
operator=San Francisco Police Department
operator:wikidata=Q1320247
surveillance=public
surveillance:type=ALPR
surveillance:zone=traffic</desc><link href="http://osm.org/browse/node/12487590013"/></wpt><wpt lat="37.757009" lon="-122.4210376"><name>node/12487590014</name><desc>camera:mount=pole
camera:type=fixed
direction=325
man_made=surveillance
manufacturer=Flock Safety
manufacturer:wikidata=Q108485435
operator=San Francisco Police Department
operator:wikidata=Q1320247
surveillance=public
surveillance:type=ALPR
surveillance:zone=traffic</desc><link href="http://osm.org/browse/node/12487590014"/></wpt><wpt lat="37.7441125" lon="-122.4210348"><name>node/12487590015</name><desc>camera:mount=pole
camera:type=fixed
direction=240
man_made=surveillance
manufacturer=Flock Safety
manufacturer:wikidata=Q108485435
operator=San Francisco Police Department
operator:wikidata=Q1320247
surveillance=public
surveillance:type=ALPR
surveillance:zone=traffic</desc><link href="http://osm.org/browse/node/12487590015"/></wpt><wpt lat="37.7352821" lon="-122.5067541"><name>node/12489044179</name><desc>camera:mount=pole
camera:type=fixed
direction=205
image=https://alpr.pictures/san-francisco/great%20hwy%20sbfs%20sloat.jpg
man_made=surveillance
manufacturer=Flock Safety
manufacturer:wikidata=Q108485435
operator=San Francisco Police Department
operator:wikidata=Q1320247
surveillance=public
surveillance:type=ALPR
surveillance:zone=traffic</desc><link href="http://osm.org/browse/node/12489044179"/></wpt><wpt lat="37.7431878" lon="-122.4755537"><name>node/12489044180</name><desc>camera:mount=pole
camera:type=fixed
direction=330
man_made=surveillance
manufacturer=Flock Safety
manufacturer:wikidata=Q108485435
operator=San Francisco Police Department
operator:wikidata=Q1320247
surveillance=public
surveillance:type=ALPR
surveillance:zone=traffic</desc><link href="http://osm.org/browse/node/12489044180"/></wpt><wpt lat="37.7338882" lon="-122.3908474"><name>node/12489044181</name><desc>camera:mount=pole
camera:type=fixed
direction=120
man_made=surveillance
manufacturer=Flock Safety
manufacturer:wikidata=Q108485435
operator=San Francisco Police Department
operator:wikidata=Q1320247
surveillance=public
surveillance:type=ALPR
surveillance:zone=traffic</desc><link href="http://osm.org/browse/node/12489044181"/></wpt><wpt lat="37.7354186" lon="-122.3933059"><name>node/12489044182</name><desc>camera:mount=pole
camera:type=fixed
direction=300
man_made=surveillance
manufacturer=Flock Safety
manufacturer:wikidata=Q108485435
operator=San Francisco Police Department
operator:wikidata=Q1320247
surveillance=public
surveillance:type=ALPR
surveillance:zone=traffic</desc><link href="http://osm.org/browse/node/12489044182"/></wpt><wpt lat="37.7371069" lon="-122.3968772"><name>node/12489044183</name><desc>camera:mount=pole
camera:type=fixed
direction=50
man_made=surveillance
manufacturer=Flock Safety
manufacturer:wikidata=Q108485435
operator=San Francisco Police Department
operator:wikidata=Q1320247
surveillance=public
surveillance:type=ALPR
surveillance:zone=traffic</desc><link href="http://osm.org/browse/node/12489044183"/></wpt><wpt lat="37.7379356" lon="-122.4067147"><name>node/12489044184</name><desc>camera:mount=pole
camera:type=fixed
direction=50
man_made=surveillance
manufacturer=Flock Safety
manufacturer:wikidata=Q108485435
operator=San Francisco Police Department
operator:wikidata=Q1320247
surveillance=public
surveillance:type=ALPR
surveillance:zone=traffic</desc><link href="http://osm.org/browse/node/12489044184"/></wpt><wpt lat="37.7349723" lon="-122.4102184"><name>node/12489044185</name><desc>camera:mount=pole
camera:type=fixed
direction=30
man_made=surveillance
manufacturer=Flock Safety
manufacturer:wikidata=Q108485435
operator=San Francisco Police Department
operator:wikidata=Q1320247
surveillance=public
surveillance:type=ALPR
surveillance:zone=traffic</desc><link href="http://osm.org/browse/node/12489044185"/></wpt><wpt lat="37.73483" lon="-122.4109212"><name>node/12489044186</name><desc>camera:mount=pole
camera:type=fixed
direction=200
man_made=surveillance
manufacturer=Flock Safety
manufacturer:wikidata=Q108485435
operator=San Francisco Police Department
operator:wikidata=Q1320247
surveillance=public
surveillance:type=ALPR
surveillance:zone=traffic</desc><link href="http://osm.org/browse/node/12489044186"/></wpt><wpt lat="37.7335513" lon="-122.4128663"><name>node/12489044187</name><desc>camera:mount=pole
camera:type=fixed
direction=80
man_made=surveillance
manufacturer=Flock Safety
manufacturer:wikidata=Q108485435
operator=San Francisco Police Department
operator:wikidata=Q1320247
surveillance=public
surveillance:type=ALPR
surveillance:zone=traffic</desc><link href="http://osm.org/browse/node/12489044187"/></wpt><wpt lat="37.7311794" lon="-122.4262368"><name>node/12489044188</name><desc>camera:mount=pole
camera:type=fixed
direction=90
man_made=surveillance
manufacturer=Flock Safety
manufacturer:wikidata=Q108485435
operator=San Francisco Police Department
operator:wikidata=Q1320247
surveillance=public
surveillance:type=ALPR
surveillance:zone=traffic</desc><link href="http://osm.org/browse/node/12489044188"/></wpt><wpt lat="37.7336977" lon="-122.495635"><name>node/12489044193</name><desc>camera:mount=pole
camera:type=fixed
direction=85
man_made=surveillance
manufacturer=Flock Safety
manufacturer:wikidata=Q108485435
operator=San Francisco Police Department
operator:wikidata=Q1320247
surveillance=public
surveillance:type=ALPR
surveillance:zone=traffic</desc><link href="http://osm.org/browse/node/12489044193"/></wpt><wpt lat="37.7338428" lon="-122.4972653"><name>node/12489044194</name><desc>camera:mount=pole
camera:type=fixed
direction=290
man_made=surveillance
manufacturer=Flock Safety
manufacturer:wikidata=Q108485435
operator=San Francisco Police Department
operator:wikidata=Q1320247
surveillance=public
surveillance:type=ALPR
surveillance:zone=traffic</desc><link href="http://osm.org/browse/node/12489044194"/></wpt><wpt lat="37.7603727" lon="-122.5081421"><name>node/12489044195</name><desc>camera:mount=pole
camera:type=fixed
direction=250
man_made=surveillance
manufacturer=Flock Safety
manufacturer:wikidata=Q108485435
operator=San Francisco Police Department
operator:wikidata=Q1320247
surveillance=public
surveillance:type=ALPR
surveillance:zone=traffic</desc><link href="http://osm.org/browse/node/12489044195"/></wpt><wpt lat="37.7602934" lon="-122.5081377"><name>node/12489044196</name><desc>camera:mount=pole
camera:type=fixed
direction=75
man_made=surveillance
manufacturer=Flock Safety
manufacturer:wikidata=Q108485435
operator=San Francisco Police Department
operator:wikidata=Q1320247
surveillance=public
surveillance:type=ALPR
surveillance:zone=traffic</desc><link href="http://osm.org/browse/node/12489044196"/></wpt><wpt lat="37.7410858" lon="-122.4756741"><name>node/12489044197</name><desc>camera:mount=pole
camera:type=fixed
direction=155
man_made=surveillance
manufacturer=Flock Safety
manufacturer:wikidata=Q108485435
operator=San Francisco Police Department
operator:wikidata=Q1320247
surveillance=public
surveillance:type=ALPR
surveillance:zone=traffic</desc><link href="http://osm.org/browse/node/12489044197"/></wpt><wpt lat="37.7347886" lon="-122.4750061"><name>node/12489044198</name><desc>camera:mount=pole
camera:type=fixed
direction=330
man_made=surveillance
manufacturer=Flock Safety
manufacturer:wikidata=Q108485435
operator=San Francisco Police Department
operator:wikidata=Q1320247
surveillance=public
surveillance:type=ALPR
surveillance:zone=traffic</desc><link href="http://osm.org/browse/node/12489044198"/></wpt><wpt lat="37.7347916" lon="-122.4753648"><name>node/12489044199</name><desc>camera:mount=pole
camera:type=fixed
direction=250
man_made=surveillance
manufacturer=Flock Safety
manufacturer:wikidata=Q108485435
operator=San Francisco Police Department
operator:wikidata=Q1320247
surveillance=public
surveillance:type=ALPR
surveillance:zone=traffic</desc><link href="http://osm.org/browse/node/12489044199"/></wpt><wpt lat="37.7345129" lon="-122.4749884"><name>node/12489044200</name><desc>camera:mount=pole
camera:type=fixed
direction=65
man_made=surveillance
manufacturer=Flock Safety
manufacturer:wikidata=Q108485435
operator=San Francisco Police Department
operator:wikidata=Q1320247
surveillance=public
surveillance:type=ALPR
surveillance:zone=traffic</desc><link href="http://osm.org/browse/node/12489044200"/></wpt><wpt lat="37.7336718" lon="-122.4752388"><name>node/12489294701</name><desc>camera:mount=pole
camera:type=fixed
direction=146
man_made=surveillance
manufacturer=Flock Safety
manufacturer:wikidata=Q108485435
operator=San Francisco Police Department
operator:wikidata=Q1320247
surveillance=public
surveillance:type=ALPR
surveillance:zone=traffic</desc><link href="http://osm.org/browse/node/12489294701"/></wpt><wpt lat="37.7267999" lon="-122.4751209"><name>node/12489294702</name><desc>camera:mount=pole
camera:type=fixed
direction=160
man_made=surveillance
manufacturer=Flock Safety
manufacturer:wikidata=Q108485435
operator=San Francisco Police Department
operator:wikidata=Q1320247
surveillance=public
surveillance:type=ALPR
surveillance:zone=traffic</desc><link href="http://osm.org/browse/node/12489294702"/></wpt><wpt lat="37.7154459" lon="-122.398988"><name>node/12491804077</name><desc>camera:mount=pole
camera:type=fixed
direction=40
man_made=surveillance
manufacturer=Flock Safety
manufacturer:wikidata=Q108485435
operator=San Francisco Police Department
operator:wikidata=Q1320247
surveillance=public
surveillance:type=ALPR
surveillance:zone=traffic</desc><link href="http://osm.org/browse/node/12491804077"/></wpt><wpt lat="37.7174239" lon="-122.3982081"><name>node/12491811183</name><desc>camera:mount=pole
camera:type=fixed
direction=350
man_made=surveillance
manufacturer=Flock Safety
manufacturer:wikidata=Q108485435
operator=San Francisco Police Department
operator:wikidata=Q1320247
surveillance=public
surveillance:type=ALPR
surveillance:zone=traffic</desc><link href="http://osm.org/browse/node/12491811183"/></wpt><wpt lat="37.7397037" lon="-122.385872"><name>node/12493926186</name><desc>camera:mount=pole
camera:type=fixed
direction=280
man_made=surveillance
manufacturer=Flock Safety
manufacturer:wikidata=Q108485435
operator=San Francisco Police Department
operator:wikidata=Q1320247
surveillance=public
surveillance:type=ALPR
surveillance:zone=traffic</desc><link href="http://osm.org/browse/node/12493926186"/></wpt><wpt lat="37.7500365" lon="-122.3933147"><name>node/12493926187</name><desc>camera:mount=pole
camera:type=fixed
direction=240
man_made=surveillance
manufacturer=Flock Safety
manufacturer:wikidata=Q108485435
operator=San Francisco Police Department
operator:wikidata=Q1320247
surveillance=public
surveillance:type=ALPR
surveillance:zone=traffic</desc><link href="http://osm.org/browse/node/12493926187"/></wpt><wpt lat="37.7489883" lon="-122.405929"><name>node/12493926188</name><desc>camera:mount=pole
camera:type=fixed
direction=280
man_made=surveillance
manufacturer=Flock Safety
manufacturer:wikidata=Q108485435
operator=San Francisco Police Department
operator:wikidata=Q1320247
surveillance=public
surveillance:type=ALPR
surveillance:zone=traffic</desc><link href="http://osm.org/browse/node/12493926188"/></wpt><wpt lat="37.7537524" lon="-122.4065268"><name>node/12493926189</name><desc>camera:mount=pole
camera:type=fixed
direction=145
man_made=surveillance
manufacturer=Flock Safety
manufacturer:wikidata=Q108485435
operator=San Francisco Police Department
operator:wikidata=Q1320247
surveillance=public
surveillance:type=ALPR
surveillance:zone=traffic</desc><link href="http://osm.org/browse/node/12493926189"/></wpt><wpt lat="37.7549229" lon="-122.4064128"><name>node/12493926190</name><desc>camera:mount=pole
camera:type=fixed
direction=330
man_made=surveillance
manufacturer=Flock Safety
manufacturer:wikidata=Q108485435
operator=San Francisco Police Department
operator:wikidata=Q1320247
surveillance=public
surveillance:type=ALPR
surveillance:zone=traffic</desc><link href="http://osm.org/browse/node/12493926190"/></wpt><wpt lat="37.7641326" lon="-122.4130881"><name>node/12493926191</name><desc>camera:mount=pole
camera:type=fixed
direction=220
man_made=surveillance
manufacturer=Flock Safety
manufacturer:wikidata=Q108485435
operator=San Francisco Police Department
operator:wikidata=Q1320247
surveillance=public
surveillance:type=ALPR
surveillance:zone=traffic</desc><link href="http://osm.org/browse/node/12493926191"/></wpt><wpt lat="37.7691705" lon="-122.4135838"><name>node/12493926192</name><desc>brand=Flock Safety
brand:wikidata=Q108485435
camera:mount=pole
camera:type=fixed
direction=155
man_made=surveillance
manufacturer=Flock Safety
manufacturer:wikidata=Q108485435
operator=San Francisco Police Department
operator:wikidata=Q1320247
surveillance=traffic
surveillance:type=ALPR
surveillance:zone=traffic</desc><link href="http://osm.org/browse/node/12493926192"/></wpt><wpt lat="37.7615146" lon="-122.4150422"><name>node/12493926193</name><desc>camera:mount=pole
camera:type=fixed
direction=150
man_made=surveillance
manufacturer=Flock Safety
manufacturer:wikidata=Q108485435
operator=San Francisco Police Department
operator:wikidata=Q1320247
surveillance=public
surveillance:type=ALPR
surveillance:zone=traffic</desc><link href="http://osm.org/browse/node/12493926193"/></wpt><wpt lat="37.7698835" lon="-122.4213579"><name>node/12493926194</name><desc>camera:mount=pole
camera:type=fixed
direction=55
man_made=surveillance
manufacturer=Flock Safety
manufacturer:wikidata=Q108485435
operator=San Francisco Police Department
operator:wikidata=Q1320247
surveillance=public
surveillance:type=ALPR
surveillance:zone=traffic</desc><link href="http://osm.org/browse/node/12493926194"/></wpt><wpt lat="37.7655761" lon="-122.4196425"><name>node/12493926195</name><desc>camera:mount=pole
camera:type=fixed
direction=325
man_made=surveillance
manufacturer=Flock Safety
manufacturer:wikidata=Q108485435
operator=San Francisco Police Department
operator:wikidata=Q1320247
surveillance=public
surveillance:type=ALPR
surveillance:zone=traffic</desc><link href="http://osm.org/browse/node/12493926195"/></wpt><wpt lat="37.7490926" lon="-122.4182365"><name>node/12493926196</name><desc>camera:mount=pole
camera:type=fixed
direction=145
man_made=surveillance
manufacturer=Flock Safety
manufacturer:wikidata=Q108485435
operator=San Francisco Police Department
operator:wikidata=Q1320247
surveillance=public
surveillance:type=ALPR
surveillance:zone=traffic</desc><link href="http://osm.org/browse/node/12493926196"/></wpt><wpt lat="37.7387931" lon="-122.4240933"><name>node/12493926197</name><desc>camera:mount=pole
camera:type=fixed
direction=155
man_made=surveillance
manufacturer=Flock Safety
manufacturer:wikidata=Q108485435
operator=San Francisco Police Department
operator:wikidata=Q1320247
surveillance=public
surveillance:type=ALPR
surveillance:zone=traffic</desc><link href="http://osm.org/browse/node/12493926197"/></wpt><wpt lat="37.7309285" lon="-122.4292746"><name>node/12493926198</name><desc>camera:mount=pole
camera:type=fixed
direction=190
man_made=surveillance
manufacturer=Flock Safety
manufacturer:wikidata=Q108485435
operator=San Francisco Police Department
operator:wikidata=Q1320247
surveillance=public
surveillance:type=ALPR
surveillance:zone=traffic</desc><link href="http://osm.org/browse/node/12493926198"/></wpt><wpt lat="37.7356223" lon="-122.4110762"><name>node/12493926199</name><desc>camera:mount=pole
camera:type=fixed
direction=335
man_made=surveillance
manufacturer=Flock Safety
manufacturer:wikidata=Q108485435
operator=San Francisco Police Department
operator:wikidata=Q1320247
surveillance=public
surveillance:type=ALPR
surveillance:zone=traffic</desc><link href="http://osm.org/browse/node/12493926199"/></wpt><wpt lat="37.7325399" lon="-122.4056021"><name>node/12493926200</name><desc>camera:mount=pole
camera:type=fixed
direction=300
man_made=surveillance
manufacturer=Flock Safety
manufacturer:wikidata=Q108485435
operator=San Francisco Police Department
operator:wikidata=Q1320247
surveillance=public
surveillance:type=ALPR
surveillance:zone=traffic</desc><link href="http://osm.org/browse/node/12493926200"/></wpt><wpt lat="37.7331803" lon="-122.3861069"><name>node/12493934501</name><desc>camera:mount=pole
camera:type=fixed
direction=280
man_made=surveillance
manufacturer=Flock Safety
manufacturer:wikidata=Q108485435
operator=San Francisco Police Department
operator:wikidata=Q1320247
surveillance=public
surveillance:type=ALPR
surveillance:zone=traffic</desc><link href="http://osm.org/browse/node/12493934501"/></wpt><wpt lat="37.7288066" lon="-122.4311222"><name>node/12497079749</name><desc>camera:mount=pole
camera:type=fixed
direction=15
man_made=surveillance
manufacturer=Flock Safety
manufacturer:wikidata=Q108485435
operator=San Francisco Police Department
operator:wikidata=Q1320247
surveillance=public
surveillance:type=ALPR
surveillance:zone=traffic</desc><link href="http://osm.org/browse/node/12497079749"/></wpt><wpt lat="37.7371583" lon="-122.3897555"><name>node/12500003217</name><desc>camera:mount=pole
camera:type=fixed
direction=350
man_made=surveillance
manufacturer=Flock Safety
manufacturer:wikidata=Q108485435
operator=San Francisco Police Department
operator:wikidata=Q1320247
surveillance=public
surveillance:type=ALPR
surveillance:zone=traffic</desc><link href="http://osm.org/browse/node/12500003217"/></wpt><wpt lat="37.7428399" lon="-122.3880896"><name>node/12511423022</name><desc>camera:mount=pole
camera:type=fixed
direction=280
man_made=surveillance
manufacturer=Flock Safety
manufacturer:wikidata=Q108485435
operator=San Francisco Police Department
operator:wikidata=Q1320247
surveillance=public
surveillance:type=ALPR
surveillance:zone=traffic</desc><link href="http://osm.org/browse/node/12511423022"/></wpt><wpt lat="37.7529384" lon="-122.3928043"><name>node/12511423023</name><desc>camera:mount=pole
camera:type=fixed
direction=150
man_made=surveillance
manufacturer=Flock Safety
manufacturer:wikidata=Q108485435
operator=San Francisco Police Department
operator:wikidata=Q1320247
surveillance=public
surveillance:type=ALPR
surveillance:zone=traffic</desc><link href="http://osm.org/browse/node/12511423023"/></wpt><wpt lat="37.753916" lon="-122.3927436"><name>node/12511423024</name><desc>camera:mount=pole
camera:type=fixed
direction=330
man_made=surveillance
manufacturer=Flock Safety
manufacturer:wikidata=Q108485435
operator=San Francisco Police Department
operator:wikidata=Q1320247
surveillance=public
surveillance:type=ALPR
surveillance:zone=traffic</desc><link href="http://osm.org/browse/node/12511423024"/></wpt><wpt lat="37.8110694" lon="-122.3667932"><name>node/12516148309</name><desc>camera:mount=pole
camera:type=fixed
direction=65
man_made=surveillance
manufacturer=Flock Safety
manufacturer:wikidata=Q108485435
operator=San Francisco Police Department
operator:wikidata=Q1320247
surveillance=public
surveillance:type=ALPR
surveillance:zone=traffic</desc><link href="http://osm.org/browse/node/12516148309"/></wpt><wpt lat="37.8110707" lon="-122.3670123"><name>node/12516148310</name><desc>camera:mount=pole
camera:type=fixed
direction=290
man_made=surveillance
manufacturer=Flock Safety
manufacturer:wikidata=Q108485435
operator=San Francisco Police Department
operator:wikidata=Q1320247
surveillance=public
surveillance:type=ALPR
surveillance:zone=traffic</desc><link href="http://osm.org/browse/node/12516148310"/></wpt><wpt lat="37.7444371" lon="-122.3875512"><name>node/12521808857</name><desc>camera:mount=pole
camera:type=fixed
direction=270
man_made=surveillance
manufacturer=Flock Safety
manufacturer:wikidata=Q108485435
operator=San Francisco Police Department
operator:wikidata=Q1320247
surveillance=public
surveillance:type=ALPR
surveillance:zone=traffic</desc><link href="http://osm.org/browse/node/12521808857"/></wpt><wpt lat="37.7959643" lon="-122.4216624"><name>node/12528226846</name><desc>camera:mount=pole
camera:type=fixed
direction=110
man_made=surveillance
manufacturer=Flock Safety
manufacturer:wikidata=Q108485435
operator=San Francisco Police Department
operator:wikidata=Q1320247
surveillance=public
surveillance:type=ALPR
surveillance:zone=traffic</desc><link href="http://osm.org/browse/node/12528226846"/></wpt><wpt lat="37.7857601" lon="-122.393521"><name>node/12528245319</name><desc>camera:mount=pole
camera:type=fixed
direction=200
man_made=surveillance
manufacturer=Flock Safety
manufacturer:wikidata=Q108485435
operator=San Francisco Police Department
operator:wikidata=Q1320247
surveillance=public
surveillance:type=ALPR
surveillance:zone=traffic</desc><link href="http://osm.org/browse/node/12528245319"/></wpt><wpt lat="37.7886208" lon="-122.3942597"><name>node/12528245320</name><desc>camera:mount=pole
camera:type=fixed
direction=285
man_made=surveillance
manufacturer=Flock Safety
manufacturer:wikidata=Q108485435
operator=San Francisco Police Department
operator:wikidata=Q1320247
surveillance=public
surveillance:type=ALPR
surveillance:zone=traffic</desc><link href="http://osm.org/browse/node/12528245320"/></wpt><wpt lat="37.7737568" lon="-122.4083647"><name>node/12528271649</name><desc>camera:mount=pole
camera:type=fixed
direction=230
man_made=surveillance
manufacturer=Flock Safety
manufacturer:wikidata=Q108485435
operator=San Francisco Police Department
operator:wikidata=Q1320247
surveillance=public
surveillance:type=ALPR
surveillance:zone=traffic</desc><link href="http://osm.org/browse/node/12528271649"/></wpt><wpt lat="37.7730882" lon="-122.4075882"><name>node/12528271650</name><desc>camera:mount=pole
camera:type=fixed
direction=160
man_made=surveillance
manufacturer=Flock Safety
manufacturer:wikidata=Q108485435
operator=San Francisco Police Department
operator:wikidata=Q1320247
surveillance=public
surveillance:type=ALPR
surveillance:zone=traffic</desc><link href="http://osm.org/browse/node/12528271650"/></wpt><wpt lat="37.7707296" lon="-122.4046004"><name>node/12528271651</name><desc>camera:mount=pole
camera:type=fixed
direction=290
man_made=surveillance
manufacturer=Flock Safety
manufacturer:wikidata=Q108485435
operator=San Francisco Police Department
operator:wikidata=Q1320247
surveillance=public
surveillance:type=ALPR
surveillance:zone=traffic</desc><link href="http://osm.org/browse/node/12528271651"/></wpt><wpt lat="37.7310336" lon="-122.4759454"><name>node/12530181081</name><desc>camera:mount=pole
camera:type=fixed
direction=210
man_made=surveillance
manufacturer=Flock Safety
manufacturer:wikidata=Q108485435
operator=San Francisco Police Department
operator:wikidata=Q1320247
surveillance=public
surveillance:type=ALPR
surveillance:zone=traffic</desc><link href="http://osm.org/browse/node/12530181081"/></wpt><wpt lat="37.7640127" lon="-122.5101504"><name>node/12530181082</name><desc>camera:mount=pole
camera:type=fixed
direction=115
image=https://alpr.pictures/san-francisco/lincoln%20ebfs%20great%20hwy.jpg
man_made=surveillance
manufacturer=Flock Safety
manufacturer:wikidata=Q108485435
operator=San Francisco Police Department
operator:wikidata=Q1320247
surveillance=public
surveillance:type=ALPR
surveillance:zone=traffic</desc><link href="http://osm.org/browse/node/12530181082"/></wpt><wpt lat="37.7645088" lon="-122.5102503"><name>node/12530181083</name><desc>camera:mount=pole
camera:type=fixed
direction=340
image=https://alpr.pictures/san-francisco/great%20hwy%20nbfs%20lincoln.jpg
man_made=surveillance
manufacturer=Flock Safety
manufacturer:wikidata=Q108485435
operator=San Francisco Police Department
operator:wikidata=Q1320247
surveillance=public
surveillance:type=ALPR
surveillance:zone=traffic</desc><link href="http://osm.org/browse/node/12530181083"/></wpt><wpt lat="37.7723644" lon="-122.4841815"><name>node/12530181084</name><desc>camera:mount=pole
camera:type=fixed
direction=185
man_made=surveillance
manufacturer=Flock Safety
manufacturer:wikidata=Q108485435
operator=San Francisco Police Department
operator:wikidata=Q1320247
surveillance=public
surveillance:type=ALPR
surveillance:zone=traffic</desc><link href="http://osm.org/browse/node/12530181084"/></wpt><wpt lat="37.7725303" lon="-122.4840431"><name>node/12530181085</name><desc>camera:mount=pole
camera:type=fixed
direction=55
man_made=surveillance
manufacturer=Flock Safety
manufacturer:wikidata=Q108485435
operator=San Francisco Police Department
operator:wikidata=Q1320247
surveillance=public
surveillance:type=ALPR
surveillance:zone=traffic</desc><link href="http://osm.org/browse/node/12530181085"/></wpt><wpt lat="37.7805856" lon="-122.4740543"><name>node/12530181086</name><desc>camera:mount=pole
camera:type=fixed
direction=295
man_made=surveillance
manufacturer=Flock Safety
manufacturer:wikidata=Q108485435
operator=San Francisco Police Department
operator:wikidata=Q1320247
surveillance=public
surveillance:type=ALPR
surveillance:zone=traffic</desc><link href="http://osm.org/browse/node/12530181086"/></wpt><wpt lat="37.7796704" lon="-122.4942356"><name>node/12530181087</name><desc>camera:mount=pole
camera:type=fixed
direction=120
image=https://alpr.pictures/san-francisco/geary%20ebfs%2034th.jpg
man_made=surveillance
manufacturer=Flock Safety
manufacturer:wikidata=Q108485435
operator=San Francisco Police Department
operator:wikidata=Q1320247
surveillance=public
surveillance:type=ALPR
surveillance:zone=traffic</desc><link href="http://osm.org/browse/node/12530181087"/></wpt><wpt lat="37.779656" lon="-122.4945713"><name>node/12530181088</name><desc>camera:mount=pole
camera:type=fixed
direction=295
image=https://alpr.pictures/san-francisco/geary%20wbfs%2034th.jpg
man_made=surveillance
manufacturer=Flock Safety
manufacturer:wikidata=Q108485435
operator=San Francisco Police Department
operator:wikidata=Q1320247
surveillance=public
surveillance:type=ALPR
surveillance:zone=traffic</desc><link href="http://osm.org/browse/node/12530181088"/></wpt><wpt lat="37.7797693" lon="-122.5094037"><name>node/12530181089</name><desc>camera:mount=pole
camera:type=fixed
direction=55
man_made=surveillance
manufacturer=Flock Safety
manufacturer:wikidata=Q108485435
operator=San Francisco Police Department
operator:wikidata=Q1320247
surveillance=public
surveillance:type=ALPR
surveillance:zone=traffic</desc><link href="http://osm.org/browse/node/12530181089"/></wpt><wpt lat="37.7817269" lon="-122.4933451"><name>node/12530181090</name><desc>camera:mount=pole
camera:type=fixed
direction=235
image=https://alpr.pictures/san-francisco/clement%20wbfs%2033rd.jpg
man_made=surveillance
manufacturer=Flock Safety
manufacturer:wikidata=Q108485435
operator=San Francisco Police Department
operator:wikidata=Q1320247
surveillance=public
surveillance:type=ALPR
surveillance:zone=traffic</desc><link href="http://osm.org/browse/node/12530181090"/></wpt><wpt lat="37.7805373" lon="-122.4724542"><name>node/12530181091</name><desc>camera:mount=pole
camera:type=fixed
direction=145
man_made=surveillance
manufacturer=Flock Safety
manufacturer:wikidata=Q108485435
operator=San Francisco Police Department
operator:wikidata=Q1320247
surveillance=public
surveillance:type=ALPR
surveillance:zone=traffic</desc><link href="http://osm.org/browse/node/12530181091"/></wpt><wpt lat="37.7826254" lon="-122.447136"><name>node/12530181093</name><desc>camera:mount=pole
camera:type=fixed
direction=350
man_made=surveillance
manufacturer=Flock Safety
manufacturer:wikidata=Q108485435
operator=San Francisco Police Department
operator:wikidata=Q1320247
surveillance=public
surveillance:type=ALPR
surveillance:zone=traffic</desc><link href="http://osm.org/browse/node/12530181093"/></wpt><wpt lat="37.7826412" lon="-122.4441133"><name>node/12530181094</name><desc>camera:mount=pole
camera:type=fixed
direction=55
man_made=surveillance
manufacturer=Flock Safety
manufacturer:wikidata=Q108485435
operator=San Francisco Police Department
operator:wikidata=Q1320247
surveillance=public
surveillance:type=ALPR
surveillance:zone=traffic</desc><link href="http://osm.org/browse/node/12530181094"/></wpt><wpt lat="37.7847902" lon="-122.4311254"><name>node/12530181095</name><desc>camera:mount=pole
camera:type=fixed
direction=320
man_made=surveillance
manufacturer=Flock Safety
manufacturer:wikidata=Q108485435
operator=San Francisco Police Department
operator:wikidata=Q1320247
surveillance=public
surveillance:type=ALPR
surveillance:zone=traffic</desc><link href="http://osm.org/browse/node/12530181095"/></wpt><wpt lat="37.7846679" lon="-122.4313888"><name>node/12530181096</name><desc>camera:mount=pole
camera:type=fixed
direction=235
man_made=surveillance
manufacturer=Flock Safety
manufacturer:wikidata=Q108485435
operator=San Francisco Police Department
operator:wikidata=Q1320247
surveillance=public
surveillance:type=ALPR
surveillance:zone=traffic</desc><link href="http://osm.org/browse/node/12530181096"/></wpt><wpt lat="37.7846905" lon="-122.4303432"><name>node/12530181097</name><desc>camera:mount=pole
camera:type=fixed
direction=110
man_made=surveillance
manufacturer=Flock Safety
manufacturer:wikidata=Q108485435
operator=San Francisco Police Department
operator:wikidata=Q1320247
surveillance=public
surveillance:type=ALPR
surveillance:zone=traffic</desc><link href="http://osm.org/browse/node/12530181097"/></wpt><wpt lat="37.7706596" lon="-122.417712"><name>node/12530181098</name><desc>camera:mount=pole
camera:type=fixed
direction=310
man_made=surveillance
manufacturer=Flock Safety
manufacturer:wikidata=Q108485435
operator=San Francisco Police Department
operator:wikidata=Q1320247
surveillance=public
surveillance:type=ALPR
surveillance:zone=traffic</desc><link href="http://osm.org/browse/node/12530181098"/></wpt><wpt lat="37.7428059" lon="-122.4055842"><name>node/12530181099</name><desc>camera:mount=pole
camera:type=fixed
direction=185
man_made=surveillance
manufacturer=Flock Safety
manufacturer:wikidata=Q108485435
operator=San Francisco Police Department
operator:wikidata=Q1320247
surveillance=public
surveillance:type=ALPR
surveillance:zone=traffic</desc><link href="http://osm.org/browse/node/12530181099"/></wpt><wpt lat="37.7397877" lon="-122.4004897"><name>node/12530181100</name><desc>camera:mount=pole
camera:type=fixed
direction=275
man_made=surveillance
manufacturer=Flock Safety
manufacturer:wikidata=Q108485435
operator=San Francisco Police Department
operator:wikidata=Q1320247
surveillance=public
surveillance:type=ALPR
surveillance:zone=traffic</desc><link href="http://osm.org/browse/node/12530181100"/></wpt><wpt lat="37.7497226" lon="-122.4271478"><name>node/12533067671</name><desc>camera:mount=pole
camera:type=fixed
direction=310
man_made=surveillance
manufacturer=Flock Safety
manufacturer:wikidata=Q108485435
operator=San Francisco Police Department
operator:wikidata=Q1320247
surveillance=public
surveillance:type=ALPR
surveillance:zone=traffic</desc><link href="http://osm.org/browse/node/12533067671"/></wpt><wpt lat="37.7403284" lon="-122.4238659"><name>node/12533326765</name><desc>camera:mount=pole
camera:type=fixed
direction=320
man_made=surveillance
manufacturer=Flock Safety
manufacturer:wikidata=Q108485435
operator=San Francisco Police Department
operator:wikidata=Q1320247
surveillance=public
surveillance:type=ALPR
surveillance:zone=traffic</desc><link href="http://osm.org/browse/node/12533326765"/></wpt><wpt lat="37.7335561" lon="-122.3884098"><name>node/12535175426</name><desc>camera:mount=pole
camera:type=fixed
direction=10
man_made=surveillance
manufacturer=Flock Safety
manufacturer:wikidata=Q108485435
operator=San Francisco Police Department
operator:wikidata=Q1320247
surveillance=public
surveillance:type=ALPR
surveillance:zone=traffic</desc><link href="http://osm.org/browse/node/12535175426"/></wpt><wpt lat="37.7856858" lon="-122.4028919"><name>node/12535195704</name><desc>camera:mount=pole
camera:type=fixed
direction=195
man_made=surveillance
manufacturer=Flock Safety
manufacturer:wikidata=Q108485435
operator=San Francisco Police Department
operator:wikidata=Q1320247
surveillance=public
surveillance:type=ALPR
surveillance:zone=traffic</desc><link href="http://osm.org/browse/node/12535195704"/></wpt><wpt lat="37.7793068" lon="-122.410928"><name>node/12535195705</name><desc>camera:mount=pole
camera:type=fixed
direction=290
man_made=surveillance
manufacturer=Flock Safety
manufacturer:wikidata=Q108485435
operator=San Francisco Police Department
operator:wikidata=Q1320247
surveillance=public
surveillance:type=ALPR
surveillance:zone=traffic</desc><link href="http://osm.org/browse/node/12535195705"/></wpt><wpt lat="37.7788432" lon="-122.4165514"><name>node/12535195706</name><desc>camera:mount=pole
camera:type=fixed
direction=325
fixme=position_estimated
man_made=surveillance
manufacturer=Flock Safety
manufacturer:wikidata=Q108485435
operator=San Francisco Police Department
operator:wikidata=Q1320247
surveillance=public
surveillance:type=ALPR
surveillance:zone=traffic</desc><link href="http://osm.org/browse/node/12535195706"/></wpt><wpt lat="37.7804859" lon="-122.4175957"><name>node/12535195707</name><desc>camera:mount=pole
camera:type=fixed
direction=235
man_made=surveillance
manufacturer=Flock Safety
manufacturer:wikidata=Q108485435
operator=San Francisco Police Department
operator:wikidata=Q1320247
surveillance=public
surveillance:type=ALPR
surveillance:zone=traffic</desc><link href="http://osm.org/browse/node/12535195707"/></wpt><wpt lat="37.7803547" lon="-122.4175672"><name>node/12535195708</name><desc>camera:mount=pole
camera:type=fixed
direction=55
man_made=surveillance
manufacturer=Flock Safety
manufacturer:wikidata=Q108485435
operator=San Francisco Police Department
operator:wikidata=Q1320247
surveillance=public
surveillance:type=ALPR
surveillance:zone=traffic</desc><link href="http://osm.org/browse/node/12535195708"/></wpt><wpt lat="37.7613848" lon="-122.4259476"><name>node/12535195709</name><desc>camera:mount=pole
camera:type=fixed
direction=330
man_made=surveillance
manufacturer=Flock Safety
manufacturer:wikidata=Q108485435
operator=San Francisco Police Department
operator:wikidata=Q1320247
surveillance=public
surveillance:type=ALPR
surveillance:zone=traffic</desc><link href="http://osm.org/browse/node/12535195709"/></wpt><wpt lat="37.7610301" lon="-122.4261786"><name>node/12535195710</name><desc>camera:mount=pole
camera:type=fixed
direction=145
man_made=surveillance
manufacturer=Flock Safety
manufacturer:wikidata=Q108485435
operator=San Francisco Police Department
operator:wikidata=Q1320247
surveillance=public
surveillance:type=ALPR
surveillance:zone=traffic</desc><link href="http://osm.org/browse/node/12535195710"/></wpt><wpt lat="37.8053074" lon="-122.4692195"><name>node/12535203745</name><desc>camera:direction=264
camera:mount=wall
camera:type=dome
man_made=surveillance
surveillance=public
surveillance:type=camera
surveillance:zone=parking</desc><link href="http://osm.org/browse/node/12535203745"/></wpt><wpt lat="37.7328604" lon="-122.3854345"><name>node/12535387621</name><desc>camera:mount=pole
camera:type=fixed
direction=50
man_made=surveillance
manufacturer=Flock Safety
manufacturer:wikidata=Q108485435
operator=San Francisco Police Department
operator:wikidata=Q1320247
surveillance=public
surveillance:type=ALPR
surveillance:zone=traffic</desc><link href="http://osm.org/browse/node/12535387621"/></wpt><wpt lat="37.8041662" lon="-122.4319584"><name>node/12536549359</name><desc>camera:mount=pole
camera:type=fixed
direction=140
image=https://alpr.pictures/san-francisco/laguna%20sbfs%20north%20point.jpg
man_made=surveillance
manufacturer=Flock Safety
manufacturer:wikidata=Q108485435
operator=San Francisco Police Department
operator:wikidata=Q1320247
surveillance=public
surveillance:type=ALPR
surveillance:zone=traffic</desc><link href="http://osm.org/browse/node/12536549359"/></wpt><wpt lat="37.8052998" lon="-122.4322416"><name>node/12536549360</name><desc>camera:mount=pole
camera:type=fixed
direction=235
image=https://alpr.pictures/san-francisco/marina%20wbfs%20laguna.jpg
man_made=surveillance
manufacturer=Flock Safety
manufacturer:wikidata=Q108485435
operator=San Francisco Police Department
operator:wikidata=Q1320247
surveillance=public
surveillance:type=ALPR
surveillance:zone=traffic</desc><link href="http://osm.org/browse/node/12536549360"/></wpt><wpt lat="37.8042152" lon="-122.4253732"><name>node/12536549361</name><desc>camera:mount=pole
camera:type=fixed
direction=230
man_made=surveillance
manufacturer=Flock Safety
manufacturer:wikidata=Q108485435
operator=San Francisco Police Department
operator:wikidata=Q1320247
surveillance=public
surveillance:type=ALPR
surveillance:zone=traffic</desc><link href="http://osm.org/browse/node/12536549361"/></wpt><wpt lat="37.7482277" lon="-122.4086012"><name>node/12539925396</name><desc>camera:mount=pole
camera:type=fixed
direction=60
man_made=surveillance
manufacturer=Flock Safety
manufacturer:wikidata=Q108485435
operator=San Francisco Police Department
operator:wikidata=Q1320247
surveillance=public
surveillance:type=ALPR
surveillance:zone=traffic</desc><link href="http://osm.org/browse/node/12539925396"/></wpt><wpt lat="37.7722242" lon="-122.4456493"><name>node/12539925397</name><desc>camera:mount=pole
camera:type=fixed
direction=325
image=https://alpr.pictures/san-francisco/masonic%20nbfs%20oak.jpg
man_made=surveillance
manufacturer=Flock Safety
manufacturer:wikidata=Q108485435
operator=San Francisco Police Department
operator:wikidata=Q1320247
surveillance=public
surveillance:type=ALPR
surveillance:zone=traffic</desc><link href="http://osm.org/browse/node/12539925397"/></wpt><wpt lat="37.7719712" lon="-122.4458462"><name>node/12539925398</name><desc>camera:mount=pole
camera:type=fixed
direction=145
image=https://alpr.pictures/san-francisco/masonic%20sbfs%20oak.jpg
man_made=surveillance
manufacturer=Flock Safety
manufacturer:wikidata=Q108485435
operator=San Francisco Police Department
operator:wikidata=Q1320247
surveillance=public
surveillance:type=ALPR
surveillance:zone=traffic</desc><link href="http://osm.org/browse/node/12539925398"/></wpt><wpt lat="37.7819503" lon="-122.4476724"><name>node/12539925399</name><desc>camera:mount=pole
camera:type=fixed
direction=192
man_made=surveillance
manufacturer=Flock Safety
manufacturer:wikidata=Q108485435
operator=San Francisco Police Department
operator:wikidata=Q1320247
surveillance=public
surveillance:type=ALPR
surveillance:zone=traffic</desc><link href="http://osm.org/browse/node/12539925399"/></wpt><wpt lat="37.796844" lon="-122.4371882"><name>node/12539925400</name><desc>camera:mount=pole
camera:type=fixed
direction=140
man_made=surveillance
manufacturer=Flock Safety
manufacturer:wikidata=Q108485435
operator=San Francisco Police Department
operator:wikidata=Q1320247
surveillance=public
surveillance:type=ALPR
surveillance:zone=traffic</desc><link href="http://osm.org/browse/node/12539925400"/></wpt><wpt lat="37.7971483" lon="-122.4354986"><name>node/12539992101</name><desc>camera:mount=pole
camera:type=fixed
direction=320
man_made=surveillance
manufacturer=Flock Safety
manufacturer:wikidata=Q108485435
operator=San Francisco Police Department
operator:wikidata=Q1320247
surveillance=public
surveillance:type=ALPR
surveillance:zone=traffic</desc><link href="http://osm.org/browse/node/12539992101"/></wpt><wpt lat="37.7991118" lon="-122.4426239"><name>node/12539992103</name><desc>camera:mount=pole
camera:type=fixed
direction=320
man_made=surveillance
manufacturer=Flock Safety
manufacturer:wikidata=Q108485435
operator=San Francisco Police Department
operator:wikidata=Q1320247
surveillance=public
surveillance:type=ALPR
surveillance:zone=traffic</desc><link href="http://osm.org/browse/node/12539992103"/></wpt><wpt lat="37.7988523" lon="-122.4427197"><name>node/12539992104</name><desc>camera:mount=pole
camera:type=fixed
direction=140
man_made=surveillance
manufacturer=Flock Safety
manufacturer:wikidata=Q108485435
operator=San Francisco Police Department
operator:wikidata=Q1320247
surveillance=public
surveillance:type=ALPR
surveillance:zone=traffic</desc><link href="http://osm.org/browse/node/12539992104"/></wpt><wpt lat="37.7770276" lon="-122.4332259"><name>node/12540983372</name><desc>camera:mount=pole
camera:type=fixed
direction=145
man_made=surveillance
manufacturer=Flock Safety
manufacturer:wikidata=Q108485435
operator=San Francisco Police Department
operator:wikidata=Q1320247
surveillance=public
surveillance:type=ALPR
surveillance:zone=traffic</desc><link href="http://osm.org/browse/node/12540983372"/></wpt><wpt lat="37.7760954" lon="-122.4330387"><name>node/12540998700</name><desc>camera:mount=pole
camera:type=fixed
direction=0
man_made=surveillance
manufacturer=Flock Safety
manufacturer:wikidata=Q108485435
operator=San Francisco Police Department
operator:wikidata=Q1320247
surveillance=public
surveillance:type=ALPR
surveillance:zone=traffic</desc><link href="http://osm.org/browse/node/12540998700"/></wpt><wpt lat="37.7499835" lon="-122.3903786"><name>node/12542568694</name><desc>camera:mount=pole
camera:type=fixed
direction=60
man_made=surveillance
manufacturer=Flock Safety
manufacturer:wikidata=Q108485435
operator=San Francisco Police Department
operator:wikidata=Q1320247
surveillance=public
surveillance:type=ALPR
surveillance:zone=traffic</desc><link href="http://osm.org/browse/node/12542568694"/></wpt><wpt lat="37.7451583" lon="-122.4524714"><name>node/12543142477</name><desc>camera:mount=pole
camera:type=fixed
direction=255
man_made=surveillance
manufacturer=Flock Safety
manufacturer:wikidata=Q108485435
operator=San Francisco Police Department
operator:wikidata=Q1320247
surveillance=public
surveillance:type=ALPR
surveillance:zone=traffic</desc><link href="http://osm.org/browse/node/12543142477"/></wpt><wpt lat="37.7462661" lon="-122.454858"><name>node/12543142478</name><desc>camera:mount=pole
camera:type=fixed
direction=260
man_made=surveillance
manufacturer=Flock Safety
manufacturer:wikidata=Q108485435
operator=San Francisco Police Department
operator:wikidata=Q1320247
surveillance=public
surveillance:type=ALPR
surveillance:zone=traffic</desc><link href="http://osm.org/browse/node/12543142478"/></wpt><wpt lat="37.7307599" lon="-122.3920137"><name>node/12544329464</name><desc>camera:mount=pole
camera:type=fixed
direction=350
man_made=surveillance
manufacturer=Flock Safety
manufacturer:wikidata=Q108485435
operator=San Francisco Police Department
operator:wikidata=Q1320247
surveillance=public
surveillance:type=ALPR
surveillance:zone=traffic</desc><link href="http://osm.org/browse/node/12544329464"/></wpt><wpt lat="37.7431345" lon="-122.4757959"><name>node/12547763624</name><desc>camera:mount=pole
camera:type=fixed
direction=235
man_made=surveillance
manufacturer=Flock Safety
manufacturer:wikidata=Q108485435
operator=San Francisco Police Department
operator:wikidata=Q1320247
surveillance=public
surveillance:type=ALPR
surveillance:zone=traffic</desc><link href="http://osm.org/browse/node/12547763624"/></wpt><wpt lat="37.7423551" lon="-122.4944668"><name>node/12547765569</name><desc>camera:mount=pole
camera:type=fixed
direction=20
man_made=surveillance
manufacturer=Flock Safety
manufacturer:wikidata=Q108485435
operator=San Francisco Police Department
operator:wikidata=Q1320247
surveillance=public
surveillance:type=ALPR
surveillance:zone=traffic</desc><link href="http://osm.org/browse/node/12547765569"/></wpt><wpt lat="37.7593044" lon="-122.4474549"><name>node/12547807317</name><desc>camera:mount=pole
camera:type=fixed
direction=15
man_made=surveillance
manufacturer=Flock Safety
manufacturer:wikidata=Q108485435
operator=San Francisco Police Department
operator:wikidata=Q1320247
surveillance=public
surveillance:type=ALPR
surveillance:zone=traffic</desc><link href="http://osm.org/browse/node/12547807317"/></wpt><wpt lat="37.760363" lon="-122.4469652"><name>node/12547807318</name><desc>camera:mount=pole
camera:type=fixed
direction=180
man_made=surveillance
manufacturer=Flock Safety
manufacturer:wikidata=Q108485435
operator=San Francisco Police Department
operator:wikidata=Q1320247
surveillance=public
surveillance:type=ALPR
surveillance:zone=traffic</desc><link href="http://osm.org/browse/node/12547807318"/></wpt><wpt lat="37.7583089" lon="-122.4438011"><name>node/12547807319</name><desc>camera:mount=pole
camera:type=fixed
direction=270
man_made=surveillance
manufacturer=Flock Safety
manufacturer:wikidata=Q108485435
operator=San Francisco Police Department
operator:wikidata=Q1320247
surveillance=public
surveillance:type=ALPR
surveillance:zone=traffic</desc><link href="http://osm.org/browse/node/12547807319"/></wpt><wpt lat="37.7455571" lon="-122.4511898"><name>node/12547807320</name><desc>camera:mount=pole
camera:type=fixed
direction=35
man_made=surveillance
manufacturer=Flock Safety
manufacturer:wikidata=Q108485435
operator=San Francisco Police Department
operator:wikidata=Q1320247
surveillance=public
surveillance:type=ALPR
surveillance:zone=traffic</desc><link href="http://osm.org/browse/node/12547807320"/></wpt><wpt lat="37.7452385" lon="-122.4515276"><name>node/12547807321</name><desc>camera:mount=pole
camera:type=fixed
direction=120
man_made=surveillance
manufacturer=Flock Safety
manufacturer:wikidata=Q108485435
operator=San Francisco Police Department
operator:wikidata=Q1320247
surveillance=public
surveillance:type=ALPR
surveillance:zone=traffic</desc><link href="http://osm.org/browse/node/12547807321"/></wpt><wpt lat="37.7389447" lon="-122.4665411"><name>node/12547807322</name><desc>camera:mount=pole
camera:type=fixed
direction=250
man_made=surveillance
manufacturer=Flock Safety
manufacturer:wikidata=Q108485435
operator=San Francisco Police Department
operator:wikidata=Q1320247
surveillance=public
surveillance:type=ALPR
surveillance:zone=traffic</desc><link href="http://osm.org/browse/node/12547807322"/></wpt><wpt lat="37.7382986" lon="-122.4657177"><name>node/12547807323</name><desc>camera:mount=pole
camera:type=fixed
direction=315;341
man_made=surveillance
manufacturer=Flock Safety
manufacturer:wikidata=Q108485435
operator=St. Francis Homes Association
surveillance=public
surveillance:type=ALPR
surveillance:zone=traffic</desc><link href="http://osm.org/browse/node/12547807323"/></wpt><wpt lat="37.737056" lon="-122.4631066"><name>node/12547807325</name><desc>camera:mount=pole
camera:type=fixed
direction=275
man_made=surveillance
manufacturer=Flock Safety
manufacturer:wikidata=Q108485435
operator=St. Francis Homes Association
surveillance=public
surveillance:type=ALPR
surveillance:zone=traffic</desc><link href="http://osm.org/browse/node/12547807325"/></wpt><wpt lat="37.7316392" lon="-122.4366615"><name>node/12547807326</name><desc>camera:mount=pole
camera:type=fixed
direction=260
man_made=surveillance
manufacturer=Flock Safety
manufacturer:wikidata=Q108485435
operator=San Francisco Police Department
operator:wikidata=Q1320247
surveillance=public
surveillance:type=ALPR
surveillance:zone=traffic</desc><link href="http://osm.org/browse/node/12547807326"/></wpt><wpt lat="37.7316136" lon="-122.4363981"><name>node/12547807327</name><desc>camera:mount=pole
camera:type=fixed
direction=25
man_made=surveillance
manufacturer=Flock Safety
manufacturer:wikidata=Q108485435
operator=San Francisco Police Department
operator:wikidata=Q1320247
surveillance=public
surveillance:type=ALPR
surveillance:zone=traffic</desc><link href="http://osm.org/browse/node/12547807327"/></wpt><wpt lat="37.7314593" lon="-122.4369058"><name>node/12547807328</name><desc>camera:mount=pole
camera:type=fixed
direction=225
man_made=surveillance
manufacturer=Flock Safety
manufacturer:wikidata=Q108485435
operator=San Francisco Police Department
operator:wikidata=Q1320247
surveillance=public
surveillance:type=ALPR
surveillance:zone=traffic</desc><link href="http://osm.org/browse/node/12547807328"/></wpt><wpt lat="37.7281791" lon="-122.4021612"><name>node/12551506483</name><desc>camera:mount=pole
camera:type=fixed
direction=320
man_made=surveillance
manufacturer=Flock Safety
manufacturer:wikidata=Q108485435
operator=San Francisco Police Department
operator:wikidata=Q1320247
surveillance=public
surveillance:type=ALPR
surveillance:zone=traffic</desc><link href="http://osm.org/browse/node/12551506483"/></wpt><wpt lat="37.7835575" lon="-122.431018"><name>node/12569728306</name><desc>camera:mount=pole
camera:type=fixed
direction=195
man_made=surveillance
manufacturer=Flock Safety
manufacturer:wikidata=Q108485435
operator=San Francisco Police Department
operator:wikidata=Q1320247
surveillance=public
surveillance:type=ALPR
surveillance:zone=traffic</desc><link href="http://osm.org/browse/node/12569728306"/></wpt><wpt lat="37.7336169" lon="-122.4309039"><name>node/12572782535</name><desc>camera:mount=pole
camera:type=fixed
direction=40
man_made=surveillance
manufacturer=Flock Safety
manufacturer:wikidata=Q108485435
operator=San Francisco Police Department
operator:wikidata=Q1320247
surveillance=public
surveillance:type=ALPR
surveillance:zone=traffic</desc><link href="http://osm.org/browse/node/12572782535"/></wpt><wpt lat="37.7338322" lon="-122.4312365"><name>node/12572782536</name><desc>camera:mount=pole
camera:type=fixed
direction=210
man_made=surveillance
manufacturer=Flock Safety
manufacturer:wikidata=Q108485435
operator=San Francisco Police Department
operator:wikidata=Q1320247
surveillance=public
surveillance:type=ALPR
surveillance:zone=traffic</desc><link href="http://osm.org/browse/node/12572782536"/></wpt><wpt lat="37.7828284" lon="-122.4065289"><name>node/12576856696</name><desc>camera:mount=pole
camera:type=fixed
direction=285
man_made=surveillance
manufacturer=Flock Safety
manufacturer:wikidata=Q108485435
operator=San Francisco Police Department
operator:wikidata=Q1320247
surveillance=public
surveillance:type=ALPR
surveillance:zone=traffic</desc><link href="http://osm.org/browse/node/12576856696"/></wpt><wpt lat="37.7791923" lon="-122.4018993"><name>node/12576870663</name><desc>camera:mount=pole
camera:type=fixed
direction=290
man_made=surveillance
manufacturer=Flock Safety
manufacturer:wikidata=Q108485435
operator=San Francisco Police Department
operator:wikidata=Q1320247
surveillance=public
surveillance:type=ALPR
surveillance:zone=traffic</desc><link href="http://osm.org/browse/node/12576870663"/></wpt><wpt lat="37.7790332" lon="-122.4020539"><name>node/12576870664</name><desc>camera:mount=pole
camera:type=fixed
direction=200
man_made=surveillance
manufacturer=Flock Safety
manufacturer:wikidata=Q108485435
operator=San Francisco Police Department
operator:wikidata=Q1320247
surveillance=public
surveillance:type=ALPR
surveillance:zone=traffic</desc><link href="http://osm.org/browse/node/12576870664"/></wpt><wpt lat="37.780339" lon="-122.4080276"><name>node/12581402890</name><desc>camera:mount=pole
camera:type=fixed
direction=110
man_made=surveillance
manufacturer=Flock Safety
manufacturer:wikidata=Q108485435
operator=San Francisco Police Department
operator:wikidata=Q1320247
surveillance=public
surveillance:type=ALPR
surveillance:zone=traffic</desc><link href="http://osm.org/browse/node/12581402890"/></wpt><wpt lat="37.7774278" lon="-122.4041534"><name>node/12581421815</name><desc>camera:mount=pole
camera:type=fixed
direction=285
man_made=surveillance
manufacturer=Flock Safety
manufacturer:wikidata=Q108485435
operator=San Francisco Police Department
operator:wikidata=Q1320247
surveillance=public
surveillance:type=ALPR
surveillance:zone=traffic</desc><link href="http://osm.org/browse/node/12581421815"/></wpt><wpt lat="37.717619" lon="-122.4727623"><name>node/12588291907</name><desc>camera:mount=pole
camera:type=fixed
direction=295
man_made=surveillance
manufacturer=Flock Safety
manufacturer:wikidata=Q108485435
operator=San Francisco Police Department
operator:wikidata=Q1320247
surveillance=public
surveillance:type=ALPR
surveillance:zone=traffic</desc><link href="http://osm.org/browse/node/12588291907"/></wpt><wpt lat="37.7178018" lon="-122.4724033"><name>node/12588291908</name><desc>camera:mount=pole
camera:type=fixed
direction=335
man_made=surveillance
manufacturer=Flock Safety
manufacturer:wikidata=Q108485435
operator=San Francisco Police Department
operator:wikidata=Q1320247
surveillance=public
surveillance:type=ALPR
surveillance:zone=traffic</desc><link href="http://osm.org/browse/node/12588291908"/></wpt><wpt lat="37.7168229" lon="-122.4725392"><name>node/12588291909</name><desc>camera:mount=pole
camera:type=fixed
direction=190
man_made=surveillance
manufacturer=Flock Safety
manufacturer:wikidata=Q108485435
operator=San Francisco Police Department
operator:wikidata=Q1320247
surveillance=public
surveillance:type=ALPR
surveillance:zone=traffic</desc><link href="http://osm.org/browse/node/12588291909"/></wpt><wpt lat="37.7168108" lon="-122.4727091"><name>node/12588291910</name><desc>camera:mount=pole
camera:type=fixed
direction=140
man_made=surveillance
manufacturer=Flock Safety
manufacturer:wikidata=Q108485435
operator=San Francisco Police Department
operator:wikidata=Q1320247
surveillance=public
surveillance:type=ALPR
surveillance:zone=traffic</desc><link href="http://osm.org/browse/node/12588291910"/></wpt><wpt lat="37.734677" lon="-122.4740269"><name>node/12588309062</name><desc>camera:mount=pole
camera:type=fixed
direction=120
man_made=surveillance
manufacturer=Flock Safety
manufacturer:wikidata=Q108485435
operator=San Francisco Police Department
operator:wikidata=Q1320247
surveillance=public
surveillance:type=ALPR
surveillance:zone=traffic</desc><link href="http://osm.org/browse/node/12588309062"/></wpt><wpt lat="37.7330604" lon="-122.4319644"><name>node/12591689261</name><desc>camera:mount=pole
camera:type=fixed
direction=115
man_made=surveillance
manufacturer=Flock Safety
manufacturer:wikidata=Q108485435
operator=San Francisco Police Department
operator:wikidata=Q1320247
surveillance=public
surveillance:type=ALPR
surveillance:zone=traffic</desc><link href="http://osm.org/browse/node/12591689261"/></wpt><wpt lat="37.7640989" lon="-122.4662003"><name>node/12591722606</name><desc>camera:mount=pole
camera:type=fixed
direction=115
man_made=surveillance
manufacturer=Flock Safety
manufacturer:wikidata=Q108485435
operator=San Francisco Police Department
operator:wikidata=Q1320247
surveillance=public
surveillance:type=ALPR
surveillance:zone=traffic</desc><link href="http://osm.org/browse/node/12591722606"/></wpt><wpt lat="37.7640887" lon="-122.4664861"><name>node/12591722607</name><desc>camera:mount=pole
camera:type=fixed
direction=240
man_made=surveillance
manufacturer=Flock Safety
manufacturer:wikidata=Q108485435
operator=San Francisco Police Department
operator:wikidata=Q1320247
surveillance=public
surveillance:type=ALPR
surveillance:zone=traffic</desc><link href="http://osm.org/browse/node/12591722607"/></wpt><wpt lat="37.7714682" lon="-122.4533774"><name>node/12591727293</name><desc>camera:mount=pole
camera:type=fixed
direction=130
image=https://alpr.pictures/san-francisco/oak%20ebfs%20stanyan.jpg
man_made=surveillance
manufacturer=Flock Safety
manufacturer:wikidata=Q108485435
operator=San Francisco Police Department
operator:wikidata=Q1320247
surveillance=public
surveillance:type=ALPR
surveillance:zone=traffic</desc><link href="http://osm.org/browse/node/12591727293"/></wpt><wpt lat="37.7714454" lon="-122.4085947"><name>node/12599343694</name><desc>camera:mount=pole
camera:type=fixed
direction=285
man_made=surveillance
manufacturer=Flock Safety
manufacturer:wikidata=Q108485435
operator=San Francisco Police Department
operator:wikidata=Q1320247
surveillance=public
surveillance:type=ALPR
surveillance:zone=traffic</desc><link href="http://osm.org/browse/node/12599343694"/></wpt><wpt lat="37.7716999" lon="-122.4081551"><name>node/12599343695</name><desc>camera:mount=pole
camera:type=fixed
direction=70
man_made=surveillance
manufacturer=Flock Safety
manufacturer:wikidata=Q108485435
operator=San Francisco Police Department
operator:wikidata=Q1320247
surveillance=public
surveillance:type=ALPR
surveillance:zone=traffic</desc><link href="http://osm.org/browse/node/12599343695"/></wpt><wpt lat="37.7716691" lon="-122.467456"><name>node/12602286694</name><desc>camera:direction=279
camera:mount=pole
camera:type=fixed
man_made=surveillance
surveillance=public
surveillance:type=camera
surveillance:zone=public</desc><link href="http://osm.org/browse/node/12602286694"/></wpt><wpt lat="37.7638203" lon="-122.4151083"><name>node/12635132206</name><desc>camera:mount=pole
camera:type=fixed
direction=325
man_made=surveillance
manufacturer=Flock Safety
manufacturer:wikidata=Q108485435
operator=San Francisco Police Department
operator:wikidata=Q1320247
surveillance=public
surveillance:type=ALPR
surveillance:zone=traffic</desc><link href="http://osm.org/browse/node/12635132206"/></wpt><wpt lat="37.7391229" lon="-122.4068941"><name>node/12639926588</name><desc>camera:mount=pole
camera:type=fixed
direction=335
man_made=surveillance
manufacturer=Flock Safety
manufacturer:wikidata=Q108485435
operator=San Francisco Police Department
operator:wikidata=Q1320247
surveillance=public
surveillance:type=ALPR
surveillance:zone=traffic</desc><link href="http://osm.org/browse/node/12639926588"/></wpt><wpt lat="37.7646361" lon="-122.3924855"><name>node/12641880415</name><desc>camera:mount=pole
camera:type=fixed
direction=170
man_made=surveillance
manufacturer=Flock Safety
manufacturer:wikidata=Q108485435
operator=San Francisco Police Department
operator:wikidata=Q1320247
surveillance=public
surveillance:type=ALPR
surveillance:zone=traffic</desc><link href="http://osm.org/browse/node/12641880415"/></wpt><wpt lat="37.7213279" lon="-122.3997542"><name>node/12641918164</name><desc>direction=320
man_made=surveillance
manufacturer=Flock Safety
manufacturer:wikidata=Q108485435
operator=San Francisco Police Department
operator:wikidata=Q1320247
surveillance=public
surveillance:type=ALPR</desc><link href="http://osm.org/browse/node/12641918164"/></wpt><wpt lat="37.7765995" lon="-122.4016861"><name>node/12641943131</name><desc>camera:mount=pole
camera:type=fixed
direction=20
man_made=surveillance
manufacturer=Flock Safety
manufacturer:wikidata=Q108485435
operator=San Francisco Police Department
operator:wikidata=Q1320247
surveillance=public
surveillance:type=ALPR
surveillance:zone=traffic</desc><link href="http://osm.org/browse/node/12641943131"/></wpt><wpt lat="37.7312219" lon="-122.4982123"><name>node/12644450648</name><desc>camera:mount=pole
camera:type=fixed
direction=130
man_made=surveillance
manufacturer=Flock Safety
manufacturer:wikidata=Q108485435
operator=San Francisco Police Department
operator:wikidata=Q1320247
surveillance=public
surveillance:type=ALPR
surveillance:zone=traffic</desc><link href="http://osm.org/browse/node/12644450648"/></wpt><wpt lat="37.771557" lon="-122.4111073"><name>node/12655179554</name><desc>brand=Flock Safety
brand:wikidata=Q108485435
camera:mount=pole
camera:type=fixed
direction=155
man_made=surveillance
operator=San Francisco Police Department
operator:wikidata=Q1320247
surveillance=traffic
surveillance:type=ALPR
surveillance:zone=traffic</desc><link href="http://osm.org/browse/node/12655179554"/></wpt><wpt lat="37.7429175" lon="-122.4230769"><name>node/12679342561</name><desc>camera:direction=60
camera:mount=street_lamp
camera:type=fixed
man_made=surveillance
surveillance=traffic
surveillance:type=camera
surveillance:zone=traffic</desc><link href="http://osm.org/browse/node/12679342561"/></wpt><wpt lat="37.7433572" lon="-122.4229066"><name>node/12679342562</name><desc>camera:direction=230
camera:mount=street_lamp
camera:type=fixed
man_made=surveillance
surveillance=traffic
surveillance:type=camera
surveillance:zone=traffic</desc><link href="http://osm.org/browse/node/12679342562"/></wpt><wpt lat="37.807137" lon="-122.4207242"><name>node/12688787369</name><desc>camera:mount=pole
camera:type=fixed
direction=20
man_made=surveillance
manufacturer=Flock Safety
manufacturer:wikidata=Q108485435
operator=San Francisco Police Department
operator:wikidata=Q1320247
surveillance=public
surveillance:type=ALPR
surveillance:zone=traffic</desc><link href="http://osm.org/browse/node/12688787369"/></wpt><wpt lat="37.7223492" lon="-122.3955295"><name>node/12706256211</name><desc>camera:mount=pole
camera:type=fixed
direction=70
man_made=surveillance
manufacturer=Flock Safety
manufacturer:wikidata=Q108485435
operator=San Francisco Police Department
operator:wikidata=Q1320247
surveillance=public
surveillance:type=ALPR
surveillance:zone=traffic</desc><link href="http://osm.org/browse/node/12706256211"/></wpt><wpt lat="37.7322949" lon="-122.4179826"><name>node/12706256212</name><desc>camera:mount=pole
camera:type=fixed
direction=245
man_made=surveillance
manufacturer=Flock Safety
manufacturer:wikidata=Q108485435
operator=San Francisco Police Department
operator:wikidata=Q1320247
surveillance=public
surveillance:type=ALPR
surveillance:zone=traffic</desc><link href="http://osm.org/browse/node/12706256212"/></wpt><wpt lat="37.774298" lon="-122.4188712"><name>node/12710843740</name><desc>camera:mount=pole
camera:type=fixed
direction=320
man_made=surveillance
manufacturer=Flock Safety
manufacturer:wikidata=Q108485435
operator=San Francisco Police Department
operator:wikidata=Q1320247
surveillance=public
surveillance:type=ALPR
surveillance:zone=traffic</desc><link href="http://osm.org/browse/node/12710843740"/></wpt><wpt lat="37.7780387" lon="-122.3965535"><name>node/12714858060</name><desc>camera:direction=155
camera:mount=wall
camera:type=fixed
man_made=surveillance
surveillance=public
surveillance:type=camera</desc><link href="http://osm.org/browse/node/12714858060"/></wpt><wpt lat="37.7778467" lon="-122.3969637"><name>node/12714858075</name><desc>camera:direction=5
camera:mount=ceiling
camera:type=fixed
man_made=surveillance
surveillance=public
surveillance:type=camera</desc><link href="http://osm.org/browse/node/12714858075"/></wpt><wpt lat="37.7780253" lon="-122.397144"><name>node/12714858076</name><desc>camera:direction=183
camera:mount=wall
camera:type=fixed
man_made=surveillance
surveillance=public
surveillance:type=camera</desc><link href="http://osm.org/browse/node/12714858076"/></wpt><wpt lat="37.7749456" lon="-122.4006438"><name>node/12714858081</name><desc>camera:direction=25
camera:mount=wall
camera:type=fixed
man_made=surveillance
surveillance=public
surveillance:type=camera</desc><link href="http://osm.org/browse/node/12714858081"/></wpt><wpt lat="37.7750757" lon="-122.4004858"><name>node/12714858082</name><desc>camera:direction=167
camera:mount=wall
camera:type=fixed
man_made=surveillance
surveillance=public
surveillance:type=camera</desc><link href="http://osm.org/browse/node/12714858082"/></wpt><wpt lat="37.7750942" lon="-122.4004634"><name>node/12714858083</name><desc>camera:direction=175
camera:mount=wall
camera:type=fixed
man_made=surveillance
surveillance=public
surveillance:type=camera</desc><link href="http://osm.org/browse/node/12714858083"/></wpt><wpt lat="37.7751082" lon="-122.4004456"><name>node/12714858084</name><desc>camera:direction=222
camera:mount=wall
camera:type=fixed
man_made=surveillance
surveillance=public
surveillance:type=camera</desc><link href="http://osm.org/browse/node/12714858084"/></wpt><wpt lat="37.7751112" lon="-122.400436"><name>node/12714858085</name><desc>camera:direction=43
camera:mount=wall
camera:type=fixed
man_made=surveillance
surveillance=public
surveillance:type=camera</desc><link href="http://osm.org/browse/node/12714858085"/></wpt><wpt lat="37.7751735" lon="-122.4003659"><name>node/12714858086</name><desc>camera:direction=224
camera:mount=wall
camera:type=fixed
man_made=surveillance
surveillance=public
surveillance:type=camera</desc><link href="http://osm.org/browse/node/12714858086"/></wpt><wpt lat="37.7751758" lon="-122.4003596"><name>node/12714858087</name><desc>camera:direction=43
camera:mount=wall
camera:type=fixed
man_made=surveillance
surveillance=public
surveillance:type=camera</desc><link href="http://osm.org/browse/node/12714858087"/></wpt><wpt lat="37.7753503" lon="-122.400149"><name>node/12714858088</name><desc>camera:direction=183
camera:mount=wall
camera:type=fixed
man_made=surveillance
surveillance=public
surveillance:type=camera</desc><link href="http://osm.org/browse/node/12714858088"/></wpt><wpt lat="37.7773522" lon="-122.3979951"><name>node/12714858094</name><desc>camera:direction=203
camera:mount=wall
camera:type=fixed
man_made=surveillance
surveillance=public
surveillance:type=camera</desc><link href="http://osm.org/browse/node/12714858094"/></wpt><wpt lat="37.7774025" lon="-122.3979206"><name>node/12714858095</name><desc>camera:direction=70
camera:mount=wall
camera:type=panning
man_made=surveillance
surveillance=public
surveillance:type=camera</desc><link href="http://osm.org/browse/node/12714858095"/></wpt><wpt lat="37.7775393" lon="-122.3977498"><name>node/12714858096</name><desc>camera:direction=206
camera:mount=wall
camera:type=panning
man_made=surveillance
surveillance=public
surveillance:type=camera</desc><link href="http://osm.org/browse/node/12714858096"/></wpt><wpt lat="37.7237657" lon="-122.4363538"><name>node/12730257497</name><desc>camera:mount=pole
camera:type=fixed
direction=55
man_made=surveillance
manufacturer=Flock Safety
manufacturer:wikidata=Q108485435
operator=San Francisco Police Department
operator:wikidata=Q1320247
surveillance=public
surveillance:type=ALPR
surveillance:zone=traffic</desc><link href="http://osm.org/browse/node/12730257497"/></wpt><wpt lat="37.723766" lon="-122.437423"><name>node/12730257498</name><desc>camera:mount=pole
camera:type=fixed
direction=220
man_made=surveillance
manufacturer=Flock Safety
manufacturer:wikidata=Q108485435
operator=San Francisco Police Department
operator:wikidata=Q1320247
surveillance=public
surveillance:type=ALPR
surveillance:zone=traffic</desc><link href="http://osm.org/browse/node/12730257498"/></wpt><wpt lat="37.7236549" lon="-122.4374571"><name>node/12730257499</name><desc>camera:mount=pole
camera:type=fixed
direction=40
man_made=surveillance
manufacturer=Flock Safety
manufacturer:wikidata=Q108485435
operator=San Francisco Police Department
operator:wikidata=Q1320247
surveillance=public
surveillance:type=ALPR
surveillance:zone=traffic</desc><link href="http://osm.org/browse/node/12730257499"/></wpt><wpt lat="37.7173451" lon="-122.4250012"><name>node/12730292003</name><desc>camera:mount=pole
camera:type=fixed
direction=290
man_made=surveillance
manufacturer=Flock Safety
manufacturer:wikidata=Q108485435
operator=San Francisco Police Department
operator:wikidata=Q1320247
surveillance=public
surveillance:type=ALPR
surveillance:zone=traffic</desc><link href="http://osm.org/browse/node/12730292003"/></wpt><wpt lat="37.7513566" lon="-122.427527"><name>node/12735733316</name><desc>camera:mount=pole
camera:type=fixed
direction=140
man_made=surveillance
manufacturer=Flock Safety
manufacturer:wikidata=Q108485435
operator=San Francisco Police Department
operator:wikidata=Q1320247
surveillance=public
surveillance:type=ALPR
surveillance:zone=traffic</desc><link href="http://osm.org/browse/node/12735733316"/></wpt><wpt lat="37.7901291" lon="-122.434031"><name>node/12735912309</name><desc>camera:mount=pole
camera:type=fixed
direction=325
man_made=surveillance
manufacturer=Flock Safety
manufacturer:wikidata=Q108485435
operator=San Francisco Police Department
operator:wikidata=Q1320247
surveillance=public
surveillance:type=ALPR
surveillance:zone=traffic</desc><link href="http://osm.org/browse/node/12735912309"/></wpt><wpt lat="37.7883761" lon="-122.4069014"><name>node/12741890927</name><desc>camera:mount=pole
camera:type=fixed
direction=145
man_made=surveillance
manufacturer=Flock Safety
manufacturer:wikidata=Q108485435
operator=San Francisco Police Department
operator:wikidata=Q1320247
surveillance=public
surveillance:type=ALPR
surveillance:zone=traffic</desc><link href="http://osm.org/browse/node/12741890927"/></wpt><wpt lat="37.7882239" lon="-122.4082628"><name>node/12741890928</name><desc>camera:mount=pole
camera:type=fixed
direction=50
man_made=surveillance
manufacturer=Flock Safety
manufacturer:wikidata=Q108485435
operator=San Francisco Police Department
operator:wikidata=Q1320247
surveillance=public
surveillance:type=ALPR
surveillance:zone=traffic</desc><link href="http://osm.org/browse/node/12741890928"/></wpt><wpt lat="37.7896278" lon="-122.4340722"><name>node/12741909244</name><desc>camera:mount=pole
camera:type=fixed
direction=140
man_made=surveillance
manufacturer=Flock Safety
manufacturer:wikidata=Q108485435
operator=San Francisco Police Department
operator:wikidata=Q1320247
surveillance=public
surveillance:type=ALPR
surveillance:zone=traffic</desc><link href="http://osm.org/browse/node/12741909244"/></wpt><wpt lat="37.7898572" lon="-122.4335875"><name>node/12741909245</name><desc>camera:mount=pole
camera:type=fixed
direction=50
man_made=surveillance
manufacturer=Flock Safety
manufacturer:wikidata=Q108485435
operator=San Francisco Police Department
operator:wikidata=Q1320247
surveillance=public
surveillance:type=ALPR
surveillance:zone=traffic</desc><link href="http://osm.org/browse/node/12741909245"/></wpt><wpt lat="37.7719841" lon="-122.4184631"><name>node/12756376888</name><desc>camera:mount=pole
camera:type=fixed
direction=140
man_made=surveillance
manufacturer=Flock Safety
manufacturer:wikidata=Q108485435
operator=San Francisco Police Department
operator:wikidata=Q1320247
surveillance=public
surveillance:type=ALPR
surveillance:zone=traffic</desc><link href="http://osm.org/browse/node/12756376888"/></wpt><wpt lat="37.7333974" lon="-122.4328299"><name>node/12766674658</name><desc>camera:mount=pole
camera:type=fixed
direction=255
man_made=surveillance
manufacturer=Flock Safety
manufacturer:wikidata=Q108485435
operator=San Francisco Police Department
operator:wikidata=Q1320247
surveillance=public
surveillance:type=ALPR
surveillance:zone=traffic</desc><link href="http://osm.org/browse/node/12766674658"/></wpt><wpt lat="37.7700371" lon="-122.4041212"><name>node/12771534839</name><desc>brand=Flock Safety
brand:wikidata=Q108485435
camera:mount=pole
camera:type=fixed
direction=210
man_made=surveillance
operator=San Francisco Police Department
operator:wikidata=Q1320247
surveillance=traffic
surveillance:type=ALPR
surveillance:zone=traffic</desc><link href="http://osm.org/browse/node/12771534839"/></wpt><wpt lat="37.7661672" lon="-122.4479439"><name>node/12798140276</name><desc>camera:mount=pole
camera:type=fixed
direction=140
man_made=surveillance
manufacturer=Flock Safety
manufacturer:wikidata=Q108485435
operator=San Francisco Police Department
operator:wikidata=Q1320247
surveillance=public
surveillance:type=ALPR
surveillance:zone=traffic</desc><link href="http://osm.org/browse/node/12798140276"/></wpt><wpt lat="37.8067593" lon="-122.405542"><name>node/12801552781</name><desc>camera:mount=pole
camera:type=fixed
direction=283
man_made=surveillance
manufacturer=Flock Safety
manufacturer:wikidata=Q108485435
operator=San Francisco Police Department
operator:wikidata=Q1320247
surveillance=public
surveillance:type=ALPR
surveillance:zone=traffic</desc><link href="http://osm.org/browse/node/12801552781"/></wpt><wpt lat="37.7758571" lon="-122.4821719"><name>node/12803227261</name><desc>camera:direction=266
camera:mount=building
camera:type=fixed
man_made=surveillance
surveillance=public
surveillance:type=camera
surveillance:zone=street</desc><link href="http://osm.org/browse/node/12803227261"/></wpt><wpt lat="37.7336006" lon="-122.4970609"><name>node/12804877976</name><desc>camera:mount=pole
camera:type=fixed
direction=200
man_made=surveillance
manufacturer=Flock Safety
manufacturer:wikidata=Q108485435
operator=San Francisco Police Department
operator:wikidata=Q1320247
surveillance=public
surveillance:type=ALPR
surveillance:zone=traffic</desc><link href="http://osm.org/browse/node/12804877976"/></wpt><wpt lat="37.7712638" lon="-122.4528698"><name>node/12821371848</name><desc>camera:mount=pole
camera:type=fixed
direction=95
image=https://alpr.pictures/san-francisco/oak%20ebns%20shrader.jpg
man_made=surveillance
manufacturer=Flock Safety
manufacturer:wikidata=Q108485435
surveillance=public
surveillance:type=ALPR
surveillance:zone=traffic</desc><link href="http://osm.org/browse/node/12821371848"/></wpt><wpt lat="37.7324247" lon="-122.4054412"><name>node/12829506287</name><desc>camera:mount=pole
camera:type=fixed
direction=25
man_made=surveillance
manufacturer=Flock Safety
manufacturer:wikidata=Q108485435
operator=San Francisco Police Department
operator:wikidata=Q1320247
surveillance=public
surveillance:type=ALPR
surveillance:zone=traffic</desc><link href="http://osm.org/browse/node/12829506287"/></wpt><wpt lat="37.7754403" lon="-122.4346417"><name>node/12838565896</name><desc>camera:mount=pole
camera:type=fixed
direction=110
man_made=surveillance
manufacturer=Flock Safety
manufacturer:wikidata=Q108485435
operator=San Francisco Police Department
operator:wikidata=Q1320247
surveillance=public
surveillance:type=ALPR
surveillance:zone=traffic</desc><link href="http://osm.org/browse/node/12838565896"/></wpt><wpt lat="37.775049" lon="-122.4718072"><name>node/12838565897</name><desc>camera:mount=pole
camera:type=fixed
direction=330
man_made=surveillance
manufacturer=Flock Safety
manufacturer:wikidata=Q108485435
operator=San Francisco Police Department
operator:wikidata=Q1320247
surveillance=public
surveillance:type=ALPR
surveillance:zone=traffic</desc><link href="http://osm.org/browse/node/12838565897"/></wpt><wpt lat="37.7655614" lon="-122.477539"><name>node/12838565898</name><desc>camera:mount=pole
camera:type=fixed
direction=240
image=https://alpr.pictures/san-francisco/lincoln%20wbfs%20crossover.jpg
man_made=surveillance
manufacturer=Flock Safety
manufacturer:wikidata=Q108485435
operator=San Francisco Police Department
operator:wikidata=Q1320247
surveillance=public
surveillance:type=ALPR
surveillance:zone=traffic</desc><link href="http://osm.org/browse/node/12838565898"/></wpt><wpt lat="37.7664202" lon="-122.4596937"><name>node/12838647839</name><desc>camera:mount=pole
camera:type=fixed
direction=20
man_made=surveillance
manufacturer=Flock Safety
manufacturer:wikidata=Q108485435
operator=San Francisco Police Department
operator:wikidata=Q1320247
surveillance=public
surveillance:type=ALPR
surveillance:zone=traffic</desc><link href="http://osm.org/browse/node/12838647839"/></wpt><wpt lat="37.8003967" lon="-122.4520778"><name>node/12859825223</name><desc>camera:direction=118
camera:mount=wall
camera:type=dome
man_made=surveillance
surveillance=outdoor
surveillance:type=camera</desc><link href="http://osm.org/browse/node/12859825223"/></wpt><wpt lat="37.7997055" lon="-122.4503066"><name>node/12859825279</name><desc>camera:direction=0-360
camera:mount=building
camera:type=dome
description=Camera on underside of bridge looking down on foot path below.
man_made=surveillance
surveillance=public
surveillance:type=camera
surveillance:zone=public</desc><link href="http://osm.org/browse/node/12859825279"/></wpt><wpt lat="37.7808135" lon="-122.3994486"><name>node/12860007090</name><desc>camera:mount=pole
camera:type=fixed
direction=240
man_made=surveillance
operator=Flock Safety
operator:wikidata=Q108485435
surveillance=public
surveillance:type=ALPR
surveillance:zone=traffic</desc><link href="http://osm.org/browse/node/12860007090"/></wpt><wpt lat="37.7208718" lon="-122.4007786"><name>node/12861517934</name><desc>camera:mount=pole
camera:type=fixed
direction=185
man_made=surveillance
manufacturer=Flock Safety
manufacturer:wikidata=Q108485435
operator=San Francisco Police Department
operator:wikidata=Q1320247
surveillance=public
surveillance:type=ALPR
surveillance:zone=traffic</desc><link href="http://osm.org/browse/node/12861517934"/></wpt><wpt lat="37.773436" lon="-122.4644522"><name>node/12866017973</name><desc>camera:mount=pole
camera:type=fixed
direction=55
man_made=surveillance
manufacturer=Flock Safety
manufacturer:wikidata=Q108485435
operator=San Francisco Police Department
operator:wikidata=Q1320247
surveillance=public
surveillance:type=ALPR
surveillance:zone=traffic</desc><link href="http://osm.org/browse/node/12866017973"/></wpt><wpt lat="37.751811" lon="-122.4265606"><name>node/12866021550</name><desc>camera:mount=pole
camera:type=fixed
direction=240
man_made=surveillance
manufacturer=Flock Safety
manufacturer:wikidata=Q108485435
operator=San Francisco Police Department
operator:wikidata=Q1320247
surveillance=public
surveillance:type=ALPR
surveillance:zone=traffic</desc><link href="http://osm.org/browse/node/12866021550"/></wpt><wpt lat="37.7524041" lon="-122.3944129"><name>node/12866025921</name><desc>camera:mount=pole
camera:type=fixed
direction=60
man_made=surveillance
manufacturer=Flock Safety
manufacturer:wikidata=Q108485435
operator=San Francisco Police Department
operator:wikidata=Q1320247
surveillance=public
surveillance:type=ALPR
surveillance:zone=traffic</desc><link href="http://osm.org/browse/node/12866025921"/></wpt><wpt lat="37.7640582" lon="-122.3919181"><name>node/12866027790</name><desc>camera:mount=pole
camera:type=fixed
direction=60
man_made=surveillance
manufacturer=Flock Safety
manufacturer:wikidata=Q108485435
operator=San Francisco Police Department
operator:wikidata=Q1320247
surveillance=public
surveillance:type=ALPR
surveillance:zone=traffic</desc><link href="http://osm.org/browse/node/12866027790"/></wpt><wpt lat="37.739283" lon="-122.4660706"><name>node/12893067349</name><desc>camera:type=fixed
direction=60
man_made=surveillance
manufacturer=Flock Safety
manufacturer:wikidata=Q108485435
operator=San Francisco Police Department
operator:wikidata=Q1320247
surveillance:type=ALPR
surveillance:zone=traffic</desc><link href="http://osm.org/browse/node/12893067349"/></wpt><wpt lat="37.7617525" lon="-122.4772525"><name>node/12898313738</name><desc>camera:direction=E
camera:mount=pole
camera:type=fixed
man_made=surveillance
surveillance=outdoor
surveillance:type=camera</desc><link href="http://osm.org/browse/node/12898313738"/></wpt><wpt lat="37.761637" lon="-122.4768219"><name>node/12898313743</name><desc>camera:direction=W
camera:mount=pole
camera:type=fixed
man_made=surveillance
surveillance=public
surveillance:type=camera
surveillance:zone=street</desc><link href="http://osm.org/browse/node/12898313743"/></wpt><wpt lat="37.7641332" lon="-122.3933293"><name>node/12922293864</name><desc>camera:mount=pole
camera:type=fixed
direction=250
man_made=surveillance
manufacturer=Flock Safety
manufacturer:wikidata=Q108485435
operator=San Francisco Police Department
operator:wikidata=Q1320247
surveillance=public
surveillance:type=ALPR
surveillance:zone=traffic</desc><link href="http://osm.org/browse/node/12922293864"/></wpt><wpt lat="37.7299634" lon="-122.4046586"><name>node/12922375737</name><desc>camera:mount=pole
camera:type=fixed
direction=140
man_made=surveillance
manufacturer=Flock Safety
manufacturer:wikidata=Q108485435
operator=San Francisco Police Department
operator:wikidata=Q1320247
surveillance=public
surveillance:type=ALPR
surveillance:zone=traffic</desc><link href="http://osm.org/browse/node/12922375737"/></wpt><wpt lat="37.7994976" lon="-122.3976231"><name>node/12926429734</name><desc>camera:mount=pole
camera:type=fixed
direction=317
man_made=surveillance
manufacturer=Flock Safety
manufacturer:wikidata=Q108485435
operator=San Francisco Police Department
operator:wikidata=Q1320247
surveillance=public
surveillance:type=ALPR
surveillance:zone=traffic</desc><link href="http://osm.org/browse/node/12926429734"/></wpt><wpt lat="37.7353176" lon="-122.5051569"><name>node/12941676786</name><desc>camera:mount=pole
camera:type=fixed
direction=60
image=https://alpr.pictures/san-francisco/sloat%20ebfs%2047th.jpg
man_made=surveillance
manufacturer=Flock Safety
manufacturer:wikidata=Q108485435
operator=San Francisco Police Department
operator:wikidata=Q1320247
surveillance=public
surveillance:type=ALPR
surveillance:zone=traffic</desc><link href="http://osm.org/browse/node/12941676786"/></wpt><wpt lat="37.7348414" lon="-122.493795"><name>node/12941687950</name><desc>camera:mount=pole
camera:type=fixed
direction=330
man_made=surveillance
manufacturer=Flock Safety
manufacturer:wikidata=Q108485435
operator=San Francisco Police Department
operator:wikidata=Q1320247
surveillance=public
surveillance:type=ALPR
surveillance:zone=traffic</desc><link href="http://osm.org/browse/node/12941687950"/></wpt><wpt lat="37.734663" lon="-122.4939363"><name>node/12941687951</name><desc>camera:mount=pole
camera:type=fixed
direction=200
man_made=surveillance
manufacturer=Flock Safety
manufacturer:wikidata=Q108485435
operator=San Francisco Police Department
operator:wikidata=Q1320247
surveillance=public
surveillance:type=ALPR
surveillance:zone=traffic</desc><link href="http://osm.org/browse/node/12941687951"/></wpt><wpt lat="37.7162847" lon="-122.4138415"><name>node/12945844230</name><desc>camera:mount=pole
camera:type=fixed
direction=40
man_made=surveillance
manufacturer=Flock Safety
manufacturer:wikidata=Q108485435
operator=San Francisco Police Department
operator:wikidata=Q1320247
surveillance=public
surveillance:type=ALPR
surveillance:zone=traffic</desc><link href="http://osm.org/browse/node/12945844230"/></wpt><wpt lat="37.7163636" lon="-122.4139858"><name>node/12945844231</name><desc>camera:mount=pole
camera:type=fixed
direction=215
man_made=surveillance
manufacturer=Flock Safety
manufacturer:wikidata=Q108485435
operator=San Francisco Police Department
operator:wikidata=Q1320247
surveillance=public
surveillance:type=ALPR
surveillance:zone=traffic</desc><link href="http://osm.org/browse/node/12945844231"/></wpt><wpt lat="37.7751212" lon="-122.4225404"><name>node/12947252102</name><desc>camera:direction=220
camera:mount=pole
camera:type=fixed
man_made=surveillance
surveillance=traffic
surveillance:type=camera
surveillance:zone=traffic</desc><link href="http://osm.org/browse/node/12947252102"/></wpt><wpt lat="37.7876851" lon="-122.4854829"><name>node/12947663388</name><desc>direction=257
image=https://alpr.pictures/san-francisco/el%20camino%20del%20mar%20wbfs%2025th.jpg
man_made=surveillance
manufacturer=Flock Safety
manufacturer:wikidata=Q108485435
operator=San Francisco Police Department
operator:wikidata=Q1320247
surveillance=public
surveillance:type=ALPR
surveillance:zone=traffic</desc><link href="http://osm.org/browse/node/12947663388"/></wpt><wpt lat="37.7760931" lon="-122.390137"><name>node/12947683967</name><desc>direction=170
man_made=surveillance
operator:wikidata=Q108485435
surveillance=public
surveillance:type=ALPR
surveillance:zone=traffic</desc><link href="http://osm.org/browse/node/12947683967"/></wpt><wpt lat="37.77395" lon="-122.4376099"><name>node/12952205799</name><desc>camera:mount=pole
camera:type=fixed
direction=200
man_made=surveillance
manufacturer=Flock Safety
manufacturer:wikidata=Q108485435
operator=San Francisco Police Department
operator:wikidata=Q1320247
surveillance=public
surveillance:type=ALPR
surveillance:zone=traffic</desc><link href="http://osm.org/browse/node/12952205799"/></wpt><wpt lat="37.7736048" lon="-122.4375353"><name>node/12952205800</name><desc>camera:mount=pole
camera:type=fixed
direction=20
man_made=surveillance
manufacturer=Flock Safety
manufacturer:wikidata=Q108485435
operator=San Francisco Police Department
operator:wikidata=Q1320247
surveillance=public
surveillance:type=ALPR
surveillance:zone=traffic</desc><link href="http://osm.org/browse/node/12952205800"/></wpt><wpt lat="37.7388893" lon="-122.4246398"><name>node/12955669201</name><desc>camera:type=fixed
direction=170
man_made=surveillance
manufacturer=Flock Safety
manufacturer:wikidata=Q108485435
operator=San Francisco Police Department
operator:wikidata=Q1320247
surveillance:type=ALPR</desc><link href="http://osm.org/browse/node/12955669201"/></wpt><wpt lat="37.7483087" lon="-122.420207"><name>node/12956940991</name><desc>camera:type=fixed
direction=320
man_made=surveillance
manufacturer=Flock Safety
manufacturer:wikidata=Q108485435
operator=San Francisco Police Department
operator:wikidata=Q1320247
surveillance:type=ALPR</desc><link href="http://osm.org/browse/node/12956940991"/></wpt><wpt lat="37.7479539" lon="-122.4204057"><name>node/12956940992</name><desc>camera:type=fixed
direction=150
man_made=surveillance
manufacturer=Flock Safety
manufacturer:wikidata=Q108485435
operator=San Francisco Police Department
operator:wikidata=Q1320247
surveillance:type=ALPR</desc><link href="http://osm.org/browse/node/12956940992"/></wpt><wpt lat="37.7945677" lon="-122.4334455"><name>node/12960048811</name><desc>camera:mount=street_lamp
direction=230
man_made=surveillance
operator=San Francisco Police Department
operator:wikidata=Q1320247
surveillance=public
surveillance:type=ALPR
surveillance:zone=traffic</desc><link href="http://osm.org/browse/node/12960048811"/></wpt><wpt lat="37.740432" lon="-122.4066687"><name>node/12963844978</name><desc>direction=80
man_made=surveillance
manufacturer=Flock Safety
manufacturer:wikidata=Q108485435
operator=Lowe's
operator:wikidata=Q1373493
surveillance=outdoor
surveillance:type=ALPR
surveillance:zone=parking</desc><link href="http://osm.org/browse/node/12963844978"/></wpt><wpt lat="37.7696825" lon="-122.4246987"><name>node/12964657118</name><desc>camera:mount=pole
camera:type=fixed
direction=150
man_made=surveillance
manufacturer=Flock Safety
manufacturer:wikidata=Q108485435
operator=San Francisco Police Department
operator:wikidata=Q1320247
surveillance=public
surveillance:type=ALPR
surveillance:zone=traffic</desc><link href="http://osm.org/browse/node/12964657118"/></wpt><wpt lat="37.7957469" lon="-122.3925971"><name>node/12971272600</name><desc>camera:direction=351
camera:mount=ceiling
camera:type=fixed
man_made=surveillance
surveillance:type=camera
surveillance:zone=entrance</desc><link href="http://osm.org/browse/node/12971272600"/></wpt><wpt lat="37.7216789" lon="-122.4012075"><name>node/12978809653</name><desc>camera:mount=pole
camera:type=fixed
direction=225
man_made=surveillance
manufacturer=Flock Safety
manufacturer:wikidata=Q108485435
operator=San Francisco Police Department
operator:wikidata=Q1320247
surveillance=public
surveillance:type=ALPR
surveillance:zone=traffic</desc><link href="http://osm.org/browse/node/12978809653"/></wpt><wpt lat="37.8042466" lon="-122.4024881"><name>node/12979172095</name><desc>camera:type=fixed
direction=100
man_made=surveillance
manufacturer=Flock Safety
manufacturer:wikidata=Q108485435
operator=San Francisco Police Department
operator:wikidata=Q1320247
surveillance:type=ALPR</desc><link href="http://osm.org/browse/node/12979172095"/></wpt><wpt lat="37.7723012" lon="-122.4238704"><name>node/12980820207</name><desc>camera:direction=164
camera:mount=wall
camera:type=fixed
man_made=surveillance
surveillance:type=camera</desc><link href="http://osm.org/browse/node/12980820207"/></wpt><wpt lat="37.7333536" lon="-122.4659276"><name>node/12981554634</name><desc>camera:mount=pole
camera:type=fixed
direction=10
man_made=surveillance
manufacturer=Flock Safety
manufacturer:wikidata=Q108485435
operator=St. Francis Homes Association
surveillance=public
surveillance:type=ALPR
surveillance:zone=traffic</desc><link href="http://osm.org/browse/node/12981554634"/></wpt><wpt lat="37.7907678" lon="-122.4343485"><name>node/12981874030</name><desc>camera:type=fixed
direction=260
man_made=surveillance
manufacturer=Flock Safety
manufacturer:wikidata=Q108485435
operator=San Francisco Police Department
operator:wikidata=Q1320247
surveillance:type=ALPR
surveillance:zone=street</desc><link href="http://osm.org/browse/node/12981874030"/></wpt><wpt lat="37.7716067" lon="-122.4236472"><name>node/12983927728</name><desc>camera:direction=35
camera:mount=pole
camera:type=fixed
man_made=surveillance
surveillance=traffic
surveillance:type=camera
surveillance:zone=traffic</desc><link href="http://osm.org/browse/node/12983927728"/></wpt><wpt lat="37.7872029" lon="-122.3882561"><name>node/12984676951</name><desc>camera:type=fixed
direction=252
man_made=surveillance
manufacturer=Flock Safety
manufacturer:wikidata=Q108485435
operator=San Francisco Police Department
operator:wikidata=Q1320247
surveillance=public
surveillance:type=ALPR
surveillance:zone=traffic</desc><link href="http://osm.org/browse/node/12984676951"/></wpt><wpt lat="37.7356881" lon="-122.5067146"><name>node/12990982643</name><desc>camera:mount=pole
camera:type=fixed
direction=25
image=https://alpr.pictures/san-francisco/great%20hwy%20nbfs%20sloat.jpg
man_made=surveillance
manufacturer=Flock Safety
manufacturer:wikidata=Q108485435
operator=San Francisco Police Department
operator:wikidata=Q1320247
surveillance=public
surveillance:type=ALPR
surveillance:zone=traffic</desc><link href="http://osm.org/browse/node/12990982643"/></wpt><wpt lat="37.7804227" lon="-122.3891948"><name>node/12991112381</name><desc>camera:type=fixed
direction=190
man_made=surveillance
manufacturer=Flock Safety
manufacturer:wikidata=Q108485435
operator=San Francisco Police Department
operator:wikidata=Q1320247
surveillance:type=ALPR</desc><link href="http://osm.org/browse/node/12991112381"/></wpt><wpt lat="37.7781408" lon="-122.5135736"><name>node/13003623647</name><desc>camera:mount=pole
camera:type=fixed
direction=130
image=https://alpr.pictures/san-francisco/point%20lobos%20sbns%20great%20hwy.jpg
man_made=surveillance
manufacturer=Flock Safety
manufacturer:wikidata=Q108485435
surveillance=public
surveillance:type=ALPR
surveillance:zone=traffic</desc><link href="http://osm.org/browse/node/13003623647"/></wpt><wpt lat="37.7806887" lon="-122.4695834"><name>node/13007751469</name><desc>camera:mount=pole
camera:type=fixed
direction=60
man_made=surveillance
manufacturer=Flock Safety
manufacturer:wikidata=Q108485435
operator=San Francisco Police Department
operator:wikidata=Q1320247
surveillance=public
surveillance:type=ALPR
surveillance:zone=traffic</desc><link href="http://osm.org/browse/node/13007751469"/></wpt><wpt lat="37.7681843" lon="-122.400153"><name>node/13019606191</name><desc>camera:direction=149
camera:mount=building
camera:type=dome
man_made=surveillance
surveillance=outdoor
surveillance:type=camera
surveillance:zone=area</desc><link href="http://osm.org/browse/node/13019606191"/></wpt><wpt lat="37.7559675" lon="-122.3979454"><name>node/13047693645</name><desc>camera:type=fixed
direction=20
man_made=surveillance
manufacturer=Flock Safety
manufacturer:wikidata=Q108485435
operator=San Francisco Police Department
operator:wikidata=Q1320247
surveillance:type=ALPR</desc><link href="http://osm.org/browse/node/13047693645"/></wpt><wpt lat="37.717714" lon="-122.4425198"><name>node/13070083923</name><desc>camera:type=fixed
direction=50
man_made=surveillance
manufacturer=Flock Safety
manufacturer:wikidata=Q108485435
surveillance=public
surveillance:type=ALPR
surveillance:zone=street</desc><link href="http://osm.org/browse/node/13070083923"/></wpt><wpt lat="37.7179495" lon="-122.4422328"><name>node/13070083924</name><desc>camera:type=fixed
direction=230
man_made=surveillance
manufacturer=Flock Safety
manufacturer:wikidata=Q108485435
surveillance=public
surveillance:type=ALPR
surveillance:zone=street</desc><link href="http://osm.org/browse/node/13070083924"/></wpt><wpt lat="37.7423242" lon="-122.4948212"><name>node/13073239263</name><desc>camera:mount=pole
camera:type=fixed
direction=240
man_made=surveillance
manufacturer=Flock Safety
manufacturer:wikidata=Q108485435
operator=San Francisco Police Department
operator:wikidata=Q1320247
surveillance=public
surveillance:type=ALPR
surveillance:zone=traffic</desc><link href="http://osm.org/browse/node/13073239263"/></wpt><wpt lat="37.7827645" lon="-122.444609"><name>node/13073315886</name><desc>camera:mount=pole
camera:type=fixed
direction=239
man_made=surveillance
manufacturer=Flock Safety
manufacturer:wikidata=Q108485435
operator=San Francisco Police Department
operator:wikidata=Q1320247
surveillance=public
surveillance:type=ALPR
surveillance:zone=traffic</desc><link href="http://osm.org/browse/node/13073315886"/></wpt><wpt lat="37.7727041" lon="-122.484164"><name>node/13073324179</name><desc>camera:mount=pole
camera:type=fixed
direction=325
man_made=surveillance
manufacturer=Flock Safety
manufacturer:wikidata=Q108485435
operator=San Francisco Police Department
operator:wikidata=Q1320247
surveillance=public
surveillance:type=ALPR
surveillance:zone=traffic</desc><link href="http://osm.org/browse/node/13073324179"/></wpt><wpt lat="37.7542908" lon="-122.4765979"><name>node/13073339387</name><desc>camera:mount=pole
camera:type=fixed
direction=240
man_made=surveillance
manufacturer=Flock Safety
manufacturer:wikidata=Q108485435
operator=San Francisco Police Department
operator:wikidata=Q1320247
surveillance=public
surveillance:type=ALPR
surveillance:zone=traffic</desc><link href="http://osm.org/browse/node/13073339387"/></wpt><wpt lat="37.7750682" lon="-122.4531238"><name>node/13073339588</name><desc>camera:mount=pole
camera:type=fixed
direction=220
man_made=surveillance
manufacturer=Flock Safety
manufacturer:wikidata=Q108485435
operator=San Francisco Police Department
operator:wikidata=Q1320247
surveillance=public
surveillance:type=ALPR
surveillance:zone=traffic</desc><link href="http://osm.org/browse/node/13073339588"/></wpt><wpt lat="37.7353872" lon="-122.4644549"><name>node/13095313526</name><desc>camera:mount=pole
camera:type=fixed
check_date=2025-08-24
direction=210
man_made=surveillance
manufacturer=Flock Safety
manufacturer:wikidata=Q108485435
operator=St. Francis Homes Association
surveillance=public
surveillance:type=ALPR
surveillance:zone=traffic</desc><link href="http://osm.org/browse/node/13095313526"/></wpt><wpt lat="37.7741247" lon="-122.437796"><name>node/13097625048</name><desc>camera:type=fixed
direction=230
man_made=surveillance
manufacturer=Flock Safety
manufacturer:wikidata=Q108485435
operator=San Francisco Police Department
operator:wikidata=Q1320247
surveillance:type=ALPR</desc><link href="http://osm.org/browse/node/13097625048"/></wpt><wpt lat="37.761665" lon="-122.4161424"><name>node/13124262204</name><desc>camera:type=fixed
direction=140
highway=street_lamp
lamp_mount=angled_mast
lamp_type=electric
man_made=surveillance
manufacturer=Flock Safety
manufacturer:wikidata=Q108485435
operator=San Francisco Police Department
operator:wikidata=Q1320247
support=pole
surveillance:type=ALPR</desc><link href="http://osm.org/browse/node/13124262204"/></wpt><wpt lat="37.7945145" lon="-122.4233631"><name>node/13124400872</name><desc>direction=157
man_made=surveillance
manufacturer=Flock Safety
manufacturer:wikidata=Q108485435
operator=San Francisco Police Department
operator:wikidata=Q1320247
surveillance=public
surveillance:type=ALPR
surveillance:zone=traffic</desc><link href="http://osm.org/browse/node/13124400872"/></wpt><wpt lat="37.7740498" lon="-122.4383139"><name>node/13145918420</name><desc>camera:mount=pole
camera:type=fixed
direction=230
man_made=surveillance
manufacturer=Flock Safety
manufacturer:wikidata=Q108485435
operator=San Francisco Police Department
operator:wikidata=Q1320247
surveillance=public
surveillance:type=ALPR
surveillance:zone=traffic</desc><link href="http://osm.org/browse/node/13145918420"/></wpt><wpt lat="37.7855549" lon="-122.4593047"><name>node/13151988229</name><desc>camera:type=fixed
direction=145
man_made=surveillance
manufacturer=Flock Safety
manufacturer:wikidata=Q108485435
operator=San Francisco Police Department
operator:wikidata=Q1320247
surveillance:type=ALPR</desc><link href="http://osm.org/browse/node/13151988229"/></wpt><wpt lat="37.785789" lon="-122.4579722"><name>node/13151988230</name><desc>camera:type=fixed
direction=50
man_made=surveillance
manufacturer=Flock Safety
manufacturer:wikidata=Q108485435
operator=San Francisco Police Department
operator:wikidata=Q1320247
surveillance:type=ALPR</desc><link href="http://osm.org/browse/node/13151988230"/></wpt><wpt lat="37.7858326" lon="-122.4591016"><name>node/13151989496</name><desc>camera:type=fixed
direction=330
man_made=surveillance
manufacturer=Flock Safety
manufacturer:wikidata=Q108485435
operator=San Francisco Police Department
operator:wikidata=Q1320247
surveillance:type=ALPR</desc><link href="http://osm.org/browse/node/13151989496"/></wpt><wpt lat="37.785768" lon="-122.4593584"><name>node/13151991569</name><desc>camera:type=fixed
direction=230
man_made=surveillance
manufacturer=Flock Safety
manufacturer:wikidata=Q108485435
operator=San Francisco Police Department
operator:wikidata=Q1320247
surveillance:type=ALPR</desc><link href="http://osm.org/browse/node/13151991569"/></wpt><wpt lat="37.7716137" lon="-122.479652"><name>node/13165591033</name><desc>camera:type=fixed
direction=150
man_made=surveillance
manufacturer=Flock Safety
manufacturer:wikidata=Q108485435
operator=San Francisco Police Department
operator:wikidata=Q1320247
surveillance:type=ALPR</desc><link href="http://osm.org/browse/node/13165591033"/></wpt><wpt lat="37.7662588" lon="-122.4591221"><name>node/13172739286</name><desc>camera:type=fixed
direction=270
man_made=surveillance
manufacturer=Flock Safety
manufacturer:wikidata=Q108485435
operator=San Francisco Police Department
operator:wikidata=Q1320247
surveillance:type=ALPR</desc><link href="http://osm.org/browse/node/13172739286"/></wpt><wpt lat="37.7775433" lon="-122.4182439"><name>node/13194415939</name><desc>camera:direction=86
camera:mount=pole
camera:type=fixed
man_made=surveillance
surveillance:type=ALPR
surveillance:zone=traffic</desc><link href="http://osm.org/browse/node/13194415939"/></wpt><wpt lat="37.7777831" lon="-122.4180407"><name>node/13194415940</name><desc>camera:direction=179
camera:mount=pole
camera:type=fixed
direction=182
man_made=surveillance
surveillance:type=ALPR
surveillance:zone=traffic</desc><link href="http://osm.org/browse/node/13194415940"/></wpt><wpt lat="37.7415692" lon="-122.4687885"><name>node/13200044128</name><desc>camera:type=fixed
direction=250
man_made=surveillance
manufacturer=Flock Safety
manufacturer:wikidata=Q108485435
operator=San Francisco Police Department
operator:wikidata=Q1320247
surveillance:type=ALPR</desc><link href="http://osm.org/browse/node/13200044128"/></wpt><wpt lat="37.7522802" lon="-122.4477"><name>node/13200044129</name><desc>camera:type=fixed
direction=10
man_made=surveillance
manufacturer=Flock Safety
manufacturer:wikidata=Q108485435
operator=San Francisco Police Department
operator:wikidata=Q1320247
surveillance:type=ALPR</desc><link href="http://osm.org/browse/node/13200044129"/></wpt><wpt lat="37.7868398" lon="-122.4851518"><name>node/13239949231</name><desc>camera:type=fixed
direction=225
image=https://alpr.pictures/san-francisco/25th%20sbfs%20el%20camino%20del%20mar%202.jpg
man_made=surveillance
manufacturer=Flock Safety
manufacturer:wikidata=Q108485435
surveillance:type=ALPR</desc><link href="http://osm.org/browse/node/13239949231"/></wpt><wpt lat="37.8008825" lon="-122.4484601"><name>node/13244945486</name><desc>direction=290
man_made=surveillance
manufacturer=Flock Safety
manufacturer:wikidata=Q108485435
operator=San Francisco Police Department
operator:wikidata=Q1320247
surveillance=public
surveillance:type=ALPR
surveillance:zone=traffic</desc><link href="http://osm.org/browse/node/13244945486"/></wpt><wpt lat="37.8051278" lon="-122.4468862"><name>node/13244945487</name><desc>direction=67
image=https://alpr.pictures/san-francisco/marina%20ebfs%20baker.jpg
man_made=surveillance
manufacturer=Flock Safety
manufacturer:wikidata=Q108485435
operator=San Francisco Police Department
operator:wikidata=Q1320247
surveillance=public
surveillance:type=ALPR
surveillance:zone=traffic</desc><link href="http://osm.org/browse/node/13244945487"/></wpt><wpt lat="37.8043368" lon="-122.47583"><name>node/13289899181</name><desc>camera:direction=328
camera:mount=pole
camera:type=fixed
man_made=surveillance
surveillance=public
surveillance:type=camera</desc><link href="http://osm.org/browse/node/13289899181"/></wpt><wpt lat="37.8043323" lon="-122.4758148"><name>node/13289899182</name><desc>camera:direction=39
camera:mount=pole
camera:type=fixed
man_made=surveillance
surveillance=public
surveillance:type=camera</desc><link href="http://osm.org/browse/node/13289899182"/></wpt><wpt lat="37.8043207" lon="-122.4758262"><name>node/13289899183</name><desc>camera:direction=177
camera:mount=pole
camera:type=fixed
man_made=surveillance
surveillance=public
surveillance:type=camera</desc><link href="http://osm.org/browse/node/13289899183"/></wpt><wpt lat="37.8039294" lon="-122.4756233"><name>node/13289899187</name><desc>camera:mount=pole
camera:type=fixed
direction=210;0;70
man_made=surveillance
manufacturer=Flock Safety
manufacturer:wikidata=Q108485435
operator:wikidata=Q1320247
surveillance=public
surveillance:type=camera
surveillance:zone=traffic</desc><link href="http://osm.org/browse/node/13289899187"/></wpt><wpt lat="37.8039217" lon="-122.4755623"><name>node/13289899188</name><desc>camera:direction=202
camera:mount=pole
camera:type=fixed
man_made=surveillance
surveillance=public
surveillance:type=camera</desc><link href="http://osm.org/browse/node/13289899188"/></wpt><wpt lat="37.8039489" lon="-122.4755554"><name>node/13289899189</name><desc>camera:direction=349
camera:mount=pole
camera:type=fixed
man_made=surveillance
surveillance=public
surveillance:type=camera</desc><link href="http://osm.org/browse/node/13289899189"/></wpt><wpt lat="37.8039426" lon="-122.4755347"><name>node/13289899190</name><desc>camera:direction=49
camera:mount=pole
camera:type=fixed
man_made=surveillance
surveillance=public
surveillance:type=camera</desc><link href="http://osm.org/browse/node/13289899190"/></wpt><wpt lat="37.7886061" lon="-122.4825563"><name>node/13289899192</name><desc>camera:mount=pole
camera:type=fixed
direction=0;50;90;190
image=https://alpr.pictures/san-francisco/el%20camino%20del%20mar%20jso%20bowley.jpg
man_made=surveillance
manufacturer=Pelco
manufacturer:wikidata=Q17143655
surveillance=public
surveillance:type=ALPR</desc><link href="http://osm.org/browse/node/13289899192"/></wpt><wpt lat="37.7886063" lon="-122.4825673"><name>node/13289899196</name><desc>camera:direction=0-360
camera:mount=pole
camera:type=panning
image=https://alpr.pictures/san-francisco/el%20camino%20del%20mar%20jso%20bowley.jpg
man_made=surveillance
surveillance=public
surveillance:type=camera</desc><link href="http://osm.org/browse/node/13289899196"/></wpt><wpt lat="37.7874938" lon="-122.4853943"><name>node/13289899198</name><desc>direction=162
image=https://alpr.pictures/san-francisco/25th%20sbfs%20el%20camino%20del%20mar%201.jpg
man_made=surveillance
manufacturer=Flock Safety
manufacturer:wikidata=Q108485435
operator=San Francisco Police Department
operator:wikidata=Q1320247
surveillance=public
surveillance:type=ALPR</desc><link href="http://osm.org/browse/node/13289899198"/></wpt><wpt lat="37.7876662" lon="-122.4073531"><name>node/13291451155</name><desc>camera:mount=wall
camera:type=fixed
direction=335
man_made=surveillance
surveillance=outdoor
surveillance:type=ALPR
surveillance:zone=entrance</desc><link href="http://osm.org/browse/node/13291451155"/></wpt><wpt lat="37.787681" lon="-122.407424"><name>node/13291451156</name><desc>camera:mount=pole
camera:type=fixed
direction=8
man_made=surveillance
surveillance=outdoor
surveillance:type=ALPR
surveillance:zone=entrance</desc><link href="http://osm.org/browse/node/13291451156"/></wpt><wpt lat="37.7301225" lon="-122.4761383"><name>node/13298086257</name><desc>camera:mount=pole
camera:type=fixed
direction=300
man_made=surveillance
manufacturer=Flock Safety
manufacturer:wikidata=Q108485435
operator=San Francisco Police Department
operator:wikidata=Q1320247
surveillance=public
surveillance:type=ALPR
surveillance:zone=traffic</desc><link href="http://osm.org/browse/node/13298086257"/></wpt><wpt lat="37.7920655" lon="-122.4590902"><name>node/13300264401</name><desc>camera:type=fixed
direction=315
man_made=surveillance
manufacturer=Flock Safety
manufacturer:wikidata=Q108485435
surveillance=public
surveillance:type=ALPR
surveillance:zone=traffic</desc><link href="http://osm.org/browse/node/13300264401"/></wpt><wpt lat="37.7919978" lon="-122.4589912"><name>node/13300265801</name><desc>camera:type=fixed
direction=137
man_made=surveillance
manufacturer=Flock Safety
manufacturer:wikidata=Q108485435
surveillance=public
surveillance:type=ALPR
surveillance:zone=traffic</desc><link href="http://osm.org/browse/node/13300265801"/></wpt><wpt lat="37.7982102" lon="-122.4480322"><name>node/13300290103</name><desc>camera:type=fixed
direction=217;37
man_made=surveillance
manufacturer=Flock Safety
manufacturer:wikidata=Q108485435
surveillance=public
surveillance:type=ALPR
surveillance:zone=traffic</desc><link href="http://osm.org/browse/node/13300290103"/></wpt><wpt lat="37.7982102" lon="-122.4480322"><name>node/13300297102</name><desc>camera:type=fixed
direction=217
man_made=surveillance
manufacturer=Flock Safety
manufacturer:wikidata=Q108485435
surveillance=public
surveillance:type=ALPR
surveillance:zone=traffic</desc><link href="http://osm.org/browse/node/13300297102"/></wpt><wpt lat="37.7435056" lon="-122.4601977"><name>node/13300435818</name><desc>camera:type=fixed
direction=45
man_made=surveillance
manufacturer=Flock Safety
manufacturer:wikidata=Q108485435
surveillance:type=ALPR
surveillance:zone=street</desc><link href="http://osm.org/browse/node/13300435818"/></wpt><wpt lat="37.7483209" lon="-122.4116628"><name>node/13300844901</name><desc>camera:type=fixed
direction=59;228
man_made=surveillance
manufacturer=Motorola Solutions
manufacturer:wikidata=Q634815
surveillance=public
surveillance:type=ALPR
surveillance:zone=traffic</desc><link href="http://osm.org/browse/node/13300844901"/></wpt><wpt lat="37.7306817" lon="-122.4031274"><name>node/13311188463</name><desc>direction=65
man_made=surveillance
manufacturer=Flock Safety
manufacturer:wikidata=Q108485435
operator=San Francisco Police Department
operator:wikidata=Q1320247
surveillance=public
surveillance:type=ALPR
surveillance:zone=traffic</desc><link href="http://osm.org/browse/node/13311188463"/></wpt><wpt lat="37.7749" lon="-122.4194"><name>node/13320230301</name><desc>camera:type=fixed
direction=0
man_made=surveillance
manufacturer=Flock Safety
manufacturer:wikidata=Q108485435
surveillance=public
surveillance:type=ALPR
surveillance:zone=traffic</desc><link href="http://osm.org/browse/node/13320230301"/></wpt><wpt lat="37.7762951" lon="-122.4040671"><name>node/13323200940</name><desc>camera:direction=210
camera:mount=pole
camera:type=fixed
man_made=surveillance
surveillance=outdoor
surveillance:type=camera
surveillance:zone=entrance</desc><link href="http://osm.org/browse/node/13323200940"/></wpt><wpt lat="37.7541285" lon="-122.4470262"><name>node/13325537701</name><desc>camera:type=fixed
direction=49
man_made=surveillance
manufacturer=Flock Safety
manufacturer:wikidata=Q108485435
surveillance=public
surveillance:type=ALPR
surveillance:zone=traffic</desc><link href="http://osm.org/browse/node/13325537701"/></wpt><wpt lat="37.7581912" lon="-122.4484107"><name>node/13328936703</name><desc>camera:type=fixed
direction=154
man_made=surveillance
manufacturer=Flock Safety
manufacturer:wikidata=Q108485435
surveillance=public
surveillance:type=ALPR
surveillance:zone=traffic</desc><link href="http://osm.org/browse/node/13328936703"/></wpt><wpt lat="37.7371616" lon="-122.4681432"><name>node/13339650631</name><desc>camera:type=fixed
direction=180
man_made=surveillance
manufacturer=Flock Safety
manufacturer:wikidata=Q108485435
operator=St Francis Wood HOA
surveillance=traffic
surveillance:type=ALPR
surveillance:zone=street</desc><link href="http://osm.org/browse/node/13339650631"/></wpt><wpt lat="37.7373567" lon="-122.4679662"><name>node/13339650632</name><desc>camera:type=fixed
direction=120
man_made=surveillance
manufacturer=Flock Safety
manufacturer:wikidata=Q108485435
operator=St Francis Wood HOA
surveillance:type=ALPR
surveillance:zone=street</desc><link href="http://osm.org/browse/node/13339650632"/></wpt><wpt lat="37.7774682" lon="-122.4005585"><name>node/13343579416</name><desc>camera:direction=355
camera:mount=wall
camera:type=fixed
man_made=surveillance
surveillance=public
surveillance:type=camera</desc><link href="http://osm.org/browse/node/13343579416"/></wpt><wpt lat="37.7795948" lon="-122.3970664"><name>node/13343579419</name><desc>camera:direction=173
camera:mount=wall
camera:type=fixed
man_made=surveillance
surveillance=public
surveillance:type=camera</desc><link href="http://osm.org/browse/node/13343579419"/></wpt><wpt lat="37.7770519" lon="-122.4010858"><name>node/13343579432</name><desc>camera:direction=5
camera:mount=wall
camera:type=fixed
man_made=surveillance
surveillance=public
surveillance:type=camera</desc><link href="http://osm.org/browse/node/13343579432"/></wpt><wpt lat="37.7771099" lon="-122.4010102"><name>node/13343579433</name><desc>camera:direction=272
camera:mount=wall
camera:type=fixed
man_made=surveillance
surveillance=public
surveillance:type=camera</desc><link href="http://osm.org/browse/node/13343579433"/></wpt><wpt lat="37.7772748" lon="-122.4008082"><name>node/13343579434</name><desc>camera:direction=252
camera:mount=wall
camera:type=fixed
man_made=surveillance
surveillance=public
surveillance:type=camera</desc><link href="http://osm.org/browse/node/13343579434"/></wpt><wpt lat="37.7772817" lon="-122.4007956"><name>node/13343579435</name><desc>camera:direction=25
camera:mount=wall
camera:type=fixed
man_made=surveillance
surveillance=public
surveillance:type=camera</desc><link href="http://osm.org/browse/node/13343579435"/></wpt><wpt lat="37.777347" lon="-122.4007146"><name>node/13343579436</name><desc>camera:direction=274
camera:mount=wall
camera:type=fixed
man_made=surveillance
surveillance=public
surveillance:type=camera</desc><link href="http://osm.org/browse/node/13343579436"/></wpt><wpt lat="37.7782786" lon="-122.3995369"><name>node/13343579437</name><desc>camera:direction=279
camera:mount=wall
camera:type=fixed
man_made=surveillance
surveillance=public
surveillance:type=camera</desc><link href="http://osm.org/browse/node/13343579437"/></wpt><wpt lat="37.7776288" lon="-122.4003592"><name>node/13343579438</name><desc>camera:direction=262
camera:mount=wall
camera:type=fixed
man_made=surveillance
surveillance=public
surveillance:type=camera</desc><link href="http://osm.org/browse/node/13343579438"/></wpt><wpt lat="37.7780368" lon="-122.3998358"><name>node/13343579439</name><desc>camera:direction=236
camera:mount=wall
camera:type=fixed
man_made=surveillance
surveillance=public
surveillance:type=camera</desc><link href="http://osm.org/browse/node/13343579439"/></wpt><wpt lat="37.7780381" lon="-122.3998303"><name>node/13343579440</name><desc>camera:direction=28
camera:mount=wall
camera:type=fixed
man_made=surveillance
surveillance=public
surveillance:type=camera</desc><link href="http://osm.org/browse/node/13343579440"/></wpt><wpt lat="37.7781622" lon="-122.3996787"><name>node/13343579441</name><desc>camera:direction=328
camera:mount=wall
camera:type=fixed
man_made=surveillance
surveillance=public
surveillance:type=camera</desc><link href="http://osm.org/browse/node/13343579441"/></wpt><wpt lat="37.7781951" lon="-122.3996409"><name>node/13343579442</name><desc>camera:direction=228
camera:mount=wall
camera:type=fixed
man_made=surveillance
surveillance=public
surveillance:type=camera</desc><link href="http://osm.org/browse/node/13343579442"/></wpt><wpt lat="37.7782405" lon="-122.3995774"><name>node/13343579443</name><desc>camera:direction=233
camera:mount=wall
camera:type=fixed
man_made=surveillance
surveillance=public
surveillance:type=camera</desc><link href="http://osm.org/browse/node/13343579443"/></wpt><wpt lat="37.7798221" lon="-122.3967774"><name>node/13343579444</name><desc>camera:direction=88
camera:mount=wall
camera:type=fixed
man_made=surveillance
surveillance=public
surveillance:type=camera</desc><link href="http://osm.org/browse/node/13343579444"/></wpt><wpt lat="37.7783301" lon="-122.3994646"><name>node/13343579445</name><desc>camera:direction=257
camera:mount=wall
camera:type=fixed
man_made=surveillance
surveillance=public
surveillance:type=camera</desc><link href="http://osm.org/browse/node/13343579445"/></wpt><wpt lat="37.7783898" lon="-122.3993896"><name>node/13343579446</name><desc>camera:direction=234
camera:mount=wall
camera:type=fixed
man_made=surveillance
surveillance=public
surveillance:type=camera</desc><link href="http://osm.org/browse/node/13343579446"/></wpt><wpt lat="37.7792373" lon="-122.3983182"><name>node/13343579447</name><desc>camera:direction=275
camera:mount=wall
camera:type=fixed
man_made=surveillance
surveillance=public
surveillance:type=camera</desc><link href="http://osm.org/browse/node/13343579447"/></wpt><wpt lat="37.7792572" lon="-122.3982974"><name>node/13343579448</name><desc>camera:direction=8
camera:mount=wall
camera:type=fixed
man_made=surveillance
surveillance=public
surveillance:type=camera</desc><link href="http://osm.org/browse/node/13343579448"/></wpt><wpt lat="37.7347534" lon="-122.4710679"><name>node/13349442293</name><desc>camera:direction=0
camera:type=fixed
man_made=surveillance
manufacturer=Flock Safety
manufacturer:wikidata=Q108485435
surveillance:type=camera</desc><link href="http://osm.org/browse/node/13349442293"/></wpt><wpt lat="37.7347248" lon="-122.4710692"><name>node/13349442294</name><desc>camera:direction=180
camera:mount=pole
camera:type=fixed
man_made=surveillance
manufacturer=Flock Safety
manufacturer:wikidata=Q108485435
surveillance:type=camera</desc><link href="http://osm.org/browse/node/13349442294"/></wpt><wpt lat="37.7347067" lon="-122.4711081"><name>node/13349442295</name><desc>camera:type=fixed
direction=90
man_made=surveillance
manufacturer=Flock Safety
manufacturer:wikidata=Q108485435
operator=St Francis Wood HOA
surveillance=traffic
surveillance:type=ALPR</desc><link href="http://osm.org/browse/node/13349442295"/></wpt><wpt lat="37.734763" lon="-122.4711094"><name>node/13349442296</name><desc>camera:type=fixed
direction=90
man_made=surveillance
manufacturer=Flock Safety
manufacturer:wikidata=Q108485435
operator=St Francis Wood HOA
surveillance=traffic
surveillance:type=ALPR
surveillance:zone=traffic</desc><link href="http://osm.org/browse/node/13349442296"/></wpt><wpt lat="37.7331986" lon="-122.4711564"><name>node/13349442297</name><desc>camera:type=fixed
direction=90
man_made=surveillance
manufacturer=Flock Safety
manufacturer:wikidata=Q108485435
operator=St Francis Wood HOA
surveillance=traffic
surveillance:type=ALPR
surveillance:zone=traffic</desc><link href="http://osm.org/browse/node/13349442297"/></wpt><wpt lat="37.8156788" lon="-122.3712118"><name>Flock Falcon</name><desc>camera:mount=pole
camera:type=fixed
direction=342
man_made=surveillance
manufacturer=Flock Safety
manufacturer:wikidata=Q108485435
name=Flock Falcon
operator=San Francisco Police Department
operator:wikidata=Q1320247
surveillance=public
surveillance:type=ALPR
surveillance:zone=traffic</desc><link href="http://osm.org/browse/node/13358649600"/></wpt><wpt lat="37.8051551" lon="-122.4169768"><name>node/13367242001</name><desc>camera:type=fixed
direction=63
man_made=surveillance
manufacturer=Flock Safety
manufacturer:wikidata=Q108485435
surveillance=public
surveillance:type=ALPR
surveillance:zone=traffic</desc><link href="http://osm.org/browse/node/13367242001"/></wpt><wpt lat="37.8052028" lon="-122.4174521"><name>node/13367242801</name><desc>camera:type=fixed
direction=233
man_made=surveillance
manufacturer=Flock Safety
manufacturer:wikidata=Q108485435
surveillance=public
surveillance:type=ALPR
surveillance:zone=traffic</desc><link href="http://osm.org/browse/node/13367242801"/></wpt><wpt lat="37.7350155" lon="-122.4678783"><name>node/13377027883</name><desc>camera:type=fixed
direction=260
man_made=surveillance
manufacturer=Flock Safety
manufacturer:wikidata=Q108485435
surveillance=traffic
surveillance:type=ALPR
surveillance:zone=traffic</desc><link href="http://osm.org/browse/node/13377027883"/></wpt><wpt lat="37.7786005" lon="-122.3968973"><name>node/13391609125</name><desc>camera:direction=316
camera:mount=ceiling
camera:type=dome
man_made=surveillance
surveillance=public
surveillance:type=camera
surveillance:zone=public_transport_platform</desc><link href="http://osm.org/browse/node/13391609125"/></wpt><wpt lat="37.7786095" lon="-122.3968858"><name>node/13391609126</name><desc>camera:direction=316
camera:mount=ceiling
camera:type=dome
man_made=surveillance
surveillance=public
surveillance:type=camera
surveillance:zone=public_transport_platform</desc><link href="http://osm.org/browse/node/13391609126"/></wpt><wpt lat="37.7786047" lon="-122.3968919"><name>node/13391609127</name><desc>camera:direction=136
camera:mount=ceiling
camera:type=dome
man_made=surveillance
surveillance=public
surveillance:type=camera
surveillance:zone=public_transport_platform</desc><link href="http://osm.org/browse/node/13391609127"/></wpt><wpt lat="37.7786985" lon="-122.3970102"><name>node/13391609128</name><desc>camera:direction=316
camera:mount=ceiling
camera:type=dome
man_made=surveillance
surveillance=public
surveillance:type=camera
surveillance:zone=public_transport_platform</desc><link href="http://osm.org/browse/node/13391609128"/></wpt><wpt lat="37.7787035" lon="-122.3970038"><name>node/13391609129</name><desc>camera:direction=136
camera:mount=ceiling
camera:type=dome
man_made=surveillance
surveillance=public
surveillance:type=camera
surveillance:zone=public_transport_platform</desc><link href="http://osm.org/browse/node/13391609129"/></wpt><wpt lat="37.7786944" lon="-122.3970154"><name>node/13391609130</name><desc>camera:direction=136
camera:mount=ceiling
camera:type=dome
man_made=surveillance
surveillance=public
surveillance:type=camera
surveillance:zone=public_transport_platform</desc><link href="http://osm.org/browse/node/13391609130"/></wpt><wpt lat="37.7416479" lon="-122.4315083"><name>node/13444793001</name><desc>camera:mount=pole
camera:type=fixed
direction=0;0
man_made=surveillance
manufacturer=Flock Safety
manufacturer:wikidata=Q108485435
surveillance=public
surveillance:type=ALPR
surveillance:zone=traffic</desc><link href="http://osm.org/browse/node/13444793001"/></wpt><wpt lat="37.7283361" lon="-122.4786177"><name>node/13456455979</name><desc>camera:mount=pole
camera:type=fixed
direction=55
image=https://alpr.pictures/san-francisco/buckingham%20nbfs%20winston.jpg
man_made=surveillance
manufacturer=Flock Safety
manufacturer:wikidata=Q108485435
surveillance=public
surveillance:type=ALPR
surveillance:zone=traffic</desc><link href="http://osm.org/browse/node/13456455979"/></wpt><wpt lat="37.7274947" lon="-122.4784491"><name>node/13456455980</name><desc>camera:mount=pole
camera:type=fixed
direction=10
man_made=surveillance
manufacturer=Flock Safety
manufacturer:wikidata=Q108485435
operator=Stonestown Galleria Mall
operator:wikidata=Q7619332
surveillance=public
surveillance:type=ALPR
surveillance:zone=traffic</desc><link href="http://osm.org/browse/node/13456455980"/></wpt><wpt lat="37.7266536" lon="-122.4759995"><name>node/13456455981</name><desc>camera:mount=street_lamp
camera:type=fixed
direction=190
man_made=surveillance
manufacturer=Flock Safety
manufacturer:wikidata=Q108485435
operator=Stonestown Galleria Mall
operator:wikidata=Q7619332
surveillance=public
surveillance:type=ALPR
surveillance:zone=traffic</desc><link href="http://osm.org/browse/node/13456455981"/></wpt><wpt lat="37.7272586" lon="-122.4759954"><name>node/13456455982</name><desc>camera:mount=street_lamp
camera:type=fixed
direction=349
man_made=surveillance
manufacturer=Flock Safety
manufacturer:wikidata=Q108485435
operator=Stonestown Galleria Mall
operator:wikidata=Q7619332
surveillance=public
surveillance:type=ALPR
surveillance:zone=traffic</desc><link href="http://osm.org/browse/node/13456455982"/></wpt><wpt lat="37.7761029" lon="-122.3901673"><name>node/13464800201</name><desc>camera:type=fixed
direction=156
man_made=surveillance
manufacturer=Flock Safety
manufacturer:wikidata=Q108485435
surveillance=public
surveillance:type=ALPR
surveillance:zone=traffic</desc><link href="http://osm.org/browse/node/13464800201"/></wpt><wpt lat="37.7558713" lon="-122.3982048"><name>node/13523594001</name><desc>camera:type=fixed
direction=54
man_made=surveillance
manufacturer=Flock Safety
manufacturer:wikidata=Q108485435
operator=Lowe's
operator:type=private
operator:wikidata=Q1373493
surveillance=public
surveillance:type=ALPR
surveillance:zone=traffic</desc><link href="http://osm.org/browse/node/13523594001"/></wpt><wpt lat="37.7666368" lon="-122.4529346"><name>node/13568033101</name><desc>camera:type=fixed
direction=0
man_made=surveillance
manufacturer=Flock Safety
manufacturer:wikidata=Q108485435
surveillance=public
surveillance:type=ALPR
surveillance:zone=traffic</desc><link href="http://osm.org/browse/node/13568033101"/></wpt><wpt lat="37.7974923" lon="-122.4104572"><name>node/13569997302</name><desc>camera:type=fixed
direction=242
man_made=surveillance
manufacturer=Flock Safety
manufacturer:wikidata=Q108485435
surveillance=public
surveillance:type=ALPR
surveillance:zone=traffic</desc><link href="http://osm.org/browse/node/13569997302"/></wpt><wpt lat="37.7230922" lon="-122.4500281"><name>node/13601206701</name><desc>camera:type=fixed
direction=214-284
man_made=surveillance
manufacturer=Flock Safety
manufacturer:wikidata=Q108485435
surveillance=public
surveillance:type=ALPR
surveillance:zone=traffic</desc><link href="http://osm.org/browse/node/13601206701"/></wpt><wpt lat="37.7237881" lon="-122.4439861"><name>node/13613274201</name><desc>camera:type=fixed
direction=13
man_made=surveillance
manufacturer=Flock Safety
manufacturer:wikidata=Q108485435
surveillance=public
surveillance:type=ALPR
surveillance:zone=traffic</desc><link href="http://osm.org/browse/node/13613274201"/></wpt><wpt lat="37.7218283" lon="-122.4492458"><name>node/13613274901</name><desc>camera:type=fixed
direction=271
man_made=surveillance
manufacturer=Flock Safety
manufacturer:wikidata=Q108485435
surveillance=public
surveillance:type=ALPR
surveillance:zone=traffic</desc><link href="http://osm.org/browse/node/13613274901"/></wpt><wpt lat="37.7615331" lon="-122.415977"><name>node/13619230901</name><desc>camera:type=fixed
direction=322
man_made=surveillance
manufacturer=Flock Safety
manufacturer:wikidata=Q108485435
surveillance=public
surveillance:type=ALPR
surveillance:zone=traffic</desc><link href="http://osm.org/browse/node/13619230901"/></wpt><wpt lat="37.7424148" lon="-122.4925513"><name>node/13624157001</name><desc>camera:mount=pole
camera:type=fixed
direction=146
man_made=surveillance
manufacturer=Flock Safety
manufacturer:wikidata=Q108485435
surveillance=public
surveillance:type=ALPR
surveillance:zone=traffic</desc><link href="http://osm.org/browse/node/13624157001"/></wpt><wpt lat="37.7291452" lon="-122.4191977"><name>node/13633014901</name><desc>camera:mount=pole
camera:type=fixed
direction=261
man_made=surveillance
manufacturer=Flock Safety
manufacturer:wikidata=Q108485435
surveillance=public
surveillance:type=ALPR
surveillance:zone=traffic</desc><link href="http://osm.org/browse/node/13633014901"/></wpt><wpt lat="37.7601031" lon="-122.4192613"><name>node/13636973301</name><desc>camera:type=fixed
direction=9
man_made=surveillance
manufacturer=Neology, Inc.
surveillance=public
surveillance:type=ALPR
surveillance:zone=traffic</desc><link href="http://osm.org/browse/node/13636973301"/></wpt><wpt lat="37.8020585" lon="-122.4197294"><name>node/13644161901</name><desc>camera:mount=pole
camera:type=fixed
direction=230
man_made=surveillance
manufacturer=Flock Safety
manufacturer:wikidata=Q108485435
operator=San Francisco Police Department
operator:wikidata=Q1320247
surveillance=public
surveillance:type=ALPR
surveillance:zone=traffic</desc><link href="http://osm.org/browse/node/13644161901"/></wpt><wpt lat="37.7584723" lon="-122.423512"><name>node/13650836701</name><desc>camera:type=fixed
direction=35;201
man_made=surveillance
manufacturer=Motorola Solutions
manufacturer:wikidata=Q634815
surveillance=public
surveillance:type=ALPR
surveillance:zone=traffic</desc><link href="http://osm.org/browse/node/13650836701"/></wpt><wpt lat="37.7603599" lon="-122.419158"><name>node/13650919901</name><desc>camera:mount=light
camera:type=fixed
direction=185
man_made=surveillance
manufacturer=Flock Safety
manufacturer:wikidata=Q108485435
surveillance=public
surveillance:type=ALPR
surveillance:zone=traffic</desc><link href="http://osm.org/browse/node/13650919901"/></wpt><wpt lat="37.7521547" lon="-122.4185229"><name>node/13650919902</name><desc>camera:type=fixed
direction=234
man_made=surveillance
manufacturer=Flock Safety
manufacturer:wikidata=Q108485435
surveillance=public
surveillance:type=public safety
surveillance:zone=traffic</desc><link href="http://osm.org/browse/node/13650919902"/></wpt><wpt lat="37.7521547" lon="-122.4185229"><name>node/13650930301</name><desc>camera:mount=pole
camera:type=fixed
direction=230
man_made=surveillance
manufacturer=Flock Safety
manufacturer:wikidata=Q108485435
surveillance=public
surveillance:type=ALPR
surveillance:zone=traffic</desc><link href="http://osm.org/browse/node/13650930301"/></wpt><wpt lat="37.8195037" lon="-122.3711741"><name>node/13662444601</name><desc>camera:mount=Conder PTZ
camera:type=fixed
direction=225;295;154;80;9;0
man_made=surveillance
manufacturer=Flock Safety
manufacturer:wikidata=Q108485435
note=earthcam, not flock. not shown on earthcam website
surveillance=public
surveillance:type=ALPR
surveillance:zone=traffic</desc><link href="http://osm.org/browse/node/13662444601"/></wpt><wpt lat="37.7790603" lon="-122.4013113"><name>node/13673522401</name><desc>camera:type=fixed
direction=251
man_made=surveillance
manufacturer=Flock Safety
manufacturer:wikidata=Q108485435
surveillance=public
surveillance:type=ALPR
surveillance:zone=traffic</desc><link href="http://osm.org/browse/node/13673522401"/></wpt><wpt lat="37.8046337" lon="-122.4208541"><name>node/13673591301</name><desc>camera:mount=street_lamp
camera:type=fixed
direction=54
image=https://alpr.pictures/san-francisco/bay%20ebfs%20larkin.jpg
man_made=surveillance
manufacturer=Flock Safety
manufacturer:wikidata=Q108485435
surveillance=public
surveillance:type=ALPR
surveillance:zone=traffic</desc><link href="http://osm.org/browse/node/13673591301"/></wpt><wpt lat="37.7907858" lon="-122.4200387"><name>node/13733407501</name><desc>camera:type=fixed
direction=234
man_made=surveillance
manufacturer=Flock Safety
manufacturer:wikidata=Q108485435
surveillance=public
surveillance:type=ALPR
surveillance:zone=traffic</desc><link href="http://osm.org/browse/node/13733407501"/></wpt><wpt lat="37.7905388" lon="-122.4823078"><name>node/13741250437</name><desc>camera:direction=265
camera:mount=pole
camera:type=fixed
image=https://alpr.pictures/san-francisco/gibson%20wbfs%20bowley.jpg
man_made=surveillance
manufacturer=Flock Safety
manufacturer:wikidata=Q108485435
surveillance=public
surveillance:type=ALPR
surveillance:zone=traffic</desc><link href="http://osm.org/browse/node/13741250437"/></wpt><wpt lat="37.7306643" lon="-122.4758487"><name>node/13757439403</name><desc>camera:type=fixed
direction=341
man_made=surveillance
manufacturer=Flock Safety
manufacturer:wikidata=Q108485435
surveillance=public
surveillance:type=ALPR
surveillance:zone=traffic</desc><link href="http://osm.org/browse/node/13757439403"/></wpt><wpt lat="37.7770537" lon="-122.4014606"><name>node/13759803156</name><desc>camera:mount=pole
camera:type=fixed
direction=65
man_made=surveillance
manufacturer=Flock Safety
manufacturer:wikidata=Q108485435
operator=San Francisco Police Department
operator:wikidata=Q1320247
surveillance=public
surveillance:type=ALPR
surveillance:zone=traffic</desc><link href="http://osm.org/browse/node/13759803156"/></wpt><wpt lat="37.7795299" lon="-122.3962122"><name>node/13765490809</name><desc>camera:direction=67
camera:mount=wall
camera:type=fixed
capacity=2
man_made=surveillance
surveillance=public
surveillance:type=camera</desc><link href="http://osm.org/browse/node/13765490809"/></wpt><wpt lat="37.7795176" lon="-122.3962136"><name>node/13765490810</name><desc>camera:direction=141
camera:mount=wall
camera:type=fixed
capacity=2
man_made=surveillance
surveillance=public
surveillance:type=camera
surveillance:zone=street</desc><link href="http://osm.org/browse/node/13765490810"/></wpt><wpt lat="37.7807814" lon="-122.3940555"><name>node/13765490811</name><desc>camera:direction=16
camera:mount=wall
camera:type=panning
man_made=surveillance
surveillance=public
surveillance:type=camera
surveillance:zone=corridor</desc><link href="http://osm.org/browse/node/13765490811"/></wpt><wpt lat="37.7795797" lon="-122.3961366"><name>node/13765490812</name><desc>camera:direction=142
camera:mount=wall
camera:type=panning
capacity=2
man_made=surveillance
surveillance=public
surveillance:type=camera
surveillance:zone=street</desc><link href="http://osm.org/browse/node/13765490812"/></wpt><wpt lat="37.7815539" lon="-122.3944011"><name>node/13765490819</name><desc>camera:direction=203
camera:mount=wall
camera:type=panning
man_made=surveillance
surveillance=public
surveillance:type=camera
surveillance:zone=entrance;street</desc><link href="http://osm.org/browse/node/13765490819"/></wpt><wpt lat="37.7812017" lon="-122.3939904"><name>node/13765490833</name><desc>camera:direction=5
camera:mount=wall
camera:type=fixed
man_made=surveillance
surveillance=public
surveillance:type=camera</desc><link href="http://osm.org/browse/node/13765490833"/></wpt><wpt lat="37.7805312" lon="-122.3943686"><name>node/13765490838</name><desc>camera:direction=39
camera:mount=wall
camera:type=fixed
capacity=2
man_made=surveillance
surveillance=public
surveillance:type=camera</desc><link href="http://osm.org/browse/node/13765490838"/></wpt><wpt lat="37.780586" lon="-122.3942946"><name>node/13765490839</name><desc>camera:direction=233
camera:mount=wall
camera:type=fixed
man_made=surveillance
surveillance=public
surveillance:type=camera</desc><link href="http://osm.org/browse/node/13765490839"/></wpt><wpt lat="37.7810409" lon="-122.393729"><name>node/13765490842</name><desc>camera:direction=54
camera:mount=wall
camera:type=panning
man_made=surveillance
surveillance=public
surveillance:type=camera
surveillance:zone=corridor</desc><link href="http://osm.org/browse/node/13765490842"/></wpt><wpt lat="37.7810725" lon="-122.3937817"><name>node/13765490843</name><desc>camera:direction=196
camera:mount=wall
camera:type=fixed
man_made=surveillance
surveillance=public
surveillance:type=camera</desc><link href="http://osm.org/browse/node/13765490843"/></wpt><wpt lat="37.7810086" lon="-122.3933638"><name>node/13765490845</name><desc>camera:direction=200
camera:mount=wall
camera:type=panning
man_made=surveillance
surveillance=public
surveillance:type=camera
surveillance:zone=street</desc><link href="http://osm.org/browse/node/13765490845"/></wpt><wpt lat="37.7797186" lon="-122.3959551"><name>node/13765490853</name><desc>camera:direction=226
camera:mount=wall
camera:type=fixed
man_made=surveillance
surveillance=public
surveillance:type=camera
surveillance:zone=street</desc><link href="http://osm.org/browse/node/13765490853"/></wpt><wpt lat="37.7812275" lon="-122.3961835"><name>node/13765490855</name><desc>camera:direction=175
camera:mount=wall
camera:type=panning
man_made=surveillance
surveillance=public
surveillance:type=camera
surveillance:zone=street</desc><link href="http://osm.org/browse/node/13765490855"/></wpt><wpt lat="37.7616819" lon="-122.4214418"><name>node/13768779872</name><desc>camera:mount=pole
camera:type=fixed
direction=65
man_made=surveillance
manufacturer=Flock Safety
manufacturer:wikidata=Q108485435
operator=San Francisco Police Department
operator:wikidata=Q1320247
surveillance=public
surveillance:type=ALPR
surveillance:zone=traffic</desc><link href="http://osm.org/browse/node/13768779872"/></wpt><wpt lat="37.7327994" lon="-122.493985"><name>node/13771948601</name><desc>camera:type=fixed
direction=153
man_made=surveillance
manufacturer=Flock Safety
manufacturer:wikidata=Q108485435
surveillance=public
surveillance:type=ALPR
surveillance:zone=traffic</desc><link href="http://osm.org/browse/node/13771948601"/></wpt><wpt lat="37.7680476" lon="-122.455215"><name>node/13778094301</name><desc>camera:type=fixed
direction=0
man_made=surveillance
manufacturer=Bosch Security Systems
manufacturer:wikidata=Q111144357
surveillance=public
surveillance:type=ALPR
surveillance:zone=traffic</desc><link href="http://osm.org/browse/node/13778094301"/></wpt><wpt lat="37.8044307" lon="-122.4470815"><name>node/13800635401</name><desc>camera:type=fixed
direction=326
image=https://alpr.pictures/san-francisco/baker%20nbfs%20jefferson.jpg
man_made=surveillance
manufacturer=Flock Safety
manufacturer:wikidata=Q108485435
surveillance=public
surveillance:type=ALPR
surveillance:zone=traffic</desc><link href="http://osm.org/browse/node/13800635401"/></wpt><wpt lat="37.8048747" lon="-122.4501573"><name>node/13800635601</name><desc>camera:type=fixed
direction=339
image=https://alpr.pictures/san-francisco/crissey%20field%20parking%20nbfs%20mason.jpg
man_made=surveillance
manufacturer=Flock Safety
manufacturer:wikidata=Q108485435
surveillance=public
surveillance:type=ALPR
surveillance:zone=traffic</desc><link href="http://osm.org/browse/node/13800635601"/></wpt><wpt lat="37.8058844" lon="-122.4120804"><name>node/13800642401</name><desc>camera:type=fixed
direction=254
man_made=surveillance
manufacturer=Flock Safety
manufacturer:wikidata=Q108485435
surveillance=public
surveillance:type=ALPR
surveillance:zone=traffic</desc><link href="http://osm.org/browse/node/13800642401"/></wpt><wpt lat="37.8075579" lon="-122.412272"><name>node/13800642501</name><desc>camera:type=fixed
direction=175
man_made=surveillance
manufacturer=Flock Safety
manufacturer:wikidata=Q108485435
surveillance=public
surveillance:type=ALPR
surveillance:zone=traffic</desc><link href="http://osm.org/browse/node/13800642501"/></wpt><wpt lat="37.7769201" lon="-122.4034388"><name>node/13807097701</name><desc>camera:type=fixed
direction=51
man_made=surveillance
manufacturer=CoStar
manufacturer:wikidata=Q25212862
surveillance=public
surveillance:type=ALPR
surveillance:zone=traffic</desc><link href="http://osm.org/browse/node/13807097701"/></wpt><wpt lat="37.7850021" lon="-122.3920892"><name>node/13807107901</name><desc>camera:type=fixed
direction=48
man_made=surveillance
manufacturer=Flock Safety
manufacturer:wikidata=Q108485435
surveillance=public
surveillance:type=ALPR
surveillance:zone=traffic</desc><link href="http://osm.org/browse/node/13807107901"/></wpt><wpt lat="37.7880345" lon="-122.3886747"><name>node/13807107902</name><desc>camera:type=fixed
direction=220
man_made=surveillance
manufacturer=Bosch Security Systems
manufacturer:wikidata=Q111144357
surveillance=public
surveillance:type=ALPR
surveillance:zone=traffic</desc><link href="http://osm.org/browse/node/13807107902"/></wpt><wpt lat="37.7922025" lon="-122.3841254"><name>node/13807108802</name><desc>camera:type=fixed
direction=236
man_made=surveillance
surveillance=public
surveillance:zone=traffic</desc><link href="http://osm.org/browse/node/13807108802"/></wpt><wpt lat="37.7877598" lon="-122.3889409"><name>node/13807109701</name><desc>camera:type=fixed
direction=226
man_made=surveillance
manufacturer=Bosch Security Systems
manufacturer:wikidata=Q111144357
surveillance=public
surveillance:type=ALPR
surveillance:zone=traffic</desc><link href="http://osm.org/browse/node/13807109701"/></wpt><wpt lat="37.7885963" lon="-122.3880919"><name>node/13807110601</name><desc>camera:type=fixed
direction=235
man_made=surveillance
manufacturer=Bosch Security Systems
manufacturer:wikidata=Q111144357
surveillance=public
surveillance:type=ALPR
surveillance:zone=traffic</desc><link href="http://osm.org/browse/node/13807110601"/></wpt><wpt lat="37.7910798" lon="-122.3853344"><name>node/13807110602</name><desc>camera:type=fixed
direction=237
man_made=surveillance
surveillance=public
surveillance:zone=traffic</desc><link href="http://osm.org/browse/node/13807110602"/></wpt><wpt lat="37.7899997" lon="-122.3865304"><name>node/13807111601</name><desc>camera:type=fixed
direction=227
man_made=surveillance
surveillance=public
surveillance:zone=traffic</desc><link href="http://osm.org/browse/node/13807111601"/></wpt><wpt lat="37.8083995" lon="-122.3668482"><name>node/13807112413</name><desc>camera:type=fixed
direction=0
man_made=surveillance
manufacturer=Bosch Security Systems
manufacturer:wikidata=Q111144357
surveillance=public
surveillance:type=ALPR
surveillance:zone=traffic</desc><link href="http://osm.org/browse/node/13807112413"/></wpt><wpt lat="37.8056073" lon="-122.432046"><name>node/13807524701</name><desc>camera:type=fixed
direction=82
image=https://alpr.pictures/san-francisco/fort%20mason%20center%20parking%20entrance.jpg
man_made=surveillance
manufacturer=Flock Safety
manufacturer:wikidata=Q108485435
surveillance=public
surveillance:type=ALPR
surveillance:zone=traffic</desc><link href="http://osm.org/browse/node/13807524701"/></wpt><wpt lat="37.8004965" lon="-122.4397708"><name>node/13809784801</name><desc>camera:type=fixed
direction=237
man_made=surveillance
manufacturer=Flock Safety
manufacturer:wikidata=Q108485435
surveillance=public
surveillance:type=ALPR
surveillance:zone=traffic</desc><link href="http://osm.org/browse/node/13809784801"/></wpt><wpt lat="37.7407462" lon="-122.4943979"><name>node/13810019301</name><desc>camera:type=fixed
direction=184
man_made=surveillance
manufacturer=Flock Safety
manufacturer:wikidata=Q108485435
surveillance=public
surveillance:type=ALPR
surveillance:zone=traffic</desc><link href="http://osm.org/browse/node/13810019301"/></wpt><wpt lat="37.8044597" lon="-122.426784"><name>node/13816380201</name><desc>camera:type=fixed
direction=323
image=https://alpr.pictures/san-francisco/franklin%20nbfs%20bay.jpg
man_made=surveillance
manufacturer=Flock Safety
manufacturer:wikidata=Q108485435
surveillance=public
surveillance:type=ALPR
surveillance:zone=traffic</desc><link href="http://osm.org/browse/node/13816380201"/></wpt><wpt lat="37.8020795" lon="-122.4195565"><name>node/13863617342</name><desc>camera:mount=pole
camera:type=fixed
direction=320
man_made=surveillance
manufacturer=Flock Safety
manufacturer:wikidata=Q108485435
operator=San Francisco Police Department
operator:wikidata=Q1320247
surveillance=public
surveillance:type=ALPR
surveillance:zone=traffic</desc><link href="http://osm.org/browse/node/13863617342"/></wpt><wpt lat="37.789489" lon="-122.4170146"><name>node/13875165401</name><desc>camera:mount=pole
camera:type=fixed
direction=185
man_made=surveillance
manufacturer=Flock Safety
manufacturer:wikidata=Q108485435
operator=San Francisco Police Department
operator:wikidata=Q1320247
surveillance=public
surveillance:type=ALPR
surveillance:zone=traffic</desc><link href="http://osm.org/browse/node/13875165401"/></wpt><wpt lat="37.808706" lon="-122.4124261"><name>node/13885494601</name><desc>camera:type=fixed
direction=321
man_made=surveillance
manufacturer=Flock Safety
manufacturer:wikidata=Q108485435
surveillance=public
surveillance:type=ALPR
surveillance:zone=traffic</desc><link href="http://osm.org/browse/node/13885494601"/></wpt><wpt lat="37.808481" lon="-122.4126014"><name>node/13885494701</name><desc>camera:type=fixed
direction=149
man_made=surveillance
manufacturer=Flock Safety
manufacturer:wikidata=Q108485435
surveillance=public
surveillance:type=ALPR
surveillance:zone=traffic</desc><link href="http://osm.org/browse/node/13885494701"/></wpt><wpt lat="37.7798667" lon="-122.5114353"><name>node/13885726701</name><desc>camera:mount=pole
camera:type=fixed
direction=0
man_made=surveillance
manufacturer=Flock Safety
manufacturer:wikidata=Q108485435
surveillance=public
surveillance:type=ALPR
surveillance:zone=traffic</desc><link href="http://osm.org/browse/node/13885726701"/></wpt><wpt lat="37.7921321" lon="-122.4126175"><name>node/13892845801</name><desc>camera:mount=street_lamp
camera:type=fixed
direction=164
image=https://alpr.pictures/san-francisco/taylor%20sbfs%20sacramento.jpg
man_made=surveillance
manufacturer=Flock Safety
manufacturer:wikidata=Q108485435
surveillance=public
surveillance:type=ALPR
surveillance:zone=traffic</desc><link href="http://osm.org/browse/node/13892845801"/></wpt><wpt lat="37.8067524" lon="-122.4717242"><name>node/13897479101</name><desc>camera:type=fixed
direction=0
image=https://alpr.pictures/san-francisco/battery%20east%20parking%20nbfs%20lincoln.jpg
man_made=surveillance
manufacturer=Flock Safety
manufacturer:wikidata=Q108485435
surveillance=public
surveillance:type=ALPR
surveillance:zone=traffic</desc><link href="http://osm.org/browse/node/13897479101"/></wpt><wpt lat="37.8072366" lon="-122.4725484"><name>node/13903005209</name><desc>camera:direction=0-360
camera:mount=pole
camera:type=panning
image=https://alpr.pictures/san-francisco/battery%20east%20parking%20north%20side.jpg
man_made=surveillance
manufacturer=Flock Safety
manufacturer:wikidata=Q108485435
surveillance=public
surveillance:type=camera</desc><link href="http://osm.org/browse/node/13903005209"/></wpt><wpt lat="37.7366732" lon="-122.464378"><name>node/13950960201</name><desc>camera:type=fixed
direction=180
man_made=surveillance
manufacturer=Flock Safety
manufacturer:wikidata=Q108485435
surveillance=public
surveillance:type=ALPR
surveillance:zone=traffic</desc><link href="http://osm.org/browse/node/13950960201"/></wpt><wpt lat="37.7368307" lon="-122.4646352"><name>node/13950962701</name><desc>camera:type=fixed
direction=172
man_made=surveillance
manufacturer=Flock Safety
manufacturer:wikidata=Q108485435
surveillance=public
surveillance:type=ALPR
surveillance:zone=traffic</desc><link href="http://osm.org/browse/node/13950962701"/></wpt><wpt lat="37.7370513" lon="-122.4650571"><name>node/13950967101</name><desc>camera:type=fixed
direction=256
man_made=surveillance
manufacturer=Flock Safety
manufacturer:wikidata=Q108485435
surveillance=public
surveillance:type=ALPR
surveillance:zone=traffic</desc><link href="http://osm.org/browse/node/13950967101"/></wpt><wpt lat="37.805884" lon="-122.4699385"><name>node/13954753401</name><desc>camera:mount=pole
camera:type=fixed
direction=0
image=https://alpr.pictures/san-francisco/long%20nbfs%20lincoln.jpg
man_made=surveillance
manufacturer=Flock Safety
manufacturer:wikidata=Q108485435
surveillance=public
surveillance:type=ALPR
surveillance:zone=traffic</desc><link href="http://osm.org/browse/node/13954753401"/></wpt><wpt lat="37.7293947" lon="-122.4751458"><name>node/13958845101</name><desc>camera:type=fixed
direction=156
man_made=surveillance
manufacturer=Flock Safety
manufacturer:wikidata=Q108485435
surveillance=public
surveillance:type=ALPR
surveillance:zone=traffic</desc><link href="http://osm.org/browse/node/13958845101"/></wpt><wpt lat="37.7287971" lon="-122.4784835"><name>node/13958845401</name><desc>camera:type=fixed
direction=199
image=https://alpr.pictures/san-francisco/buckingham%20sbns%20winston.jpg
man_made=surveillance
manufacturer=Flock Safety
manufacturer:wikidata=Q108485435
surveillance=public
surveillance:type=ALPR
surveillance:zone=traffic</desc><link href="http://osm.org/browse/node/13958845401"/></wpt><wpt lat="37.7324851" lon="-122.4937584"><name>node/13959164801</name><desc>camera:type=fixed
direction=16
man_made=surveillance
manufacturer=Flock Safety
manufacturer:wikidata=Q108485435
surveillance=public
surveillance:type=ALPR
surveillance:zone=traffic</desc><link href="http://osm.org/browse/node/13959164801"/></wpt><wpt lat="37.7536429" lon="-122.3957159"><name>node/13961462601</name><desc>camera:type=fixed
direction=359
man_made=surveillance
manufacturer=Flock Safety
manufacturer:wikidata=Q108485435
surveillance=public
surveillance:type=ALPR
surveillance:zone=traffic</desc><link href="http://osm.org/browse/node/13961462601"/></wpt><wpt lat="37.7266344" lon="-122.4760111"><name>node/13963068603</name><desc>camera:type=fixed
direction=352
man_made=surveillance
manufacturer=Flock Safety
manufacturer:wikidata=Q108485435
surveillance=public
surveillance:type=ALPR
surveillance:zone=traffic</desc><link href="http://osm.org/browse/node/13963068603"/></wpt><wpt lat="37.7275286" lon="-122.476059"><name>node/13963073401</name><desc>camera:type=fixed
direction=174
man_made=surveillance
manufacturer=Flock Safety
manufacturer:wikidata=Q108485435
surveillance=public
surveillance:type=ALPR
surveillance:zone=traffic</desc><link href="http://osm.org/browse/node/13963073401"/></wpt><wpt lat="37.7785347" lon="-122.4195259"><name>node/13968835002</name><desc>camera:type=fixed
direction=0
man_made=surveillance
manufacturer=Flock Safety
manufacturer:wikidata=Q108485435
surveillance=public
surveillance:type=ALPR
surveillance:zone=traffic</desc><link href="http://osm.org/browse/node/13968835002"/></wpt><wpt lat="37.7195467" lon="-122.4476706"><name>node/13971128001</name><desc>camera:mount=street_lamp
camera:type=fixed
direction=179
man_made=surveillance
manufacturer=Flock Safety
manufacturer:wikidata=Q108485435
surveillance=public
surveillance:type=ALPR
surveillance:zone=traffic</desc><link href="http://osm.org/browse/node/13971128001"/></wpt><wpt lat="37.7185834" lon="-122.5013085"><name>node/13986670701</name><desc>camera:type=fixed
direction=0
man_made=surveillance
manufacturer=Flock Safety
manufacturer:wikidata=Q108485435
surveillance=public
surveillance:type=ALPR
surveillance:zone=traffic</desc><link href="http://osm.org/browse/node/13986670701"/></wpt><wpt lat="37.7919154" lon="-122.4463824"><name>node/13996539401</name><desc>camera:type=fixed
direction=106
man_made=surveillance
manufacturer=Flock Safety
manufacturer:wikidata=Q108485435
surveillance=public
surveillance:type=ALPR
surveillance:zone=traffic</desc><link href="http://osm.org/browse/node/13996539401"/></wpt><wpt lat="37.7819954" lon="-122.4098068"><name>node/14017249401</name><desc>camera:type=fixed
direction=0
man_made=surveillance
manufacturer=Flock Safety
manufacturer:wikidata=Q108485435
surveillance=public
surveillance:type=ALPR
surveillance:zone=traffic</desc><link href="http://osm.org/browse/node/14017249401"/></wpt><wpt lat="37.7818477" lon="-122.409864"><name>node/14017249402</name><desc>camera:type=fixed
direction=0
man_made=surveillance
manufacturer=Motorola Solutions
manufacturer:wikidata=Q634815
surveillance=public
surveillance:type=ALPR
surveillance:zone=traffic</desc><link href="http://osm.org/browse/node/14017249402"/></wpt><wpt lat="37.7818583" lon="-122.4098747"><name>node/14017252501</name><desc>camera:type=fixed
direction=51
man_made=surveillance
manufacturer=Neology, Inc.
surveillance=public
surveillance:type=ALPR
surveillance:zone=traffic</desc><link href="http://osm.org/browse/node/14017252501"/></wpt><wpt lat="37.7827583" lon="-122.3890183"><name>node/14020853311</name><desc>camera:direction=354
camera:mount=wall
camera:type=fixed
man_made=surveillance
surveillance=public
surveillance:type=camera
surveillance:zone=entrance</desc><link href="http://osm.org/browse/node/14020853311"/></wpt><wpt lat="37.7825588" lon="-122.3887979"><name>node/14020881720</name><desc>camera:direction=139
camera:mount=wall
camera:type=dome
man_made=surveillance
surveillance=outdoor
surveillance:type=camera
surveillance:zone=entrance</desc><link href="http://osm.org/browse/node/14020881720"/></wpt><wpt lat="37.7825718" lon="-122.3888178"><name>node/14020885932</name><desc>camera:direction=314
camera:mount=wall
camera:type=dome
man_made=surveillance
surveillance=outdoor
surveillance:type=camera
surveillance:zone=entrance</desc><link href="http://osm.org/browse/node/14020885932"/></wpt><wpt lat="37.7818682" lon="-122.3892313"><name>node/14020896073</name><desc>camera:direction=43
camera:mount=wall
camera:type=dome
man_made=surveillance
surveillance=outdoor
surveillance:type=camera
surveillance:zone=entrance</desc><link href="http://osm.org/browse/node/14020896073"/></wpt><wpt lat="37.7818299" lon="-122.389227"><name>node/14020904405</name><desc>camera:direction=131
camera:mount=wall
camera:type=dome
man_made=surveillance
surveillance=outdoor
surveillance:type=camera
surveillance:zone=entrance</desc><link href="http://osm.org/browse/node/14020904405"/></wpt><wpt lat="37.7817666" lon="-122.3905231"><name>node/14020906561</name><desc>camera:direction=52
camera:mount=wall
camera:type=dome
man_made=surveillance
surveillance=public
surveillance:type=camera
surveillance:zone=street</desc><link href="http://osm.org/browse/node/14020906561"/></wpt><wpt lat="37.7812915" lon="-122.3899224"><name>node/14020909671</name><desc>camera:direction=0
camera:mount=wall
camera:type=fixed
level=2
man_made=surveillance
surveillance=public
surveillance:type=camera
surveillance:zone=street</desc><link href="http://osm.org/browse/node/14020909671"/></wpt><wpt lat="37.7818778" lon="-122.3892433"><name>node/14020912603</name><desc>camera:direction=340
camera:mount=wall
camera:type=fixed
man_made=surveillance
surveillance=outdoor
surveillance:type=camera
surveillance:zone=corridor</desc><link href="http://osm.org/browse/node/14020912603"/></wpt><wpt lat="37.7816476" lon="-122.3903724"><name>node/14020916874</name><desc>camera:direction=85
camera:mount=wall
camera:type=fixed
man_made=surveillance
surveillance=outdoor
surveillance:type=camera
surveillance:zone=entrance</desc><link href="http://osm.org/browse/node/14020916874"/></wpt><wpt lat="37.781265" lon="-122.3899232"><name>node/14020925603</name><desc>camera:direction=174
camera:mount=wall
camera:type=fixed
level=2
man_made=surveillance
surveillance=public
surveillance:type=camera
surveillance:zone=street</desc><link href="http://osm.org/browse/node/14020925603"/></wpt><wpt lat="37.7816923" lon="-122.3901079"><name>node/14020926671</name><desc>camera:direction=223
camera:mount=wall
camera:type=dome
man_made=surveillance
surveillance=outdoor
surveillance:type=camera
surveillance:zone=entrance</desc><link href="http://osm.org/browse/node/14020926671"/></wpt><wpt lat="37.7821092" lon="-122.3909569"><name>node/14020927478</name><desc>camera:direction=48
camera:mount=wall
camera:type=dome
man_made=surveillance
surveillance=public
surveillance:type=camera
surveillance:zone=street</desc><link href="http://osm.org/browse/node/14020927478"/></wpt><wpt lat="37.7821483" lon="-122.3910063"><name>node/14020927536</name><desc>camera:direction=320
camera:mount=wall
camera:type=dome
man_made=surveillance
surveillance=public
surveillance:type=camera
surveillance:zone=street</desc><link href="http://osm.org/browse/node/14020927536"/></wpt><wpt lat="37.7835141" lon="-122.3893837"><name>node/14022847490</name><desc>camera:direction=309
camera:mount=wall
camera:type=fixed
man_made=surveillance
surveillance=indoor
surveillance:type=camera</desc><link href="http://osm.org/browse/node/14022847490"/></wpt><wpt lat="37.7845948" lon="-122.3888475"><name>node/14022879192</name><desc>camera:direction=136
camera:mount=wall
camera:type=doorbell
man_made=surveillance
surveillance=outdoor
surveillance:type=camera
surveillance:zone=entrance</desc><link href="http://osm.org/browse/node/14022879192"/></wpt><wpt lat="37.7843892" lon="-122.3883758"><name>node/14022885780</name><desc>camera:direction=105
camera:mount=wall
camera:type=dome
man_made=surveillance
surveillance=public
surveillance:type=camera
surveillance:zone=entrance</desc><link href="http://osm.org/browse/node/14022885780"/></wpt><wpt lat="37.7843258" lon="-122.3892521"><name>node/14022886211</name><desc>camera:direction=228
camera:mount=wall
camera:type=dome
man_made=surveillance
surveillance=outdoor
surveillance:type=camera
surveillance:zone=entrance</desc><link href="http://osm.org/browse/node/14022886211"/></wpt><wpt lat="37.783092" lon="-122.388575"><name>node/14022889818</name><desc>camera:direction=185
camera:mount=wall
camera:type=dome
man_made=surveillance
surveillance=outdoor
surveillance:type=camera
surveillance:zone=entrance</desc><link href="http://osm.org/browse/node/14022889818"/></wpt><wpt lat="37.783038" lon="-122.3888094"><name>node/14022891978</name><desc>camera:direction=138
camera:mount=wall
camera:type=dome
man_made=surveillance
surveillance=outdoor
surveillance:type=camera
surveillance:zone=entrance</desc><link href="http://osm.org/browse/node/14022891978"/></wpt><wpt lat="37.7830676" lon="-122.3888926"><name>node/14022892481</name><desc>camera:direction=228
camera:mount=wall
camera:type=fixed
man_made=surveillance
surveillance=indoor
surveillance:type=camera
surveillance:zone=shop</desc><link href="http://osm.org/browse/node/14022892481"/></wpt><wpt lat="37.7860424" lon="-122.3896442"><name>node/14022892956</name><desc>camera:direction=2
camera:mount=wall
camera:type=doorbell
man_made=surveillance
surveillance=outdoor
surveillance:type=camera
surveillance:zone=entrance</desc><link href="http://osm.org/browse/node/14022892956"/></wpt><wpt lat="37.7840718" lon="-122.388389"><name>node/14022896438</name><desc>camera:direction=179
camera:mount=wall
camera:type=fixed
man_made=surveillance
surveillance=outdoor
surveillance:type=camera
surveillance:zone=entrance</desc><link href="http://osm.org/browse/node/14022896438"/></wpt><wpt lat="37.7852103" lon="-122.388564"><name>node/14022898775</name><desc>camera:direction=95
camera:mount=wall
camera:type=fixed
man_made=surveillance
surveillance=outdoor
surveillance:type=camera
surveillance:zone=entrance</desc><link href="http://osm.org/browse/node/14022898775"/></wpt><wpt lat="37.7849701" lon="-122.3883734"><name>node/14022899149</name><desc>camera:direction=68
camera:mount=wall
camera:type=fixed
man_made=surveillance
surveillance=outdoor
surveillance:type=camera
surveillance:zone=entrance</desc><link href="http://osm.org/browse/node/14022899149"/></wpt><wpt lat="37.7852172" lon="-122.3885729"><name>node/14022902822</name><desc>camera:direction=337
camera:mount=wall
camera:type=fixed
man_made=surveillance
surveillance=outdoor
surveillance:type=camera
surveillance:zone=entrance</desc><link href="http://osm.org/browse/node/14022902822"/></wpt><wpt lat="37.7850101" lon="-122.3883189"><name>node/14022903173</name><desc>camera:direction=229
camera:mount=wall
camera:type=fixed
man_made=surveillance
surveillance=outdoor
surveillance:type=camera
surveillance:zone=entrance</desc><link href="http://osm.org/browse/node/14022903173"/></wpt><wpt lat="37.7849997" lon="-122.3886133"><name>node/14022904950</name><desc>camera:direction=227
camera:mount=wall
camera:type=fixed
man_made=surveillance
surveillance=outdoor
surveillance:type=camera</desc><link href="http://osm.org/browse/node/14022904950"/></wpt><wpt lat="37.7853678" lon="-122.3887666"><name>node/14022915397</name><desc>camera:direction=47
camera:mount=wall
camera:type=dome
man_made=surveillance
surveillance=public
surveillance:type=camera
surveillance:zone=street</desc><link href="http://osm.org/browse/node/14022915397"/></wpt><wpt lat="37.7850334" lon="-122.3883365"><name>node/14022916360</name><desc>camera:direction=341
camera:mount=wall
camera:type=fixed
man_made=surveillance
surveillance=outdoor
surveillance:type=camera
surveillance:zone=entrance</desc><link href="http://osm.org/browse/node/14022916360"/></wpt><wpt lat="37.7849707" lon="-122.3883896"><name>node/14022922023</name><desc>camera:direction=246
camera:mount=wall
camera:type=fixed
man_made=surveillance
surveillance=outdoor
surveillance:type=camera
surveillance:zone=entrance</desc><link href="http://osm.org/browse/node/14022922023"/></wpt><wpt lat="37.7860375" lon="-122.3896094"><name>node/14022940442</name><desc>camera:direction=94
camera:mount=wall
camera:type=fixed
man_made=surveillance
surveillance=public
surveillance:type=camera
surveillance:zone=street</desc><link href="http://osm.org/browse/node/14022940442"/></wpt><wpt lat="37.7849734" lon="-122.3907814"><name>node/14022943227</name><desc>camera:direction=269
camera:mount=wall
camera:type=dome
man_made=surveillance
surveillance=outdoor
surveillance:type=camera
surveillance:zone=entrance</desc><link href="http://osm.org/browse/node/14022943227"/></wpt><wpt lat="37.7852001" lon="-122.3907575"><name>node/14022943876</name><desc>camera:direction=319
camera:mount=wall
camera:type=dome
man_made=surveillance
surveillance=public
surveillance:type=camera
surveillance:zone=street</desc><link href="http://osm.org/browse/node/14022943876"/></wpt><wpt lat="37.7859766" lon="-122.3891388"><name>node/14022951260</name><desc>camera:direction=231
camera:mount=wall
camera:type=dome
man_made=surveillance
surveillance=public
surveillance:type=camera
surveillance:zone=street</desc><link href="http://osm.org/browse/node/14022951260"/></wpt><wpt lat="37.7858437" lon="-122.3899043"><name>node/14022953803</name><desc>camera:direction=321
camera:mount=wall
camera:type=dome
man_made=surveillance
surveillance=public
surveillance:type=camera
surveillance:zone=street</desc><link href="http://osm.org/browse/node/14022953803"/></wpt><wpt lat="37.7855234" lon="-122.3903131"><name>node/14022960303</name><desc>camera:direction=319
camera:mount=wall
camera:type=dome
man_made=surveillance
surveillance=public
surveillance:type=camera
surveillance:zone=street</desc><link href="http://osm.org/browse/node/14022960303"/></wpt><wpt lat="37.7837942" lon="-122.3898704"><name>node/14023034466</name><desc>camera:direction=179
camera:mount=wall
camera:type=doorbell
man_made=surveillance
surveillance=outdoor
surveillance:type=camera
surveillance:zone=entrance</desc><link href="http://osm.org/browse/node/14023034466"/></wpt><wpt lat="37.7850537" lon="-122.3898156"><name>node/14023037164</name><desc>camera:direction=165
camera:mount=wall
camera:type=fixed
man_made=surveillance
surveillance=outdoor
surveillance:type=camera</desc><link href="http://osm.org/browse/node/14023037164"/></wpt><wpt lat="37.7843231" lon="-122.3900842"><name>node/14023043169</name><desc>camera:direction=156
camera:mount=wall
camera:type=fixed
man_made=surveillance
surveillance=outdoor
surveillance:type=camera
surveillance:zone=entrance</desc><link href="http://osm.org/browse/node/14023043169"/></wpt><wpt lat="37.784056" lon="-122.3906433"><name>node/14023064845</name><desc>camera:direction=24
camera:mount=wall
camera:type=dome
man_made=surveillance
surveillance=outdoor
surveillance:type=camera
surveillance:zone=entrance</desc><link href="http://osm.org/browse/node/14023064845"/></wpt><wpt lat="37.7840422" lon="-122.3915665"><name>node/14023068391</name><desc>camera:direction=179
camera:mount=wall
camera:type=fixed
man_made=surveillance
surveillance:type=camera</desc><link href="http://osm.org/browse/node/14023068391"/></wpt><wpt lat="37.7838679" lon="-122.39039"><name>node/14023069199</name><desc>camera:direction=48
camera:mount=wall
camera:type=dome
man_made=surveillance
surveillance=outdoor
surveillance:type=camera
surveillance:zone=entrance</desc><link href="http://osm.org/browse/node/14023069199"/></wpt><wpt lat="37.7844688" lon="-122.3911329"><name>node/14023080972</name><desc>camera:direction=50
camera:mount=wall
camera:type=doorbell
man_made=surveillance
surveillance=outdoor
surveillance:type=camera
surveillance:zone=entrance</desc><link href="http://osm.org/browse/node/14023080972"/></wpt><wpt lat="37.7822316" lon="-122.3922652"><name>node/14023090297</name><desc>camera:direction=231
camera:mount=wall
camera:type=dome
man_made=surveillance
surveillance=outdoor
surveillance:type=camera
surveillance:zone=entrance</desc><link href="http://osm.org/browse/node/14023090297"/></wpt><wpt lat="37.7836638" lon="-122.3926893"><name>node/14023091382</name><desc>camera:direction=323
camera:mount=wall
camera:type=dome
man_made=surveillance
surveillance=public
surveillance:type=camera
surveillance:zone=street</desc><link href="http://osm.org/browse/node/14023091382"/></wpt><wpt lat="37.7842757" lon="-122.3909238"><name>node/14023096401</name><desc>camera:direction=51
camera:mount=wall
camera:type=dome
man_made=surveillance
surveillance=public
surveillance:type=camera
surveillance:zone=street</desc><link href="http://osm.org/browse/node/14023096401"/></wpt><wpt lat="37.7846202" lon="-122.3913335"><name>node/14023096677</name><desc>camera:direction=50
camera:mount=wall
camera:type=dome
man_made=surveillance
surveillance=outdoor
surveillance:type=camera
surveillance:zone=entrance</desc><link href="http://osm.org/browse/node/14023096677"/></wpt><wpt lat="37.7838021" lon="-122.3915728"><name>node/14023096934</name><desc>camera:direction=223
camera:mount=wall
camera:type=dome
man_made=surveillance
surveillance=outdoor
surveillance:type=camera
surveillance:zone=entrance</desc><link href="http://osm.org/browse/node/14023096934"/></wpt><wpt lat="37.7840234" lon="-122.3919098"><name>node/14023118433</name><desc>camera:direction=48
camera:mount=wall
camera:type=dome
man_made=surveillance
surveillance=public
surveillance:type=camera
surveillance:zone=street</desc><link href="http://osm.org/browse/node/14023118433"/></wpt><wpt lat="37.7842691" lon="-122.3919219"><name>node/14023123439</name><desc>camera:direction=257
camera:mount=wall
camera:type=fixed
man_made=surveillance
surveillance=public
surveillance:type=camera
surveillance:zone=street</desc><link href="http://osm.org/browse/node/14023123439"/></wpt><wpt lat="37.7826916" lon="-122.3929346"><name>node/14023123473</name><desc>camera:direction=229
camera:mount=wall
camera:type=dome
man_made=surveillance
surveillance=public
surveillance:type=camera
surveillance:zone=entrance</desc><link href="http://osm.org/browse/node/14023123473"/></wpt><wpt lat="37.7841752" lon="-122.3915787"><name>node/14023126465</name><desc>camera:direction=277
camera:mount=wall
camera:type=fixed
man_made=surveillance
surveillance=outdoor
surveillance:type=camera
surveillance:zone=parking</desc><link href="http://osm.org/browse/node/14023126465"/></wpt><wpt lat="37.7841871" lon="-122.3915633"><name>node/14023130444</name><desc>camera:direction=351
camera:mount=wall
camera:type=fixed
man_made=surveillance
surveillance=outdoor
surveillance:type=camera
surveillance:zone=parking</desc><link href="http://osm.org/browse/node/14023130444"/></wpt><wpt lat="37.7828721" lon="-122.3919796"><name>node/14023130454</name><desc>camera:direction=145
camera:mount=wall
camera:type=dome
man_made=surveillance
surveillance=public
surveillance:type=camera
surveillance:zone=street</desc><link href="http://osm.org/browse/node/14023130454"/></wpt><wpt lat="37.7841431" lon="-122.3914635"><name>node/14023131454</name><desc>camera:direction=343
camera:mount=wall
camera:type=fixed
man_made=surveillance
surveillance=outdoor
surveillance:type=camera
surveillance:zone=parking</desc><link href="http://osm.org/browse/node/14023131454"/></wpt><wpt lat="37.7835517" lon="-122.3927225"><name>node/14023136459</name><desc>camera:direction=224
camera:mount=wall
camera:type=dome
man_made=surveillance
surveillance=outdoor
surveillance:type=camera
surveillance:zone=entrance</desc><link href="http://osm.org/browse/node/14023136459"/></wpt><wpt lat="37.7837482" lon="-122.3925842"><name>node/14023136586</name><desc>camera:direction=323
camera:mount=wall
camera:type=dome
man_made=surveillance
surveillance=public
surveillance:type=camera
surveillance:zone=street</desc><link href="http://osm.org/browse/node/14023136586"/></wpt><wpt lat="37.7838285" lon="-122.3924841"><name>node/14023143022</name><desc>camera:direction=323
camera:mount=wall
camera:type=dome
man_made=surveillance
surveillance=public
surveillance:type=camera
surveillance:zone=street</desc><link href="http://osm.org/browse/node/14023143022"/></wpt><wpt lat="37.7828947" lon="-122.3918551"><name>node/14023143051</name><desc>camera:direction=223
camera:mount=wall
camera:type=dome
man_made=surveillance
surveillance=public
surveillance:type=camera
surveillance:zone=entrance</desc><link href="http://osm.org/browse/node/14023143051"/></wpt><wpt lat="37.7825029" lon="-122.3922608"><name>node/14023143061</name><desc>camera:direction=270
camera:mount=wall
camera:type=fixed
man_made=surveillance
surveillance=public
surveillance:type=camera
surveillance:zone=street</desc><link href="http://osm.org/browse/node/14023143061"/></wpt><wpt lat="37.7825503" lon="-122.3927539"><name>node/14023143066</name><desc>camera:direction=230
camera:mount=wall
camera:type=doorbell
man_made=surveillance
surveillance=public
surveillance:type=camera
surveillance:zone=entrance</desc><link href="http://osm.org/browse/node/14023143066"/></wpt><wpt lat="37.8013865" lon="-122.4247795"><name>node/14023145901</name><desc>camera:type=fixed
direction=234
man_made=surveillance
manufacturer=Flock Safety
manufacturer:wikidata=Q108485435
surveillance=public
surveillance:type=ALPR
surveillance:zone=traffic</desc><link href="http://osm.org/browse/node/14023145901"/></wpt><wpt lat="37.7827329" lon="-122.392934"><name>node/14023152421</name><desc>camera:direction=320
camera:mount=wall
camera:type=dome
man_made=surveillance
surveillance=public
surveillance:type=camera
surveillance:zone=entrance</desc><link href="http://osm.org/browse/node/14023152421"/></wpt><wpt lat="37.7827603" lon="-122.3921207"><name>node/14023154458</name><desc>camera:direction=141
camera:mount=wall
camera:type=dome
man_made=surveillance
surveillance=public
surveillance:type=camera
surveillance:zone=entrance</desc><link href="http://osm.org/browse/node/14023154458"/></wpt><wpt lat="37.7827444" lon="-122.3919584"><name>node/14023157607</name><desc>camera:direction=243
camera:mount=wall
camera:type=fixed
man_made=surveillance
surveillance=public
surveillance:type=camera
surveillance:zone=entrance</desc><link href="http://osm.org/browse/node/14023157607"/></wpt><wpt lat="37.7828049" lon="-122.391883"><name>node/14023160534</name><desc>camera:direction=302
camera:mount=wall
camera:type=dome
man_made=surveillance
surveillance=public
surveillance:type=camera
surveillance:zone=street</desc><link href="http://osm.org/browse/node/14023160534"/></wpt><wpt lat="37.7829066" lon="-122.391975"><name>node/14023164639</name><desc>camera:direction=49
camera:mount=wall
camera:type=dome
man_made=surveillance
surveillance=public
surveillance:type=camera
surveillance:zone=street</desc><link href="http://osm.org/browse/node/14023164639"/></wpt><wpt lat="37.7824211" lon="-122.3925894"><name>node/14023167221</name><desc>camera:direction=229
camera:mount=wall
camera:type=dome
man_made=surveillance
surveillance=public
surveillance:type=camera
surveillance:zone=entrance</desc><link href="http://osm.org/browse/node/14023167221"/></wpt><wpt lat="37.7824601" lon="-122.3925432"><name>node/14023174252</name><desc>camera:direction=42
camera:mount=wall
camera:type=dome
level=2
man_made=surveillance
surveillance=public
surveillance:type=camera</desc><link href="http://osm.org/browse/node/14023174252"/></wpt><wpt lat="37.7825081" lon="-122.3922301"><name>node/14023177301</name><desc>camera:direction=103
camera:mount=wall
camera:type=fixed
man_made=surveillance
surveillance=outdoor
surveillance:type=camera
surveillance:zone=parking</desc><link href="http://osm.org/browse/node/14023177301"/></wpt><wpt lat="37.7825324" lon="-122.3927197"><name>node/14023179622</name><desc>camera:direction=135
camera:mount=wall
camera:type=doorbell
man_made=surveillance
surveillance=outdoor
surveillance:type=camera
surveillance:zone=entrance</desc><link href="http://osm.org/browse/node/14023179622"/></wpt><wpt lat="37.806427" lon="-122.4690661"><name>node/14024777801</name><desc>camera:mount=pole
camera:type=fixed
direction=245
image=https://alpr.pictures/san-francisco/mason%20nbns%20north%20bluff%20parking.jpg
man_made=surveillance
manufacturer=Flock Safety
manufacturer:wikidata=Q108485435
surveillance=public
surveillance:type=ALPR
surveillance:zone=traffic</desc><link href="http://osm.org/browse/node/14024777801"/></wpt><wpt lat="37.7812913" lon="-122.391184"><name>node/14024968908</name><desc>camera:direction=314
camera:type=fixed
man_made=surveillance
surveillance=public
surveillance:type=camera
surveillance:zone=entrance</desc><link href="http://osm.org/browse/node/14024968908"/></wpt><wpt lat="37.7810065" lon="-122.3898114"><name>node/14024974341</name><desc>camera:direction=343
camera:mount=wall
camera:type=dome
man_made=surveillance
surveillance=public
surveillance:type=camera
surveillance:zone=street</desc><link href="http://osm.org/browse/node/14024974341"/></wpt><wpt lat="37.7809786" lon="-122.3898466"><name>node/14024981434</name><desc>camera:direction=274
camera:mount=wall
camera:type=dome
man_made=surveillance
surveillance=public
surveillance:type=camera
surveillance:zone=street</desc><link href="http://osm.org/browse/node/14024981434"/></wpt><wpt lat="37.7804717" lon="-122.3893781"><name>node/14024981435</name><desc>camera:direction=135
camera:mount=wall
camera:type=dome
man_made=surveillance
surveillance=public
surveillance:type=camera
surveillance:zone=entrance</desc><link href="http://osm.org/browse/node/14024981435"/></wpt><wpt lat="37.7806502" lon="-122.3890592"><name>node/14024992336</name><desc>camera:direction=48
camera:mount=wall
camera:type=dome
man_made=surveillance
surveillance=outdoor
surveillance:type=camera
surveillance:zone=entrance</desc><link href="http://osm.org/browse/node/14024992336"/></wpt><wpt lat="37.7805677" lon="-122.3902685"><name>node/14024996073</name><desc>camera:direction=177
camera:mount=wall
camera:type=fixed
man_made=surveillance
surveillance=outdoor
surveillance:type=camera
surveillance:zone=entrance</desc><link href="http://osm.org/browse/node/14024996073"/></wpt><wpt lat="37.7806217" lon="-122.3902841"><name>node/14025051252</name><desc>camera:direction=201
camera:mount=wall
camera:type=fixed
man_made=surveillance
surveillance=public
surveillance:type=camera
surveillance:zone=entrance</desc><link href="http://osm.org/browse/node/14025051252"/></wpt><wpt lat="37.7817438" lon="-122.3917691"><name>node/14025052136</name><desc>camera:direction=232
camera:mount=wall
camera:type=dome
man_made=surveillance
surveillance=public
surveillance:type=camera
surveillance:zone=street</desc><link href="http://osm.org/browse/node/14025052136"/></wpt><wpt lat="37.7806444" lon="-122.3902699"><name>node/14025052139</name><desc>camera:direction=34
camera:mount=wall
camera:type=fixed
man_made=surveillance
surveillance=public
surveillance:type=camera
surveillance:zone=street</desc><link href="http://osm.org/browse/node/14025052139"/></wpt><wpt lat="37.7810035" lon="-122.3902452"><name>node/14025054443</name><desc>camera:direction=51
camera:type=fixed
man_made=surveillance
surveillance=public
surveillance:type=camera
surveillance:zone=street</desc><link href="http://osm.org/browse/node/14025054443"/></wpt><wpt lat="37.7817238" lon="-122.3916587"><name>node/14025057701</name><desc>camera:direction=242
camera:mount=wall
camera:type=dome
man_made=surveillance
surveillance=public
surveillance:type=camera
surveillance:zone=entrance</desc><link href="http://osm.org/browse/node/14025057701"/></wpt><wpt lat="37.7814164" lon="-122.3892785"><name>node/14025058150</name><desc>camera:direction=322
camera:mount=wall
camera:type=dome
man_made=surveillance
surveillance=outdoor
surveillance:type=camera
surveillance:zone=entrance</desc><link href="http://osm.org/browse/node/14025058150"/></wpt><wpt lat="37.7808089" lon="-122.3905856"><name>node/14025058885</name><desc>camera:direction=311
camera:type=fixed
man_made=surveillance
surveillance=public
surveillance:type=camera
surveillance:zone=street</desc><link href="http://osm.org/browse/node/14025058885"/></wpt><wpt lat="37.7809391" lon="-122.3898963"><name>node/14025059122</name><desc>camera:direction=311
camera:mount=wall
camera:type=dome
man_made=surveillance
surveillance=public
surveillance:type=camera
surveillance:zone=street</desc><link href="http://osm.org/browse/node/14025059122"/></wpt><wpt lat="37.7805393" lon="-122.3902317"><name>node/14025059127</name><desc>camera:direction=227
camera:mount=wall
camera:type=dome
man_made=surveillance
surveillance=public
surveillance:type=camera
surveillance:zone=entrance</desc><link href="http://osm.org/browse/node/14025059127"/></wpt><wpt lat="37.7808106" lon="-122.390485"><name>node/14025060370</name><desc>camera:direction=231
camera:type=fixed
man_made=surveillance
surveillance=public
surveillance:type=camera
surveillance:zone=entrance</desc><link href="http://osm.org/browse/node/14025060370"/></wpt><wpt lat="37.7816445" lon="-122.3888375"><name>node/14025068996</name><desc>camera:direction=268
camera:mount=wall
camera:type=dome
man_made=surveillance
surveillance=outdoor
surveillance:type=camera
surveillance:zone=entrance</desc><link href="http://osm.org/browse/node/14025068996"/></wpt><wpt lat="37.8078705" lon="-122.4759829"><name>node/14025074001</name><desc>camera:mount=street_lamp
camera:type=fixed
direction=269
man_made=surveillance
manufacturer=Flock Safety
manufacturer:wikidata=Q108485435
surveillance=public
surveillance:type=ALPR
surveillance:zone=traffic</desc><link href="http://osm.org/browse/node/14025074001"/></wpt><wpt lat="37.7812186" lon="-122.3895574"><name>node/14025086757</name><desc>camera:direction=228
camera:mount=wall
camera:type=dome
man_made=surveillance
surveillance=outdoor
surveillance:type=camera
surveillance:zone=corridor</desc><link href="http://osm.org/browse/node/14025086757"/></wpt><wpt lat="37.7807221" lon="-122.388949"><name>node/14025088300</name><desc>camera:direction=137
camera:mount=wall
camera:type=dome
man_made=surveillance
surveillance=outdoor
surveillance:type=camera
surveillance:zone=entrance</desc><link href="http://osm.org/browse/node/14025088300"/></wpt><wpt lat="37.7813797" lon="-122.3886563"><name>node/14025089170</name><desc>camera:direction=106
camera:mount=wall
camera:type=dome
man_made=surveillance
surveillance=outdoor
surveillance:type=camera
surveillance:zone=entrance</desc><link href="http://osm.org/browse/node/14025089170"/></wpt><wpt lat="37.7813418" lon="-122.3916349"><name>node/14025094289</name><desc>camera:direction=51
camera:mount=wall
camera:type=dome
man_made=surveillance
surveillance=public
surveillance:type=camera
surveillance:zone=street</desc><link href="http://osm.org/browse/node/14025094289"/></wpt><wpt lat="37.7809935" lon="-122.3919881"><name>node/14025098381</name><desc>camera:direction=210
camera:mount=wall
camera:type=dome
man_made=surveillance
surveillance=public
surveillance:type=camera
surveillance:zone=street</desc><link href="http://osm.org/browse/node/14025098381"/></wpt><wpt lat="37.7803551" lon="-122.3917131"><name>node/14025106378</name><desc>camera:direction=318
camera:mount=wall
camera:type=dome
man_made=surveillance
surveillance=outdoor
surveillance:type=camera
surveillance:zone=entrance;parking</desc><link href="http://osm.org/browse/node/14025106378"/></wpt><wpt lat="37.7836798" lon="-122.3943694"><name>node/14025151601</name><desc>camera:type=fixed
direction=37
man_made=surveillance
manufacturer=Flock Safety
manufacturer:wikidata=Q108485435
surveillance=public
surveillance:type=ALPR
surveillance:zone=traffic</desc><link href="http://osm.org/browse/node/14025151601"/></wpt><wpt lat="37.7798532" lon="-122.4862186"><name>node/14025214235</name><desc>camera:direction=341
man_made=surveillance
surveillance:type=camera</desc><link href="http://osm.org/browse/node/14025214235"/></wpt><wpt lat="37.7798973" lon="-122.4854461"><name>node/14025214254</name><desc>camera:direction=53
man_made=surveillance
surveillance:type=camera</desc><link href="http://osm.org/browse/node/14025214254"/></wpt><wpt lat="37.7799632" lon="-122.4839917"><name>node/14025214256</name><desc>camera:direction=55
camera:type=dome
check_date=2026-07-18
man_made=surveillance
surveillance=outdoor
surveillance:type=camera</desc><link href="http://osm.org/browse/node/14025214256"/></wpt><wpt lat="37.7798906" lon="-122.48558"><name>node/14025214257</name><desc>camera:direction=330
man_made=surveillance
surveillance:type=camera</desc><link href="http://osm.org/browse/node/14025214257"/></wpt><wpt lat="37.7797428" lon="-122.4867491"><name>node/14025214260</name><desc>camera:direction=238
man_made=surveillance
surveillance:type=camera</desc><link href="http://osm.org/browse/node/14025214260"/></wpt><wpt lat="37.7799669" lon="-122.4839076"><name>node/14025214262</name><desc>camera:direction=335
camera:type=dome
check_date=2026-07-18
man_made=surveillance
surveillance=outdoor
surveillance:type=camera</desc><link href="http://osm.org/browse/node/14025214262"/></wpt><wpt lat="37.7799672" lon="-122.4839018"><name>node/14025214267</name><desc>camera:direction=55
camera:type=dome
check_date=2026-07-18
man_made=surveillance
surveillance=outdoor
surveillance:type=camera</desc><link href="http://osm.org/browse/node/14025214267"/></wpt><wpt lat="37.7806365" lon="-122.4764207"><name>node/14025329437</name><desc>camera:direction=214
camera:mount=building
camera:type=fixed
man_made=surveillance
surveillance=outdoor
surveillance:type=camera
surveillance:zone=street</desc><link href="http://osm.org/browse/node/14025329437"/></wpt><wpt lat="37.7807236" lon="-122.4747073"><name>node/14025329465</name><desc>camera:direction=222
camera:mount=building
camera:type=fixed
man_made=surveillance
surveillance=outdoor
surveillance:type=camera
surveillance:zone=street</desc><link href="http://osm.org/browse/node/14025329465"/></wpt><wpt lat="37.7806369" lon="-122.4764133"><name>node/14025329467</name><desc>camera:direction=128
camera:mount=building
camera:type=fixed
man_made=surveillance
surveillance=outdoor
surveillance:type=camera
surveillance:zone=street</desc><link href="http://osm.org/browse/node/14025329467"/></wpt><wpt lat="37.7807358" lon="-122.4743499"><name>node/14025329469</name><desc>camera:direction=120;220
camera:mount=building
camera:type=fixed
man_made=surveillance
surveillance:type=camera
surveillance:zone=entrance</desc><link href="http://osm.org/browse/node/14025329469"/></wpt><wpt lat="37.7807169" lon="-122.4748451"><name>node/14025329471</name><desc>camera:direction=141
camera:mount=building
camera:type=fixed
man_made=surveillance
surveillance=outdoor
surveillance:type=camera
surveillance:zone=street</desc><link href="http://osm.org/browse/node/14025329471"/></wpt><wpt lat="37.7942936" lon="-122.392058"><name>node/14027529098</name><desc>camera:direction=138
camera:mount=wall
camera:type=fixed
man_made=surveillance
surveillance=outdoor
surveillance:type=camera</desc><link href="http://osm.org/browse/node/14027529098"/></wpt><wpt lat="37.7830186" lon="-122.3889294"><name>node/14027613962</name><desc>camera:direction=226
camera:mount=wall
camera:type=dome
man_made=surveillance
surveillance=public
surveillance:type=camera</desc><link href="http://osm.org/browse/node/14027613962"/></wpt><wpt lat="37.7795623" lon="-122.3893888"><name>node/14027626750</name><desc>camera:direction=326
camera:mount=wall
camera:type=dome
man_made=surveillance
surveillance=outdoor
surveillance:type=camera
surveillance:zone=corridor;entrance</desc><link href="http://osm.org/browse/node/14027626750"/></wpt><wpt lat="37.7813112" lon="-122.3878069"><name>node/14027645064</name><desc>camera:direction=311
camera:mount=wall
camera:type=fixed
man_made=surveillance
surveillance=public
surveillance:type=camera
surveillance:zone=entrance</desc><link href="http://osm.org/browse/node/14027645064"/></wpt><wpt lat="37.7813064" lon="-122.3877541"><name>node/14027645371</name><desc>camera:direction=256
camera:mount=wall
camera:type=fixed
man_made=surveillance
surveillance=public
surveillance:type=camera
surveillance:zone=entrance</desc><link href="http://osm.org/browse/node/14027645371"/></wpt><wpt lat="37.7793048" lon="-122.388733"><name>node/14027660952</name><desc>camera:direction=310
camera:mount=wall
camera:type=dome
man_made=surveillance
surveillance=public
surveillance:type=camera
surveillance:zone=entrance</desc><link href="http://osm.org/browse/node/14027660952"/></wpt><wpt lat="37.7801317" lon="-122.3901417"><name>node/14027669366</name><desc>camera:direction=113
camera:mount=wall
camera:type=fixed
man_made=surveillance
surveillance=public
surveillance:type=camera
surveillance:zone=entrance;street</desc><link href="http://osm.org/browse/node/14027669366"/></wpt><wpt lat="37.7797357" lon="-122.3878069"><name>node/14027671418</name><desc>camera:direction=10
camera:mount=wall
camera:type=fixed
man_made=surveillance
surveillance=outdoor
surveillance:type=camera
surveillance:zone=corridor</desc><link href="http://osm.org/browse/node/14027671418"/></wpt><wpt lat="37.7792105" lon="-122.3907852"><name>node/14027671473</name><desc>camera:direction=124
camera:mount=wall
camera:type=dome
man_made=surveillance
surveillance=public
surveillance:type=camera
surveillance:zone=street</desc><link href="http://osm.org/browse/node/14027671473"/></wpt><wpt lat="37.7797383" lon="-122.3893032"><name>node/14027671820</name><desc>camera:direction=311
camera:mount=wall
camera:type=dome
man_made=surveillance
surveillance=public
surveillance:type=camera
surveillance:zone=entrance;street</desc><link href="http://osm.org/browse/node/14027671820"/></wpt><wpt lat="37.779624" lon="-122.3894062"><name>node/14027674452</name><desc>camera:direction=223
camera:mount=wall
camera:type=dome
man_made=surveillance
surveillance=public
surveillance:type=camera
surveillance:zone=entrance</desc><link href="http://osm.org/browse/node/14027674452"/></wpt><wpt lat="37.7785177" lon="-122.3916651"><name>node/14027679914</name><desc>camera:direction=90
camera:mount=wall
camera:type=fixed
man_made=surveillance
surveillance=public
surveillance:type=camera
surveillance:zone=street</desc><link href="http://osm.org/browse/node/14027679914"/></wpt><wpt lat="37.7800923" lon="-122.3879889"><name>node/14027684682</name><desc>camera:direction=222
camera:mount=wall
camera:type=fixed
man_made=surveillance
surveillance=public
surveillance:type=camera
surveillance:zone=parking</desc><link href="http://osm.org/browse/node/14027684682"/></wpt><wpt lat="37.7806918" lon="-122.3884331"><name>node/14027686925</name><desc>camera:direction=26
camera:mount=street_lamp
camera:type=fixed
man_made=surveillance
manufacturer=Flock Safety
surveillance=public
surveillance:type=ALPR
surveillance:zone=street</desc><link href="http://osm.org/browse/node/14027686925"/></wpt><wpt lat="37.7794809" lon="-122.3904418"><name>node/14027692843</name><desc>camera:direction=180
camera:mount=wall
camera:type=fixed
man_made=surveillance
surveillance=public
surveillance:type=camera
surveillance:zone=street</desc><link href="http://osm.org/browse/node/14027692843"/></wpt><wpt lat="37.7785086" lon="-122.3916765"><name>node/14027716721</name><desc>camera:direction=179
camera:mount=wall
camera:type=fixed
man_made=surveillance
surveillance=public
surveillance:type=camera
surveillance:zone=street</desc><link href="http://osm.org/browse/node/14027716721"/></wpt><wpt lat="37.778401" lon="-122.3918123"><name>node/14027718469</name><desc>camera:direction=127
camera:mount=wall
camera:type=dome
man_made=surveillance
surveillance=public
surveillance:type=camera
surveillance:zone=street</desc><link href="http://osm.org/browse/node/14027718469"/></wpt><wpt lat="37.7793829" lon="-122.3905668"><name>node/14027726049</name><desc>camera:direction=94
camera:mount=wall
camera:type=fixed
man_made=surveillance
surveillance=public
surveillance:type=camera
surveillance:zone=street</desc><link href="http://osm.org/browse/node/14027726049"/></wpt><wpt lat="37.7825014" lon="-122.3905523"><name>node/14027736513</name><desc>camera:direction=341
camera:mount=wall
camera:type=dome
man_made=surveillance
surveillance=indoor
surveillance:type=camera
surveillance:zone=parking</desc><link href="http://osm.org/browse/node/14027736513"/></wpt><wpt lat="37.7827978" lon="-122.3903071"><name>node/14027767517</name><desc>camera:direction=134
camera:mount=wall
camera:type=dome
man_made=surveillance
surveillance=outdoor
surveillance:type=camera
surveillance:zone=entrance</desc><link href="http://osm.org/browse/node/14027767517"/></wpt><wpt lat="37.807198" lon="-122.4121555"><name>node/14028090801</name><desc>camera:type=fixed
direction=210
man_made=surveillance
manufacturer=Flock Safety
manufacturer:wikidata=Q108485435
surveillance=public
surveillance:type=ALPR
surveillance:zone=traffic</desc><link href="http://osm.org/browse/node/14028090801"/></wpt><wpt lat="37.7687479" lon="-122.4139302"><name>node/14028182828</name><desc>brand=Flock Safety
brand:wikidata=Q108485435
camera:mount=pole
camera:type=fixed
direction=10
man_made=surveillance
manufacturer=Flock Safety
manufacturer:wikidata=Q108485435
operator=Total Wine
operator:wikidata=Q7828084
surveillance=traffic
surveillance:type=ALPR
surveillance:zone=traffic</desc><link href="http://osm.org/browse/node/14028182828"/></wpt><wpt lat="37.7693643" lon="-122.4139949"><name>node/14028182829</name><desc>brand=Flock Safety
brand:wikidata=Q108485435
camera:mount=pole
camera:type=fixed
direction=260
man_made=surveillance
manufacturer=Flock Safety
manufacturer:wikidata=Q108485435
operator=Total Wine
operator:wikidata=Q7828084
surveillance=traffic
surveillance:type=ALPR
surveillance:zone=traffic</desc><link href="http://osm.org/browse/node/14028182829"/></wpt><wpt lat="37.7722303" lon="-122.411899"><name>node/14029123469</name><desc>camera:direction=263
camera:mount=wall
camera:type=fixed
man_made=surveillance
surveillance=public
surveillance:type=camera
surveillance:zone=street</desc><link href="http://osm.org/browse/node/14029123469"/></wpt><wpt lat="37.7722191" lon="-122.4118846"><name>node/14029123470</name><desc>camera:direction=187
camera:mount=wall
camera:type=fixed
man_made=surveillance
surveillance=public
surveillance:type=camera
surveillance:zone=street</desc><link href="http://osm.org/browse/node/14029123470"/></wpt><wpt lat="37.7728048" lon="-122.411084"><name>node/14029124999</name><desc>camera:direction=91
camera:mount=wall
camera:type=fixed
man_made=surveillance
surveillance=public
surveillance:type=camera
surveillance:zone=entrance;street</desc><link href="http://osm.org/browse/node/14029124999"/></wpt><wpt lat="37.7722652" lon="-122.4117745"><name>node/14029126359</name><desc>camera:direction=134
camera:mount=wall
camera:type=fixed
man_made=surveillance
surveillance=public
surveillance:type=camera
surveillance:zone=street</desc><link href="http://osm.org/browse/node/14029126359"/></wpt><wpt lat="37.7722618" lon="-122.411939"><name>node/14029139122</name><desc>camera:direction=237
camera:mount=wall
camera:type=doorbell
man_made=surveillance
surveillance=public
surveillance:type=camera
surveillance:zone=street</desc><link href="http://osm.org/browse/node/14029139122"/></wpt><wpt lat="37.7724364" lon="-122.4115568"><name>node/14029145307</name><desc>camera:direction=194
camera:mount=wall
camera:type=fixed
man_made=surveillance
surveillance=public
surveillance:type=camera
surveillance:zone=street</desc><link href="http://osm.org/browse/node/14029145307"/></wpt><wpt lat="37.7724065" lon="-122.4115945"><name>node/14029145308</name><desc>camera:direction=95
camera:mount=wall
camera:type=fixed
man_made=surveillance
surveillance=public
surveillance:type=camera
surveillance:zone=street</desc><link href="http://osm.org/browse/node/14029145308"/></wpt><wpt lat="37.7724047" lon="-122.4121338"><name>node/14029154063</name><desc>camera:direction=235
camera:mount=wall
camera:type=fixed
man_made=surveillance
surveillance=public
surveillance:type=camera
surveillance:zone=entrance</desc><link href="http://osm.org/browse/node/14029154063"/></wpt><wpt lat="37.7726768" lon="-122.4112506"><name>node/14029173224</name><desc>camera:direction=181
camera:mount=wall
camera:type=fixed
man_made=surveillance
surveillance=public
surveillance:type=camera
surveillance:zone=entrance;street</desc><link href="http://osm.org/browse/node/14029173224"/></wpt><wpt lat="37.7722069" lon="-122.4118483"><name>node/14029193710</name><desc>camera:direction=76
camera:mount=wall
camera:type=fixed
man_made=surveillance
surveillance=public
surveillance:type=camera
surveillance:zone=street</desc><link href="http://osm.org/browse/node/14029193710"/></wpt><wpt lat="37.7726068" lon="-122.411187"><name>node/14029195473</name><desc>camera:direction=316
camera:mount=wall
camera:type=dome
man_made=surveillance
surveillance=public
surveillance:type=camera
surveillance:zone=entrance;street</desc><link href="http://osm.org/browse/node/14029195473"/></wpt><wpt lat="37.7725691" lon="-122.4112337"><name>node/14029199326</name><desc>camera:direction=316
camera:mount=wall
camera:type=dome
man_made=surveillance
surveillance=public
surveillance:type=camera
surveillance:zone=entrance;street</desc><link href="http://osm.org/browse/node/14029199326"/></wpt><wpt lat="37.7730303" lon="-122.4109141"><name>node/14029205265</name><desc>camera:direction=346
camera:mount=wall
camera:type=fixed
man_made=surveillance
surveillance=public
surveillance:type=camera
surveillance:zone=entrance;street</desc><link href="http://osm.org/browse/node/14029205265"/></wpt><wpt lat="37.7726793" lon="-122.411086"><name>node/14029206721</name><desc>camera:direction=0
camera:mount=wall
camera:type=fixed
man_made=surveillance
surveillance=public
surveillance:type=camera
surveillance:zone=street</desc><link href="http://osm.org/browse/node/14029206721"/></wpt><wpt lat="37.7730957" lon="-122.4109948"><name>node/14029217985</name><desc>camera:direction=91
camera:mount=wall
camera:type=fixed
man_made=surveillance
surveillance=public
surveillance:type=camera
surveillance:zone=entrance;street</desc><link href="http://osm.org/browse/node/14029217985"/></wpt><wpt lat="37.7732408" lon="-122.4120697"><name>node/14029219181</name><desc>camera:direction=192
camera:mount=ceiling
camera:type=fixed
man_made=surveillance
surveillance=public
surveillance:type=camera
surveillance:zone=entrance;street</desc><link href="http://osm.org/browse/node/14029219181"/></wpt><wpt lat="37.7732214" lon="-122.4120485"><name>node/14029219182</name><desc>camera:direction=158
camera:mount=ceiling
camera:type=fixed
man_made=surveillance
surveillance=public
surveillance:type=camera
surveillance:zone=entrance;street</desc><link href="http://osm.org/browse/node/14029219182"/></wpt><wpt lat="37.7730944" lon="-122.4110129"><name>node/14029220118</name><desc>camera:direction=33
camera:mount=wall
camera:type=fixed
man_made=surveillance
surveillance=public
surveillance:type=camera
surveillance:zone=entrance;street</desc><link href="http://osm.org/browse/node/14029220118"/></wpt><wpt lat="37.7732735" lon="-122.4120485"><name>node/14029220127</name><desc>camera:direction=14
camera:mount=ceiling
camera:type=fixed
man_made=surveillance
surveillance=public
surveillance:type=camera
surveillance:zone=entrance;street</desc><link href="http://osm.org/browse/node/14029220127"/></wpt><wpt lat="37.7733694" lon="-122.4119339"><name>node/14029225027</name><desc>camera:direction=260
camera:mount=ceiling
camera:type=fixed
man_made=surveillance
surveillance=public
surveillance:type=camera
surveillance:zone=street</desc><link href="http://osm.org/browse/node/14029225027"/></wpt><wpt lat="37.7731383" lon="-122.4122446"><name>node/14029245842</name><desc>camera:direction=35
camera:mount=ceiling
camera:type=fixed
man_made=surveillance
surveillance=public
surveillance:type=camera
surveillance:zone=street</desc><link href="http://osm.org/browse/node/14029245842"/></wpt><wpt lat="37.7865983" lon="-122.390325"><name>node/14031412054</name><desc>camera:direction=102
camera:mount=wall
camera:type=fixed
man_made=surveillance
surveillance=public
surveillance:type=camera
surveillance:zone=street</desc><link href="http://osm.org/browse/node/14031412054"/></wpt><wpt lat="37.7865379" lon="-122.3902243"><name>node/14031451791</name><desc>camera:direction=102
camera:mount=wall
camera:type=fixed
man_made=surveillance
surveillance=public
surveillance:type=camera
surveillance:zone=street</desc><link href="http://osm.org/browse/node/14031451791"/></wpt><wpt lat="37.78657" lon="-122.3902721"><name>node/14031454217</name><desc>camera:direction=92
camera:mount=wall
camera:type=fixed
man_made=surveillance
surveillance=public
surveillance:type=camera
surveillance:zone=street</desc><link href="http://osm.org/browse/node/14031454217"/></wpt><wpt lat="37.7866243" lon="-122.3903847"><name>node/14031455141</name><desc>camera:direction=4
camera:mount=wall
camera:type=fixed
man_made=surveillance
surveillance=public
surveillance:type=camera
surveillance:zone=street</desc><link href="http://osm.org/browse/node/14031455141"/></wpt><wpt lat="37.7570075" lon="-122.4210378"><name>node/14031472601</name><desc>camera:type=fixed
direction=329
man_made=surveillance
manufacturer=Flock Safety
manufacturer:wikidata=Q108485435
surveillance=public
surveillance:type=ALPR
surveillance:zone=traffic</desc><link href="http://osm.org/browse/node/14031472601"/></wpt><wpt lat="37.7840348" lon="-122.3946253"><name>node/14031956177</name><desc>camera:direction=154
camera:mount=wall
camera:type=fixed
man_made=surveillance
surveillance=public
surveillance:type=camera
surveillance:zone=entrance;street</desc><link href="http://osm.org/browse/node/14031956177"/></wpt><wpt lat="37.7890839" lon="-122.4009402"><name>node/14031973499</name><desc>camera:direction=229
camera:mount=wall
camera:type=dome
man_made=surveillance
surveillance=public
surveillance:type=camera
surveillance:zone=street</desc><link href="http://osm.org/browse/node/14031973499"/></wpt><wpt lat="37.7890883" lon="-122.4009083"><name>node/14031981365</name><desc>camera:direction=144
camera:mount=wall
camera:type=fixed
man_made=surveillance
surveillance=public
surveillance:type=camera
surveillance:zone=entrance;street</desc><link href="http://osm.org/browse/node/14031981365"/></wpt><wpt lat="37.7868348" lon="-122.3977205"><name>node/14031982380</name><desc>camera:direction=263
camera:mount=wall
camera:type=fixed
man_made=surveillance
surveillance=public
surveillance:type=camera
surveillance:zone=parking</desc><link href="http://osm.org/browse/node/14031982380"/></wpt><wpt lat="37.7879947" lon="-122.3994976"><name>node/14031993857</name><desc>camera:direction=324
camera:mount=wall
camera:type=dome
man_made=surveillance
surveillance=indoor
surveillance:type=camera
surveillance:zone=corridor;entrance</desc><link href="http://osm.org/browse/node/14031993857"/></wpt><wpt lat="37.787181" lon="-122.398565"><name>node/14031998869</name><desc>camera:direction=219
camera:mount=wall
camera:type=dome
man_made=surveillance
surveillance=public
surveillance:type=camera
surveillance:zone=entrance;street</desc><link href="http://osm.org/browse/node/14031998869"/></wpt><wpt lat="37.7865831" lon="-122.3977884"><name>node/14031999943</name><desc>camera:direction=309
camera:mount=wall
camera:type=dome
man_made=surveillance
surveillance=public
surveillance:type=camera
surveillance:zone=street</desc><link href="http://osm.org/browse/node/14031999943"/></wpt><wpt lat="37.7861768" lon="-122.3971389"><name>node/14032010964</name><desc>camera:direction=318
camera:mount=wall
camera:type=dome
man_made=surveillance
surveillance=outdoor
surveillance:type=camera
surveillance:zone=entrance</desc><link href="http://osm.org/browse/node/14032010964"/></wpt><wpt lat="37.7862168" lon="-122.3972791"><name>node/14032012071</name><desc>camera:direction=143
camera:mount=wall
camera:type=dome
man_made=surveillance
surveillance=outdoor
surveillance:type=camera</desc><link href="http://osm.org/browse/node/14032012071"/></wpt><wpt lat="37.7865776" lon="-122.3977954"><name>node/14032015021</name><desc>camera:direction=289
camera:mount=wall
camera:type=fixed
man_made=surveillance
surveillance=public
surveillance:type=camera
surveillance:zone=street</desc><link href="http://osm.org/browse/node/14032015021"/></wpt><wpt lat="37.7857389" lon="-122.3967557"><name>node/14032022417</name><desc>camera:direction=54
camera:mount=ceiling
camera:type=fixed
man_made=surveillance
surveillance=outdoor
surveillance:type=camera
surveillance:zone=entrance</desc><link href="http://osm.org/browse/node/14032022417"/></wpt><wpt lat="37.7864647" lon="-122.3976618"><name>node/14032024693</name><desc>camera:direction=281
camera:type=fixed
man_made=surveillance
surveillance=public
surveillance:type=camera
surveillance:zone=street</desc><link href="http://osm.org/browse/node/14032024693"/></wpt><wpt lat="37.7864714" lon="-122.397656"><name>node/14032033044</name><desc>camera:direction=74
camera:mount=wall
camera:type=fixed
man_made=surveillance
surveillance=public
surveillance:type=camera
surveillance:zone=street</desc><link href="http://osm.org/browse/node/14032033044"/></wpt><wpt lat="37.7858855" lon="-122.396909"><name>node/14032037814</name><desc>camera:direction=228
camera:mount=wall
camera:type=fixed
man_made=surveillance
surveillance=outdoor
surveillance:type=camera
surveillance:zone=entrance</desc><link href="http://osm.org/browse/node/14032037814"/></wpt><wpt lat="37.784051" lon="-122.394645"><name>node/14032043268</name><desc>camera:direction=306
camera:mount=wall
camera:type=fixed
man_made=surveillance
surveillance=public
surveillance:type=camera
surveillance:zone=entrance;street</desc><link href="http://osm.org/browse/node/14032043268"/></wpt><wpt lat="37.7833667" lon="-122.3937668"><name>node/14032044362</name><desc>camera:direction=299
camera:mount=wall
camera:type=fixed
man_made=surveillance
surveillance=outdoor
surveillance:type=camera
surveillance:zone=entrance</desc><link href="http://osm.org/browse/node/14032044362"/></wpt><wpt lat="37.7820628" lon="-122.3947268"><name>node/14032046099</name><desc>camera:direction=313
camera:mount=wall
camera:type=dome
man_made=surveillance
surveillance=public
surveillance:type=camera
surveillance:zone=street</desc><link href="http://osm.org/browse/node/14032046099"/></wpt><wpt lat="37.7835516" lon="-122.3940207"><name>node/14032046136</name><desc>camera:direction=227
camera:mount=wall
camera:type=fixed
man_made=surveillance
surveillance=public
surveillance:type=camera
surveillance:zone=entrance;street</desc><link href="http://osm.org/browse/node/14032046136"/></wpt><wpt lat="37.7826976" lon="-122.3943291"><name>node/14032055480</name><desc>camera:direction=42
camera:mount=wall
camera:type=fixed
man_made=surveillance
surveillance=public
surveillance:type=camera
surveillance:zone=entrance</desc><link href="http://osm.org/browse/node/14032055480"/></wpt><wpt lat="37.7828449" lon="-122.3941424"><name>node/14032056704</name><desc>camera:direction=225
camera:mount=wall
camera:type=fixed
man_made=surveillance
surveillance=public
surveillance:type=camera
surveillance:zone=entrance</desc><link href="http://osm.org/browse/node/14032056704"/></wpt><wpt lat="37.7839564" lon="-122.3945297"><name>node/14032059634</name><desc>camera:direction=306
camera:mount=wall
camera:type=fixed
man_made=surveillance
surveillance=public
surveillance:type=camera
surveillance:zone=entrance;street</desc><link href="http://osm.org/browse/node/14032059634"/></wpt><wpt lat="37.7824246" lon="-122.394675"><name>node/14032060977</name><desc>camera:direction=215
camera:mount=wall
camera:type=fixed
man_made=surveillance
surveillance=public
surveillance:type=camera
surveillance:zone=entrance</desc><link href="http://osm.org/browse/node/14032060977"/></wpt><wpt lat="37.782384" lon="-122.3947259"><name>node/14032063861</name><desc>camera:direction=215
camera:mount=wall
camera:type=fixed
man_made=surveillance
surveillance=public
surveillance:type=camera
surveillance:zone=entrance</desc><link href="http://osm.org/browse/node/14032063861"/></wpt><wpt lat="37.7819652" lon="-122.3948502"><name>node/14032063875</name><desc>camera:direction=313
camera:mount=wall
camera:type=dome
man_made=surveillance
surveillance=public
surveillance:type=camera
surveillance:zone=street</desc><link href="http://osm.org/browse/node/14032063875"/></wpt><wpt lat="37.7819971" lon="-122.39481"><name>node/14032063876</name><desc>camera:direction=313
camera:mount=wall
camera:type=dome
man_made=surveillance
surveillance=public
surveillance:type=camera
surveillance:zone=street</desc><link href="http://osm.org/browse/node/14032063876"/></wpt><wpt lat="37.7814949" lon="-122.3954452"><name>node/14032068703</name><desc>camera:direction=317
camera:mount=wall
camera:type=dome
man_made=surveillance
surveillance=public
surveillance:type=camera
surveillance:zone=entrance;street</desc><link href="http://osm.org/browse/node/14032068703"/></wpt><wpt lat="37.7815512" lon="-122.3953727"><name>node/14032079807</name><desc>camera:direction=317
camera:mount=wall
camera:type=dome
man_made=surveillance
surveillance=public
surveillance:type=camera
surveillance:zone=entrance;street</desc><link href="http://osm.org/browse/node/14032079807"/></wpt><wpt lat="37.7817145" lon="-122.3951675"><name>node/14032079808</name><desc>camera:direction=241
camera:mount=wall
camera:type=fixed
man_made=surveillance
surveillance=public
surveillance:type=camera
surveillance:zone=street</desc><link href="http://osm.org/browse/node/14032079808"/></wpt><wpt lat="37.7818993" lon="-122.3949276"><name>node/14032080760</name><desc>camera:direction=33
camera:mount=pole
man_made=surveillance
surveillance=public
surveillance:type=camera
surveillance:zone=Speed;street;traffic</desc><link href="http://osm.org/browse/node/14032080760"/></wpt><wpt lat="37.7827115" lon="-122.3939047"><name>node/14032081582</name><desc>camera:direction=9
camera:mount=wall
camera:type=fixed
man_made=surveillance
surveillance=public
surveillance:type=camera
surveillance:zone=entrance;street</desc><link href="http://osm.org/browse/node/14032081582"/></wpt><wpt lat="37.7820741" lon="-122.394695"><name>node/14032088571</name><desc>camera:direction=313
camera:mount=wall
camera:type=dome
man_made=surveillance
surveillance=public
surveillance:type=camera
surveillance:zone=street</desc><link href="http://osm.org/browse/node/14032088571"/></wpt><wpt lat="37.7826488" lon="-122.3939847"><name>node/14032089598</name><desc>camera:direction=240
camera:mount=wall
camera:type=fixed
man_made=surveillance
surveillance=public
surveillance:type=camera
surveillance:zone=entrance</desc><link href="http://osm.org/browse/node/14032089598"/></wpt><wpt lat="37.7819583" lon="-122.3925288"><name>node/14032096662</name><desc>camera:direction=54
camera:mount=wall
camera:type=dome
man_made=surveillance
surveillance=outdoor
surveillance:type=camera
surveillance:zone=entrance</desc><link href="http://osm.org/browse/node/14032096662"/></wpt><wpt lat="37.7822214" lon="-122.3928375"><name>node/14032108139</name><desc>camera:direction=323
camera:mount=wall
camera:type=fixed
man_made=surveillance
surveillance=public
surveillance:type=camera
surveillance:zone=entrance</desc><link href="http://osm.org/browse/node/14032108139"/></wpt><wpt lat="37.7822024" lon="-122.3927913"><name>node/14032108284</name><desc>camera:direction=5
camera:mount=wall
camera:type=fixed
man_made=surveillance
surveillance=public
surveillance:type=camera
surveillance:zone=entrance</desc><link href="http://osm.org/browse/node/14032108284"/></wpt><wpt lat="37.7275499" lon="-122.4779407"><name>node/14040606501</name><desc>camera:mount=pole
camera:type=fixed
direction=260
man_made=surveillance
manufacturer=Flock Safety
manufacturer:wikidata=Q108485435
surveillance=public
surveillance:type=ALPR
surveillance:zone=traffic</desc><link href="http://osm.org/browse/node/14040606501"/></wpt><wpt lat="37.7261291" lon="-122.4781353"><name>node/14040606502</name><desc>camera:mount=pole
camera:type=fixed
direction=29
man_made=surveillance
manufacturer=Flock Safety
manufacturer:wikidata=Q108485435
surveillance=public
surveillance:type=ALPR
surveillance:zone=traffic</desc><link href="http://osm.org/browse/node/14040606502"/></wpt><wpt lat="37.7795641" lon="-122.3926819"><name>node/14047645770</name><desc>camera:direction=50
camera:mount=wall
camera:type=dome
man_made=surveillance
surveillance=public
surveillance:type=camera
surveillance:zone=entrance;street</desc><link href="http://osm.org/browse/node/14047645770"/></wpt><wpt lat="37.7783483" lon="-122.3936349"><name>node/14047645771</name><desc>camera:direction=68
camera:mount=wall
camera:type=fixed
man_made=surveillance
surveillance=public
surveillance:type=camera
surveillance:zone=street</desc><link href="http://osm.org/browse/node/14047645771"/></wpt><wpt lat="37.7806827" lon="-122.3933704"><name>node/14047645776</name><desc>camera:direction=321
camera:mount=wall
camera:type=dome
man_made=surveillance
surveillance=public
surveillance:type=camera
surveillance:zone=street</desc><link href="http://osm.org/browse/node/14047645776"/></wpt><wpt lat="37.780103" lon="-122.3914072"><name>node/14047648935</name><desc>camera:direction=130
camera:mount=wall
camera:type=dome
man_made=surveillance
surveillance=public
surveillance:type=camera
surveillance:zone=street</desc><link href="http://osm.org/browse/node/14047648935"/></wpt><wpt lat="37.780027" lon="-122.3915041"><name>node/14047663823</name><desc>camera:direction=205
camera:mount=wall
camera:type=fixed
man_made=surveillance
surveillance=public
surveillance:type=camera
surveillance:zone=street</desc><link href="http://osm.org/browse/node/14047663823"/></wpt><wpt lat="37.7799758" lon="-122.3915693"><name>node/14047663824</name><desc>camera:direction=205
camera:mount=wall
camera:type=fixed
man_made=surveillance
surveillance=public
surveillance:type=camera
surveillance:zone=street</desc><link href="http://osm.org/browse/node/14047663824"/></wpt><wpt lat="37.7784865" lon="-122.3934585"><name>node/14047667274</name><desc>camera:direction=188
camera:mount=wall
camera:type=fixed
man_made=surveillance
surveillance=public
surveillance:type=camera
surveillance:zone=street</desc><link href="http://osm.org/browse/node/14047667274"/></wpt><wpt lat="37.779704" lon="-122.3915116"><name>node/14047667324</name><desc>camera:direction=320
camera:mount=wall
camera:type=dome
man_made=surveillance
surveillance=public
surveillance:type=camera
surveillance:zone=entrance;street</desc><link href="http://osm.org/browse/node/14047667324"/></wpt><wpt lat="37.7790256" lon="-122.3941401"><name>node/14047667351</name><desc>camera:direction=47
camera:mount=wall
camera:type=dome
man_made=surveillance
surveillance=public
surveillance:type=camera
surveillance:zone=street</desc><link href="http://osm.org/browse/node/14047667351"/></wpt><wpt lat="37.7798323" lon="-122.3941958"><name>node/14047667352</name><desc>camera:direction=59
camera:mount=wall
camera:type=fixed
man_made=surveillance
surveillance=public
surveillance:type=camera
surveillance:zone=entrance;street</desc><link href="http://osm.org/browse/node/14047667352"/></wpt><wpt lat="37.7802624" lon="-122.3908086"><name>node/14047667550</name><desc>camera:direction=317
camera:mount=wall
camera:type=dome
man_made=surveillance
surveillance=public
surveillance:type=camera
surveillance:zone=entrance;street</desc><link href="http://osm.org/browse/node/14047667550"/></wpt><wpt lat="37.7797371" lon="-122.3927011"><name>node/14047667555</name><desc>camera:direction=286
camera:mount=wall
camera:type=fixed
man_made=surveillance
surveillance=public
surveillance:type=camera
surveillance:zone=entrance;street</desc><link href="http://osm.org/browse/node/14047667555"/></wpt><wpt lat="37.7783513" lon="-122.3937358"><name>node/14047667560</name><desc>camera:direction=51
camera:mount=wall
camera:type=fixed
man_made=surveillance
surveillance=public
surveillance:type=camera
surveillance:zone=corridor</desc><link href="http://osm.org/browse/node/14047667560"/></wpt><wpt lat="37.7797678" lon="-122.3927396"><name>node/14047678499</name><desc>camera:direction=227
camera:mount=wall
camera:type=dome
man_made=surveillance
surveillance=public
surveillance:type=camera
surveillance:zone=entrance;street</desc><link href="http://osm.org/browse/node/14047678499"/></wpt><wpt lat="37.7798322" lon="-122.3930524"><name>node/14047686922</name><desc>camera:direction=252
camera:mount=wall
camera:type=fixed
man_made=surveillance
surveillance=outdoor
surveillance:type=camera
surveillance:zone=corridor</desc><link href="http://osm.org/browse/node/14047686922"/></wpt><wpt lat="37.778842" lon="-122.3937234"><name>node/14047686923</name><desc>camera:direction=228
camera:mount=wall
camera:type=dome
man_made=surveillance
surveillance=public
surveillance:type=camera
surveillance:zone=street</desc><link href="http://osm.org/browse/node/14047686923"/></wpt><wpt lat="37.7785123" lon="-122.3934733"><name>node/14047688787</name><desc>camera:direction=47
camera:mount=wall
camera:type=dome
man_made=surveillance
surveillance=public
surveillance:type=camera
surveillance:zone=street</desc><link href="http://osm.org/browse/node/14047688787"/></wpt><wpt lat="37.7787736" lon="-122.3939086"><name>node/14047694302</name><desc>camera:direction=47
camera:mount=wall
camera:type=dome
man_made=surveillance
surveillance=public
surveillance:type=camera
surveillance:zone=street</desc><link href="http://osm.org/browse/node/14047694302"/></wpt><wpt lat="37.7788247" lon="-122.3939211"><name>node/14047694303</name><desc>camera:direction=47
camera:mount=wall
camera:type=dome
man_made=surveillance
surveillance=public
surveillance:type=camera
surveillance:zone=street</desc><link href="http://osm.org/browse/node/14047694303"/></wpt><wpt lat="37.7788036" lon="-122.3942411"><name>node/14047694304</name><desc>camera:direction=235
camera:mount=wall
camera:type=dome
man_made=surveillance
surveillance=public
surveillance:type=camera
surveillance:zone=parking</desc><link href="http://osm.org/browse/node/14047694304"/></wpt><wpt lat="37.7792074" lon="-122.3943975"><name>node/14047694333</name><desc>camera:direction=178
camera:mount=wall
camera:type=fixed
man_made=surveillance
surveillance=outdoor
surveillance:type=camera
surveillance:zone=parking</desc><link href="http://osm.org/browse/node/14047694333"/></wpt><wpt lat="37.7783546" lon="-122.3936651"><name>node/14047694424</name><desc>camera:direction=287
camera:mount=wall
camera:type=fixed
man_made=surveillance
surveillance=public
surveillance:type=camera
surveillance:zone=corridor</desc><link href="http://osm.org/browse/node/14047694424"/></wpt><wpt lat="37.7791016" lon="-122.3942344"><name>node/14047695190</name><desc>camera:direction=47
camera:mount=wall
camera:type=dome
man_made=surveillance
surveillance=public
surveillance:type=camera
surveillance:zone=street</desc><link href="http://osm.org/browse/node/14047695190"/></wpt><wpt lat="37.7789051" lon="-122.3939826"><name>node/14047695821</name><desc>camera:direction=47
camera:mount=wall
camera:type=dome
man_made=surveillance
surveillance=public
surveillance:type=camera
surveillance:zone=street</desc><link href="http://osm.org/browse/node/14047695821"/></wpt><wpt lat="37.7786182" lon="-122.3936092"><name>node/14047699517</name><desc>camera:direction=47
camera:mount=wall
camera:type=dome
man_made=surveillance
surveillance=public
surveillance:type=camera
surveillance:zone=street</desc><link href="http://osm.org/browse/node/14047699517"/></wpt><wpt lat="37.7789644" lon="-122.3940777"><name>node/14047699518</name><desc>camera:direction=311
camera:mount=wall
camera:type=dome
man_made=surveillance
surveillance=public
surveillance:type=camera
surveillance:zone=corridor;parking;street</desc><link href="http://osm.org/browse/node/14047699518"/></wpt><wpt lat="37.778702" lon="-122.3937166"><name>node/14047700470</name><desc>camera:direction=47
camera:mount=wall
camera:type=dome
man_made=surveillance
surveillance=public
surveillance:type=camera
surveillance:zone=street</desc><link href="http://osm.org/browse/node/14047700470"/></wpt><wpt lat="37.7788343" lon="-122.3942401"><name>node/14047700562</name><desc>camera:direction=311
camera:mount=wall
camera:type=dome
man_made=surveillance
surveillance=public
surveillance:type=camera
surveillance:zone=corridor;parking;street</desc><link href="http://osm.org/browse/node/14047700562"/></wpt><wpt lat="37.778744" lon="-122.3937706"><name>node/14047702926</name><desc>camera:direction=47
camera:mount=wall
camera:type=dome
man_made=surveillance
surveillance=public
surveillance:type=camera
surveillance:zone=street</desc><link href="http://osm.org/browse/node/14047702926"/></wpt><wpt lat="37.7796728" lon="-122.3940324"><name>node/14047702997</name><desc>camera:direction=296
camera:mount=wall
camera:type=fixed
man_made=surveillance
surveillance=outdoor
surveillance:type=camera
surveillance:zone=parking</desc><link href="http://osm.org/browse/node/14047702997"/></wpt><wpt lat="37.7797791" lon="-122.3945127"><name>node/14047710660</name><desc>camera:direction=242
camera:mount=wall
camera:type=fixed
man_made=surveillance
surveillance=public
surveillance:type=camera
surveillance:zone=street</desc><link href="http://osm.org/browse/node/14047710660"/></wpt><wpt lat="37.7790824" lon="-122.3940241"><name>node/14047711069</name><desc>camera:direction=225
camera:mount=wall
camera:type=dome
man_made=surveillance
surveillance=public
surveillance:type=camera
surveillance:zone=entrance;street</desc><link href="http://osm.org/browse/node/14047711069"/></wpt><wpt lat="37.7799332" lon="-122.3939147"><name>node/14047711070</name><desc>camera:direction=232
camera:mount=wall
camera:type=dome
man_made=surveillance
surveillance=public
surveillance:type=camera
surveillance:zone=entrance;street</desc><link href="http://osm.org/browse/node/14047711070"/></wpt><wpt lat="37.7795457" lon="-122.3947896"><name>node/14047716413</name><desc>camera:direction=124
camera:mount=wall
camera:type=fixed
man_made=surveillance
surveillance=public
surveillance:type=camera
surveillance:zone=street</desc><link href="http://osm.org/browse/node/14047716413"/></wpt><wpt lat="37.7286559" lon="-122.4797932"><name>node/14052059201</name><desc>camera:mount=street_lamp
camera:type=fixed
direction=110
image=https://alpr.pictures/san-francisco/winston%20ebns%20buckingham.jpg
man_made=surveillance
manufacturer=Flock Safety
manufacturer:wikidata=Q108485435
surveillance=public
surveillance:type=ALPR
surveillance:zone=traffic</desc><link href="http://osm.org/browse/node/14052059201"/></wpt><wpt lat="37.7789969" lon="-122.3951478"><name>node/14052437160</name><desc>camera:direction=348
camera:mount=wall
camera:type=fixed
man_made=surveillance
surveillance=public
surveillance:type=camera
surveillance:zone=street</desc><link href="http://osm.org/browse/node/14052437160"/></wpt><wpt lat="37.7784221" lon="-122.3949685"><name>node/14052446018</name><desc>camera:direction=222
camera:mount=wall
camera:type=fixed
man_made=surveillance
surveillance=public
surveillance:type=camera
surveillance:zone=corridor</desc><link href="http://osm.org/browse/node/14052446018"/></wpt><wpt lat="37.7794602" lon="-122.3949353"><name>node/14052449211</name><desc>camera:direction=311
camera:mount=wall
camera:type=dome
man_made=surveillance
surveillance=public
surveillance:type=camera
surveillance:zone=street</desc><link href="http://osm.org/browse/node/14052449211"/></wpt><wpt lat="37.778914" lon="-122.3950421"><name>node/14052451217</name><desc>camera:direction=101
camera:mount=wall
camera:type=fixed
man_made=surveillance
surveillance=public
surveillance:type=camera
surveillance:zone=street</desc><link href="http://osm.org/browse/node/14052451217"/></wpt><wpt lat="37.7778898" lon="-122.3946121"><name>node/14052451574</name><desc>camera:direction=131
camera:mount=wall
camera:type=dome
man_made=surveillance
surveillance=outdoor
surveillance:type=camera
surveillance:zone=parking</desc><link href="http://osm.org/browse/node/14052451574"/></wpt><wpt lat="37.7786157" lon="-122.3945758"><name>node/14052475386</name><desc>camera:direction=310
camera:mount=wall
camera:type=dome
man_made=surveillance
surveillance=public
surveillance:type=camera
surveillance:zone=street</desc><link href="http://osm.org/browse/node/14052475386"/></wpt><wpt lat="37.7781414" lon="-122.3953207"><name>node/14052476352</name><desc>camera:direction=77
camera:mount=wall
camera:type=fixed
man_made=surveillance
surveillance=public
surveillance:type=camera
surveillance:zone=corridor;entrance</desc><link href="http://osm.org/browse/node/14052476352"/></wpt><wpt lat="37.7786608" lon="-122.3947189"><name>node/14052481024</name><desc>camera:direction=67
camera:mount=wall
camera:type=fixed
man_made=surveillance
surveillance=public
surveillance:type=camera
surveillance:zone=parking;street</desc><link href="http://osm.org/browse/node/14052481024"/></wpt><wpt lat="37.7776889" lon="-122.3955359"><name>node/14052481939</name><desc>camera:direction=153
camera:mount=wall
camera:type=fixed
man_made=surveillance
surveillance=public
surveillance:type=camera
surveillance:zone=entrance</desc><link href="http://osm.org/browse/node/14052481939"/></wpt><wpt lat="37.7782483" lon="-122.3961639"><name>node/14052481986</name><desc>camera:direction=231
camera:mount=wall
camera:type=dome
man_made=surveillance
surveillance=outdoor
surveillance:type=camera
surveillance:zone=entrance</desc><link href="http://osm.org/browse/node/14052481986"/></wpt><wpt lat="37.7782228" lon="-122.3952186"><name>node/14052482019</name><desc>camera:direction=210
camera:mount=wall
camera:type=fixed
man_made=surveillance
surveillance=public
surveillance:type=camera
surveillance:zone=corridor;entrance</desc><link href="http://osm.org/browse/node/14052482019"/></wpt><wpt lat="37.7781752" lon="-122.3940731"><name>node/14052485670</name><desc>camera:direction=231
camera:mount=wall
camera:type=fixed
man_made=surveillance
surveillance=public
surveillance:type=camera
surveillance:zone=street</desc><link href="http://osm.org/browse/node/14052485670"/></wpt><wpt lat="37.7781548" lon="-122.3938848"><name>node/14052487700</name><desc>camera:direction=135
camera:mount=wall
camera:type=fixed
man_made=surveillance
surveillance=public
surveillance:type=camera
surveillance:zone=entrance;street</desc><link href="http://osm.org/browse/node/14052487700"/></wpt><wpt lat="37.7776448" lon="-122.3954807"><name>node/14052490655</name><desc>camera:direction=158
camera:mount=wall
camera:type=fixed
man_made=surveillance
surveillance=public
surveillance:type=camera
surveillance:zone=street</desc><link href="http://osm.org/browse/node/14052490655"/></wpt><wpt lat="37.7789668" lon="-122.3971499"><name>node/14052492740</name><desc>camera:direction=224
camera:mount=wall
camera:type=fixed
man_made=surveillance
surveillance=public
surveillance:type=camera
surveillance:zone=street</desc><link href="http://osm.org/browse/node/14052492740"/></wpt><wpt lat="37.7789096" lon="-122.395534"><name>node/14052495638</name><desc>camera:direction=237
camera:mount=wall
camera:type=fixed
man_made=surveillance
surveillance=outdoor
surveillance:type=camera
surveillance:zone=entrance</desc><link href="http://osm.org/browse/node/14052495638"/></wpt><wpt lat="37.7797351" lon="-122.3959581"><name>node/14052495664</name><desc>camera:direction=333
camera:mount=wall
camera:type=fixed
man_made=surveillance
surveillance=public
surveillance:type=camera
surveillance:zone=street</desc><link href="http://osm.org/browse/node/14052495664"/></wpt><wpt lat="37.7786265" lon="-122.3959762"><name>node/14052498372</name><desc>camera:direction=40
camera:mount=wall
camera:type=fixed
man_made=surveillance
surveillance=public
surveillance:type=camera
surveillance:zone=entrance;street</desc><link href="http://osm.org/browse/node/14052498372"/></wpt><wpt lat="37.7802029" lon="-122.3954398"><name>node/14052498466</name><desc>camera:direction=228
camera:mount=wall
camera:type=dome
man_made=surveillance
surveillance=public
surveillance:type=camera
surveillance:zone=street</desc><link href="http://osm.org/browse/node/14052498466"/></wpt><wpt lat="37.779162" lon="-122.3966651"><name>node/14052500199</name><desc>camera:direction=133
camera:mount=wall
camera:type=dome
man_made=surveillance
surveillance=public
surveillance:type=camera
surveillance:zone=entrance;parking</desc><link href="http://osm.org/browse/node/14052500199"/></wpt><wpt lat="37.7790939" lon="-122.3953272"><name>node/14052502507</name><desc>camera:direction=227
camera:mount=wall
camera:type=fixed
man_made=surveillance
surveillance=public
surveillance:type=camera
surveillance:zone=entrance</desc><link href="http://osm.org/browse/node/14052502507"/></wpt><wpt lat="37.7801016" lon="-122.3953123"><name>node/14052510900</name><desc>camera:direction=265
camera:mount=wall
camera:type=fixed
man_made=surveillance
surveillance=public
surveillance:type=camera
surveillance:zone=street</desc><link href="http://osm.org/browse/node/14052510900"/></wpt><wpt lat="37.7806709" lon="-122.3962128"><name>node/14052510976</name><desc>camera:direction=334
camera:mount=wall
camera:type=fixed
man_made=surveillance
surveillance=public
surveillance:type=camera
surveillance:zone=entrance;street</desc><link href="http://osm.org/browse/node/14052510976"/></wpt><wpt lat="37.7791504" lon="-122.39668"><name>node/14052511440</name><desc>camera:direction=133
camera:mount=wall
camera:type=dome
man_made=surveillance
surveillance=public
surveillance:type=camera
surveillance:zone=entrance;parking</desc><link href="http://osm.org/browse/node/14052511440"/></wpt><wpt lat="37.7797247" lon="-122.3959506"><name>node/14052512158</name><desc>camera:direction=145
camera:mount=wall
camera:type=dome
man_made=surveillance
surveillance=public
surveillance:type=camera
surveillance:zone=street</desc><link href="http://osm.org/browse/node/14052512158"/></wpt><wpt lat="37.7790816" lon="-122.3967681"><name>node/14052519169</name><desc>camera:direction=133
camera:mount=wall
camera:type=dome
man_made=surveillance
surveillance=public
surveillance:type=camera
surveillance:zone=entrance;parking</desc><link href="http://osm.org/browse/node/14052519169"/></wpt><wpt lat="37.7797302" lon="-122.3959519"><name>node/14052519632</name><desc>camera:direction=47
camera:mount=wall
camera:type=dome
man_made=surveillance
surveillance=public
surveillance:type=camera
surveillance:zone=street</desc><link href="http://osm.org/browse/node/14052519632"/></wpt><wpt lat="37.7789074" lon="-122.3970276"><name>node/14052525543</name><desc>camera:direction=70
camera:mount=wall
camera:type=fixed
man_made=surveillance
surveillance=outdoor
surveillance:type=camera
surveillance:zone=entrance</desc><link href="http://osm.org/browse/node/14052525543"/></wpt><wpt lat="37.7804905" lon="-122.395987"><name>node/14052525551</name><desc>camera:direction=31
camera:mount=wall
camera:type=dome
man_made=surveillance
surveillance=public
surveillance:type=camera
surveillance:zone=entrance;street</desc><link href="http://osm.org/browse/node/14052525551"/></wpt><wpt lat="37.7791565" lon="-122.3973885"><name>node/14052525862</name><desc>camera:direction=224
camera:mount=wall
camera:type=fixed
man_made=surveillance
surveillance=public
surveillance:type=camera
surveillance:zone=street</desc><link href="http://osm.org/browse/node/14052525862"/></wpt><wpt lat="37.7800023" lon="-122.396306"><name>node/14052528802</name><desc>camera:direction=48
camera:mount=wall
camera:type=fixed
man_made=surveillance
surveillance=public
surveillance:type=camera
surveillance:zone=street</desc><link href="http://osm.org/browse/node/14052528802"/></wpt><wpt lat="37.7803317" lon="-122.3955874"><name>node/14052536666</name><desc>camera:direction=167
camera:mount=wall
camera:type=fixed
man_made=surveillance
surveillance=public
surveillance:type=camera
surveillance:zone=entrance</desc><link href="http://osm.org/browse/node/14052536666"/></wpt><wpt lat="37.780539" lon="-122.3960477"><name>node/14052540109</name><desc>camera:direction=31
camera:mount=wall
camera:type=dome
man_made=surveillance
surveillance=public
surveillance:type=camera
surveillance:zone=entrance;street</desc><link href="http://osm.org/browse/node/14052540109"/></wpt><wpt lat="37.7799156" lon="-122.3950784"><name>node/14052541744</name><desc>camera:direction=182
camera:mount=wall
camera:type=fixed
man_made=surveillance
surveillance=public
surveillance:type=camera
surveillance:zone=street</desc><link href="http://osm.org/browse/node/14052541744"/></wpt><wpt lat="37.779798" lon="-122.3949342"><name>node/14052541745</name><desc>camera:direction=268
camera:mount=wall
camera:type=fixed
man_made=surveillance
surveillance=public
surveillance:type=camera
surveillance:zone=street</desc><link href="http://osm.org/browse/node/14052541745"/></wpt><wpt lat="37.7797973" lon="-122.3948986"><name>node/14052545335</name><desc>camera:direction=72
camera:mount=wall
camera:type=fixed
man_made=surveillance
surveillance=public
surveillance:type=camera
surveillance:zone=street</desc><link href="http://osm.org/browse/node/14052545335"/></wpt><wpt lat="37.7800882" lon="-122.3952954"><name>node/14052546301</name><desc>camera:direction=191
camera:mount=wall
camera:type=fixed
man_made=surveillance
surveillance=public
surveillance:type=camera
surveillance:zone=street</desc><link href="http://osm.org/browse/node/14052546301"/></wpt><wpt lat="37.7800357" lon="-122.3946009"><name>node/14052546317</name><desc>camera:direction=141
camera:mount=wall
camera:type=doorbell
man_made=surveillance
surveillance=public
surveillance:type=camera
surveillance:zone=entrance;street</desc><link href="http://osm.org/browse/node/14052546317"/></wpt><wpt lat="37.770658" lon="-122.4176933"><name>node/14058968301</name><desc>camera:type=fixed
direction=313
man_made=surveillance
manufacturer=Flock Safety
manufacturer:wikidata=Q108485435
surveillance=public
surveillance:type=ALPR
surveillance:zone=traffic</desc><link href="http://osm.org/browse/node/14058968301"/></wpt><wpt lat="37.7534153" lon="-122.4481365"><name>node/14060546001</name><desc>camera:type=fixed
direction=158
man_made=surveillance
manufacturer=Flock Safety
manufacturer:wikidata=Q108485435
surveillance=public
surveillance:type=ALPR
surveillance:zone=traffic</desc><link href="http://osm.org/browse/node/14060546001"/></wpt><wpt lat="37.7511457" lon="-122.4485609"><name>node/14060546301</name><desc>camera:type=fixed
direction=17
man_made=surveillance
manufacturer=Flock Safety
manufacturer:wikidata=Q108485435
surveillance=public
surveillance:type=ALPR
surveillance:zone=traffic</desc><link href="http://osm.org/browse/node/14060546301"/></wpt><wpt lat="37.8037602" lon="-122.4249003"><name>node/14060555202</name><desc>camera:type=fixed
direction=311
man_made=surveillance
manufacturer=Motorola Solutions
manufacturer:wikidata=Q634815
surveillance=public
surveillance:type=ALPR
surveillance:zone=traffic</desc><link href="http://osm.org/browse/node/14060555202"/></wpt><wpt lat="37.7433462" lon="-122.4682458"><name>node/14060774001</name><desc>camera:type=fixed
direction=62
man_made=surveillance
manufacturer=Flock Safety
manufacturer:wikidata=Q108485435
surveillance=public
surveillance:type=ALPR
surveillance:zone=traffic</desc><link href="http://osm.org/browse/node/14060774001"/></wpt><wpt lat="37.7886254" lon="-122.3888962"><name>node/14065194175</name><desc>camera:direction=217
camera:mount=wall
camera:type=dome
man_made=surveillance
surveillance=public
surveillance:type=camera
surveillance:zone=entrance;parking;street</desc><link href="http://osm.org/browse/node/14065194175"/></wpt><wpt lat="37.7867616" lon="-122.3898122"><name>node/14065232755</name><desc>camera:direction=223
camera:mount=wall
camera:type=dome
man_made=surveillance
surveillance=outdoor
surveillance:type=camera
surveillance:zone=parking</desc><link href="http://osm.org/browse/node/14065232755"/></wpt><wpt lat="37.7872075" lon="-122.3889356"><name>node/14065252726</name><desc>camera:direction=230
camera:mount=wall
camera:type=dome
man_made=surveillance
surveillance=public
surveillance:type=camera
surveillance:zone=entrance;street</desc><link href="http://osm.org/browse/node/14065252726"/></wpt><wpt lat="37.7877279" lon="-122.3899786"><name>node/14065252727</name><desc>camera:direction=95
camera:mount=wall
camera:type=fixed
man_made=surveillance
surveillance=public
surveillance:type=camera
surveillance:zone=entrance;street</desc><link href="http://osm.org/browse/node/14065252727"/></wpt><wpt lat="37.7878065" lon="-122.3900794"><name>node/14065272325</name><desc>camera:direction=63
camera:mount=wall
camera:type=dome
man_made=surveillance
surveillance=public
surveillance:type=camera
surveillance:zone=entrance;street</desc><link href="http://osm.org/browse/node/14065272325"/></wpt><wpt lat="37.7879558" lon="-122.3896555"><name>node/14065272513</name><desc>camera:direction=311
camera:mount=wall
camera:type=dome
man_made=surveillance
surveillance=indoor
surveillance:type=camera
surveillance:zone=entrance</desc><link href="http://osm.org/browse/node/14065272513"/></wpt><wpt lat="37.7872577" lon="-122.3894126"><name>node/14065281138</name><desc>camera:direction=339
camera:type=fixed
man_made=surveillance
surveillance=public
surveillance:type=camera
surveillance:zone=street</desc><link href="http://osm.org/browse/node/14065281138"/></wpt><wpt lat="37.7871346" lon="-122.39037"><name>node/14065281169</name><desc>camera:direction=181
camera:mount=wall
camera:type=fixed
man_made=surveillance
surveillance=outdoor
surveillance:type=camera
surveillance:zone=entrance;parking</desc><link href="http://osm.org/browse/node/14065281169"/></wpt><wpt lat="37.7872586" lon="-122.3911322"><name>node/14065283247</name><desc>camera:direction=54
camera:mount=wall
camera:type=dome
man_made=surveillance
surveillance=public
surveillance:type=camera
surveillance:zone=entrance;street</desc><link href="http://osm.org/browse/node/14065283247"/></wpt><wpt lat="37.7878501" lon="-122.3904817"><name>node/14065287013</name><desc>camera:direction=324
camera:mount=wall
camera:type=dome
man_made=surveillance
surveillance=public
surveillance:type=camera
surveillance:zone=entrance;street</desc><link href="http://osm.org/browse/node/14065287013"/></wpt><wpt lat="37.786429" lon="-122.3896451"><name>node/14065287822</name><desc>camera:direction=332
camera:mount=pole
camera:type=fixed
man_made=surveillance
surveillance=public
surveillance:type=camera
surveillance:zone=street</desc><link href="http://osm.org/browse/node/14065287822"/></wpt><wpt lat="37.7872254" lon="-122.3905686"><name>node/14065296639</name><desc>camera:direction=181
camera:mount=wall
camera:type=fixed
man_made=surveillance
surveillance=outdoor
surveillance:type=camera
surveillance:zone=entrance;parking</desc><link href="http://osm.org/browse/node/14065296639"/></wpt><wpt lat="37.7873972" lon="-122.3909123"><name>node/14065300033</name><desc>camera:direction=226
camera:mount=wall
camera:type=dome
man_made=surveillance
surveillance=public
surveillance:type=camera
surveillance:zone=entrance;street</desc><link href="http://osm.org/browse/node/14065300033"/></wpt><wpt lat="37.7869723" lon="-122.3901131"><name>node/14065300038</name><desc>camera:direction=223
camera:mount=wall
camera:type=dome
man_made=surveillance
surveillance=outdoor
surveillance:type=camera
surveillance:zone=parking</desc><link href="http://osm.org/browse/node/14065300038"/></wpt><wpt lat="37.7871952" lon="-122.3905077"><name>node/14065304103</name><desc>camera:direction=181
camera:mount=wall
camera:type=fixed
man_made=surveillance
surveillance=outdoor
surveillance:type=camera
surveillance:zone=entrance;parking</desc><link href="http://osm.org/browse/node/14065304103"/></wpt><wpt lat="37.7306097" lon="-122.4363537"><name>node/14080924101</name><desc>camera:mount=pole
camera:type=fixed
direction=227
man_made=surveillance
manufacturer=Flock Safety
manufacturer:wikidata=Q108485435
surveillance=public
surveillance:type=ALPR
surveillance:zone=traffic</desc><link href="http://osm.org/browse/node/14080924101"/></wpt><wpt lat="37.7159066" lon="-122.471513"><name>node/14081013001</name><desc>camera:type=fixed
direction=139
man_made=surveillance
manufacturer=Flock Safety
manufacturer:wikidata=Q108485435
surveillance=public
surveillance:type=ALPR
surveillance:zone=traffic</desc><link href="http://osm.org/browse/node/14081013001"/></wpt><wpt lat="37.7894222" lon="-122.3896205"><name>node/14088636470</name><desc>camera:direction=313
camera:mount=wall
camera:type=dome
man_made=surveillance
surveillance=outdoor
surveillance:type=camera
surveillance:zone=corridor;entrance</desc><link href="http://osm.org/browse/node/14088636470"/></wpt><wpt lat="37.7896538" lon="-122.3893481"><name>node/14088651475</name><desc>camera:direction=311
camera:mount=wall
camera:type=dome
man_made=surveillance
surveillance=outdoor
surveillance:type=camera
surveillance:zone=corridor;entrance</desc><link href="http://osm.org/browse/node/14088651475"/></wpt><wpt lat="37.7895774" lon="-122.3880173"><name>node/14088653038</name><desc>camera:direction=289
camera:mount=wall
camera:type=fixed
man_made=surveillance
surveillance=public
surveillance:type=camera
surveillance:zone=entrance</desc><link href="http://osm.org/browse/node/14088653038"/></wpt><wpt lat="37.7896423" lon="-122.3880466"><name>node/14088669045</name><desc>camera:direction=289
camera:mount=wall
camera:type=fixed
man_made=surveillance
surveillance=public
surveillance:type=camera
surveillance:zone=entrance</desc><link href="http://osm.org/browse/node/14088669045"/></wpt><wpt lat="37.789054" lon="-122.3899062"><name>node/14088671798</name><desc>camera:direction=43
camera:mount=wall
camera:type=dome
man_made=surveillance
surveillance=public
surveillance:type=camera
surveillance:zone=entrance;street</desc><link href="http://osm.org/browse/node/14088671798"/></wpt><wpt lat="37.7886791" lon="-122.3898615"><name>node/14088682234</name><desc>camera:direction=190
camera:mount=wall
camera:type=fixed
man_made=surveillance
surveillance=public
surveillance:type=camera
surveillance:zone=street</desc><link href="http://osm.org/browse/node/14088682234"/></wpt><wpt lat="37.7985606" lon="-122.4245431"><name>node/14088684401</name><desc>camera:type=fixed
direction=244
man_made=surveillance
manufacturer=Flock Safety
manufacturer:wikidata=Q108485435
surveillance=public
surveillance:type=ALPR
surveillance:zone=traffic</desc><link href="http://osm.org/browse/node/14088684401"/></wpt><wpt lat="37.7896739" lon="-122.3902182"><name>node/14088696875</name><desc>camera:direction=227
camera:mount=wall
camera:type=dome
man_made=surveillance
surveillance=public
surveillance:type=camera
surveillance:zone=entrance;street</desc><link href="http://osm.org/browse/node/14088696875"/></wpt><wpt lat="37.7897734" lon="-122.3904094"><name>node/14088697865</name><desc>camera:direction=208
camera:mount=wall
camera:type=dome
man_made=surveillance
surveillance=public
surveillance:type=camera
surveillance:zone=entrance;street</desc><link href="http://osm.org/browse/node/14088697865"/></wpt><wpt lat="37.7886838" lon="-122.3898555"><name>node/14088701672</name><desc>camera:direction=89
camera:mount=wall
camera:type=fixed
man_made=surveillance
surveillance=public
surveillance:type=camera
surveillance:zone=street</desc><link href="http://osm.org/browse/node/14088701672"/></wpt><wpt lat="37.7891748" lon="-122.3878232"><name>node/14088701673</name><desc>camera:direction=192
camera:mount=ceiling
camera:type=fixed
man_made=surveillance
surveillance=public
surveillance:type=camera
surveillance:zone=entrance</desc><link href="http://osm.org/browse/node/14088701673"/></wpt><wpt lat="37.7887766" lon="-122.390877"><name>node/14088706959</name><desc>camera:direction=214
camera:mount=wall
camera:type=dome
man_made=surveillance
surveillance=public
surveillance:type=camera
surveillance:zone=entrance;street</desc><link href="http://osm.org/browse/node/14088706959"/></wpt><wpt lat="37.7893757" lon="-122.3879219"><name>node/14088714080</name><desc>camera:direction=172
camera:mount=wall
camera:type=fixed
man_made=surveillance
surveillance=public
surveillance:type=camera
surveillance:zone=entrance</desc><link href="http://osm.org/browse/node/14088714080"/></wpt><wpt lat="37.7887961" lon="-122.387377"><name>node/14088722425</name><desc>camera:direction=238
camera:mount=wall
camera:type=fixed
man_made=surveillance
surveillance=outdoor
surveillance:type=camera
surveillance:zone=corridor;entrance</desc><link href="http://osm.org/browse/node/14088722425"/></wpt><wpt lat="37.7803111" lon="-122.3973525"><name>node/14090488488</name><desc>camera:direction=176
camera:mount=wall
camera:type=fixed
man_made=surveillance
surveillance=public
surveillance:type=camera
surveillance:zone=entrance;street</desc><link href="http://osm.org/browse/node/14090488488"/></wpt><wpt lat="37.7830058" lon="-122.3947053"><name>node/14090510487</name><desc>camera:direction=253
camera:mount=wall
camera:type=fixed
man_made=surveillance
surveillance=public
surveillance:type=camera
surveillance:zone=entrance</desc><link href="http://osm.org/browse/node/14090510487"/></wpt><wpt lat="37.7829437" lon="-122.394784"><name>node/14090541079</name><desc>camera:direction=6
camera:mount=wall
camera:type=fixed
man_made=surveillance
surveillance=public
surveillance:type=camera
surveillance:zone=street</desc><link href="http://osm.org/browse/node/14090541079"/></wpt><wpt lat="37.7800778" lon="-122.397647"><name>node/14090541986</name><desc>camera:direction=138
camera:mount=wall
camera:type=dome
man_made=surveillance
surveillance=public
surveillance:type=camera
surveillance:zone=street</desc><link href="http://osm.org/browse/node/14090541986"/></wpt><wpt lat="37.7807391" lon="-122.3968113"><name>node/14090553136</name><desc>camera:direction=97
camera:mount=wall
camera:type=fixed
man_made=surveillance
surveillance=public
surveillance:type=camera
surveillance:zone=entrance;street</desc><link href="http://osm.org/browse/node/14090553136"/></wpt><wpt lat="37.7816304" lon="-122.396434"><name>node/14090557089</name><desc>camera:direction=104
camera:mount=wall
camera:type=fixed
man_made=surveillance
surveillance=public
surveillance:type=camera
surveillance:zone=entrance;street</desc><link href="http://osm.org/browse/node/14090557089"/></wpt><wpt lat="37.7820397" lon="-122.3959348"><name>node/14090557090</name><desc>camera:direction=12
camera:mount=wall
camera:type=fixed
man_made=surveillance
surveillance=public
surveillance:type=camera
surveillance:zone=street</desc><link href="http://osm.org/browse/node/14090557090"/></wpt><wpt lat="37.7800362" lon="-122.3979137"><name>node/14090558025</name><desc>camera:direction=191
camera:mount=wall
camera:type=fixed
man_made=surveillance
surveillance=outdoor
surveillance:type=camera</desc><link href="http://osm.org/browse/node/14090558025"/></wpt><wpt lat="37.7832517" lon="-122.3946242"><name>node/14090558043</name><desc>camera:direction=142
camera:mount=wall
camera:type=dome
man_made=surveillance
surveillance=public
surveillance:type=camera
surveillance:zone=entrance;street</desc><link href="http://osm.org/browse/node/14090558043"/></wpt><wpt lat="37.780428" lon="-122.3972047"><name>node/14090558404</name><desc>camera:direction=175
camera:mount=wall
camera:type=fixed
man_made=surveillance
surveillance=public
surveillance:type=camera
surveillance:zone=entrance;street</desc><link href="http://osm.org/browse/node/14090558404"/></wpt><wpt lat="37.7802065" lon="-122.3974845"><name>node/14090561387</name><desc>camera:direction=184
camera:mount=wall
camera:type=fixed
man_made=surveillance
surveillance=public
surveillance:type=camera
surveillance:zone=entrance;street</desc><link href="http://osm.org/browse/node/14090561387"/></wpt><wpt lat="37.7801451" lon="-122.397562"><name>node/14090576099</name><desc>camera:direction=138
camera:mount=wall
camera:type=dome
man_made=surveillance
surveillance=public
surveillance:type=camera
surveillance:zone=street</desc><link href="http://osm.org/browse/node/14090576099"/></wpt><wpt lat="37.7802192" lon="-122.3974686"><name>node/14090578030</name><desc>camera:direction=97
camera:mount=wall
camera:type=fixed
man_made=surveillance
surveillance=public
surveillance:type=camera
surveillance:zone=entrance;street</desc><link href="http://osm.org/browse/node/14090578030"/></wpt><wpt lat="37.7805559" lon="-122.3970436"><name>node/14090579550</name><desc>camera:direction=176
camera:mount=wall
camera:type=fixed
man_made=surveillance
surveillance=public
surveillance:type=camera
surveillance:zone=entrance;street</desc><link href="http://osm.org/browse/node/14090579550"/></wpt><wpt lat="37.7821871" lon="-122.3957467"><name>node/14090581406</name><desc>camera:direction=272
camera:mount=wall
camera:type=fixed
man_made=surveillance
surveillance=public
surveillance:type=camera
surveillance:zone=street</desc><link href="http://osm.org/browse/node/14090581406"/></wpt><wpt lat="37.7826848" lon="-122.3951121"><name>node/14090581407</name><desc>camera:direction=300
camera:mount=wall
camera:type=dome
man_made=surveillance
surveillance=public
surveillance:type=camera
surveillance:zone=street</desc><link href="http://osm.org/browse/node/14090581407"/></wpt><wpt lat="37.7827099" lon="-122.3950803"><name>node/14090581408</name><desc>camera:direction=300
camera:mount=wall
camera:type=dome
man_made=surveillance
surveillance=public
surveillance:type=camera
surveillance:zone=street</desc><link href="http://osm.org/browse/node/14090581408"/></wpt><wpt lat="37.7811261" lon="-122.3963263"><name>node/14090581552</name><desc>camera:direction=83
camera:mount=wall
camera:type=fixed
man_made=surveillance
surveillance=public
surveillance:type=camera</desc><link href="http://osm.org/browse/node/14090581552"/></wpt><wpt lat="37.7805778" lon="-122.397016"><name>node/14090581929</name><desc>camera:direction=98
camera:mount=wall
camera:type=fixed
man_made=surveillance
surveillance=public
surveillance:type=camera
surveillance:zone=entrance;street</desc><link href="http://osm.org/browse/node/14090581929"/></wpt><wpt lat="37.7822382" lon="-122.3956815"><name>node/14090581930</name><desc>camera:direction=298
camera:mount=wall
camera:type=dome
man_made=surveillance
surveillance=public
surveillance:type=camera
surveillance:zone=entrance;street</desc><link href="http://osm.org/browse/node/14090581930"/></wpt><wpt lat="37.7827735" lon="-122.3949996"><name>node/14090581934</name><desc>camera:direction=300
camera:mount=wall
camera:type=dome
man_made=surveillance
surveillance=public
surveillance:type=camera
surveillance:zone=street</desc><link href="http://osm.org/browse/node/14090581934"/></wpt><wpt lat="37.7811433" lon="-122.3963049"><name>node/14090587447</name><desc>camera:direction=189
camera:mount=wall
camera:type=fixed
man_made=surveillance
surveillance=public
surveillance:type=camera</desc><link href="http://osm.org/browse/node/14090587447"/></wpt><wpt lat="37.7816337" lon="-122.3964383"><name>node/14090587514</name><desc>camera:direction=24
camera:mount=wall
camera:type=fixed
man_made=surveillance
surveillance=public
surveillance:type=camera
surveillance:zone=entrance;street</desc><link href="http://osm.org/browse/node/14090587514"/></wpt><wpt lat="37.7825367" lon="-122.3953006"><name>node/14090595172</name><desc>camera:direction=300
camera:mount=wall
camera:type=dome
man_made=surveillance
surveillance=public
surveillance:type=camera
surveillance:zone=street</desc><link href="http://osm.org/browse/node/14090595172"/></wpt><wpt lat="37.7825646" lon="-122.395265"><name>node/14090595173</name><desc>camera:direction=300
camera:mount=wall
camera:type=dome
man_made=surveillance
surveillance=public
surveillance:type=camera
surveillance:zone=street</desc><link href="http://osm.org/browse/node/14090595173"/></wpt><wpt lat="37.7828672" lon="-122.394881"><name>node/14090598140</name><desc>camera:direction=316
camera:mount=wall
camera:type=dome
man_made=surveillance
surveillance=public
surveillance:type=camera
surveillance:zone=entrance;street</desc><link href="http://osm.org/browse/node/14090598140"/></wpt><wpt lat="37.7826266" lon="-122.3951859"><name>node/14090599416</name><desc>camera:direction=300
camera:mount=wall
camera:type=dome
man_made=surveillance
surveillance=public
surveillance:type=camera
surveillance:zone=street</desc><link href="http://osm.org/browse/node/14090599416"/></wpt><wpt lat="37.7827789" lon="-122.3949928"><name>node/14090602299</name><desc>camera:direction=358
camera:mount=wall
camera:type=fixed
man_made=surveillance
surveillance=public
surveillance:type=camera
surveillance:zone=street</desc><link href="http://osm.org/browse/node/14090602299"/></wpt><wpt lat="37.7818652" lon="-122.3944882"><name>node/14090620304</name><desc>camera:direction=314
camera:mount=wall
camera:type=dome
man_made=surveillance
surveillance=public
surveillance:type=camera
surveillance:zone=street</desc><link href="http://osm.org/browse/node/14090620304"/></wpt><wpt lat="37.7601031" lon="-122.4192613"><name>node/14091476903</name><desc>camera:type=fixed
direction=142
man_made=surveillance
manufacturer=Flock Safety
manufacturer:wikidata=Q108485435
surveillance=public
surveillance:type=ALPR
surveillance:zone=traffic</desc><link href="http://osm.org/browse/node/14091476903"/></wpt><wpt lat="37.7854782" lon="-122.4248382"><name>node/14092744002</name><desc>camera:type=fixed
direction=228
man_made=surveillance
manufacturer=Flock Safety
manufacturer:wikidata=Q108485435
surveillance=public
surveillance:type=ALPR
surveillance:zone=traffic</desc><link href="http://osm.org/browse/node/14092744002"/></wpt><wpt lat="37.7659981" lon="-122.3888272"><name>node/14095721001</name><desc>camera:type=fixed
direction=331
man_made=surveillance
manufacturer=Flock Safety
manufacturer:wikidata=Q108485435
operator=San Francisco Police Department
operator:type=government
operator:wikidata=Q1320247
surveillance=public
surveillance:type=ALPR
surveillance:zone=traffic</desc><link href="http://osm.org/browse/node/14095721001"/></wpt><wpt lat="37.7659981" lon="-122.3888272"><name>node/14095732501</name><desc>camera:type=fixed
direction=331
man_made=surveillance
manufacturer=Flock Safety
manufacturer:wikidata=Q108485435
operator=San Francisco Police Department
operator:type=government
operator:wikidata=Q1320247
surveillance=public
surveillance:type=ALPR
surveillance:zone=traffic</desc><link href="http://osm.org/browse/node/14095732501"/></wpt><wpt lat="37.7625434" lon="-122.4215408"><name>node/14098082301</name><desc>camera:type=fixed
direction=0
man_made=surveillance
manufacturer=Leonardo
manufacturer:wikidata=Q910379
surveillance=public
surveillance:type=ALPR
surveillance:zone=traffic</desc><link href="http://osm.org/browse/node/14098082301"/></wpt><wpt lat="37.7648066" lon="-122.4164161"><name>node/14105454104</name><desc>camera:type=fixed
direction=359
man_made=surveillance
manufacturer=Flock Safety
manufacturer:wikidata=Q108485435
surveillance=public
surveillance:type=ALPR
surveillance:zone=traffic</desc><link href="http://osm.org/browse/node/14105454104"/></wpt><wpt lat="37.7656302" lon="-122.4152624"><name>node/14105460901</name><desc>camera:mount=street_lamp
camera:type=fixed
direction=359
man_made=surveillance
manufacturer=Flock Safety
manufacturer:wikidata=Q108485435
surveillance=public
surveillance:type=ALPR
surveillance:zone=traffic</desc><link href="http://osm.org/browse/node/14105460901"/></wpt><wpt lat="37.7745485" lon="-122.4175725"><name>node/14106457701</name><desc>camera:type=fixed
direction=0
man_made=surveillance
manufacturer=Flock Safety
manufacturer:wikidata=Q108485435
surveillance=public
surveillance:type=ALPR
surveillance:zone=traffic</desc><link href="http://osm.org/browse/node/14106457701"/></wpt><wpt lat="37.7735158" lon="-122.4177083"><name>node/14106525501</name><desc>camera:type=fixed
direction=0
man_made=surveillance
manufacturer=Flock Safety
manufacturer:wikidata=Q108485435
surveillance=public
surveillance:type=ALPR
surveillance:zone=traffic</desc><link href="http://osm.org/browse/node/14106525501"/></wpt><wpt lat="37.7736232" lon="-122.4180502"><name>node/14106526901</name><desc>camera:type=fixed
direction=0
man_made=surveillance
manufacturer=Flock Safety
manufacturer:wikidata=Q108485435
surveillance=public
surveillance:type=ALPR
surveillance:zone=traffic</desc><link href="http://osm.org/browse/node/14106526901"/></wpt><wpt lat="37.778608" lon="-122.4144693"><name>node/14106566310</name><desc>direction=160
man_made=surveillance
manufacturer=Flock Safety
manufacturer:wikidata=Q108485435
surveillance=traffic
surveillance:type=ALPR
surveillance:zone=street</desc><link href="http://osm.org/browse/node/14106566310"/></wpt><wpt lat="37.7652389" lon="-122.4141975"><name>node/14108529001</name><desc>camera:type=fixed
direction=0
man_made=surveillance
manufacturer=Flock Safety
manufacturer:wikidata=Q108485435
surveillance=public
surveillance:type=ALPR
surveillance:zone=traffic</desc><link href="http://osm.org/browse/node/14108529001"/></wpt><wpt lat="37.7652389" lon="-122.4141975"><name>node/14108529002</name><desc>camera:type=fixed
direction=0;36
man_made=surveillance
manufacturer=Flock Safety
manufacturer:wikidata=Q108485435
surveillance=public
surveillance:type=ALPR
surveillance:zone=traffic</desc><link href="http://osm.org/browse/node/14108529002"/></wpt><wpt lat="37.8011795" lon="-122.4570543"><name>node/14116285906</name><desc>camera:model=Condor
camera:type=dome
direction=0-360
man_made=surveillance
manufacturer=Flock Safety
manufacturer:wikidata=Q108485435
surveillance=public
surveillance:type=camera</desc><link href="http://osm.org/browse/node/14116285906"/></wpt><wpt lat="37.7980407" lon="-122.4067914"><name>Flock Falcon</name><desc>camera:type=fixed
direction=313
man_made=surveillance
manufacturer=Flock Safety
manufacturer:wikidata=Q108485435
name=Flock Falcon
surveillance=public
surveillance:type=ALPR
surveillance:zone=traffic</desc><link href="http://osm.org/browse/node/14116285907"/></wpt><wpt lat="37.795799" lon="-122.4236614"><name>Flock Falcon</name><desc>camera:type=fixed
direction=262
man_made=surveillance
manufacturer=Flock Safety
manufacturer:wikidata=Q108485435
name=Flock Falcon
surveillance=public
surveillance:type=ALPR
surveillance:zone=traffic</desc><link href="http://osm.org/browse/node/14116293904"/></wpt><wpt lat="37.8218066" lon="-122.3741395"><name>node/14116295001</name><desc>camera:model=Condor
camera:type=dome
direction=0-360
man_made=surveillance
manufacturer=Flock Safety
manufacturer:wikidata=Q108485435
surveillance=public
surveillance:type=camera</desc><link href="http://osm.org/browse/node/14116295001"/></wpt><wpt lat="37.7920776" lon="-122.4445538"><name>node/14129917401</name><desc>camera:mount=street_lamp
camera:type=fixed
direction=258
man_made=surveillance
manufacturer=Flock Safety
manufacturer:wikidata=Q108485435
surveillance=public
surveillance:type=ALPR
surveillance:zone=traffic</desc><link href="http://osm.org/browse/node/14129917401"/></wpt><wpt lat="37.7387901" lon="-122.4043147"><name>node/14132225701</name><desc>camera:type=fixed
direction=200
man_made=surveillance
manufacturer=Flock Safety
manufacturer:wikidata=Q108485435
surveillance=public
surveillance:type=ALPR
surveillance:zone=traffic</desc><link href="http://osm.org/browse/node/14132225701"/></wpt><wpt lat="37.784406" lon="-122.395107"><name>node/14132485301</name><desc>camera:mount=pole
camera:type=fixed
direction=208
man_made=surveillance
manufacturer=Genetec
manufacturer:wikidata=Q30295174
surveillance=public
surveillance:type=ALPR
surveillance:zone=traffic</desc><link href="http://osm.org/browse/node/14132485301"/></wpt><wpt lat="37.7782288" lon="-122.4135119"><name>node/14133873401</name><desc>camera:mount=pole
camera:type=fixed
direction=359
man_made=surveillance
manufacturer=Flock Safety
manufacturer:wikidata=Q108485435
surveillance=public
surveillance:type=ALPR
surveillance:zone=traffic</desc><link href="http://osm.org/browse/node/14133873401"/></wpt><wpt lat="37.7782288" lon="-122.4135119"><name>node/14133882701</name><desc>camera:type=fixed
direction=202
man_made=surveillance
manufacturer=Flock Safety
manufacturer:wikidata=Q108485435
operator=Simon Property Group
operator:type=private
operator:wikidata=Q2287759
surveillance=public
surveillance:type=ALPR
surveillance:zone=traffic</desc><link href="http://osm.org/browse/node/14133882701"/></wpt><wpt lat="37.7748342" lon="-122.4224775"><name>node/14135192803</name><desc>direction=330
fixme=position_estimated
man_made=surveillance
operator=San Francisco Police Department
operator:wikidata=Q1320247
surveillance=traffic
surveillance:type=ALPR
surveillance:zone=traffic</desc><link href="http://osm.org/browse/node/14135192803"/></wpt><wpt lat="37.7388002" lon="-122.4240977"><name>node/14141619701</name><desc>camera:type=fixed
direction=148
man_made=surveillance
manufacturer=Leonardo
manufacturer:wikidata=Q910379
surveillance=public
surveillance:type=ALPR
surveillance:zone=traffic</desc><link href="http://osm.org/browse/node/14141619701"/></wpt><wpt lat="37.7744448" lon="-122.4207856"><name>node/14142151201</name><desc>camera:type=fixed
direction=0
man_made=surveillance
manufacturer=Flock Safety
manufacturer:wikidata=Q108485435
surveillance=public
surveillance:type=ALPR
surveillance:zone=traffic</desc><link href="http://osm.org/browse/node/14142151201"/></wpt><wpt lat="37.7679376" lon="-122.4268861"><name>node/14158014501</name><desc>camera:type=fixed
direction=168
man_made=surveillance
manufacturer=Flock Safety
manufacturer:wikidata=Q108485435
surveillance=public
surveillance:type=ALPR
surveillance:zone=traffic</desc><link href="http://osm.org/browse/node/14158014501"/></wpt><wpt lat="37.7967497" lon="-122.4378495"><name>node/14161932501</name><desc>camera:type=fixed
direction=283
man_made=surveillance
manufacturer=Flock Safety
manufacturer:wikidata=Q108485435
surveillance=public
surveillance:type=ALPR
surveillance:zone=traffic</desc><link href="http://osm.org/browse/node/14161932501"/></wpt><wpt lat="37.7809622" lon="-122.4136276"><name>node/14162743704</name><desc>camera:type=fixed
direction=135
man_made=surveillance
manufacturer=Flock Safety
manufacturer:wikidata=Q108485435
surveillance=public
surveillance:type=ALPR
surveillance:zone=traffic</desc><link href="http://osm.org/browse/node/14162743704"/></wpt><wpt lat="37.7257854" lon="-122.4760113"><name>node/14173727501</name><desc>camera:type=fixed
direction=166
man_made=surveillance
manufacturer=Flock Safety
manufacturer:wikidata=Q108485435
surveillance=public
surveillance:type=ALPR
surveillance:zone=traffic</desc><link href="http://osm.org/browse/node/14173727501"/></wpt><wpt lat="37.7240401" lon="-122.4818963"><name>node/14184093001</name><desc>camera:type=fixed
direction=90
image=https://alpr.pictures/san-francisco/state%20ebns%20garage.jpg
man_made=surveillance
manufacturer=Flock Safety
manufacturer:wikidata=Q108485435
surveillance=public
surveillance:type=ALPR
surveillance:zone=traffic</desc><link href="http://osm.org/browse/node/14184093001"/></wpt><wpt lat="37.7269553" lon="-122.4839664"><name>node/14184093101</name><desc>camera:type=dome
direction=0-360
man_made=surveillance
surveillance=public
surveillance:type=camera</desc><link href="http://osm.org/browse/node/14184093101"/></wpt><wpt lat="37.7703651" lon="-122.5110979"><name>node/14184093102</name><desc>camera:direction=0-360
camera:type=dome
direction=0-360
image=https://alpr.pictures/san-francisco/great%20hwy%20sjo%20fulton.jpg
man_made=surveillance
manufacturer=Flock Safety
manufacturer:wikidata=Q108485435
surveillance=public
surveillance:type=camera</desc><link href="http://osm.org/browse/node/14184093102"/></wpt><wpt lat="37.8043006" lon="-122.4757439"><name>node/14184093103</name><desc>camera:type=fixed
direction=35;150;70;300
man_made=surveillance
surveillance=public
surveillance:type=camera
surveillance:zone=traffic</desc><link href="http://osm.org/browse/node/14184093103"/></wpt><wpt lat="37.7259885" lon="-122.4819988"><name>node/14184093201</name><desc>camera:type=dome
direction=0-360
man_made=surveillance
surveillance=public
surveillance:type=camera</desc><link href="http://osm.org/browse/node/14184093201"/></wpt><wpt lat="37.7905686" lon="-122.4831056"><name>node/14184093202</name><desc>camera:type=fixed
direction=85
man_made=surveillance
surveillance=public
surveillance:type=camera
surveillance:zone=traffic</desc><link href="http://osm.org/browse/node/14184093202"/></wpt><wpt lat="37.7904248" lon="-122.4822853"><name>node/14184093302</name><desc>camera:type=fixed
direction=175;295
image=https://alpr.pictures/san-francisco/bowley%20jso%20gibson.jpg
man_made=surveillance
surveillance=public
surveillance:type=ALPR
surveillance:zone=traffic</desc><link href="http://osm.org/browse/node/14184093302"/></wpt><wpt lat="37.8020059" lon="-122.4508388"><name>node/14184094201</name><desc>camera:type=dome
direction=0-360
man_made=surveillance
surveillance=public
surveillance:type=camera</desc><link href="http://osm.org/browse/node/14184094201"/></wpt><wpt lat="37.7432853" lon="-122.4566398"><name>node/14185946201</name><desc>camera:type=fixed
direction=0
man_made=surveillance
manufacturer=Flock Safety
manufacturer:wikidata=Q108485435
surveillance=public
surveillance:type=ALPR
surveillance:zone=traffic</desc><link href="http://osm.org/browse/node/14185946201"/></wpt><wpt lat="37.7592338" lon="-122.4235338"><name>node/14197450102</name><desc>camera:type=fixed
direction=182
man_made=surveillance
manufacturer=Flock Safety
manufacturer:wikidata=Q108485435
surveillance=public
surveillance:type=ALPR
surveillance:zone=traffic</desc><link href="http://osm.org/browse/node/14197450102"/></wpt><wpt lat="37.742733" lon="-122.4231052"><name>node/14197451501</name><desc>camera:type=fixed
direction=26
man_made=surveillance
manufacturer=Motorola Solutions
manufacturer:wikidata=Q634815
surveillance=public
surveillance:type=ALPR
surveillance:zone=traffic</desc><link href="http://osm.org/browse/node/14197451501"/></wpt><wpt lat="37.7433675" lon="-122.4228334"><name>node/14197451601</name><desc>camera:type=fixed
direction=194
man_made=surveillance
manufacturer=Motorola Solutions
manufacturer:wikidata=Q634815
surveillance=public
surveillance:type=ALPR
surveillance:zone=traffic</desc><link href="http://osm.org/browse/node/14197451601"/></wpt><wpt lat="37.7439285" lon="-122.3987525"><name>node/14213736613</name><desc>camera:type=fixed
direction=105
man_made=surveillance
manufacturer=Flock Safety
manufacturer:wikidata=Q108485435
operator=San Francisco Police Department
operator:wikidata=Q1320247
surveillance=public
surveillance:type=ALPR
surveillance:zone=traffic</desc><link href="http://osm.org/browse/node/14213736613"/></wpt><wpt lat="37.7387128" lon="-122.436885"><name>node/14219844101</name><desc>camera:type=fixed
direction=0
man_made=surveillance
manufacturer=Flock Safety
manufacturer:wikidata=Q108485435
surveillance=public
surveillance:type=ALPR
surveillance:zone=traffic</desc><link href="http://osm.org/browse/node/14219844101"/></wpt></gpx>