<?xml version="1.0" encoding="UTF-8"?><kml xmlns="http://www.opengis.net/kml/2.2"><Document><name>overpass-turbo.eu export</name><description>Filtered OSM data converted to KML by overpass turbo.
Copyright: The data included in this document is from www.openstreetmap.org. The data is made available under ODbL.
Timestamp: 2026-10-01T14:34:17Z</description><Placemark><ExtendedData><Data name="@id"><value>node/1392953862</value></Data><Data name="camera:direction"><value>277</value></Data><Data name="camera:mount"><value>wall</value></Data><Data name="camera:type"><value>dome</value></Data><Data name="man_made"><value>surveillance</value></Data><Data name="surveillance"><value>outdoor</value></Data><Data name="surveillance:type"><value>camera</value></Data><Data name="surveillance:zone"><value>entrance</value></Data></ExtendedData><Point><coordinates>-122.3886816,37.7842526</coordinates></Point></Placemark><Placemark><ExtendedData><Data name="@id"><value>node/1607241531</value></Data><Data name="camera:direction"><value>240</value></Data><Data name="camera:mount"><value>wall</value></Data><Data name="camera:type"><value>fixed</value></Data><Data name="man_made"><value>surveillance</value></Data><Data name="surveillance"><value>public</value></Data><Data name="surveillance:type"><value>camera</value></Data><Data name="surveillance:zone"><value>entrance</value></Data></ExtendedData><Point><coordinates>-122.3941002,37.7825584</coordinates></Point></Placemark><Placemark><ExtendedData><Data name="@id"><value>node/2634186259</value></Data><Data name="camera:direction"><value>N</value></Data><Data name="camera:mount"><value>wall</value></Data><Data name="camera:type"><value>dome</value></Data><Data name="man_made"><value>surveillance</value></Data><Data name="surveillance"><value>public</value></Data><Data name="surveillance:type"><value>camera</value></Data><Data name="surveillance:zone"><value>street</value></Data></ExtendedData><Point><coordinates>-122.4284284,37.7856589</coordinates></Point></Placemark><Placemark><ExtendedData><Data name="@id"><value>node/2801071364</value></Data><Data name="camera:direction"><value>89</value></Data><Data name="camera:mount"><value>wall</value></Data><Data name="camera:type"><value>fixed</value></Data><Data name="man_made"><value>surveillance</value></Data><Data name="manufacturer:wikidata"><value>Q5297222</value></Data><Data name="surveillance"><value>public</value></Data><Data name="surveillance:type"><value>camera</value></Data></ExtendedData><Point><coordinates>-122.4704442,37.7749251</coordinates></Point></Placemark><Placemark><ExtendedData><Data name="@id"><value>node/3201045669</value></Data><Data name="amenity"><value>parking_entrance</value></Data><Data name="camera:direction"><value>237</value></Data><Data name="camera:mount"><value>wall</value></Data><Data name="camera:type"><value>dome</value></Data><Data name="man_made"><value>surveillance</value></Data><Data name="parking"><value>underground</value></Data><Data name="surveillance"><value>public</value></Data><Data name="surveillance:type"><value>camera</value></Data><Data name="surveillance:zone"><value>entrance;street</value></Data></ExtendedData><Point><coordinates>-122.390151,37.7895667</coordinates></Point></Placemark><Placemark><ExtendedData><Data name="@id"><value>node/4034036876</value></Data><Data name="camera:mount"><value>pole</value></Data><Data name="camera:type"><value>fixed</value></Data><Data name="direction"><value>100</value></Data><Data name="image"><value>https://alpr.pictures/san-francisco/lincoln%20ebfs%2018th.jpg</value></Data><Data name="man_made"><value>surveillance</value></Data><Data name="manufacturer"><value>Flock Safety</value></Data><Data name="manufacturer:wikidata"><value>Q108485435</value></Data><Data name="operator"><value>San Francisco Police Department</value></Data><Data name="operator:wikidata"><value>Q1320247</value></Data><Data name="surveillance"><value>public</value></Data><Data name="surveillance:type"><value>ALPR</value></Data><Data name="surveillance:zone"><value>traffic</value></Data></ExtendedData><Point><coordinates>-122.4760181,37.7655162</coordinates></Point></Placemark><Placemark><ExtendedData><Data name="@id"><value>node/10612927301</value></Data><Data name="camera:direction"><value>178</value></Data><Data name="camera:mount"><value>wall</value></Data><Data name="man_made"><value>surveillance</value></Data><Data name="surveillance"><value>outdoor</value></Data><Data name="surveillance:type"><value>camera</value></Data><Data name="surveillance:zone"><value>parking</value></Data></ExtendedData><Point><coordinates>-122.4776933,37.7650798</coordinates></Point></Placemark><Placemark><ExtendedData><Data name="@id"><value>node/10671986862</value></Data><Data name="camera:direction"><value>266</value></Data><Data name="camera:type"><value>dome</value></Data><Data name="man_made"><value>surveillance</value></Data><Data name="surveillance"><value>public</value></Data><Data name="surveillance:type"><value>camera</value></Data><Data name="surveillance:zone"><value>street</value></Data></ExtendedData><Point><coordinates>-122.4781631,37.7800545</coordinates></Point></Placemark><Placemark><ExtendedData><Data name="@id"><value>node/10681921355</value></Data><Data name="camera:mount"><value>wall</value></Data><Data name="camera:type"><value>fixed</value></Data><Data name="direction"><value>SE</value></Data><Data name="man_made"><value>surveillance</value></Data><Data name="surveillance"><value>outdoor</value></Data><Data name="surveillance:type"><value>camera</value></Data><Data name="surveillance:zone"><value>street</value></Data></ExtendedData><Point><coordinates>-122.4748051,37.7747463</coordinates></Point></Placemark><Placemark><ExtendedData><Data name="@id"><value>node/10681921356</value></Data><Data name="camera:mount"><value>wall</value></Data><Data name="camera:type"><value>fixed</value></Data><Data name="direction"><value>NW</value></Data><Data name="man_made"><value>surveillance</value></Data><Data name="surveillance"><value>outdoor</value></Data><Data name="surveillance:type"><value>camera</value></Data><Data name="surveillance:zone"><value>street</value></Data></ExtendedData><Point><coordinates>-122.4748305,37.7747612</coordinates></Point></Placemark><Placemark><ExtendedData><Data name="@id"><value>node/10681921357</value></Data><Data name="camera:mount"><value>wall</value></Data><Data name="camera:type"><value>fixed</value></Data><Data name="direction"><value>SW</value></Data><Data name="man_made"><value>surveillance</value></Data><Data name="surveillance"><value>outdoor</value></Data><Data name="surveillance:type"><value>camera</value></Data><Data name="surveillance:zone"><value>street</value></Data></ExtendedData><Point><coordinates>-122.4745574,37.774608</coordinates></Point></Placemark><Placemark><ExtendedData><Data name="@id"><value>node/10681921358</value></Data><Data name="camera:mount"><value>wall</value></Data><Data name="camera:type"><value>fixed</value></Data><Data name="direction"><value>SW</value></Data><Data name="man_made"><value>surveillance</value></Data><Data name="surveillance"><value>outdoor</value></Data><Data name="surveillance:type"><value>camera</value></Data><Data name="surveillance:zone"><value>street</value></Data></ExtendedData><Point><coordinates>-122.474556,37.7745914</coordinates></Point></Placemark><Placemark><ExtendedData><Data name="@id"><value>node/10681921362</value></Data><Data name="camera:mount"><value>wall</value></Data><Data name="camera:type"><value>fixed</value></Data><Data name="direction"><value>ESE</value></Data><Data name="man_made"><value>surveillance</value></Data><Data name="surveillance"><value>outdoor</value></Data><Data name="surveillance:type"><value>camera</value></Data><Data name="surveillance:zone"><value>entrance</value></Data></ExtendedData><Point><coordinates>-122.4747103,37.7734183</coordinates></Point></Placemark><Placemark><ExtendedData><Data name="@id"><value>node/10681921363</value></Data><Data name="camera:mount"><value>wall</value></Data><Data name="camera:type"><value>fixed</value></Data><Data name="direction"><value>SE</value></Data><Data name="man_made"><value>surveillance</value></Data><Data name="surveillance"><value>outdoor</value></Data><Data name="surveillance:type"><value>camera</value></Data><Data name="surveillance:zone"><value>entrance</value></Data></ExtendedData><Point><coordinates>-122.4747055,37.7734436</coordinates></Point></Placemark><Placemark><ExtendedData><Data name="@id"><value>node/10681921364</value></Data><Data name="camera:mount"><value>wall</value></Data><Data name="camera:type"><value>fixed</value></Data><Data name="direction"><value>ESE</value></Data><Data name="man_made"><value>surveillance</value></Data><Data name="surveillance"><value>outdoor</value></Data><Data name="surveillance:type"><value>camera</value></Data><Data name="surveillance:zone"><value>street</value></Data></ExtendedData><Point><coordinates>-122.4747132,37.7734796</coordinates></Point></Placemark><Placemark><ExtendedData><Data name="@id"><value>node/10681921365</value></Data><Data name="camera:mount"><value>wall</value></Data><Data name="camera:type"><value>fixed</value></Data><Data name="direction"><value>NNW</value></Data><Data name="man_made"><value>surveillance</value></Data><Data name="surveillance"><value>outdoor</value></Data><Data name="surveillance:type"><value>camera</value></Data><Data name="surveillance:zone"><value>street</value></Data></ExtendedData><Point><coordinates>-122.4747162,37.7735042</coordinates></Point></Placemark><Placemark><ExtendedData><Data name="@id"><value>node/10681979480</value></Data><Data name="camera:mount"><value>wall</value></Data><Data name="camera:type"><value>fixed</value></Data><Data name="direction"><value>E</value></Data><Data name="man_made"><value>surveillance</value></Data><Data name="surveillance"><value>outdoor</value></Data><Data name="surveillance:type"><value>camera</value></Data><Data name="surveillance:zone"><value>street</value></Data></ExtendedData><Point><coordinates>-122.4739269,37.7778829</coordinates></Point></Placemark><Placemark><ExtendedData><Data name="@id"><value>node/10681979484</value></Data><Data name="camera:mount"><value>wall</value></Data><Data name="camera:type"><value>dome</value></Data><Data name="direction"><value>E</value></Data><Data name="man_made"><value>surveillance</value></Data><Data name="surveillance"><value>outdoor</value></Data><Data name="surveillance:type"><value>camera</value></Data><Data name="surveillance:zone"><value>entrance</value></Data></ExtendedData><Point><coordinates>-122.4739854,37.7790429</coordinates></Point></Placemark><Placemark><ExtendedData><Data name="@id"><value>node/10681979485</value></Data><Data name="camera:mount"><value>wall</value></Data><Data name="camera:type"><value>fixed</value></Data><Data name="direction"><value>E</value></Data><Data name="man_made"><value>surveillance</value></Data><Data name="surveillance"><value>outdoor</value></Data><Data name="surveillance:type"><value>camera</value></Data><Data name="surveillance:zone"><value>street</value></Data></ExtendedData><Point><coordinates>-122.4740285,37.7793434</coordinates></Point></Placemark><Placemark><ExtendedData><Data name="@id"><value>node/10681979486</value></Data><Data name="camera:mount"><value>wall</value></Data><Data name="camera:type"><value>door</value></Data><Data name="direction"><value>E</value></Data><Data name="man_made"><value>surveillance</value></Data><Data name="surveillance"><value>outdoor</value></Data><Data name="surveillance:type"><value>camera</value></Data><Data name="surveillance:zone"><value>entrance</value></Data></ExtendedData><Point><coordinates>-122.4740827,37.7800071</coordinates></Point></Placemark><Placemark><ExtendedData><Data name="@id"><value>node/10684063289</value></Data><Data name="camera:mount"><value>wall</value></Data><Data name="direction"><value>ENE</value></Data><Data name="man_made"><value>surveillance</value></Data><Data name="surveillance"><value>outdoor</value></Data><Data name="surveillance:type"><value>camera</value></Data><Data name="surveillance:zone"><value>street</value></Data></ExtendedData><Point><coordinates>-122.4773853,37.7765195</coordinates></Point></Placemark><Placemark><ExtendedData><Data name="@id"><value>node/10684063290</value></Data><Data name="camera:mount"><value>wall</value></Data><Data name="camera:type"><value>door</value></Data><Data name="direction"><value>N</value></Data><Data name="man_made"><value>surveillance</value></Data><Data name="surveillance"><value>outdoor</value></Data><Data name="surveillance:type"><value>camera</value></Data><Data name="surveillance:zone"><value>entrance</value></Data></ExtendedData><Point><coordinates>-122.477204,37.7764886</coordinates></Point></Placemark><Placemark><ExtendedData><Data name="@id"><value>node/10684063291</value></Data><Data name="camera:mount"><value>wall</value></Data><Data name="camera:type"><value>fixed</value></Data><Data name="direction"><value>N</value></Data><Data name="man_made"><value>surveillance</value></Data><Data name="surveillance"><value>outdoor</value></Data><Data name="surveillance:type"><value>camera</value></Data><Data name="surveillance:zone"><value>entrance</value></Data></ExtendedData><Point><coordinates>-122.4774778,37.7765027</coordinates></Point></Placemark><Placemark><ExtendedData><Data name="@id"><value>node/10691449145</value></Data><Data name="camera:mount"><value>pole</value></Data><Data name="camera:type"><value>panning</value></Data><Data name="direction"><value>S</value></Data><Data name="man_made"><value>surveillance</value></Data><Data name="surveillance"><value>outdoor</value></Data><Data name="surveillance:type"><value>camera</value></Data><Data name="surveillance:zone"><value>parking</value></Data></ExtendedData><Point><coordinates>-122.4757155,37.8067081</coordinates></Point></Placemark><Placemark><ExtendedData><Data name="@id"><value>node/10691449146</value></Data><Data name="camera:mount"><value>pole</value></Data><Data name="camera:type"><value>panning</value></Data><Data name="direction"><value>E</value></Data><Data name="man_made"><value>surveillance</value></Data><Data name="surveillance"><value>outdoor</value></Data><Data name="surveillance:type"><value>camera</value></Data><Data name="surveillance:zone"><value>traffic</value></Data></ExtendedData><Point><coordinates>-122.475609,37.8067756</coordinates></Point></Placemark><Placemark><ExtendedData><Data name="@id"><value>node/10698147308</value></Data><Data name="camera:mount"><value>wall</value></Data><Data name="camera:type"><value>fixed</value></Data><Data name="direction"><value>SW</value></Data><Data name="man_made"><value>surveillance</value></Data><Data name="surveillance"><value>outdoor</value></Data><Data name="surveillance:type"><value>camera</value></Data><Data name="surveillance:zone"><value>street</value></Data></ExtendedData><Point><coordinates>-122.4702027,37.7755974</coordinates></Point></Placemark><Placemark><ExtendedData><Data name="@id"><value>node/10698162385</value></Data><Data name="camera:mount"><value>wall</value></Data><Data name="camera:type"><value>fixed</value></Data><Data name="direction"><value>NW</value></Data><Data name="man_made"><value>surveillance</value></Data><Data name="surveillance"><value>outdoor</value></Data><Data name="surveillance:type"><value>camera</value></Data><Data name="surveillance:zone"><value>entrance</value></Data></ExtendedData><Point><coordinates>-122.4695206,37.7768742</coordinates></Point></Placemark><Placemark><ExtendedData><Data name="@id"><value>node/10698162386</value></Data><Data name="camera:mount"><value>wall</value></Data><Data name="camera:type"><value>fixed</value></Data><Data name="direction"><value>SE</value></Data><Data name="man_made"><value>surveillance</value></Data><Data name="surveillance"><value>outdoor</value></Data><Data name="surveillance:type"><value>camera</value></Data><Data name="surveillance:zone"><value>entrance</value></Data></ExtendedData><Point><coordinates>-122.4695099,37.7768651</coordinates></Point></Placemark><Placemark><ExtendedData><Data name="@id"><value>node/10698162387</value></Data><Data name="camera:mount"><value>wall</value></Data><Data name="camera:type"><value>fixed</value></Data><Data name="direction"><value>NE</value></Data><Data name="man_made"><value>surveillance</value></Data><Data name="surveillance"><value>outdoor</value></Data><Data name="surveillance:type"><value>camera</value></Data><Data name="surveillance:zone"><value>entrance</value></Data></ExtendedData><Point><coordinates>-122.4695059,37.7768124</coordinates></Point></Placemark><Placemark><ExtendedData><Data name="@id"><value>node/10702587425</value></Data><Data name="camera:mount"><value>wall</value></Data><Data name="camera:type"><value>fixed</value></Data><Data name="direction"><value>NE</value></Data><Data name="man_made"><value>surveillance</value></Data><Data name="surveillance"><value>outdoor</value></Data><Data name="surveillance:type"><value>camera</value></Data><Data name="surveillance:zone"><value>entrance</value></Data></ExtendedData><Point><coordinates>-122.4643493,37.777118</coordinates></Point></Placemark><Placemark><ExtendedData><Data name="@id"><value>node/10702606294</value></Data><Data name="camera:direction"><value>78</value></Data><Data name="camera:mount"><value>wall</value></Data><Data name="camera:type"><value>fixed</value></Data><Data name="direction"><value>E</value></Data><Data name="man_made"><value>surveillance</value></Data><Data name="surveillance"><value>outdoor</value></Data><Data name="surveillance:type"><value>camera</value></Data><Data name="surveillance:zone"><value>street</value></Data></ExtendedData><Point><coordinates>-122.4340736,37.7839863</coordinates></Point></Placemark><Placemark><ExtendedData><Data name="@id"><value>node/10702606295</value></Data><Data name="camera:direction"><value>171</value></Data><Data name="camera:mount"><value>wall</value></Data><Data name="camera:type"><value>fixed</value></Data><Data name="man_made"><value>surveillance</value></Data><Data name="surveillance"><value>outdoor</value></Data><Data name="surveillance:type"><value>camera</value></Data><Data name="surveillance:zone"><value>entrance</value></Data></ExtendedData><Point><coordinates>-122.4340808,37.7839719</coordinates></Point></Placemark><Placemark><ExtendedData><Data name="@id"><value>node/10705377779</value></Data><Data name="camera:direction"><value>178</value></Data><Data name="camera:mount"><value>wall</value></Data><Data name="camera:type"><value>dome</value></Data><Data name="man_made"><value>surveillance</value></Data><Data name="surveillance"><value>outdoor</value></Data><Data name="surveillance:type"><value>camera</value></Data><Data name="surveillance:zone"><value>entrance</value></Data></ExtendedData><Point><coordinates>-122.4766353,37.7637623</coordinates></Point></Placemark><Placemark><ExtendedData><Data name="@id"><value>node/10705377780</value></Data><Data name="camera:direction"><value>267</value></Data><Data name="camera:mount"><value>wall</value></Data><Data name="camera:type"><value>dome</value></Data><Data name="man_made"><value>surveillance</value></Data><Data name="surveillance"><value>outdoor</value></Data><Data name="surveillance:type"><value>camera</value></Data></ExtendedData><Point><coordinates>-122.4767327,37.7639448</coordinates></Point></Placemark><Placemark><ExtendedData><Data name="@id"><value>node/10705431681</value></Data><Data name="camera:direction"><value>158</value></Data><Data name="camera:type"><value>dome</value></Data><Data name="man_made"><value>surveillance</value></Data><Data name="surveillance"><value>outdoor</value></Data><Data name="surveillance:type"><value>camera</value></Data><Data name="surveillance:zone"><value>street</value></Data></ExtendedData><Point><coordinates>-122.4774891,37.7650895</coordinates></Point></Placemark><Placemark><ExtendedData><Data name="@id"><value>node/10705431682</value></Data><Data name="camera:direction"><value>359</value></Data><Data name="camera:type"><value>dome</value></Data><Data name="man_made"><value>surveillance</value></Data><Data name="surveillance"><value>outdoor</value></Data><Data name="surveillance:type"><value>camera</value></Data><Data name="surveillance:zone"><value>street</value></Data></ExtendedData><Point><coordinates>-122.4774766,37.7651</coordinates></Point></Placemark><Placemark><ExtendedData><Data name="@id"><value>node/10705431683</value></Data><Data name="camera:direction"><value>183</value></Data><Data name="camera:type"><value>dome</value></Data><Data name="man_made"><value>surveillance</value></Data><Data name="surveillance"><value>outdoor</value></Data><Data name="surveillance:type"><value>camera</value></Data><Data name="surveillance:zone"><value>street</value></Data></ExtendedData><Point><coordinates>-122.4774768,37.7651421</coordinates></Point></Placemark><Placemark><ExtendedData><Data name="@id"><value>node/10705431684</value></Data><Data name="camera:direction"><value>182</value></Data><Data name="camera:type"><value>dome</value></Data><Data name="man_made"><value>surveillance</value></Data><Data name="surveillance"><value>outdoor</value></Data><Data name="surveillance:type"><value>camera</value></Data><Data name="surveillance:zone"><value>entrance</value></Data></ExtendedData><Point><coordinates>-122.4774938,37.7652706</coordinates></Point></Placemark><Placemark><ExtendedData><Data name="@id"><value>node/10705431685</value></Data><Data name="camera:direction"><value>174</value></Data><Data name="camera:type"><value>dome</value></Data><Data name="man_made"><value>surveillance</value></Data><Data name="surveillance"><value>outdoor</value></Data><Data name="surveillance:type"><value>camera</value></Data><Data name="surveillance:zone"><value>street</value></Data></ExtendedData><Point><coordinates>-122.4774897,37.7653043</coordinates></Point></Placemark><Placemark><ExtendedData><Data name="@id"><value>node/10705431687</value></Data><Data name="camera:direction"><value>263</value></Data><Data name="camera:type"><value>dome</value></Data><Data name="man_made"><value>surveillance</value></Data><Data name="surveillance"><value>outdoor</value></Data><Data name="surveillance:type"><value>camera</value></Data><Data name="surveillance:zone"><value>street</value></Data></ExtendedData><Point><coordinates>-122.4775029,37.7653106</coordinates></Point></Placemark><Placemark><ExtendedData><Data name="@id"><value>node/10705431688</value></Data><Data name="camera:direction"><value>84</value></Data><Data name="camera:type"><value>dome</value></Data><Data name="man_made"><value>surveillance</value></Data><Data name="surveillance"><value>outdoor</value></Data><Data name="surveillance:type"><value>camera</value></Data><Data name="surveillance:zone"><value>entrance</value></Data></ExtendedData><Point><coordinates>-122.4777028,37.7653049</coordinates></Point></Placemark><Placemark><ExtendedData><Data name="@id"><value>node/10705431690</value></Data><Data name="camera:direction"><value>355</value></Data><Data name="camera:mount"><value>pole</value></Data><Data name="camera:type"><value>fixed</value></Data><Data name="man_made"><value>surveillance</value></Data><Data name="surveillance"><value>outdoor</value></Data><Data name="surveillance:type"><value>camera</value></Data><Data name="surveillance:zone"><value>traffic</value></Data></ExtendedData><Point><coordinates>-122.4773959,37.76535</coordinates></Point></Placemark><Placemark><ExtendedData><Data name="@id"><value>node/10708012496</value></Data><Data name="camera:direction"><value>204</value></Data><Data name="camera:mount"><value>ceiling</value></Data><Data name="camera:type"><value>dome</value></Data><Data name="man_made"><value>surveillance</value></Data><Data name="surveillance:type"><value>camera</value></Data></ExtendedData><Point><coordinates>-122.4378923,37.807238</coordinates></Point></Placemark><Placemark><ExtendedData><Data name="@id"><value>node/10708012497</value></Data><Data name="camera:direction"><value>129</value></Data><Data name="camera:mount"><value>ceiling</value></Data><Data name="camera:type"><value>dome</value></Data><Data name="man_made"><value>surveillance</value></Data><Data name="surveillance:type"><value>camera</value></Data></ExtendedData><Point><coordinates>-122.4378753,37.8072382</coordinates></Point></Placemark><Placemark><ExtendedData><Data name="@id"><value>node/10708012498</value></Data><Data name="camera:direction"><value>135</value></Data><Data name="camera:mount"><value>ceiling</value></Data><Data name="camera:type"><value>dome</value></Data><Data name="man_made"><value>surveillance</value></Data><Data name="surveillance:type"><value>camera</value></Data></ExtendedData><Point><coordinates>-122.4377783,37.8072537</coordinates></Point></Placemark><Placemark><ExtendedData><Data name="@id"><value>node/10720135505</value></Data><Data name="camera:direction"><value>267</value></Data><Data name="camera:mount"><value>pole</value></Data><Data name="camera:type"><value>fixed</value></Data><Data name="man_made"><value>surveillance</value></Data><Data name="surveillance"><value>public</value></Data><Data name="surveillance:type"><value>camera</value></Data><Data name="surveillance:zone"><value>traffic</value></Data></ExtendedData><Point><coordinates>-122.4721298,37.7806023</coordinates></Point></Placemark><Placemark><ExtendedData><Data name="@id"><value>node/10720135506</value></Data><Data name="camera:mount"><value>pole</value></Data><Data name="camera:type"><value>fixed</value></Data><Data name="direction"><value>325</value></Data><Data name="man_made"><value>surveillance</value></Data><Data name="manufacturer"><value>Flock Safety</value></Data><Data name="manufacturer:wikidata"><value>Q108485435</value></Data><Data name="operator"><value>San Francisco Police Department</value></Data><Data name="operator:wikidata"><value>Q1320247</value></Data><Data name="surveillance"><value>public</value></Data><Data name="surveillance:type"><value>ALPR</value></Data><Data name="surveillance:zone"><value>traffic</value></Data></ExtendedData><Point><coordinates>-122.472182,37.7808408</coordinates></Point></Placemark><Placemark><ExtendedData><Data name="@id"><value>node/10720135508</value></Data><Data name="camera:direction"><value>86</value></Data><Data name="camera:mount"><value>pole</value></Data><Data name="camera:type"><value>fixed</value></Data><Data name="man_made"><value>surveillance</value></Data><Data name="surveillance"><value>public</value></Data><Data name="surveillance:type"><value>camera</value></Data><Data name="surveillance:zone"><value>traffic</value></Data></ExtendedData><Point><coordinates>-122.4725192,37.7807268</coordinates></Point></Placemark><Placemark><ExtendedData><Data name="@id"><value>node/10728597626</value></Data><Data name="camera:direction"><value>335</value></Data><Data name="camera:type"><value>dome</value></Data><Data name="check_date"><value>2026-07-18</value></Data><Data name="man_made"><value>surveillance</value></Data><Data name="surveillance"><value>outdoor</value></Data><Data name="surveillance:type"><value>camera</value></Data></ExtendedData><Point><coordinates>-122.4839976,37.7799633</coordinates></Point></Placemark><Placemark><ExtendedData><Data name="@id"><value>node/10728597634</value></Data><Data name="camera:direction"><value>266</value></Data><Data name="camera:mount"><value>fence</value></Data><Data name="camera:type"><value>dome</value></Data><Data name="man_made"><value>surveillance</value></Data><Data name="surveillance"><value>outdoor</value></Data><Data name="surveillance:type"><value>camera</value></Data><Data name="surveillance:zone"><value>street</value></Data></ExtendedData><Point><coordinates>-122.4835179,37.7797244</coordinates></Point></Placemark><Placemark><ExtendedData><Data name="@id"><value>node/10728615650</value></Data><Data name="camera:direction"><value>188</value></Data><Data name="camera:mount"><value>wall</value></Data><Data name="camera:type"><value>dome</value></Data><Data name="man_made"><value>surveillance</value></Data><Data name="surveillance"><value>outdoor</value></Data><Data name="surveillance:type"><value>camera</value></Data><Data name="surveillance:zone"><value>entrance</value></Data></ExtendedData><Point><coordinates>-122.4867849,37.7803059</coordinates></Point></Placemark><Placemark><ExtendedData><Data name="@id"><value>node/10728628302</value></Data><Data name="camera:direction"><value>358</value></Data><Data name="camera:mount"><value>wall</value></Data><Data name="camera:type"><value>fixed</value></Data><Data name="man_made"><value>surveillance</value></Data><Data name="surveillance"><value>public</value></Data><Data name="surveillance:type"><value>camera</value></Data><Data name="surveillance:zone"><value>entrance</value></Data></ExtendedData><Point><coordinates>-122.4848388,37.7796785</coordinates></Point></Placemark><Placemark><ExtendedData><Data name="@id"><value>node/10728628707</value></Data><Data name="camera:direction"><value>270</value></Data><Data name="camera:type"><value>fixed</value></Data><Data name="disused:*"><value>yes</value></Data><Data name="man_made"><value>surveillance</value></Data><Data name="surveillance"><value>public</value></Data><Data name="surveillance:type"><value>camera</value></Data><Data name="surveillance:zone"><value>entrance</value></Data></ExtendedData><Point><coordinates>-122.4848537,37.7799169</coordinates></Point></Placemark><Placemark><ExtendedData><Data name="@id"><value>node/10728628708</value></Data><Data name="camera:direction"><value>86</value></Data><Data name="camera:type"><value>fixed</value></Data><Data name="check_date"><value>2026-07-18</value></Data><Data name="man_made"><value>surveillance</value></Data><Data name="surveillance"><value>public</value></Data><Data name="surveillance:type"><value>camera</value></Data><Data name="surveillance:zone"><value>entrance</value></Data></ExtendedData><Point><coordinates>-122.4850068,37.779908</coordinates></Point></Placemark><Placemark><ExtendedData><Data name="@id"><value>node/10733847381</value></Data><Data name="camera:direction"><value>332</value></Data><Data name="camera:mount"><value>wall</value></Data><Data name="camera:type"><value>dome</value></Data><Data name="man_made"><value>surveillance</value></Data><Data name="surveillance"><value>outdoor</value></Data><Data name="surveillance:type"><value>camera</value></Data></ExtendedData><Point><coordinates>-122.4807958,37.7694282</coordinates></Point></Placemark><Placemark><ExtendedData><Data name="@id"><value>node/10733847382</value></Data><Data name="camera:direction"><value>63</value></Data><Data name="camera:mount"><value>wall</value></Data><Data name="camera:type"><value>dome</value></Data><Data name="man_made"><value>surveillance</value></Data><Data name="surveillance"><value>outdoor</value></Data><Data name="surveillance:type"><value>camera</value></Data></ExtendedData><Point><coordinates>-122.4808803,37.7693159</coordinates></Point></Placemark><Placemark><ExtendedData><Data name="@id"><value>node/10733847383</value></Data><Data name="camera:direction"><value>333</value></Data><Data name="camera:mount"><value>wall</value></Data><Data name="camera:type"><value>dome</value></Data><Data name="man_made"><value>surveillance</value></Data><Data name="surveillance"><value>outdoor</value></Data><Data name="surveillance:type"><value>camera</value></Data></ExtendedData><Point><coordinates>-122.4810249,37.7693306</coordinates></Point></Placemark><Placemark><ExtendedData><Data name="@id"><value>node/10742483079</value></Data><Data name="camera:direction"><value>137</value></Data><Data name="camera:mount"><value>pole</value></Data><Data name="camera:type"><value>dome</value></Data><Data name="man_made"><value>surveillance</value></Data><Data name="surveillance"><value>outdoor</value></Data><Data name="surveillance:type"><value>camera</value></Data></ExtendedData><Point><coordinates>-122.4598284,37.7698848</coordinates></Point></Placemark><Placemark><ExtendedData><Data name="@id"><value>node/10744215627</value></Data><Data name="camera:direction"><value>186</value></Data><Data name="camera:mount"><value>wall</value></Data><Data name="camera:type"><value>fixed</value></Data><Data name="man_made"><value>surveillance</value></Data><Data name="surveillance"><value>outdoor</value></Data><Data name="surveillance:type"><value>camera</value></Data><Data name="surveillance:zone"><value>entrance</value></Data></ExtendedData><Point><coordinates>-122.4791086,37.7749318</coordinates></Point></Placemark><Placemark><ExtendedData><Data name="@id"><value>node/10744252164</value></Data><Data name="camera:direction"><value>153</value></Data><Data name="camera:mount"><value>ceiling</value></Data><Data name="camera:type"><value>fixed</value></Data><Data name="man_made"><value>surveillance</value></Data><Data name="surveillance"><value>public</value></Data><Data name="surveillance:type"><value>camera</value></Data><Data name="surveillance:zone"><value>street</value></Data></ExtendedData><Point><coordinates>-122.4774317,37.7811555</coordinates></Point></Placemark><Placemark><ExtendedData><Data name="@id"><value>node/10744252166</value></Data><Data name="camera:direction"><value>269</value></Data><Data name="camera:mount"><value>wall</value></Data><Data name="camera:type"><value>dome</value></Data><Data name="man_made"><value>surveillance</value></Data><Data name="surveillance"><value>public</value></Data><Data name="surveillance:type"><value>camera</value></Data><Data name="surveillance:zone"><value>entrance</value></Data></ExtendedData><Point><coordinates>-122.4771575,37.780777</coordinates></Point></Placemark><Placemark><ExtendedData><Data name="@id"><value>node/10744252167</value></Data><Data name="camera:direction"><value>170</value></Data><Data name="camera:mount"><value>wall</value></Data><Data name="camera:type"><value>fixed</value></Data><Data name="man_made"><value>surveillance</value></Data><Data name="surveillance"><value>public</value></Data><Data name="surveillance:type"><value>camera</value></Data><Data name="surveillance:zone"><value>street</value></Data></ExtendedData><Point><coordinates>-122.4774381,37.7813916</coordinates></Point></Placemark><Placemark><ExtendedData><Data name="@id"><value>node/10744252168</value></Data><Data name="camera:direction"><value>5</value></Data><Data name="camera:mount"><value>wall</value></Data><Data name="camera:type"><value>fixed</value></Data><Data name="man_made"><value>surveillance</value></Data><Data name="surveillance"><value>public</value></Data><Data name="surveillance:type"><value>camera</value></Data><Data name="surveillance:zone"><value>street</value></Data></ExtendedData><Point><coordinates>-122.4774365,37.7813072</coordinates></Point></Placemark><Placemark><ExtendedData><Data name="@id"><value>node/10744252170</value></Data><Data name="camera:direction"><value>86</value></Data><Data name="camera:mount"><value>ceiling</value></Data><Data name="camera:type"><value>fixed</value></Data><Data name="man_made"><value>surveillance</value></Data><Data name="surveillance"><value>public</value></Data><Data name="surveillance:type"><value>camera</value></Data><Data name="surveillance:zone"><value>street</value></Data></ExtendedData><Point><coordinates>-122.4774705,37.7811141</coordinates></Point></Placemark><Placemark><ExtendedData><Data name="@id"><value>node/10744312764</value></Data><Data name="camera:direction"><value>304</value></Data><Data name="camera:mount"><value>wall</value></Data><Data name="man_made"><value>surveillance</value></Data><Data name="surveillance"><value>public</value></Data><Data name="surveillance:type"><value>camera</value></Data><Data name="surveillance:zone"><value>street</value></Data></ExtendedData><Point><coordinates>-122.4755579,37.7823381</coordinates></Point></Placemark><Placemark><ExtendedData><Data name="@id"><value>node/10744312765</value></Data><Data name="camera:direction"><value>37</value></Data><Data name="camera:mount"><value>wall</value></Data><Data name="man_made"><value>surveillance</value></Data><Data name="surveillance"><value>public</value></Data><Data name="surveillance:type"><value>camera</value></Data><Data name="surveillance:zone"><value>street</value></Data></ExtendedData><Point><coordinates>-122.4756317,37.7823357</coordinates></Point></Placemark><Placemark><ExtendedData><Data name="@id"><value>node/10744390959</value></Data><Data name="camera:direction"><value>155</value></Data><Data name="camera:mount"><value>wall</value></Data><Data name="camera:type"><value>fixed</value></Data><Data name="man_made"><value>surveillance</value></Data><Data name="surveillance"><value>public</value></Data><Data name="surveillance:type"><value>camera</value></Data><Data name="surveillance:zone"><value>street</value></Data></ExtendedData><Point><coordinates>-122.4786943,37.7840426</coordinates></Point></Placemark><Placemark><ExtendedData><Data name="@id"><value>node/10744390960</value></Data><Data name="camera:direction"><value>32</value></Data><Data name="camera:mount"><value>wall</value></Data><Data name="camera:type"><value>fixed</value></Data><Data name="man_made"><value>surveillance</value></Data><Data name="surveillance"><value>public</value></Data><Data name="surveillance:type"><value>camera</value></Data><Data name="surveillance:zone"><value>street</value></Data></ExtendedData><Point><coordinates>-122.4786911,37.7839977</coordinates></Point></Placemark><Placemark><ExtendedData><Data name="@id"><value>node/10746955726</value></Data><Data name="camera:direction"><value>268</value></Data><Data name="camera:mount"><value>wall</value></Data><Data name="camera:type"><value>dome</value></Data><Data name="man_made"><value>surveillance</value></Data><Data name="surveillance"><value>outdoor</value></Data><Data name="surveillance:type"><value>camera</value></Data><Data name="surveillance:zone"><value>playground</value></Data></ExtendedData><Point><coordinates>-122.4238817,37.7852204</coordinates></Point></Placemark><Placemark><ExtendedData><Data name="@id"><value>node/10746955730</value></Data><Data name="camera:direction"><value>328</value></Data><Data name="camera:mount"><value>wall</value></Data><Data name="man_made"><value>surveillance</value></Data><Data name="surveillance"><value>public</value></Data><Data name="surveillance:type"><value>camera</value></Data><Data name="surveillance:zone"><value>street</value></Data></ExtendedData><Point><coordinates>-122.4243703,37.785086</coordinates></Point></Placemark><Placemark><ExtendedData><Data name="@id"><value>node/10746955733</value></Data><Data name="camera:direction"><value>289</value></Data><Data name="camera:mount"><value>wall</value></Data><Data name="camera:type"><value>dome</value></Data><Data name="man_made"><value>surveillance</value></Data><Data name="surveillance"><value>public</value></Data><Data name="surveillance:type"><value>camera</value></Data><Data name="surveillance:zone"><value>street</value></Data></ExtendedData><Point><coordinates>-122.4244334,37.7849833</coordinates></Point></Placemark><Placemark><ExtendedData><Data name="@id"><value>node/10746955734</value></Data><Data name="camera:direction"><value>260</value></Data><Data name="camera:mount"><value>pole</value></Data><Data name="man_made"><value>surveillance</value></Data><Data name="surveillance"><value>public</value></Data><Data name="surveillance:type"><value>camera</value></Data></ExtendedData><Point><coordinates>-122.4241835,37.7850907</coordinates></Point></Placemark><Placemark><ExtendedData><Data name="@id"><value>node/10746955735</value></Data><Data name="camera:direction"><value>173</value></Data><Data name="camera:mount"><value>pole</value></Data><Data name="man_made"><value>surveillance</value></Data><Data name="surveillance"><value>public</value></Data><Data name="surveillance:type"><value>camera</value></Data></ExtendedData><Point><coordinates>-122.4241709,37.7850846</coordinates></Point></Placemark><Placemark><ExtendedData><Data name="@id"><value>node/10746955738</value></Data><Data name="camera:direction"><value>314</value></Data><Data name="camera:mount"><value>pole</value></Data><Data name="man_made"><value>surveillance</value></Data><Data name="surveillance"><value>public</value></Data><Data name="surveillance:type"><value>camera</value></Data><Data name="surveillance:zone"><value>public_transport</value></Data></ExtendedData><Point><coordinates>-122.424051,37.7849992</coordinates></Point></Placemark><Placemark><ExtendedData><Data name="@id"><value>node/10746955739</value></Data><Data name="camera:direction"><value>127</value></Data><Data name="camera:mount"><value>pole</value></Data><Data name="man_made"><value>surveillance</value></Data><Data name="surveillance"><value>public</value></Data><Data name="surveillance:type"><value>camera</value></Data><Data name="surveillance:zone"><value>street</value></Data></ExtendedData><Point><coordinates>-122.4240403,37.7849949</coordinates></Point></Placemark><Placemark><ExtendedData><Data name="@id"><value>node/10746955740</value></Data><Data name="camera:direction"><value>350</value></Data><Data name="camera:mount"><value>pole</value></Data><Data name="camera:type"><value>fixed</value></Data><Data name="man_made"><value>surveillance</value></Data><Data name="surveillance"><value>public</value></Data><Data name="surveillance:type"><value>camera</value></Data><Data name="surveillance:zone"><value>stairs</value></Data></ExtendedData><Point><coordinates>-122.4239399,37.7848706</coordinates></Point></Placemark><Placemark><ExtendedData><Data name="@id"><value>node/10746955741</value></Data><Data name="camera:direction"><value>171</value></Data><Data name="camera:mount"><value>pole</value></Data><Data name="camera:type"><value>fixed</value></Data><Data name="man_made"><value>surveillance</value></Data><Data name="surveillance"><value>public</value></Data><Data name="surveillance:type"><value>camera</value></Data><Data name="surveillance:zone"><value>parking</value></Data></ExtendedData><Point><coordinates>-122.4239403,37.7848613</coordinates></Point></Placemark><Placemark><ExtendedData><Data name="@id"><value>node/10757719234</value></Data><Data name="camera:direction"><value>356</value></Data><Data name="camera:mount"><value>wall</value></Data><Data name="camera:type"><value>dome</value></Data><Data name="man_made"><value>surveillance</value></Data><Data name="surveillance"><value>outdoor</value></Data><Data name="surveillance:type"><value>camera</value></Data><Data name="surveillance:zone"><value>entrance</value></Data></ExtendedData><Point><coordinates>-122.4841671,37.77524</coordinates></Point></Placemark><Placemark><ExtendedData><Data name="@id"><value>node/10757719235</value></Data><Data name="camera:direction"><value>356</value></Data><Data name="camera:mount"><value>wall</value></Data><Data name="camera:type"><value>dome</value></Data><Data name="man_made"><value>surveillance</value></Data><Data name="surveillance"><value>outdoor</value></Data><Data name="surveillance:type"><value>camera</value></Data><Data name="surveillance:zone"><value>entrance</value></Data></ExtendedData><Point><coordinates>-122.4840825,37.7752479</coordinates></Point></Placemark><Placemark><ExtendedData><Data name="@id"><value>node/10783380178</value></Data><Data name="camera:direction"><value>38</value></Data><Data name="camera:mount"><value>wall</value></Data><Data name="camera:type"><value>dome</value></Data><Data name="man_made"><value>surveillance</value></Data><Data name="surveillance"><value>public</value></Data><Data name="surveillance:type"><value>camera</value></Data><Data name="surveillance:zone"><value>street</value></Data></ExtendedData><Point><coordinates>-122.4784283,37.7802089</coordinates></Point></Placemark><Placemark><ExtendedData><Data name="@id"><value>node/10783380180</value></Data><Data name="camera:direction"><value>87</value></Data><Data name="camera:mount"><value>wall</value></Data><Data name="camera:type"><value>dome</value></Data><Data name="man_made"><value>surveillance</value></Data><Data name="surveillance"><value>public</value></Data><Data name="surveillance:type"><value>camera</value></Data><Data name="surveillance:zone"><value>street</value></Data></ExtendedData><Point><coordinates>-122.4782092,37.7772668</coordinates></Point></Placemark><Placemark><ExtendedData><Data name="@id"><value>node/10783380182</value></Data><Data name="camera:direction"><value>86</value></Data><Data name="camera:mount"><value>doorbell</value></Data><Data name="camera:type"><value>door</value></Data><Data name="man_made"><value>surveillance</value></Data><Data name="surveillance"><value>public</value></Data><Data name="surveillance:type"><value>camera</value></Data><Data name="surveillance:zone"><value>entrance</value></Data></ExtendedData><Point><coordinates>-122.4783792,37.7795099</coordinates></Point></Placemark><Placemark><ExtendedData><Data name="@id"><value>node/10783380184</value></Data><Data name="camera:direction"><value>177</value></Data><Data name="camera:mount"><value>wall</value></Data><Data name="man_made"><value>surveillance</value></Data><Data name="surveillance"><value>outdoor</value></Data><Data name="surveillance:type"><value>camera</value></Data><Data name="surveillance:zone"><value>entrance</value></Data></ExtendedData><Point><coordinates>-122.4783672,37.7795417</coordinates></Point></Placemark><Placemark><ExtendedData><Data name="@id"><value>node/10783380185</value></Data><Data name="camera:direction"><value>267</value></Data><Data name="camera:type"><value>dome</value></Data><Data name="man_made"><value>surveillance</value></Data><Data name="surveillance"><value>public</value></Data><Data name="surveillance:type"><value>camera</value></Data><Data name="surveillance:zone"><value>street</value></Data></ExtendedData><Point><coordinates>-122.4781742,37.7801575</coordinates></Point></Placemark><Placemark><ExtendedData><Data name="@id"><value>node/10783380186</value></Data><Data name="camera:direction"><value>177</value></Data><Data name="camera:mount"><value>wall</value></Data><Data name="camera:type"><value>dome</value></Data><Data name="man_made"><value>surveillance</value></Data><Data name="surveillance"><value>public</value></Data><Data name="surveillance:type"><value>camera</value></Data><Data name="surveillance:zone"><value>street</value></Data></ExtendedData><Point><coordinates>-122.4784579,37.780545</coordinates></Point></Placemark><Placemark><ExtendedData><Data name="@id"><value>node/10783380187</value></Data><Data name="camera:direction"><value>178</value></Data><Data name="camera:mount"><value>wall</value></Data><Data name="camera:type"><value>dome</value></Data><Data name="man_made"><value>surveillance</value></Data><Data name="surveillance"><value>public</value></Data><Data name="surveillance:type"><value>camera</value></Data><Data name="surveillance:zone"><value>street</value></Data></ExtendedData><Point><coordinates>-122.4808221,37.7804459</coordinates></Point></Placemark><Placemark><ExtendedData><Data name="@id"><value>node/10783380188</value></Data><Data name="camera:direction"><value>203</value></Data><Data name="camera:mount"><value>wall</value></Data><Data name="man_made"><value>surveillance</value></Data><Data name="surveillance"><value>public</value></Data><Data name="surveillance:type"><value>camera</value></Data><Data name="surveillance:zone"><value>street</value></Data></ExtendedData><Point><coordinates>-122.4805901,37.7804527</coordinates></Point></Placemark><Placemark><ExtendedData><Data name="@id"><value>node/10783380189</value></Data><Data name="camera:direction"><value>275</value></Data><Data name="camera:mount"><value>wall</value></Data><Data name="camera:type"><value>fixed</value></Data><Data name="man_made"><value>surveillance</value></Data><Data name="surveillance"><value>public</value></Data><Data name="surveillance:type"><value>camera</value></Data><Data name="surveillance:zone"><value>street</value></Data></ExtendedData><Point><coordinates>-122.4789686,37.7801962</coordinates></Point></Placemark><Placemark><ExtendedData><Data name="@id"><value>node/10783380191</value></Data><Data name="camera:direction"><value>237</value></Data><Data name="camera:mount"><value>wall</value></Data><Data name="man_made"><value>surveillance</value></Data><Data name="surveillance"><value>public</value></Data><Data name="surveillance:type"><value>camera</value></Data><Data name="surveillance:zone"><value>street</value></Data></ExtendedData><Point><coordinates>-122.4800445,37.7804775</coordinates></Point></Placemark><Placemark><ExtendedData><Data name="@id"><value>node/10783380192</value></Data><Data name="camera:direction"><value>141</value></Data><Data name="camera:mount"><value>wall</value></Data><Data name="man_made"><value>surveillance</value></Data><Data name="surveillance"><value>public</value></Data><Data name="surveillance:type"><value>camera</value></Data><Data name="surveillance:zone"><value>street</value></Data></ExtendedData><Point><coordinates>-122.4805912,37.7805539</coordinates></Point></Placemark><Placemark><ExtendedData><Data name="@id"><value>node/10783380196</value></Data><Data name="camera:direction"><value>168</value></Data><Data name="camera:type"><value>fixed</value></Data><Data name="man_made"><value>surveillance</value></Data><Data name="surveillance"><value>public</value></Data><Data name="surveillance:type"><value>camera</value></Data><Data name="surveillance:zone"><value>entrance</value></Data></ExtendedData><Point><coordinates>-122.4782106,37.7773048</coordinates></Point></Placemark><Placemark><ExtendedData><Data name="@id"><value>node/10783380197</value></Data><Data name="camera:direction"><value>14</value></Data><Data name="camera:mount"><value>wall</value></Data><Data name="man_made"><value>surveillance</value></Data><Data name="surveillance"><value>public</value></Data><Data name="surveillance:type"><value>camera</value></Data><Data name="surveillance:zone"><value>street</value></Data></ExtendedData><Point><coordinates>-122.4805831,37.7804619</coordinates></Point></Placemark><Placemark><ExtendedData><Data name="@id"><value>node/10784788025</value></Data><Data name="camera:direction"><value>268</value></Data><Data name="camera:type"><value>door</value></Data><Data name="man_made"><value>surveillance</value></Data><Data name="surveillance"><value>public</value></Data><Data name="surveillance:type"><value>camera</value></Data><Data name="surveillance:zone"><value>entrance</value></Data></ExtendedData><Point><coordinates>-122.4800574,37.7763928</coordinates></Point></Placemark><Placemark><ExtendedData><Data name="@id"><value>node/10784973453</value></Data><Data name="camera:direction"><value>176</value></Data><Data name="camera:mount"><value>wall</value></Data><Data name="camera:type"><value>dome</value></Data><Data name="man_made"><value>surveillance</value></Data><Data name="surveillance"><value>public</value></Data><Data name="surveillance:type"><value>camera</value></Data><Data name="surveillance:zone"><value>street</value></Data></ExtendedData><Point><coordinates>-122.4581991,37.7814777</coordinates></Point></Placemark><Placemark><ExtendedData><Data name="@id"><value>node/10785047732</value></Data><Data name="camera:direction"><value>212</value></Data><Data name="camera:mount"><value>pole</value></Data><Data name="camera:type"><value>fixed</value></Data><Data name="man_made"><value>surveillance</value></Data><Data name="surveillance"><value>outdoor</value></Data><Data name="surveillance:type"><value>camera</value></Data></ExtendedData><Point><coordinates>-122.4584025,37.7810926</coordinates></Point></Placemark><Placemark><ExtendedData><Data name="@id"><value>node/10785047735</value></Data><Data name="camera:direction"><value>0</value></Data><Data name="camera:mount"><value>pole</value></Data><Data name="camera:type"><value>fixed</value></Data><Data name="man_made"><value>surveillance</value></Data><Data name="surveillance"><value>outdoor</value></Data><Data name="surveillance:type"><value>camera</value></Data></ExtendedData><Point><coordinates>-122.4585817,37.7807347</coordinates></Point></Placemark><Placemark><ExtendedData><Data name="@id"><value>node/10785048102</value></Data><Data name="camera:direction"><value>225</value></Data><Data name="camera:mount"><value>wall</value></Data><Data name="camera:type"><value>fixed</value></Data><Data name="man_made"><value>surveillance</value></Data><Data name="surveillance"><value>outdoor</value></Data><Data name="surveillance:type"><value>camera</value></Data><Data name="surveillance:zone"><value>street</value></Data></ExtendedData><Point><coordinates>-122.4586625,37.7806509</coordinates></Point></Placemark><Placemark><ExtendedData><Data name="@id"><value>node/10785201863</value></Data><Data name="camera:direction"><value>144</value></Data><Data name="camera:mount"><value>wall</value></Data><Data name="camera:type"><value>fixed</value></Data><Data name="man_made"><value>surveillance</value></Data><Data name="surveillance"><value>public</value></Data><Data name="surveillance:type"><value>camera</value></Data><Data name="surveillance:zone"><value>street</value></Data></ExtendedData><Point><coordinates>-122.4586363,37.7754934</coordinates></Point></Placemark><Placemark><ExtendedData><Data name="@id"><value>node/10785201864</value></Data><Data name="camera:direction"><value>312</value></Data><Data name="camera:mount"><value>wall</value></Data><Data name="camera:type"><value>fixed</value></Data><Data name="man_made"><value>surveillance</value></Data><Data name="surveillance"><value>public</value></Data><Data name="surveillance:type"><value>camera</value></Data><Data name="surveillance:zone"><value>street</value></Data></ExtendedData><Point><coordinates>-122.4586404,37.7754962</coordinates></Point></Placemark><Placemark><ExtendedData><Data name="@id"><value>node/10785201865</value></Data><Data name="camera:direction"><value>49</value></Data><Data name="camera:mount"><value>wall</value></Data><Data name="camera:type"><value>fixed</value></Data><Data name="man_made"><value>surveillance</value></Data><Data name="surveillance"><value>public</value></Data><Data name="surveillance:type"><value>camera</value></Data><Data name="surveillance:zone"><value>street</value></Data></ExtendedData><Point><coordinates>-122.4589296,37.7754859</coordinates></Point></Placemark><Placemark><ExtendedData><Data name="@id"><value>node/10785201866</value></Data><Data name="camera:direction"><value>155</value></Data><Data name="camera:mount"><value>wall</value></Data><Data name="camera:type"><value>fixed</value></Data><Data name="man_made"><value>surveillance</value></Data><Data name="surveillance"><value>indoor</value></Data><Data name="surveillance:type"><value>camera</value></Data><Data name="surveillance:zone"><value>entrance</value></Data></ExtendedData><Point><coordinates>-122.4587897,37.7754884</coordinates></Point></Placemark><Placemark><ExtendedData><Data name="@id"><value>node/10785201867</value></Data><Data name="camera:direction"><value>327</value></Data><Data name="camera:mount"><value>wall</value></Data><Data name="camera:type"><value>fixed</value></Data><Data name="man_made"><value>surveillance</value></Data><Data name="surveillance"><value>outdoor</value></Data><Data name="surveillance:type"><value>camera</value></Data><Data name="surveillance:zone"><value>parking</value></Data></ExtendedData><Point><coordinates>-122.4589258,37.7753439</coordinates></Point></Placemark><Placemark><ExtendedData><Data name="@id"><value>node/10785201868</value></Data><Data name="camera:direction"><value>308</value></Data><Data name="camera:type"><value>fixed</value></Data><Data name="man_made"><value>surveillance</value></Data><Data name="surveillance"><value>public</value></Data><Data name="surveillance:type"><value>camera</value></Data><Data name="surveillance:zone"><value>street</value></Data></ExtendedData><Point><coordinates>-122.4600506,37.7754325</coordinates></Point></Placemark><Placemark><ExtendedData><Data name="@id"><value>node/10785201869</value></Data><Data name="camera:direction"><value>335</value></Data><Data name="camera:mount"><value>wall</value></Data><Data name="camera:type"><value>fixed</value></Data><Data name="man_made"><value>surveillance</value></Data><Data name="surveillance"><value>public</value></Data><Data name="surveillance:type"><value>camera</value></Data><Data name="surveillance:zone"><value>street</value></Data></ExtendedData><Point><coordinates>-122.4615738,37.7752798</coordinates></Point></Placemark><Placemark><ExtendedData><Data name="@id"><value>node/10785201870</value></Data><Data name="camera:direction"><value>357</value></Data><Data name="camera:mount"><value>wall</value></Data><Data name="camera:type"><value>fixed</value></Data><Data name="man_made"><value>surveillance</value></Data><Data name="surveillance"><value>public</value></Data><Data name="surveillance:type"><value>camera</value></Data><Data name="surveillance:zone"><value>street</value></Data></ExtendedData><Point><coordinates>-122.4623239,37.775317</coordinates></Point></Placemark><Placemark><ExtendedData><Data name="@id"><value>node/10785201871</value></Data><Data name="camera:direction"><value>272</value></Data><Data name="camera:mount"><value>wall</value></Data><Data name="camera:type"><value>fixed</value></Data><Data name="man_made"><value>surveillance</value></Data><Data name="surveillance"><value>outdoor</value></Data><Data name="surveillance:type"><value>camera</value></Data><Data name="surveillance:zone"><value>entrance</value></Data></ExtendedData><Point><coordinates>-122.4622933,37.7753183</coordinates></Point></Placemark><Placemark><ExtendedData><Data name="@id"><value>node/10785201872</value></Data><Data name="camera:direction"><value>262</value></Data><Data name="camera:mount"><value>wall</value></Data><Data name="camera:type"><value>fixed</value></Data><Data name="man_made"><value>surveillance</value></Data><Data name="surveillance"><value>public</value></Data><Data name="surveillance:type"><value>camera</value></Data><Data name="surveillance:zone"><value>street</value></Data></ExtendedData><Point><coordinates>-122.4625328,37.7755356</coordinates></Point></Placemark><Placemark><ExtendedData><Data name="@id"><value>node/10785201873</value></Data><Data name="camera:direction"><value>358</value></Data><Data name="camera:mount"><value>wall</value></Data><Data name="camera:type"><value>door</value></Data><Data name="man_made"><value>surveillance</value></Data><Data name="manufacturer"><value>Ring</value></Data><Data name="surveillance"><value>public</value></Data><Data name="surveillance:type"><value>camera</value></Data><Data name="surveillance:zone"><value>entrance</value></Data></ExtendedData><Point><coordinates>-122.4633159,37.7752999</coordinates></Point></Placemark><Placemark><ExtendedData><Data name="@id"><value>node/10785201874</value></Data><Data name="camera:direction"><value>30</value></Data><Data name="camera:type"><value>fixed</value></Data><Data name="man_made"><value>surveillance</value></Data><Data name="manufacturer"><value>Ring</value></Data><Data name="surveillance"><value>public</value></Data><Data name="surveillance:type"><value>camera</value></Data><Data name="surveillance:zone"><value>street</value></Data></ExtendedData><Point><coordinates>-122.4634753,37.7752903</coordinates></Point></Placemark><Placemark><ExtendedData><Data name="@id"><value>node/10785201875</value></Data><Data name="camera:direction"><value>7</value></Data><Data name="camera:type"><value>fixed</value></Data><Data name="man_made"><value>surveillance</value></Data><Data name="manufacturer"><value>Ring</value></Data><Data name="surveillance"><value>public</value></Data><Data name="surveillance:type"><value>camera</value></Data><Data name="surveillance:zone"><value>street</value></Data></ExtendedData><Point><coordinates>-122.4635125,37.7752895</coordinates></Point></Placemark><Placemark><ExtendedData><Data name="@id"><value>node/10785201876</value></Data><Data name="camera:direction"><value>54</value></Data><Data name="camera:mount"><value>wall</value></Data><Data name="camera:type"><value>fixed</value></Data><Data name="man_made"><value>surveillance</value></Data><Data name="surveillance"><value>public</value></Data><Data name="surveillance:type"><value>camera</value></Data><Data name="surveillance:zone"><value>street</value></Data></ExtendedData><Point><coordinates>-122.4647671,37.7752236</coordinates></Point></Placemark><Placemark><ExtendedData><Data name="@id"><value>node/10788492873</value></Data><Data name="camera:direction"><value>268</value></Data><Data name="camera:mount"><value>wall</value></Data><Data name="camera:type"><value>dome</value></Data><Data name="man_made"><value>surveillance</value></Data><Data name="surveillance"><value>public</value></Data><Data name="surveillance:type"><value>camera</value></Data><Data name="surveillance:zone"><value>street</value></Data></ExtendedData><Point><coordinates>-122.4802239,37.7786329</coordinates></Point></Placemark><Placemark><ExtendedData><Data name="@id"><value>node/10788492874</value></Data><Data name="camera:direction"><value>268</value></Data><Data name="camera:mount"><value>wall</value></Data><Data name="camera:type"><value>dome</value></Data><Data name="man_made"><value>surveillance</value></Data><Data name="surveillance"><value>public</value></Data><Data name="surveillance:type"><value>camera</value></Data><Data name="surveillance:zone"><value>street</value></Data></ExtendedData><Point><coordinates>-122.4802205,37.7785686</coordinates></Point></Placemark><Placemark><ExtendedData><Data name="@id"><value>node/10788496697</value></Data><Data name="camera:direction"><value>303</value></Data><Data name="camera:mount"><value>wall</value></Data><Data name="camera:type"><value>fixed</value></Data><Data name="man_made"><value>surveillance</value></Data><Data name="surveillance"><value>public</value></Data><Data name="surveillance:type"><value>camera</value></Data><Data name="surveillance:zone"><value>street</value></Data></ExtendedData><Point><coordinates>-122.4812644,37.7636402</coordinates></Point></Placemark><Placemark><ExtendedData><Data name="@id"><value>node/10788496698</value></Data><Data name="camera:direction"><value>217</value></Data><Data name="camera:mount"><value>wall</value></Data><Data name="camera:type"><value>fixed</value></Data><Data name="man_made"><value>surveillance</value></Data><Data name="surveillance"><value>public</value></Data><Data name="surveillance:type"><value>camera</value></Data><Data name="surveillance:zone"><value>street</value></Data></ExtendedData><Point><coordinates>-122.4812662,37.7637031</coordinates></Point></Placemark><Placemark><ExtendedData><Data name="@id"><value>node/10788496699</value></Data><Data name="camera:direction"><value>266</value></Data><Data name="camera:mount"><value>wall</value></Data><Data name="camera:type"><value>dome</value></Data><Data name="level"><value>1</value></Data><Data name="man_made"><value>surveillance</value></Data><Data name="surveillance"><value>public</value></Data><Data name="surveillance:type"><value>camera</value></Data><Data name="surveillance:zone"><value>street</value></Data></ExtendedData><Point><coordinates>-122.4812732,37.7636309</coordinates></Point></Placemark><Placemark><ExtendedData><Data name="@id"><value>node/10788496700</value></Data><Data name="camera:direction"><value>268</value></Data><Data name="camera:mount"><value>wall</value></Data><Data name="camera:type"><value>dome</value></Data><Data name="level"><value>1</value></Data><Data name="man_made"><value>surveillance</value></Data><Data name="surveillance"><value>public</value></Data><Data name="surveillance:type"><value>camera</value></Data><Data name="surveillance:zone"><value>street</value></Data></ExtendedData><Point><coordinates>-122.4812853,37.7635328</coordinates></Point></Placemark><Placemark><ExtendedData><Data name="@id"><value>node/10788496701</value></Data><Data name="camera:direction"><value>351</value></Data><Data name="camera:type"><value>fixed</value></Data><Data name="level"><value>1</value></Data><Data name="man_made"><value>surveillance</value></Data><Data name="surveillance"><value>public</value></Data><Data name="surveillance:type"><value>camera</value></Data><Data name="surveillance:zone"><value>street</value></Data></ExtendedData><Point><coordinates>-122.481292,37.7635017</coordinates></Point></Placemark><Placemark><ExtendedData><Data name="@id"><value>node/10788556306</value></Data><Data name="camera:direction"><value>311</value></Data><Data name="camera:mount"><value>wall</value></Data><Data name="camera:type"><value>fixed</value></Data><Data name="level"><value>1</value></Data><Data name="man_made"><value>surveillance</value></Data><Data name="surveillance"><value>public</value></Data><Data name="surveillance:type"><value>camera</value></Data><Data name="surveillance:zone"><value>street</value></Data></ExtendedData><Point><coordinates>-122.4802214,37.7631634</coordinates></Point></Placemark><Placemark><ExtendedData><Data name="@id"><value>node/10788556307</value></Data><Data name="camera:direction"><value>215</value></Data><Data name="camera:mount"><value>wall</value></Data><Data name="camera:type"><value>fixed</value></Data><Data name="level"><value>1</value></Data><Data name="man_made"><value>surveillance</value></Data><Data name="surveillance"><value>public</value></Data><Data name="surveillance:type"><value>camera</value></Data><Data name="surveillance:zone"><value>street</value></Data></ExtendedData><Point><coordinates>-122.4802291,37.7632772</coordinates></Point></Placemark><Placemark><ExtendedData><Data name="@id"><value>node/10788556308</value></Data><Data name="camera:direction"><value>0-88;177-360</value></Data><Data name="camera:mount"><value>wall</value></Data><Data name="camera:type"><value>fixed</value></Data><Data name="level"><value>1</value></Data><Data name="man_made"><value>surveillance</value></Data><Data name="manufacturer"><value>Avigilon</value></Data><Data name="surveillance"><value>public</value></Data><Data name="surveillance:type"><value>camera</value></Data><Data name="surveillance:zone"><value>street</value></Data></ExtendedData><Point><coordinates>-122.4802291,37.7633217</coordinates></Point></Placemark><Placemark><ExtendedData><Data name="@id"><value>node/10788556311</value></Data><Data name="camera:direction"><value>265</value></Data><Data name="camera:mount"><value>wall</value></Data><Data name="camera:type"><value>dome</value></Data><Data name="level"><value>1</value></Data><Data name="man_made"><value>surveillance</value></Data><Data name="surveillance"><value>public</value></Data><Data name="surveillance:type"><value>camera</value></Data><Data name="surveillance:zone"><value>street</value></Data></ExtendedData><Point><coordinates>-122.4802201,37.7631685</coordinates></Point></Placemark><Placemark><ExtendedData><Data name="@id"><value>node/10789049088</value></Data><Data name="camera:direction"><value>333</value></Data><Data name="camera:mount"><value>wall</value></Data><Data name="camera:type"><value>fixed</value></Data><Data name="man_made"><value>surveillance</value></Data><Data name="surveillance"><value>public</value></Data><Data name="surveillance:type"><value>camera</value></Data></ExtendedData><Point><coordinates>-122.4772691,37.7213707</coordinates></Point></Placemark><Placemark><ExtendedData><Data name="@id"><value>node/10789049089</value></Data><Data name="camera:direction"><value>69</value></Data><Data name="camera:mount"><value>wall</value></Data><Data name="camera:type"><value>fixed</value></Data><Data name="man_made"><value>surveillance</value></Data><Data name="surveillance"><value>public</value></Data><Data name="surveillance:type"><value>camera</value></Data></ExtendedData><Point><coordinates>-122.4773207,37.7213849</coordinates></Point></Placemark><Placemark><ExtendedData><Data name="@id"><value>node/10790849305</value></Data><Data name="camera:direction"><value>266</value></Data><Data name="camera:mount"><value>wall</value></Data><Data name="camera:type"><value>dome</value></Data><Data name="man_made"><value>surveillance</value></Data><Data name="surveillance"><value>public</value></Data><Data name="surveillance:type"><value>camera</value></Data><Data name="surveillance:zone"><value>street</value></Data></ExtendedData><Point><coordinates>-122.4800986,37.7769635</coordinates></Point></Placemark><Placemark><ExtendedData><Data name="@id"><value>node/10790849306</value></Data><Data name="camera:direction"><value>67</value></Data><Data name="camera:mount"><value>wall</value></Data><Data name="camera:type"><value>fixed</value></Data><Data name="man_made"><value>surveillance</value></Data><Data name="surveillance"><value>public</value></Data><Data name="surveillance:type"><value>camera</value></Data><Data name="surveillance:zone"><value>street</value></Data></ExtendedData><Point><coordinates>-122.4803847,37.7770617</coordinates></Point></Placemark><Placemark><ExtendedData><Data name="@id"><value>node/10790849307</value></Data><Data name="camera:direction"><value>120</value></Data><Data name="camera:mount"><value>fence</value></Data><Data name="camera:type"><value>fixed</value></Data><Data name="man_made"><value>surveillance</value></Data><Data name="surveillance"><value>public</value></Data><Data name="surveillance:type"><value>camera</value></Data><Data name="surveillance:zone"><value>street</value></Data></ExtendedData><Point><coordinates>-122.4803646,37.7771533</coordinates></Point></Placemark><Placemark><ExtendedData><Data name="@id"><value>node/10790849308</value></Data><Data name="camera:direction"><value>67</value></Data><Data name="camera:mount"><value>ceiling</value></Data><Data name="camera:type"><value>dome</value></Data><Data name="man_made"><value>surveillance</value></Data><Data name="surveillance"><value>public</value></Data><Data name="surveillance:type"><value>camera</value></Data><Data name="surveillance:zone"><value>entrance</value></Data></ExtendedData><Point><coordinates>-122.4803574,37.7769275</coordinates></Point></Placemark><Placemark><ExtendedData><Data name="@id"><value>node/10790849309</value></Data><Data name="camera:direction"><value>213</value></Data><Data name="camera:mount"><value>ceiling</value></Data><Data name="camera:type"><value>dome</value></Data><Data name="man_made"><value>surveillance</value></Data><Data name="surveillance"><value>public</value></Data><Data name="surveillance:type"><value>camera</value></Data><Data name="surveillance:zone"><value>entrance</value></Data></ExtendedData><Point><coordinates>-122.4800946,37.7770766</coordinates></Point></Placemark><Placemark><ExtendedData><Data name="@id"><value>node/10790849310</value></Data><Data name="camera:direction"><value>146</value></Data><Data name="camera:mount"><value>wall</value></Data><Data name="camera:type"><value>fixed</value></Data><Data name="man_made"><value>surveillance</value></Data><Data name="surveillance"><value>public</value></Data><Data name="surveillance:type"><value>camera</value></Data><Data name="surveillance:zone"><value>entrance</value></Data></ExtendedData><Point><coordinates>-122.4804039,37.7772126</coordinates></Point></Placemark><Placemark><ExtendedData><Data name="@id"><value>node/10790849311</value></Data><Data name="camera:direction"><value>176</value></Data><Data name="camera:mount"><value>wall</value></Data><Data name="camera:type"><value>fixed</value></Data><Data name="man_made"><value>surveillance</value></Data><Data name="surveillance"><value>outdoor</value></Data><Data name="surveillance:type"><value>camera</value></Data><Data name="surveillance:zone"><value>entrance</value></Data></ExtendedData><Point><coordinates>-122.4804039,37.7774571</coordinates></Point></Placemark><Placemark><ExtendedData><Data name="@id"><value>node/10790849312</value></Data><Data name="camera:direction"><value>265</value></Data><Data name="camera:type"><value>fixed</value></Data><Data name="man_made"><value>surveillance</value></Data><Data name="surveillance"><value>public</value></Data><Data name="surveillance:type"><value>camera</value></Data><Data name="surveillance:zone"><value>entrance</value></Data></ExtendedData><Point><coordinates>-122.4801134,37.7774197</coordinates></Point></Placemark><Placemark><ExtendedData><Data name="@id"><value>node/10790849313</value></Data><Data name="camera:direction"><value>89</value></Data><Data name="camera:mount"><value>wall</value></Data><Data name="camera:type"><value>dome</value></Data><Data name="man_made"><value>surveillance</value></Data><Data name="surveillance"><value>public</value></Data><Data name="surveillance:type"><value>camera</value></Data><Data name="surveillance:zone"><value>street</value></Data></ExtendedData><Point><coordinates>-122.4803999,37.7775529</coordinates></Point></Placemark><Placemark><ExtendedData><Data name="@id"><value>node/10790849314</value></Data><Data name="camera:direction"><value>359</value></Data><Data name="camera:mount"><value>wall</value></Data><Data name="camera:type"><value>fixed</value></Data><Data name="man_made"><value>surveillance</value></Data><Data name="surveillance"><value>public</value></Data><Data name="surveillance:type"><value>camera</value></Data><Data name="surveillance:zone"><value>entrance</value></Data></ExtendedData><Point><coordinates>-122.4804004,37.7775776</coordinates></Point></Placemark><Placemark><ExtendedData><Data name="@id"><value>node/10790849315</value></Data><Data name="camera:direction"><value>4</value></Data><Data name="camera:mount"><value>wall</value></Data><Data name="camera:type"><value>fixed</value></Data><Data name="man_made"><value>surveillance</value></Data><Data name="surveillance"><value>public</value></Data><Data name="surveillance:type"><value>camera</value></Data><Data name="surveillance:zone"><value>entrance</value></Data></ExtendedData><Point><coordinates>-122.4804066,37.7776098</coordinates></Point></Placemark><Placemark><ExtendedData><Data name="@id"><value>node/10790849316</value></Data><Data name="camera:direction"><value>266</value></Data><Data name="camera:mount"><value>wall</value></Data><Data name="camera:type"><value>door</value></Data><Data name="level"><value>1</value></Data><Data name="man_made"><value>surveillance</value></Data><Data name="surveillance"><value>public</value></Data><Data name="surveillance:type"><value>camera</value></Data><Data name="surveillance:zone"><value>entrance</value></Data></ExtendedData><Point><coordinates>-122.4801371,37.7774854</coordinates></Point></Placemark><Placemark><ExtendedData><Data name="@id"><value>node/10790849317</value></Data><Data name="camera:direction"><value>87</value></Data><Data name="camera:type"><value>fixed</value></Data><Data name="level"><value>1</value></Data><Data name="man_made"><value>surveillance</value></Data><Data name="surveillance"><value>public</value></Data><Data name="surveillance:type"><value>camera</value></Data><Data name="surveillance:zone"><value>street</value></Data></ExtendedData><Point><coordinates>-122.4804017,37.7775907</coordinates></Point></Placemark><Placemark><ExtendedData><Data name="@id"><value>node/10790849318</value></Data><Data name="camera:direction"><value>177</value></Data><Data name="camera:mount"><value>ceiling</value></Data><Data name="camera:type"><value>fixed</value></Data><Data name="level"><value>2</value></Data><Data name="man_made"><value>surveillance</value></Data><Data name="surveillance"><value>outdoor</value></Data><Data name="surveillance:type"><value>camera</value></Data><Data name="surveillance:zone"><value>entrance</value></Data></ExtendedData><Point><coordinates>-122.4801335,37.7775501</coordinates></Point></Placemark><Placemark><ExtendedData><Data name="@id"><value>node/10790849319</value></Data><Data name="camera:direction"><value>265</value></Data><Data name="camera:type"><value>door</value></Data><Data name="level"><value>0</value></Data><Data name="man_made"><value>surveillance</value></Data><Data name="surveillance"><value>outdoor</value></Data><Data name="surveillance:type"><value>camera</value></Data><Data name="surveillance:zone"><value>entrance</value></Data></ExtendedData><Point><coordinates>-122.4801505,37.7778055</coordinates></Point></Placemark><Placemark><ExtendedData><Data name="@id"><value>node/10790849320</value></Data><Data name="camera:direction"><value>155</value></Data><Data name="camera:type"><value>fixed</value></Data><Data name="level"><value>0</value></Data><Data name="man_made"><value>surveillance</value></Data><Data name="surveillance"><value>outdoor</value></Data><Data name="surveillance:type"><value>camera</value></Data><Data name="surveillance:zone"><value>entrance</value></Data></ExtendedData><Point><coordinates>-122.4804147,37.7781571</coordinates></Point></Placemark><Placemark><ExtendedData><Data name="@id"><value>node/10790849321</value></Data><Data name="camera:direction"><value>85</value></Data><Data name="camera:type"><value>fixed</value></Data><Data name="level"><value>1</value></Data><Data name="man_made"><value>surveillance</value></Data><Data name="surveillance"><value>public</value></Data><Data name="surveillance:type"><value>camera</value></Data><Data name="surveillance:zone"><value>street</value></Data></ExtendedData><Point><coordinates>-122.4804196,37.7781316</coordinates></Point></Placemark><Placemark><ExtendedData><Data name="@id"><value>node/10790849322</value></Data><Data name="camera:direction"><value>147</value></Data><Data name="camera:type"><value>fixed</value></Data><Data name="level"><value>1</value></Data><Data name="man_made"><value>surveillance</value></Data><Data name="surveillance"><value>public</value></Data><Data name="surveillance:type"><value>camera</value></Data><Data name="surveillance:zone"><value>street</value></Data></ExtendedData><Point><coordinates>-122.4804214,37.7781636</coordinates></Point></Placemark><Placemark><ExtendedData><Data name="@id"><value>node/10790894152</value></Data><Data name="camera:direction"><value>358</value></Data><Data name="camera:type"><value>fixed</value></Data><Data name="level"><value>1</value></Data><Data name="man_made"><value>surveillance</value></Data><Data name="surveillance"><value>public</value></Data><Data name="surveillance:type"><value>camera</value></Data><Data name="surveillance:zone"><value>entrance</value></Data></ExtendedData><Point><coordinates>-122.4823085,37.7800409</coordinates></Point></Placemark><Placemark><ExtendedData><Data name="@id"><value>node/10790894153</value></Data><Data name="camera:direction"><value>357</value></Data><Data name="camera:type"><value>fixed</value></Data><Data name="level"><value>1</value></Data><Data name="man_made"><value>surveillance</value></Data><Data name="surveillance"><value>public</value></Data><Data name="surveillance:type"><value>camera</value></Data><Data name="surveillance:zone"><value>entrance</value></Data></ExtendedData><Point><coordinates>-122.4823764,37.7800412</coordinates></Point></Placemark><Placemark><ExtendedData><Data name="@id"><value>node/10790904251</value></Data><Data name="camera:direction"><value>3</value></Data><Data name="camera:mount"><value>wall</value></Data><Data name="camera:type"><value>fixed</value></Data><Data name="level"><value>1</value></Data><Data name="man_made"><value>surveillance</value></Data><Data name="surveillance"><value>public</value></Data><Data name="surveillance:type"><value>camera</value></Data><Data name="surveillance:zone"><value>entrance</value></Data></ExtendedData><Point><coordinates>-122.4825951,37.7785358</coordinates></Point></Placemark><Placemark><ExtendedData><Data name="@id"><value>node/10790904252</value></Data><Data name="camera:direction"><value>176</value></Data><Data name="camera:mount"><value>wall</value></Data><Data name="level"><value>1</value></Data><Data name="man_made"><value>surveillance</value></Data><Data name="surveillance"><value>public</value></Data><Data name="surveillance:type"><value>camera</value></Data><Data name="surveillance:zone"><value>entrance</value></Data></ExtendedData><Point><coordinates>-122.4826027,37.7785701</coordinates></Point></Placemark><Placemark><ExtendedData><Data name="@id"><value>node/10791225831</value></Data><Data name="camera:direction"><value>143</value></Data><Data name="camera:mount"><value>wall</value></Data><Data name="camera:type"><value>fixed</value></Data><Data name="man_made"><value>surveillance</value></Data><Data name="surveillance"><value>outdoor</value></Data><Data name="surveillance:type"><value>camera</value></Data><Data name="surveillance:zone"><value>entrance</value></Data></ExtendedData><Point><coordinates>-122.5099932,37.773935</coordinates></Point></Placemark><Placemark><ExtendedData><Data name="@id"><value>node/10794112873</value></Data><Data name="camera:direction"><value>192</value></Data><Data name="camera:mount"><value>wall</value></Data><Data name="camera:type"><value>fixed</value></Data><Data name="man_made"><value>surveillance</value></Data><Data name="surveillance"><value>public</value></Data><Data name="surveillance:type"><value>camera</value></Data><Data name="surveillance:zone"><value>street</value></Data></ExtendedData><Point><coordinates>-122.4793116,37.7809196</coordinates></Point></Placemark><Placemark><ExtendedData><Data name="@id"><value>node/10794112874</value></Data><Data name="camera:direction"><value>206</value></Data><Data name="camera:mount"><value>wall</value></Data><Data name="camera:type"><value>fixed</value></Data><Data name="man_made"><value>surveillance</value></Data><Data name="surveillance"><value>public</value></Data><Data name="surveillance:type"><value>camera</value></Data><Data name="surveillance:zone"><value>street</value></Data></ExtendedData><Point><coordinates>-122.4793072,37.7808375</coordinates></Point></Placemark><Placemark><ExtendedData><Data name="@id"><value>node/10794112875</value></Data><Data name="camera:direction"><value>303</value></Data><Data name="camera:mount"><value>ceiling</value></Data><Data name="camera:type"><value>fixed</value></Data><Data name="man_made"><value>surveillance</value></Data><Data name="surveillance"><value>public</value></Data><Data name="surveillance:type"><value>camera</value></Data><Data name="surveillance:zone"><value>street</value></Data></ExtendedData><Point><coordinates>-122.4793127,37.7807871</coordinates></Point></Placemark><Placemark><ExtendedData><Data name="@id"><value>node/10794112876</value></Data><Data name="camera:direction"><value>185</value></Data><Data name="camera:mount"><value>wall</value></Data><Data name="camera:type"><value>fixed</value></Data><Data name="man_made"><value>surveillance</value></Data><Data name="surveillance"><value>public</value></Data><Data name="surveillance:type"><value>camera</value></Data><Data name="surveillance:zone"><value>street</value></Data></ExtendedData><Point><coordinates>-122.4792986,37.780688</coordinates></Point></Placemark><Placemark><ExtendedData><Data name="@id"><value>node/10794112882</value></Data><Data name="camera:direction"><value>356</value></Data><Data name="camera:mount"><value>wall</value></Data><Data name="camera:type"><value>door</value></Data><Data name="man_made"><value>surveillance</value></Data><Data name="surveillance"><value>public</value></Data><Data name="surveillance:type"><value>camera</value></Data><Data name="surveillance:zone"><value>street</value></Data></ExtendedData><Point><coordinates>-122.4776563,37.7802552</coordinates></Point></Placemark><Placemark><ExtendedData><Data name="@id"><value>node/10794112890</value></Data><Data name="camera:direction"><value>179</value></Data><Data name="camera:mount"><value>wall</value></Data><Data name="camera:type"><value>dome</value></Data><Data name="man_made"><value>surveillance</value></Data><Data name="surveillance"><value>public</value></Data><Data name="surveillance:type"><value>camera</value></Data><Data name="surveillance:zone"><value>street</value></Data></ExtendedData><Point><coordinates>-122.4749809,37.7807006</coordinates></Point></Placemark><Placemark><ExtendedData><Data name="@id"><value>node/10794112891</value></Data><Data name="camera:direction"><value>267</value></Data><Data name="camera:mount"><value>wall</value></Data><Data name="camera:type"><value>dome</value></Data><Data name="man_made"><value>surveillance</value></Data><Data name="surveillance"><value>public</value></Data><Data name="surveillance:type"><value>camera</value></Data><Data name="surveillance:zone"><value>street</value></Data></ExtendedData><Point><coordinates>-122.4750063,37.7807648</coordinates></Point></Placemark><Placemark><ExtendedData><Data name="@id"><value>node/10794112892</value></Data><Data name="camera:direction"><value>269</value></Data><Data name="camera:mount"><value>wall</value></Data><Data name="camera:type"><value>dome</value></Data><Data name="man_made"><value>surveillance</value></Data><Data name="surveillance"><value>public</value></Data><Data name="surveillance:type"><value>camera</value></Data><Data name="surveillance:zone"><value>street</value></Data></ExtendedData><Point><coordinates>-122.4750095,37.7809246</coordinates></Point></Placemark><Placemark><ExtendedData><Data name="@id"><value>node/10794116981</value></Data><Data name="camera:direction"><value>266</value></Data><Data name="camera:mount"><value>ceiling</value></Data><Data name="camera:type"><value>dome</value></Data><Data name="man_made"><value>surveillance</value></Data><Data name="surveillance"><value>public</value></Data><Data name="surveillance:type"><value>camera</value></Data><Data name="surveillance:zone"><value>entrance</value></Data></ExtendedData><Point><coordinates>-122.4759116,37.778398</coordinates></Point></Placemark><Placemark><ExtendedData><Data name="@id"><value>node/10794116982</value></Data><Data name="camera:direction"><value>267</value></Data><Data name="camera:mount"><value>ceiling</value></Data><Data name="camera:type"><value>dome</value></Data><Data name="man_made"><value>surveillance</value></Data><Data name="surveillance"><value>public</value></Data><Data name="surveillance:type"><value>camera</value></Data><Data name="surveillance:zone"><value>entrance</value></Data></ExtendedData><Point><coordinates>-122.4759123,37.7784375</coordinates></Point></Placemark><Placemark><ExtendedData><Data name="@id"><value>node/10794116983</value></Data><Data name="camera:direction"><value>266</value></Data><Data name="camera:mount"><value>wall</value></Data><Data name="camera:type"><value>dome</value></Data><Data name="man_made"><value>surveillance</value></Data><Data name="surveillance"><value>public</value></Data><Data name="surveillance:type"><value>camera</value></Data><Data name="surveillance:zone"><value>entrance</value></Data></ExtendedData><Point><coordinates>-122.4757807,37.7784739</coordinates></Point></Placemark><Placemark><ExtendedData><Data name="@id"><value>node/10794116984</value></Data><Data name="camera:direction"><value>267</value></Data><Data name="camera:mount"><value>wall</value></Data><Data name="camera:type"><value>dome</value></Data><Data name="man_made"><value>surveillance</value></Data><Data name="surveillance"><value>public</value></Data><Data name="surveillance:type"><value>camera</value></Data><Data name="surveillance:zone"><value>entrance</value></Data></ExtendedData><Point><coordinates>-122.4757036,37.7784725</coordinates></Point></Placemark><Placemark><ExtendedData><Data name="@id"><value>node/10795947220</value></Data><Data name="camera:direction"><value>124</value></Data><Data name="camera:mount"><value>wall</value></Data><Data name="camera:type"><value>fixed</value></Data><Data name="man_made"><value>surveillance</value></Data><Data name="surveillance"><value>public</value></Data><Data name="surveillance:type"><value>camera</value></Data><Data name="surveillance:zone"><value>entrance</value></Data></ExtendedData><Point><coordinates>-122.4317123,37.7842481</coordinates></Point></Placemark><Placemark><ExtendedData><Data name="@id"><value>node/10795947221</value></Data><Data name="camera:direction"><value>79</value></Data><Data name="camera:mount"><value>wall</value></Data><Data name="camera:type"><value>dome</value></Data><Data name="man_made"><value>surveillance</value></Data><Data name="surveillance"><value>public</value></Data><Data name="surveillance:type"><value>camera</value></Data><Data name="surveillance:zone"><value>entrance</value></Data></ExtendedData><Point><coordinates>-122.4316998,37.7842111</coordinates></Point></Placemark><Placemark><ExtendedData><Data name="@id"><value>node/10796023316</value></Data><Data name="camera:direction"><value>S</value></Data><Data name="camera:type"><value>dome</value></Data><Data name="man_made"><value>surveillance</value></Data><Data name="surveillance"><value>outdoor</value></Data><Data name="surveillance:type"><value>camera</value></Data><Data name="surveillance:zone"><value>parking</value></Data></ExtendedData><Point><coordinates>-122.428949,37.7855706</coordinates></Point></Placemark><Placemark><ExtendedData><Data name="@id"><value>node/10796025058</value></Data><Data name="camera:direction"><value>S</value></Data><Data name="camera:mount"><value>wall</value></Data><Data name="camera:type"><value>dome</value></Data><Data name="man_made"><value>surveillance</value></Data><Data name="surveillance"><value>outdoor</value></Data><Data name="surveillance:type"><value>camera</value></Data><Data name="surveillance:zone"><value>parking</value></Data></ExtendedData><Point><coordinates>-122.428517,37.7864258</coordinates></Point></Placemark><Placemark><ExtendedData><Data name="@id"><value>node/10796040780</value></Data><Data name="camera:direction"><value>332</value></Data><Data name="camera:mount"><value>wall</value></Data><Data name="camera:type"><value>fixed</value></Data><Data name="man_made"><value>surveillance</value></Data><Data name="surveillance"><value>outdoor</value></Data><Data name="surveillance:type"><value>camera</value></Data><Data name="surveillance:zone"><value>parking</value></Data></ExtendedData><Point><coordinates>-122.4311997,37.7830245</coordinates></Point></Placemark><Placemark><ExtendedData><Data name="@id"><value>node/10796040781</value></Data><Data name="camera:direction"><value>352</value></Data><Data name="camera:mount"><value>wall</value></Data><Data name="camera:type"><value>dome</value></Data><Data name="man_made"><value>surveillance</value></Data><Data name="surveillance"><value>outdoor</value></Data><Data name="surveillance:type"><value>camera</value></Data><Data name="surveillance:zone"><value>parking</value></Data></ExtendedData><Point><coordinates>-122.431214,37.7830207</coordinates></Point></Placemark><Placemark><ExtendedData><Data name="@id"><value>node/10796040782</value></Data><Data name="camera:direction"><value>350</value></Data><Data name="camera:mount"><value>wall</value></Data><Data name="camera:type"><value>fixed</value></Data><Data name="man_made"><value>surveillance</value></Data><Data name="surveillance"><value>outdoor</value></Data><Data name="surveillance:type"><value>camera</value></Data><Data name="surveillance:zone"><value>parking</value></Data></ExtendedData><Point><coordinates>-122.4312316,37.7830195</coordinates></Point></Placemark><Placemark><ExtendedData><Data name="@id"><value>node/10796040783</value></Data><Data name="camera:direction"><value>21</value></Data><Data name="camera:mount"><value>ceiling</value></Data><Data name="camera:type"><value>dome</value></Data><Data name="man_made"><value>surveillance</value></Data><Data name="surveillance"><value>outdoor</value></Data><Data name="surveillance:type"><value>camera</value></Data><Data name="surveillance:zone"><value>entrance</value></Data></ExtendedData><Point><coordinates>-122.4324225,37.782546</coordinates></Point></Placemark><Placemark><ExtendedData><Data name="@id"><value>node/10796045525</value></Data><Data name="camera:direction"><value>171</value></Data><Data name="camera:mount"><value>wall</value></Data><Data name="camera:type"><value>dome</value></Data><Data name="man_made"><value>surveillance</value></Data><Data name="surveillance"><value>public</value></Data><Data name="surveillance:type"><value>camera</value></Data><Data name="surveillance:zone"><value>street</value></Data></ExtendedData><Point><coordinates>-122.4293617,37.7866845</coordinates></Point></Placemark><Placemark><ExtendedData><Data name="@id"><value>node/10796045526</value></Data><Data name="camera:direction"><value>333</value></Data><Data name="camera:mount"><value>wall</value></Data><Data name="camera:type"><value>fixed</value></Data><Data name="man_made"><value>surveillance</value></Data><Data name="surveillance"><value>public</value></Data><Data name="surveillance:type"><value>camera</value></Data><Data name="surveillance:zone"><value>entrance</value></Data></ExtendedData><Point><coordinates>-122.4292549,37.7864583</coordinates></Point></Placemark><Placemark><ExtendedData><Data name="@id"><value>node/10796045527</value></Data><Data name="camera:direction"><value>160</value></Data><Data name="camera:mount"><value>wall</value></Data><Data name="camera:type"><value>fixed</value></Data><Data name="man_made"><value>surveillance</value></Data><Data name="surveillance"><value>outdoor</value></Data><Data name="surveillance:type"><value>camera</value></Data><Data name="surveillance:zone"><value>entrance</value></Data></ExtendedData><Point><coordinates>-122.4292772,37.7864832</coordinates></Point></Placemark><Placemark><ExtendedData><Data name="@id"><value>node/10796045528</value></Data><Data name="camera:direction"><value>170</value></Data><Data name="camera:mount"><value>wall</value></Data><Data name="camera:type"><value>dome</value></Data><Data name="man_made"><value>surveillance</value></Data><Data name="surveillance"><value>public</value></Data><Data name="surveillance:type"><value>camera</value></Data><Data name="surveillance:zone"><value>street</value></Data></ExtendedData><Point><coordinates>-122.4296371,37.7866449</coordinates></Point></Placemark><Placemark><ExtendedData><Data name="@id"><value>node/10796045529</value></Data><Data name="camera:direction"><value>140</value></Data><Data name="camera:mount"><value>wall</value></Data><Data name="camera:type"><value>dome</value></Data><Data name="man_made"><value>surveillance</value></Data><Data name="surveillance"><value>public</value></Data><Data name="surveillance:type"><value>camera</value></Data><Data name="surveillance:zone"><value>street</value></Data></ExtendedData><Point><coordinates>-122.4301482,37.7865963</coordinates></Point></Placemark><Placemark><ExtendedData><Data name="@id"><value>node/10796045530</value></Data><Data name="camera:direction"><value>171</value></Data><Data name="camera:mount"><value>wall</value></Data><Data name="camera:type"><value>dome</value></Data><Data name="man_made"><value>surveillance</value></Data><Data name="surveillance"><value>public</value></Data><Data name="surveillance:type"><value>camera</value></Data><Data name="surveillance:zone"><value>entrance</value></Data></ExtendedData><Point><coordinates>-122.4294765,37.7866894</coordinates></Point></Placemark><Placemark><ExtendedData><Data name="@id"><value>node/10796045532</value></Data><Data name="camera:direction"><value>32</value></Data><Data name="camera:mount"><value>wall</value></Data><Data name="camera:type"><value>fixed</value></Data><Data name="man_made"><value>surveillance</value></Data><Data name="surveillance"><value>public</value></Data><Data name="surveillance:type"><value>camera</value></Data><Data name="surveillance:zone"><value>street</value></Data></ExtendedData><Point><coordinates>-122.4300256,37.7861662</coordinates></Point></Placemark><Placemark><ExtendedData><Data name="@id"><value>node/10796045533</value></Data><Data name="camera:direction"><value>257</value></Data><Data name="camera:mount"><value>wall</value></Data><Data name="camera:type"><value>fixed</value></Data><Data name="man_made"><value>surveillance</value></Data><Data name="surveillance"><value>public</value></Data><Data name="surveillance:type"><value>camera</value></Data><Data name="surveillance:zone"><value>street</value></Data></ExtendedData><Point><coordinates>-122.4297871,37.7861262</coordinates></Point></Placemark><Placemark><ExtendedData><Data name="@id"><value>node/10796045534</value></Data><Data name="camera:direction"><value>220</value></Data><Data name="camera:mount"><value>wall</value></Data><Data name="camera:type"><value>fixed</value></Data><Data name="man_made"><value>surveillance</value></Data><Data name="surveillance"><value>public</value></Data><Data name="surveillance:type"><value>camera</value></Data><Data name="surveillance:zone"><value>street</value></Data></ExtendedData><Point><coordinates>-122.4298138,37.7860605</coordinates></Point></Placemark><Placemark><ExtendedData><Data name="@id"><value>node/10796045535</value></Data><Data name="camera:direction"><value>31</value></Data><Data name="camera:mount"><value>ceiling</value></Data><Data name="camera:type"><value>dome</value></Data><Data name="man_made"><value>surveillance</value></Data><Data name="surveillance"><value>public</value></Data><Data name="surveillance:type"><value>camera</value></Data><Data name="surveillance:zone"><value>street</value></Data></ExtendedData><Point><coordinates>-122.4299568,37.7857284</coordinates></Point></Placemark><Placemark><ExtendedData><Data name="@id"><value>node/10796045536</value></Data><Data name="camera:direction"><value>129</value></Data><Data name="camera:mount"><value>pole</value></Data><Data name="camera:type"><value>dome</value></Data><Data name="man_made"><value>surveillance</value></Data><Data name="surveillance"><value>public</value></Data><Data name="surveillance:type"><value>camera</value></Data><Data name="surveillance:zone"><value>street</value></Data></ExtendedData><Point><coordinates>-122.4299527,37.7856608</coordinates></Point></Placemark><Placemark><ExtendedData><Data name="@id"><value>node/10797495287</value></Data><Data name="camera:direction"><value>212</value></Data><Data name="camera:mount"><value>wall</value></Data><Data name="camera:type"><value>fixed</value></Data><Data name="man_made"><value>surveillance</value></Data><Data name="surveillance"><value>public</value></Data><Data name="surveillance:type"><value>camera</value></Data><Data name="surveillance:zone"><value>street</value></Data></ExtendedData><Point><coordinates>-122.4856688,37.779607</coordinates></Point></Placemark><Placemark><ExtendedData><Data name="@id"><value>node/10797495288</value></Data><Data name="camera:direction"><value>305</value></Data><Data name="camera:mount"><value>wall</value></Data><Data name="camera:type"><value>fixed</value></Data><Data name="man_made"><value>surveillance</value></Data><Data name="surveillance"><value>public</value></Data><Data name="surveillance:type"><value>camera</value></Data><Data name="surveillance:zone"><value>street</value></Data></ExtendedData><Point><coordinates>-122.4856646,37.7795414</coordinates></Point></Placemark><Placemark><ExtendedData><Data name="@id"><value>node/10797495289</value></Data><Data name="camera:direction"><value>144</value></Data><Data name="camera:mount"><value>pole</value></Data><Data name="camera:type"><value>fixed</value></Data><Data name="man_made"><value>surveillance</value></Data><Data name="surveillance"><value>outdoor</value></Data><Data name="surveillance:type"><value>camera</value></Data><Data name="surveillance:zone"><value>parking</value></Data></ExtendedData><Point><coordinates>-122.4856596,37.7795337</coordinates></Point></Placemark><Placemark><ExtendedData><Data name="@id"><value>node/10797495291</value></Data><Data name="camera:direction"><value>297</value></Data><Data name="camera:mount"><value>wall</value></Data><Data name="camera:type"><value>fixed</value></Data><Data name="man_made"><value>surveillance</value></Data><Data name="surveillance"><value>public</value></Data><Data name="surveillance:type"><value>camera</value></Data><Data name="surveillance:zone"><value>street</value></Data></ExtendedData><Point><coordinates>-122.4856134,37.779304</coordinates></Point></Placemark><Placemark><ExtendedData><Data name="@id"><value>node/10797495292</value></Data><Data name="camera:direction"><value>90</value></Data><Data name="camera:mount"><value>wall</value></Data><Data name="camera:type"><value>dome</value></Data><Data name="man_made"><value>surveillance</value></Data><Data name="surveillance"><value>public</value></Data><Data name="surveillance:type"><value>camera</value></Data><Data name="surveillance:zone"><value>street</value></Data></ExtendedData><Point><coordinates>-122.4858645,37.7790896</coordinates></Point></Placemark><Placemark><ExtendedData><Data name="@id"><value>node/10797495294</value></Data><Data name="camera:direction"><value>165</value></Data><Data name="camera:mount"><value>wall</value></Data><Data name="camera:type"><value>fixed</value></Data><Data name="man_made"><value>surveillance</value></Data><Data name="surveillance"><value>public</value></Data><Data name="surveillance:type"><value>camera</value></Data><Data name="surveillance:zone"><value>street</value></Data></ExtendedData><Point><coordinates>-122.485869,37.7791546</coordinates></Point></Placemark><Placemark><ExtendedData><Data name="@id"><value>node/10802159099</value></Data><Data name="camera:direction"><value>91</value></Data><Data name="camera:mount"><value>wall</value></Data><Data name="camera:type"><value>fixed</value></Data><Data name="man_made"><value>surveillance</value></Data><Data name="surveillance"><value>public</value></Data><Data name="surveillance:type"><value>camera</value></Data><Data name="surveillance:zone"><value>street</value></Data></ExtendedData><Point><coordinates>-122.4095762,37.7882456</coordinates></Point></Placemark><Placemark><ExtendedData><Data name="@id"><value>node/10802159100</value></Data><Data name="camera:direction"><value>255</value></Data><Data name="camera:mount"><value>wall</value></Data><Data name="camera:type"><value>fixed</value></Data><Data name="man_made"><value>surveillance</value></Data><Data name="surveillance"><value>public</value></Data><Data name="surveillance:type"><value>camera</value></Data><Data name="surveillance:zone"><value>street</value></Data></ExtendedData><Point><coordinates>-122.4095216,37.7882561</coordinates></Point></Placemark><Placemark><ExtendedData><Data name="@id"><value>node/10802159101</value></Data><Data name="camera:direction"><value>174</value></Data><Data name="camera:mount"><value>wall</value></Data><Data name="camera:type"><value>dome</value></Data><Data name="man_made"><value>surveillance</value></Data><Data name="surveillance"><value>public</value></Data><Data name="surveillance:type"><value>camera</value></Data><Data name="surveillance:zone"><value>street</value></Data></ExtendedData><Point><coordinates>-122.4097683,37.7882212</coordinates></Point></Placemark><Placemark><ExtendedData><Data name="@id"><value>node/10802159104</value></Data><Data name="camera:direction"><value>308</value></Data><Data name="camera:mount"><value>wall</value></Data><Data name="man_made"><value>surveillance</value></Data><Data name="surveillance"><value>public</value></Data><Data name="surveillance:type"><value>camera</value></Data><Data name="surveillance:zone"><value>street</value></Data></ExtendedData><Point><coordinates>-122.4099847,37.7882011</coordinates></Point></Placemark><Placemark><ExtendedData><Data name="@id"><value>node/10802194805</value></Data><Data name="camera:direction"><value>189</value></Data><Data name="camera:mount"><value>wall</value></Data><Data name="man_made"><value>surveillance</value></Data><Data name="surveillance"><value>public</value></Data><Data name="surveillance:type"><value>camera</value></Data><Data name="surveillance:zone"><value>street</value></Data></ExtendedData><Point><coordinates>-122.4100585,37.7885657</coordinates></Point></Placemark><Placemark><ExtendedData><Data name="@id"><value>node/10802194806</value></Data><Data name="camera:direction"><value>83</value></Data><Data name="camera:mount"><value>wall</value></Data><Data name="camera:type"><value>dome</value></Data><Data name="man_made"><value>surveillance</value></Data><Data name="surveillance"><value>public</value></Data><Data name="surveillance:type"><value>camera</value></Data><Data name="surveillance:zone"><value>street</value></Data></ExtendedData><Point><coordinates>-122.4102609,37.7884371</coordinates></Point></Placemark><Placemark><ExtendedData><Data name="@id"><value>node/10802452144</value></Data><Data name="camera:direction"><value>263</value></Data><Data name="camera:mount"><value>wall</value></Data><Data name="camera:type"><value>dome</value></Data><Data name="man_made"><value>surveillance</value></Data><Data name="surveillance"><value>public</value></Data><Data name="surveillance:type"><value>camera</value></Data><Data name="surveillance:zone"><value>entrance</value></Data></ExtendedData><Point><coordinates>-122.409892,37.7879921</coordinates></Point></Placemark><Placemark><ExtendedData><Data name="@id"><value>node/10802452145</value></Data><Data name="camera:direction"><value>82</value></Data><Data name="camera:mount"><value>wall</value></Data><Data name="camera:type"><value>dome</value></Data><Data name="man_made"><value>surveillance</value></Data><Data name="surveillance"><value>public</value></Data><Data name="surveillance:type"><value>camera</value></Data><Data name="surveillance:zone"><value>entrance</value></Data></ExtendedData><Point><coordinates>-122.4096127,37.7880276</coordinates></Point></Placemark><Placemark><ExtendedData><Data name="@id"><value>node/10802452146</value></Data><Data name="camera:direction"><value>260</value></Data><Data name="camera:mount"><value>wall</value></Data><Data name="camera:type"><value>dome</value></Data><Data name="man_made"><value>surveillance</value></Data><Data name="surveillance"><value>outdoor</value></Data><Data name="surveillance:type"><value>camera</value></Data><Data name="surveillance:zone"><value>entrance</value></Data></ExtendedData><Point><coordinates>-122.409631,37.7880216</coordinates></Point></Placemark><Placemark><ExtendedData><Data name="@id"><value>node/10802452148</value></Data><Data name="camera:direction"><value>5</value></Data><Data name="camera:type"><value>fixed</value></Data><Data name="man_made"><value>surveillance</value></Data><Data name="surveillance"><value>public</value></Data><Data name="surveillance:type"><value>camera</value></Data></ExtendedData><Point><coordinates>-122.4080822,37.7880065</coordinates></Point></Placemark><Placemark><ExtendedData><Data name="@id"><value>node/10802452149</value></Data><Data name="camera:direction"><value>5</value></Data><Data name="camera:type"><value>fixed</value></Data><Data name="man_made"><value>surveillance</value></Data><Data name="surveillance"><value>public</value></Data><Data name="surveillance:type"><value>camera</value></Data></ExtendedData><Point><coordinates>-122.4080747,37.7879354</coordinates></Point></Placemark><Placemark><ExtendedData><Data name="@id"><value>node/10802452150</value></Data><Data name="camera:direction"><value>172</value></Data><Data name="camera:type"><value>dome</value></Data><Data name="man_made"><value>surveillance</value></Data><Data name="surveillance"><value>public</value></Data><Data name="surveillance:type"><value>camera</value></Data><Data name="surveillance:zone"><value>street</value></Data></ExtendedData><Point><coordinates>-122.4078752,37.788445</coordinates></Point></Placemark><Placemark><ExtendedData><Data name="@id"><value>node/10802452155</value></Data><Data name="camera:direction"><value>100</value></Data><Data name="camera:mount"><value>wall</value></Data><Data name="camera:type"><value>dome</value></Data><Data name="man_made"><value>surveillance</value></Data><Data name="surveillance"><value>public</value></Data><Data name="surveillance:type"><value>camera</value></Data></ExtendedData><Point><coordinates>-122.4080021,37.7877992</coordinates></Point></Placemark><Placemark><ExtendedData><Data name="@id"><value>node/10802452156</value></Data><Data name="camera:direction"><value>129</value></Data><Data name="camera:mount"><value>wall</value></Data><Data name="camera:type"><value>fixed</value></Data><Data name="man_made"><value>surveillance</value></Data><Data name="surveillance"><value>public</value></Data><Data name="surveillance:type"><value>camera</value></Data></ExtendedData><Point><coordinates>-122.4080046,37.7877899</coordinates></Point></Placemark><Placemark><ExtendedData><Data name="@id"><value>node/10802452157</value></Data><Data name="camera:direction"><value>112</value></Data><Data name="camera:mount"><value>wall</value></Data><Data name="camera:type"><value>dome</value></Data><Data name="man_made"><value>surveillance</value></Data><Data name="surveillance"><value>public</value></Data><Data name="surveillance:type"><value>camera</value></Data></ExtendedData><Point><coordinates>-122.4080346,37.7876983</coordinates></Point></Placemark><Placemark><ExtendedData><Data name="@id"><value>node/10802452159</value></Data><Data name="camera:direction"><value>267</value></Data><Data name="camera:mount"><value>pole</value></Data><Data name="camera:type"><value>fixed</value></Data><Data name="man_made"><value>surveillance</value></Data><Data name="surveillance"><value>public</value></Data><Data name="surveillance:type"><value>camera</value></Data></ExtendedData><Point><coordinates>-122.4076079,37.7876934</coordinates></Point></Placemark><Placemark><ExtendedData><Data name="@id"><value>node/10802452160</value></Data><Data name="camera:direction"><value>79</value></Data><Data name="camera:mount"><value>pole</value></Data><Data name="camera:type"><value>fixed</value></Data><Data name="man_made"><value>surveillance</value></Data><Data name="surveillance"><value>public</value></Data><Data name="surveillance:type"><value>camera</value></Data></ExtendedData><Point><coordinates>-122.4073447,37.7877236</coordinates></Point></Placemark><Placemark><ExtendedData><Data name="@id"><value>node/10805585977</value></Data><Data name="camera:direction"><value>51</value></Data><Data name="camera:type"><value>dome</value></Data><Data name="man_made"><value>surveillance</value></Data><Data name="surveillance"><value>public</value></Data><Data name="surveillance:type"><value>camera</value></Data><Data name="surveillance:zone"><value>outdoor</value></Data></ExtendedData><Point><coordinates>-122.3929915,37.7979891</coordinates></Point></Placemark><Placemark><ExtendedData><Data name="@id"><value>node/10805597209</value></Data><Data name="camera:direction"><value>144</value></Data><Data name="camera:mount"><value>wall</value></Data><Data name="camera:type"><value>dome</value></Data><Data name="level"><value>0</value></Data><Data name="man_made"><value>surveillance</value></Data><Data name="surveillance"><value>public</value></Data><Data name="surveillance:type"><value>camera</value></Data><Data name="surveillance:zone"><value>entrance</value></Data></ExtendedData><Point><coordinates>-122.3941338,37.7959548</coordinates></Point></Placemark><Placemark><ExtendedData><Data name="@id"><value>node/10805597210</value></Data><Data name="camera:direction"><value>233</value></Data><Data name="camera:mount"><value>pole</value></Data><Data name="camera:type"><value>dome</value></Data><Data name="level"><value>0</value></Data><Data name="man_made"><value>surveillance</value></Data><Data name="surveillance"><value>public</value></Data><Data name="surveillance:type"><value>camera</value></Data><Data name="surveillance:zone"><value>outdoor</value></Data></ExtendedData><Point><coordinates>-122.3941505,37.7959541</coordinates></Point></Placemark><Placemark><ExtendedData><Data name="@id"><value>node/10805597211</value></Data><Data name="camera:direction"><value>234</value></Data><Data name="camera:mount"><value>pole</value></Data><Data name="camera:type"><value>dome</value></Data><Data name="level"><value>0</value></Data><Data name="man_made"><value>surveillance</value></Data><Data name="surveillance"><value>public</value></Data><Data name="surveillance:type"><value>camera</value></Data><Data name="surveillance:zone"><value>outdoor</value></Data></ExtendedData><Point><coordinates>-122.3942929,37.7961228</coordinates></Point></Placemark><Placemark><ExtendedData><Data name="@id"><value>node/10805597213</value></Data><Data name="camera:direction"><value>321</value></Data><Data name="camera:type"><value>dome</value></Data><Data name="level"><value>0</value></Data><Data name="man_made"><value>surveillance</value></Data><Data name="surveillance"><value>public</value></Data><Data name="surveillance:type"><value>camera</value></Data><Data name="surveillance:zone"><value>entrance</value></Data></ExtendedData><Point><coordinates>-122.3941703,37.7962325</coordinates></Point></Placemark><Placemark><ExtendedData><Data name="@id"><value>node/10805597219</value></Data><Data name="camera:direction"><value>143</value></Data><Data name="camera:mount"><value>wall</value></Data><Data name="camera:type"><value>dome</value></Data><Data name="man_made"><value>surveillance</value></Data><Data name="surveillance"><value>public</value></Data><Data name="surveillance:type"><value>camera</value></Data></ExtendedData><Point><coordinates>-122.3948429,37.7967529</coordinates></Point></Placemark><Placemark><ExtendedData><Data name="@id"><value>node/10805597220</value></Data><Data name="camera:direction"><value>144</value></Data><Data name="camera:mount"><value>wall</value></Data><Data name="camera:type"><value>dome</value></Data><Data name="man_made"><value>surveillance</value></Data><Data name="surveillance"><value>public</value></Data><Data name="surveillance:type"><value>camera</value></Data></ExtendedData><Point><coordinates>-122.3945761,37.7968953</coordinates></Point></Placemark><Placemark><ExtendedData><Data name="@id"><value>node/10815354119</value></Data><Data name="camera:direction"><value>199</value></Data><Data name="camera:mount"><value>pole</value></Data><Data name="camera:type"><value>fixed</value></Data><Data name="man_made"><value>surveillance</value></Data><Data name="surveillance"><value>outdoor</value></Data><Data name="surveillance:type"><value>camera</value></Data></ExtendedData><Point><coordinates>-122.4771485,37.8102846</coordinates></Point></Placemark><Placemark><ExtendedData><Data name="@id"><value>node/10815359932</value></Data><Data name="camera:direction"><value>183</value></Data><Data name="camera:mount"><value>pole</value></Data><Data name="camera:type"><value>fixed</value></Data><Data name="man_made"><value>surveillance</value></Data><Data name="surveillance"><value>public</value></Data><Data name="surveillance:type"><value>camera</value></Data><Data name="surveillance:zone"><value>outdoor</value></Data></ExtendedData><Point><coordinates>-122.475053,37.8078332</coordinates></Point></Placemark><Placemark><ExtendedData><Data name="@id"><value>node/10815359933</value></Data><Data name="camera:direction"><value>288</value></Data><Data name="camera:mount"><value>pole</value></Data><Data name="camera:type"><value>fixed</value></Data><Data name="man_made"><value>surveillance</value></Data><Data name="surveillance"><value>public</value></Data><Data name="surveillance:type"><value>camera</value></Data><Data name="surveillance:zone"><value>outdoor</value></Data></ExtendedData><Point><coordinates>-122.4750544,37.8078311</coordinates></Point></Placemark><Placemark><ExtendedData><Data name="@id"><value>node/10815359935</value></Data><Data name="camera:direction"><value>186</value></Data><Data name="camera:mount"><value>pole</value></Data><Data name="camera:type"><value>fixed</value></Data><Data name="man_made"><value>surveillance</value></Data><Data name="surveillance"><value>public</value></Data><Data name="surveillance:type"><value>camera</value></Data><Data name="surveillance:zone"><value>parking</value></Data></ExtendedData><Point><coordinates>-122.4745075,37.8079018</coordinates></Point></Placemark><Placemark><ExtendedData><Data name="@id"><value>node/10830894147</value></Data><Data name="camera:direction"><value>24</value></Data><Data name="camera:mount"><value>wall</value></Data><Data name="man_made"><value>surveillance</value></Data><Data name="surveillance"><value>public</value></Data><Data name="surveillance:type"><value>camera</value></Data><Data name="surveillance:zone"><value>street</value></Data></ExtendedData><Point><coordinates>-122.4817881,37.7822714</coordinates></Point></Placemark><Placemark><ExtendedData><Data name="@id"><value>node/10830894148</value></Data><Data name="camera:direction"><value>201</value></Data><Data name="camera:mount"><value>wall</value></Data><Data name="man_made"><value>surveillance</value></Data><Data name="surveillance"><value>public</value></Data><Data name="surveillance:type"><value>camera</value></Data><Data name="surveillance:zone"><value>street</value></Data></ExtendedData><Point><coordinates>-122.4817905,37.7822668</coordinates></Point></Placemark><Placemark><ExtendedData><Data name="@id"><value>node/10832552644</value></Data><Data name="camera:direction"><value>140</value></Data><Data name="camera:mount"><value>ceiling</value></Data><Data name="man_made"><value>surveillance</value></Data><Data name="surveillance"><value>public</value></Data><Data name="surveillance:type"><value>camera</value></Data><Data name="surveillance:zone"><value>entrance</value></Data></ExtendedData><Point><coordinates>-122.4664775,37.7644806</coordinates></Point></Placemark><Placemark><ExtendedData><Data name="@id"><value>node/10832552645</value></Data><Data name="camera:direction"><value>41</value></Data><Data name="camera:mount"><value>wall</value></Data><Data name="camera:type"><value>dome</value></Data><Data name="man_made"><value>surveillance</value></Data><Data name="surveillance"><value>public</value></Data><Data name="surveillance:type"><value>camera</value></Data><Data name="surveillance:zone"><value>entrance</value></Data></ExtendedData><Point><coordinates>-122.4664887,37.7646288</coordinates></Point></Placemark><Placemark><ExtendedData><Data name="@id"><value>node/10832552646</value></Data><Data name="camera:direction"><value>126</value></Data><Data name="camera:mount"><value>wall</value></Data><Data name="camera:type"><value>dome</value></Data><Data name="man_made"><value>surveillance</value></Data><Data name="surveillance"><value>public</value></Data><Data name="surveillance:type"><value>camera</value></Data><Data name="surveillance:zone"><value>entrance</value></Data></ExtendedData><Point><coordinates>-122.4664896,37.764691</coordinates></Point></Placemark><Placemark><ExtendedData><Data name="@id"><value>node/10857020222</value></Data><Data name="camera:direction"><value>217</value></Data><Data name="camera:mount"><value>wall</value></Data><Data name="man_made"><value>surveillance</value></Data><Data name="surveillance"><value>public</value></Data><Data name="surveillance:type"><value>camera</value></Data><Data name="surveillance:zone"><value>street</value></Data></ExtendedData><Point><coordinates>-122.482292,37.7775421</coordinates></Point></Placemark><Placemark><ExtendedData><Data name="@id"><value>node/10857020223</value></Data><Data name="camera:direction"><value>305</value></Data><Data name="camera:mount"><value>wall</value></Data><Data name="man_made"><value>surveillance</value></Data><Data name="surveillance"><value>public</value></Data><Data name="surveillance:type"><value>camera</value></Data><Data name="surveillance:zone"><value>street</value></Data></ExtendedData><Point><coordinates>-122.4822861,37.7774924</coordinates></Point></Placemark><Placemark><ExtendedData><Data name="@id"><value>node/10857020224</value></Data><Data name="camera:direction"><value>316</value></Data><Data name="camera:mount"><value>ceiling</value></Data><Data name="camera:type"><value>dome</value></Data><Data name="man_made"><value>surveillance</value></Data><Data name="surveillance"><value>public</value></Data><Data name="surveillance:type"><value>camera</value></Data><Data name="surveillance:zone"><value>street</value></Data></ExtendedData><Point><coordinates>-122.4822675,37.777277</coordinates></Point></Placemark><Placemark><ExtendedData><Data name="@id"><value>node/10857020225</value></Data><Data name="camera:direction"><value>267</value></Data><Data name="camera:mount"><value>wall</value></Data><Data name="camera:type"><value>door</value></Data><Data name="man_made"><value>surveillance</value></Data><Data name="manufacturer"><value>Ring</value></Data><Data name="surveillance"><value>public</value></Data><Data name="surveillance:type"><value>camera</value></Data><Data name="surveillance:zone"><value>entrance</value></Data></ExtendedData><Point><coordinates>-122.4822154,37.7771317</coordinates></Point></Placemark><Placemark><ExtendedData><Data name="@id"><value>node/10857020226</value></Data><Data name="camera:direction"><value>267</value></Data><Data name="camera:mount"><value>wall</value></Data><Data name="camera:type"><value>dome</value></Data><Data name="man_made"><value>surveillance</value></Data><Data name="surveillance"><value>public</value></Data><Data name="surveillance:type"><value>camera</value></Data><Data name="surveillance:zone"><value>street</value></Data></ExtendedData><Point><coordinates>-122.4822632,37.7771218</coordinates></Point></Placemark><Placemark><ExtendedData><Data name="@id"><value>node/10857020228</value></Data><Data name="camera:direction"><value>317</value></Data><Data name="camera:mount"><value>ceiling</value></Data><Data name="camera:type"><value>dome</value></Data><Data name="man_made"><value>surveillance</value></Data><Data name="surveillance"><value>public</value></Data><Data name="surveillance:type"><value>camera</value></Data><Data name="surveillance:zone"><value>entrance</value></Data></ExtendedData><Point><coordinates>-122.482262,37.7770859</coordinates></Point></Placemark><Placemark><ExtendedData><Data name="@id"><value>node/10857020229</value></Data><Data name="camera:direction"><value>268</value></Data><Data name="camera:mount"><value>wall</value></Data><Data name="camera:type"><value>fixed</value></Data><Data name="man_made"><value>surveillance</value></Data><Data name="manufacturer"><value>Ring</value></Data><Data name="surveillance"><value>public</value></Data><Data name="surveillance:type"><value>camera</value></Data><Data name="surveillance:zone"><value>entrance</value></Data></ExtendedData><Point><coordinates>-122.4822653,37.7770939</coordinates></Point></Placemark><Placemark><ExtendedData><Data name="@id"><value>node/10857020230</value></Data><Data name="camera:direction"><value>47</value></Data><Data name="camera:mount"><value>wall</value></Data><Data name="camera:type"><value>fixed</value></Data><Data name="man_made"><value>surveillance</value></Data><Data name="surveillance"><value>public</value></Data><Data name="surveillance:type"><value>camera</value></Data><Data name="surveillance:zone"><value>street</value></Data></ExtendedData><Point><coordinates>-122.4824906,37.7770384</coordinates></Point></Placemark><Placemark><ExtendedData><Data name="@id"><value>node/10869399694</value></Data><Data name="camera:direction"><value>226</value></Data><Data name="camera:mount"><value>wall</value></Data><Data name="camera:type"><value>dome</value></Data><Data name="man_made"><value>surveillance</value></Data><Data name="surveillance"><value>public</value></Data><Data name="surveillance:type"><value>camera</value></Data><Data name="surveillance:zone"><value>street</value></Data></ExtendedData><Point><coordinates>-122.481291,37.7632536</coordinates></Point></Placemark><Placemark><ExtendedData><Data name="@id"><value>node/10869399696</value></Data><Data name="camera:direction"><value>357</value></Data><Data name="camera:mount"><value>wall</value></Data><Data name="camera:type"><value>dome</value></Data><Data name="man_made"><value>surveillance</value></Data><Data name="surveillance"><value>public</value></Data><Data name="surveillance:type"><value>camera</value></Data><Data name="surveillance:zone"><value>street</value></Data></ExtendedData><Point><coordinates>-122.4811522,37.7632802</coordinates></Point></Placemark><Placemark><ExtendedData><Data name="@id"><value>node/10869399702</value></Data><Data name="camera:direction"><value>355</value></Data><Data name="camera:mount"><value>wall</value></Data><Data name="camera:type"><value>dome</value></Data><Data name="man_made"><value>surveillance</value></Data><Data name="surveillance"><value>public</value></Data><Data name="surveillance:type"><value>camera</value></Data><Data name="surveillance:zone"><value>street</value></Data></ExtendedData><Point><coordinates>-122.4809962,37.7632915</coordinates></Point></Placemark><Placemark><ExtendedData><Data name="@id"><value>node/10872159003</value></Data><Data name="camera:direction"><value>177</value></Data><Data name="camera:mount"><value>wall</value></Data><Data name="camera:type"><value>dome</value></Data><Data name="man_made"><value>surveillance</value></Data><Data name="surveillance"><value>public</value></Data><Data name="surveillance:type"><value>camera</value></Data><Data name="surveillance:zone"><value>street</value></Data></ExtendedData><Point><coordinates>-122.4773311,37.7748676</coordinates></Point></Placemark><Placemark><ExtendedData><Data name="@id"><value>node/10876289644</value></Data><Data name="camera:direction"><value>S</value></Data><Data name="camera:mount"><value>wall</value></Data><Data name="man_made"><value>surveillance</value></Data><Data name="surveillance"><value>public</value></Data><Data name="surveillance:type"><value>camera</value></Data></ExtendedData><Point><coordinates>-122.3708068,37.819248</coordinates></Point></Placemark><Placemark><ExtendedData><Data name="@id"><value>node/10876289651</value></Data><Data name="camera:direction"><value>NW</value></Data><Data name="camera:mount"><value>wall</value></Data><Data name="camera:type"><value>fixed</value></Data><Data name="man_made"><value>surveillance</value></Data><Data name="surveillance"><value>public</value></Data><Data name="surveillance:type"><value>camera</value></Data></ExtendedData><Point><coordinates>-122.3708627,37.8192924</coordinates></Point></Placemark><Placemark><ExtendedData><Data name="@id"><value>node/10897723836</value></Data><Data name="camera:direction"><value>178</value></Data><Data name="camera:mount"><value>wall</value></Data><Data name="camera:type"><value>dome</value></Data><Data name="man_made"><value>surveillance</value></Data><Data name="surveillance"><value>public</value></Data><Data name="surveillance:type"><value>camera</value></Data><Data name="surveillance:zone"><value>street</value></Data></ExtendedData><Point><coordinates>-122.4985154,37.7757633</coordinates></Point></Placemark><Placemark><ExtendedData><Data name="@id"><value>node/10897723838</value></Data><Data name="camera:direction"><value>87</value></Data><Data name="camera:mount"><value>wall</value></Data><Data name="camera:type"><value>dome</value></Data><Data name="man_made"><value>surveillance</value></Data><Data name="surveillance"><value>public</value></Data><Data name="surveillance:type"><value>camera</value></Data><Data name="surveillance:zone"><value>street</value></Data></ExtendedData><Point><coordinates>-122.4984954,37.7755474</coordinates></Point></Placemark><Placemark><ExtendedData><Data name="@id"><value>node/10897723839</value></Data><Data name="camera:direction"><value>357</value></Data><Data name="camera:mount"><value>wall</value></Data><Data name="camera:type"><value>dome</value></Data><Data name="man_made"><value>surveillance</value></Data><Data name="surveillance"><value>public</value></Data><Data name="surveillance:type"><value>camera</value></Data><Data name="surveillance:zone"><value>street</value></Data></ExtendedData><Point><coordinates>-122.49852,37.7755538</coordinates></Point></Placemark><Placemark><ExtendedData><Data name="@id"><value>node/10897723842</value></Data><Data name="camera:direction"><value>178</value></Data><Data name="camera:mount"><value>ceiling</value></Data><Data name="camera:type"><value>dome</value></Data><Data name="man_made"><value>surveillance</value></Data><Data name="surveillance:type"><value>camera</value></Data><Data name="surveillance:zone"><value>street</value></Data></ExtendedData><Point><coordinates>-122.497839,37.7757969</coordinates></Point></Placemark><Placemark><ExtendedData><Data name="@id"><value>node/10897723843</value></Data><Data name="camera:direction"><value>86</value></Data><Data name="camera:mount"><value>wall</value></Data><Data name="camera:type"><value>dome</value></Data><Data name="man_made"><value>surveillance</value></Data><Data name="surveillance"><value>public</value></Data><Data name="surveillance:type"><value>camera</value></Data><Data name="surveillance:zone"><value>street</value></Data></ExtendedData><Point><coordinates>-122.4985064,37.7757712</coordinates></Point></Placemark><Placemark><ExtendedData><Data name="@id"><value>node/10932511871</value></Data><Data name="camera:direction"><value>144</value></Data><Data name="camera:type"><value>dome</value></Data><Data name="man_made"><value>surveillance</value></Data><Data name="surveillance"><value>outdoor</value></Data><Data name="surveillance:type"><value>camera</value></Data></ExtendedData><Point><coordinates>-122.4965525,37.7772709</coordinates></Point></Placemark><Placemark><ExtendedData><Data name="@id"><value>node/10932511877</value></Data><Data name="camera:direction"><value>87</value></Data><Data name="camera:type"><value>dome</value></Data><Data name="man_made"><value>surveillance</value></Data><Data name="surveillance"><value>outdoor</value></Data><Data name="surveillance:type"><value>camera</value></Data></ExtendedData><Point><coordinates>-122.4970178,37.7766722</coordinates></Point></Placemark><Placemark><ExtendedData><Data name="@id"><value>node/10969916964</value></Data><Data name="camera:direction"><value>87</value></Data><Data name="camera:mount"><value>wall</value></Data><Data name="camera:type"><value>door</value></Data><Data name="man_made"><value>surveillance</value></Data><Data name="surveillance"><value>outdoor</value></Data><Data name="surveillance:type"><value>camera</value></Data><Data name="surveillance:zone"><value>entrance</value></Data></ExtendedData><Point><coordinates>-122.4655784,37.77916</coordinates></Point></Placemark><Placemark><ExtendedData><Data name="@id"><value>node/10969975322</value></Data><Data name="camera:direction"><value>16</value></Data><Data name="camera:mount"><value>wall</value></Data><Data name="camera:type"><value>dome</value></Data><Data name="man_made"><value>surveillance</value></Data><Data name="surveillance"><value>public</value></Data><Data name="surveillance:type"><value>camera</value></Data><Data name="surveillance:zone"><value>street</value></Data></ExtendedData><Point><coordinates>-122.4697408,37.7805252</coordinates></Point></Placemark><Placemark><ExtendedData><Data name="@id"><value>node/10969975323</value></Data><Data name="camera:direction"><value>346</value></Data><Data name="camera:mount"><value>wall</value></Data><Data name="camera:type"><value>fixed</value></Data><Data name="man_made"><value>surveillance</value></Data><Data name="surveillance"><value>public</value></Data><Data name="surveillance:type"><value>camera</value></Data><Data name="surveillance:zone"><value>street</value></Data></ExtendedData><Point><coordinates>-122.4695079,37.7805159</coordinates></Point></Placemark><Placemark><ExtendedData><Data name="@id"><value>node/11009320679</value></Data><Data name="camera:direction"><value>44</value></Data><Data name="camera:mount"><value>doorbell</value></Data><Data name="camera:type"><value>door</value></Data><Data name="man_made"><value>surveillance</value></Data><Data name="surveillance"><value>public</value></Data><Data name="surveillance:type"><value>camera</value></Data><Data name="surveillance:zone"><value>entrance</value></Data></ExtendedData><Point><coordinates>-122.4712319,37.7862619</coordinates></Point></Placemark><Placemark><ExtendedData><Data name="@id"><value>node/11009320699</value></Data><Data name="camera:direction"><value>87</value></Data><Data name="camera:type"><value>fixed</value></Data><Data name="man_made"><value>surveillance</value></Data><Data name="surveillance"><value>public</value></Data><Data name="surveillance:type"><value>camera</value></Data><Data name="surveillance:zone"><value>entrance</value></Data></ExtendedData><Point><coordinates>-122.47125,37.7866558</coordinates></Point></Placemark><Placemark><ExtendedData><Data name="@id"><value>node/11009374814</value></Data><Data name="camera:direction"><value>80</value></Data><Data name="camera:type"><value>fixed</value></Data><Data name="man_made"><value>surveillance</value></Data><Data name="surveillance"><value>outdoor</value></Data><Data name="surveillance:type"><value>camera</value></Data><Data name="surveillance:zone"><value>entrance</value></Data></ExtendedData><Point><coordinates>-122.4716759,37.7866728</coordinates></Point></Placemark><Placemark><ExtendedData><Data name="@id"><value>node/11009374815</value></Data><Data name="camera:direction"><value>278</value></Data><Data name="camera:type"><value>fixed</value></Data><Data name="man_made"><value>surveillance</value></Data><Data name="surveillance"><value>outdoor</value></Data><Data name="surveillance:type"><value>camera</value></Data><Data name="surveillance:zone"><value>entrance</value></Data></ExtendedData><Point><coordinates>-122.4715807,37.7866794</coordinates></Point></Placemark><Placemark><ExtendedData><Data name="@id"><value>node/11009374816</value></Data><Data name="camera:direction"><value>79</value></Data><Data name="camera:type"><value>fixed</value></Data><Data name="man_made"><value>surveillance</value></Data><Data name="surveillance"><value>outdoor</value></Data><Data name="surveillance:type"><value>camera</value></Data><Data name="surveillance:zone"><value>entrance</value></Data></ExtendedData><Point><coordinates>-122.4715711,37.7866787</coordinates></Point></Placemark><Placemark><ExtendedData><Data name="@id"><value>node/11308484399</value></Data><Data name="camera:direction"><value>267</value></Data><Data name="camera:type"><value>dome</value></Data><Data name="man_made"><value>surveillance</value></Data><Data name="surveillance"><value>outdoor</value></Data><Data name="surveillance:type"><value>camera</value></Data><Data name="surveillance:zone"><value>street</value></Data></ExtendedData><Point><coordinates>-122.4715684,37.7639275</coordinates></Point></Placemark><Placemark><ExtendedData><Data name="@id"><value>node/11374592690</value></Data><Data name="camera:direction"><value>127</value></Data><Data name="camera:mount"><value>wall</value></Data><Data name="camera:type"><value>dome</value></Data><Data name="man_made"><value>surveillance</value></Data><Data name="surveillance"><value>public</value></Data><Data name="surveillance:type"><value>camera</value></Data><Data name="surveillance:zone"><value>entrance</value></Data></ExtendedData><Point><coordinates>-122.4650698,37.7746062</coordinates></Point></Placemark><Placemark><ExtendedData><Data name="@id"><value>node/11374592716</value></Data><Data name="camera:direction"><value>91</value></Data><Data name="camera:mount"><value>wall</value></Data><Data name="camera:type"><value>dome</value></Data><Data name="man_made"><value>surveillance</value></Data><Data name="surveillance"><value>outdoor</value></Data><Data name="surveillance:type"><value>camera</value></Data></ExtendedData><Point><coordinates>-122.4654172,37.7746604</coordinates></Point></Placemark><Placemark><ExtendedData><Data name="@id"><value>node/11374592728</value></Data><Data name="camera:direction"><value>357</value></Data><Data name="camera:mount"><value>wall</value></Data><Data name="camera:type"><value>dome</value></Data><Data name="man_made"><value>surveillance</value></Data><Data name="surveillance"><value>outdoor</value></Data><Data name="surveillance:type"><value>camera</value></Data><Data name="surveillance:zone"><value>parking</value></Data></ExtendedData><Point><coordinates>-122.4654163,37.7746629</coordinates></Point></Placemark><Placemark><ExtendedData><Data name="@id"><value>node/11390824846</value></Data><Data name="camera:direction"><value>82</value></Data><Data name="camera:mount"><value>ceiling</value></Data><Data name="camera:type"><value>fixed</value></Data><Data name="man_made"><value>surveillance</value></Data><Data name="surveillance"><value>outdoor</value></Data><Data name="surveillance:type"><value>camera</value></Data></ExtendedData><Point><coordinates>-122.4096072,37.8088396</coordinates></Point></Placemark><Placemark><ExtendedData><Data name="@id"><value>node/11509744709</value></Data><Data name="camera:direction"><value>97</value></Data><Data name="camera:mount"><value>wall</value></Data><Data name="camera:type"><value>fixed</value></Data><Data name="man_made"><value>surveillance</value></Data><Data name="surveillance"><value>public</value></Data><Data name="surveillance:type"><value>camera</value></Data><Data name="surveillance:zone"><value>street</value></Data></ExtendedData><Point><coordinates>-122.5021288,37.7569602</coordinates></Point></Placemark><Placemark><ExtendedData><Data name="@id"><value>node/11509744710</value></Data><Data name="camera:direction"><value>259</value></Data><Data name="camera:mount"><value>wall</value></Data><Data name="camera:type"><value>fixed</value></Data><Data name="man_made"><value>surveillance</value></Data><Data name="surveillance"><value>public</value></Data><Data name="surveillance:type"><value>camera</value></Data><Data name="surveillance:zone"><value>street</value></Data></ExtendedData><Point><coordinates>-122.5018947,37.7569712</coordinates></Point></Placemark><Placemark><ExtendedData><Data name="@id"><value>node/11590449610</value></Data><Data name="camera:direction"><value>208</value></Data><Data name="camera:mount"><value>pole</value></Data><Data name="camera:type"><value>fixed</value></Data><Data name="man_made"><value>surveillance</value></Data><Data name="surveillance"><value>public</value></Data><Data name="surveillance:type"><value>camera</value></Data></ExtendedData><Point><coordinates>-122.4006543,37.7713607</coordinates></Point></Placemark><Placemark><ExtendedData><Data name="@id"><value>node/11593177066</value></Data><Data name="camera:direction"><value>195</value></Data><Data name="camera:mount"><value>pole</value></Data><Data name="man_made"><value>surveillance</value></Data><Data name="surveillance"><value>outdoor</value></Data><Data name="surveillance:type"><value>camera</value></Data><Data name="surveillance:zone"><value>parking</value></Data></ExtendedData><Point><coordinates>-122.4547222,37.7813581</coordinates></Point></Placemark><Placemark><ExtendedData><Data name="@id"><value>node/11593218970</value></Data><Data name="camera:direction"><value>171</value></Data><Data name="camera:mount"><value>wall</value></Data><Data name="camera:type"><value>dome</value></Data><Data name="man_made"><value>surveillance</value></Data><Data name="surveillance"><value>public</value></Data><Data name="surveillance:type"><value>camera</value></Data><Data name="surveillance:zone"><value>street</value></Data></ExtendedData><Point><coordinates>-122.4554006,37.7816147</coordinates></Point></Placemark><Placemark><ExtendedData><Data name="@id"><value>node/11593218971</value></Data><Data name="camera:direction"><value>267</value></Data><Data name="camera:mount"><value>wall</value></Data><Data name="camera:type"><value>dome</value></Data><Data name="man_made"><value>surveillance</value></Data><Data name="surveillance"><value>public</value></Data><Data name="surveillance:type"><value>camera</value></Data><Data name="surveillance:zone"><value>street</value></Data></ExtendedData><Point><coordinates>-122.4554163,37.7816275</coordinates></Point></Placemark><Placemark><ExtendedData><Data name="@id"><value>node/11711830527</value></Data><Data name="camera:direction"><value>260</value></Data><Data name="camera:mount"><value>wall</value></Data><Data name="camera:type"><value>fixed</value></Data><Data name="man_made"><value>surveillance</value></Data><Data name="surveillance"><value>public</value></Data><Data name="surveillance:type"><value>camera</value></Data></ExtendedData><Point><coordinates>-122.3935488,37.7796388</coordinates></Point></Placemark><Placemark><ExtendedData><Data name="@id"><value>node/11711830528</value></Data><Data name="camera:direction"><value>182</value></Data><Data name="camera:mount"><value>wall</value></Data><Data name="camera:type"><value>fixed</value></Data><Data name="man_made"><value>surveillance</value></Data><Data name="surveillance"><value>public</value></Data><Data name="surveillance:type"><value>camera</value></Data></ExtendedData><Point><coordinates>-122.3935344,37.7796319</coordinates></Point></Placemark><Placemark><ExtendedData><Data name="@id"><value>node/11711830531</value></Data><Data name="camera:direction"><value>187</value></Data><Data name="camera:mount"><value>wall</value></Data><Data name="camera:type"><value>fixed</value></Data><Data name="man_made"><value>surveillance</value></Data><Data name="surveillance"><value>public</value></Data><Data name="surveillance:type"><value>camera</value></Data></ExtendedData><Point><coordinates>-122.3934921,37.7795907</coordinates></Point></Placemark><Placemark><ExtendedData><Data name="@id"><value>node/11711830532</value></Data><Data name="camera:direction"><value>253</value></Data><Data name="camera:mount"><value>wall</value></Data><Data name="camera:type"><value>fixed</value></Data><Data name="man_made"><value>surveillance</value></Data><Data name="surveillance"><value>public</value></Data><Data name="surveillance:type"><value>camera</value></Data></ExtendedData><Point><coordinates>-122.3934586,37.7795654</coordinates></Point></Placemark><Placemark><ExtendedData><Data name="@id"><value>node/11837783162</value></Data><Data name="camera:direction"><value>144</value></Data><Data name="camera:mount"><value>doorbell</value></Data><Data name="camera:type"><value>door</value></Data><Data name="man_made"><value>surveillance</value></Data><Data name="surveillance"><value>public</value></Data><Data name="surveillance:type"><value>camera</value></Data><Data name="surveillance:zone"><value>entrance</value></Data></ExtendedData><Point><coordinates>-122.4311483,37.7401328</coordinates></Point></Placemark><Placemark><ExtendedData><Data name="@id"><value>node/11837783163</value></Data><Data name="camera:direction"><value>26</value></Data><Data name="camera:mount"><value>wall</value></Data><Data name="camera:type"><value>fixed</value></Data><Data name="man_made"><value>surveillance</value></Data><Data name="surveillance"><value>public</value></Data><Data name="surveillance:type"><value>camera</value></Data><Data name="surveillance:zone"><value>public</value></Data></ExtendedData><Point><coordinates>-122.4310254,37.7401306</coordinates></Point></Placemark><Placemark><ExtendedData><Data name="@id"><value>node/11837783164</value></Data><Data name="camera:direction"><value>248</value></Data><Data name="camera:mount"><value>wall</value></Data><Data name="camera:type"><value>fixed</value></Data><Data name="man_made"><value>surveillance</value></Data><Data name="surveillance"><value>public</value></Data><Data name="surveillance:type"><value>camera</value></Data><Data name="surveillance:zone"><value>public</value></Data></ExtendedData><Point><coordinates>-122.4309948,37.7401486</coordinates></Point></Placemark><Placemark><ExtendedData><Data name="@id"><value>node/11837783165</value></Data><Data name="camera:direction"><value>323</value></Data><Data name="camera:mount"><value>wall</value></Data><Data name="camera:type"><value>fixed</value></Data><Data name="man_made"><value>surveillance</value></Data><Data name="surveillance"><value>outdoor</value></Data><Data name="surveillance:type"><value>camera</value></Data><Data name="surveillance:zone"><value>entrance</value></Data></ExtendedData><Point><coordinates>-122.4309404,37.7401017</coordinates></Point></Placemark><Placemark><ExtendedData><Data name="@id"><value>node/11882721093</value></Data><Data name="camera:mount"><value>pole</value></Data><Data name="camera:type"><value>fixed</value></Data><Data name="direction"><value>4</value></Data><Data name="man_made"><value>surveillance</value></Data><Data name="manufacturer"><value>Flock Safety</value></Data><Data name="manufacturer:wikidata"><value>Q108485435</value></Data><Data name="operator"><value>San Francisco Police Department</value></Data><Data name="operator:wikidata"><value>Q1320247</value></Data><Data name="surveillance"><value>public</value></Data><Data name="surveillance:type"><value>ALPR</value></Data><Data name="surveillance:zone"><value>traffic</value></Data></ExtendedData><Point><coordinates>-122.4050433,37.7430753</coordinates></Point></Placemark><Placemark><ExtendedData><Data name="@id"><value>node/11897445095</value></Data><Data name="camera:mount"><value>pole</value></Data><Data name="camera:type"><value>fixed</value></Data><Data name="direction"><value>60</value></Data><Data name="man_made"><value>surveillance</value></Data><Data name="manufacturer"><value>Flock Safety</value></Data><Data name="manufacturer:wikidata"><value>Q108485435</value></Data><Data name="operator"><value>San Francisco Police Department</value></Data><Data name="operator:wikidata"><value>Q1320247</value></Data><Data name="surveillance"><value>public</value></Data><Data name="surveillance:type"><value>ALPR</value></Data><Data name="surveillance:zone"><value>traffic</value></Data></ExtendedData><Point><coordinates>-122.3980695,37.7797241</coordinates></Point></Placemark><Placemark><ExtendedData><Data name="@id"><value>node/11897445096</value></Data><Data name="camera:mount"><value>pole</value></Data><Data name="camera:type"><value>fixed</value></Data><Data name="direction"><value>30</value></Data><Data name="man_made"><value>surveillance</value></Data><Data name="manufacturer"><value>Flock Safety</value></Data><Data name="manufacturer:wikidata"><value>Q108485435</value></Data><Data name="operator"><value>San Francisco Police Department</value></Data><Data name="operator:wikidata"><value>Q1320247</value></Data><Data name="surveillance"><value>public</value></Data><Data name="surveillance:type"><value>ALPR</value></Data><Data name="surveillance:zone"><value>traffic</value></Data></ExtendedData><Point><coordinates>-122.3978879,37.7795978</coordinates></Point></Placemark><Placemark><ExtendedData><Data name="@id"><value>node/11897802140</value></Data><Data name="brand"><value>Flock Safety</value></Data><Data name="brand:wikidata"><value>Q108485435</value></Data><Data name="camera:mount"><value>pole</value></Data><Data name="camera:type"><value>fixed</value></Data><Data name="direction"><value>306</value></Data><Data name="man_made"><value>surveillance</value></Data><Data name="operator"><value>San Francisco Police Department</value></Data><Data name="operator:wikidata"><value>Q1320247</value></Data><Data name="surveillance"><value>traffic</value></Data><Data name="surveillance:type"><value>ALPR</value></Data><Data name="surveillance:zone"><value>traffic</value></Data></ExtendedData><Point><coordinates>-122.4011129,37.7217852</coordinates></Point></Placemark><Placemark><ExtendedData><Data name="@id"><value>node/11911033541</value></Data><Data name="camera:mount"><value>pole</value></Data><Data name="camera:type"><value>fixed</value></Data><Data name="direction"><value>25</value></Data><Data name="man_made"><value>surveillance</value></Data><Data name="manufacturer"><value>Flock Safety</value></Data><Data name="manufacturer:wikidata"><value>Q108485435</value></Data><Data name="operator"><value>San Francisco Police Department</value></Data><Data name="operator:wikidata"><value>Q1320247</value></Data><Data name="surveillance"><value>public</value></Data><Data name="surveillance:type"><value>ALPR</value></Data><Data name="surveillance:zone"><value>traffic</value></Data></ExtendedData><Point><coordinates>-122.3985878,37.7766014</coordinates></Point></Placemark><Placemark><ExtendedData><Data name="@id"><value>node/11911033542</value></Data><Data name="camera:mount"><value>pole</value></Data><Data name="camera:type"><value>fixed</value></Data><Data name="direction"><value>205</value></Data><Data name="man_made"><value>surveillance</value></Data><Data name="manufacturer"><value>Flock Safety</value></Data><Data name="manufacturer:wikidata"><value>Q108485435</value></Data><Data name="operator"><value>San Francisco Police Department</value></Data><Data name="operator:wikidata"><value>Q1320247</value></Data><Data name="surveillance"><value>public</value></Data><Data name="surveillance:type"><value>ALPR</value></Data><Data name="surveillance:zone"><value>traffic</value></Data></ExtendedData><Point><coordinates>-122.3989822,37.7765469</coordinates></Point></Placemark><Placemark><ExtendedData><Data name="@id"><value>node/11925965768</value></Data><Data name="camera:mount"><value>pole</value></Data><Data name="camera:type"><value>fixed</value></Data><Data name="direction"><value>85</value></Data><Data name="man_made"><value>surveillance</value></Data><Data name="manufacturer"><value>Flock Safety</value></Data><Data name="manufacturer:wikidata"><value>Q108485435</value></Data><Data name="operator"><value>San Francisco Police Department</value></Data><Data name="operator:wikidata"><value>Q1320247</value></Data><Data name="surveillance"><value>public</value></Data><Data name="surveillance:type"><value>ALPR</value></Data><Data name="surveillance:zone"><value>traffic</value></Data></ExtendedData><Point><coordinates>-122.4048142,37.7745026</coordinates></Point></Placemark><Placemark><ExtendedData><Data name="@id"><value>node/11925983469</value></Data><Data name="camera:mount"><value>pole</value></Data><Data name="camera:type"><value>fixed</value></Data><Data name="direction"><value>290</value></Data><Data name="man_made"><value>surveillance</value></Data><Data name="manufacturer"><value>Flock Safety</value></Data><Data name="manufacturer:wikidata"><value>Q108485435</value></Data><Data name="operator"><value>San Francisco Police Department</value></Data><Data name="operator:wikidata"><value>Q1320247</value></Data><Data name="surveillance"><value>public</value></Data><Data name="surveillance:type"><value>ALPR</value></Data><Data name="surveillance:zone"><value>traffic</value></Data></ExtendedData><Point><coordinates>-122.4010293,37.774971</coordinates></Point></Placemark><Placemark><ExtendedData><Data name="@id"><value>node/11943429347</value></Data><Data name="brand"><value>Flock Safety</value></Data><Data name="brand:wikidata"><value>Q108485435</value></Data><Data name="camera:mount"><value>pole</value></Data><Data name="camera:type"><value>fixed</value></Data><Data name="direction"><value>346</value></Data><Data name="man_made"><value>surveillance</value></Data><Data name="operator"><value>San Francisco Police Department</value></Data><Data name="operator:wikidata"><value>Q1320247</value></Data><Data name="surveillance"><value>traffic</value></Data><Data name="surveillance:type"><value>ALPR</value></Data><Data name="surveillance:zone"><value>traffic</value></Data></ExtendedData><Point><coordinates>-122.4763365,37.7544077</coordinates></Point></Placemark><Placemark><ExtendedData><Data name="@id"><value>node/11943429348</value></Data><Data name="brand"><value>Flock Safety</value></Data><Data name="brand:wikidata"><value>Q108485435</value></Data><Data name="camera:mount"><value>pole</value></Data><Data name="camera:type"><value>fixed</value></Data><Data name="direction"><value>159</value></Data><Data name="man_made"><value>surveillance</value></Data><Data name="operator"><value>San Francisco Police Department</value></Data><Data name="operator:wikidata"><value>Q1320247</value></Data><Data name="surveillance"><value>traffic</value></Data><Data name="surveillance:type"><value>ALPR</value></Data><Data name="surveillance:zone"><value>traffic</value></Data></ExtendedData><Point><coordinates>-122.4765789,37.7541159</coordinates></Point></Placemark><Placemark><ExtendedData><Data name="@id"><value>node/11943429356</value></Data><Data name="camera:direction"><value>156</value></Data><Data name="camera:mount"><value>wall</value></Data><Data name="camera:type"><value>fixed</value></Data><Data name="man_made"><value>surveillance</value></Data><Data name="surveillance"><value>public</value></Data><Data name="surveillance:type"><value>camera</value></Data></ExtendedData><Point><coordinates>-122.5060537,37.7601617</coordinates></Point></Placemark><Placemark><ExtendedData><Data name="@id"><value>node/11943429357</value></Data><Data name="camera:direction"><value>24</value></Data><Data name="camera:mount"><value>wall</value></Data><Data name="camera:type"><value>fixed</value></Data><Data name="man_made"><value>surveillance</value></Data><Data name="surveillance"><value>public</value></Data><Data name="surveillance:type"><value>camera</value></Data></ExtendedData><Point><coordinates>-122.5060561,37.7601762</coordinates></Point></Placemark><Placemark><ExtendedData><Data name="@id"><value>node/11943429358</value></Data><Data name="camera:direction"><value>152</value></Data><Data name="camera:mount"><value>wall</value></Data><Data name="camera:type"><value>fixed</value></Data><Data name="man_made"><value>surveillance</value></Data><Data name="surveillance"><value>public</value></Data><Data name="surveillance:type"><value>camera</value></Data></ExtendedData><Point><coordinates>-122.5060608,37.7602892</coordinates></Point></Placemark><Placemark><ExtendedData><Data name="@id"><value>node/11974401130</value></Data><Data name="camera:mount"><value>pole</value></Data><Data name="camera:type"><value>fixed</value></Data><Data name="direction"><value>50</value></Data><Data name="man_made"><value>surveillance</value></Data><Data name="manufacturer"><value>Flock Safety</value></Data><Data name="manufacturer:wikidata"><value>Q108485435</value></Data><Data name="operator"><value>San Francisco Police Department</value></Data><Data name="operator:wikidata"><value>Q1320247</value></Data><Data name="surveillance"><value>public</value></Data><Data name="surveillance:type"><value>ALPR</value></Data><Data name="surveillance:zone"><value>traffic</value></Data></ExtendedData><Point><coordinates>-122.4250223,37.8050504</coordinates></Point></Placemark><Placemark><ExtendedData><Data name="@id"><value>node/11974401131</value></Data><Data name="camera:mount"><value>pole</value></Data><Data name="camera:type"><value>fixed</value></Data><Data name="direction"><value>320</value></Data><Data name="man_made"><value>surveillance</value></Data><Data name="manufacturer"><value>Flock Safety</value></Data><Data name="manufacturer:wikidata"><value>Q108485435</value></Data><Data name="operator"><value>San Francisco Police Department</value></Data><Data name="operator:wikidata"><value>Q1320247</value></Data><Data name="surveillance"><value>public</value></Data><Data name="surveillance:type"><value>ALPR</value></Data><Data name="surveillance:zone"><value>traffic</value></Data></ExtendedData><Point><coordinates>-122.4250315,37.8045031</coordinates></Point></Placemark><Placemark><ExtendedData><Data name="@id"><value>node/11974401133</value></Data><Data name="camera:mount"><value>pole</value></Data><Data name="camera:type"><value>fixed</value></Data><Data name="direction"><value>240</value></Data><Data name="man_made"><value>surveillance</value></Data><Data name="manufacturer"><value>Flock Safety</value></Data><Data name="manufacturer:wikidata"><value>Q108485435</value></Data><Data name="operator"><value>San Francisco Police Department</value></Data><Data name="operator:wikidata"><value>Q1320247</value></Data><Data name="surveillance"><value>public</value></Data><Data name="surveillance:type"><value>ALPR</value></Data><Data name="surveillance:zone"><value>traffic</value></Data></ExtendedData><Point><coordinates>-122.4215143,37.8056675</coordinates></Point></Placemark><Placemark><ExtendedData><Data name="@id"><value>node/11976799861</value></Data><Data name="camera:mount"><value>pole</value></Data><Data name="camera:type"><value>fixed</value></Data><Data name="direction"><value>30</value></Data><Data name="man_made"><value>surveillance</value></Data><Data name="manufacturer"><value>Flock Safety</value></Data><Data name="manufacturer:wikidata"><value>Q108485435</value></Data><Data name="operator"><value>San Francisco Police Department</value></Data><Data name="operator:wikidata"><value>Q1320247</value></Data><Data name="surveillance"><value>public</value></Data><Data name="surveillance:type"><value>ALPR</value></Data><Data name="surveillance:zone"><value>traffic</value></Data></ExtendedData><Point><coordinates>-122.3915198,37.7780759</coordinates></Point></Placemark><Placemark><ExtendedData><Data name="@id"><value>node/11976799863</value></Data><Data name="brand"><value>Flock Safety</value></Data><Data name="brand:wikidata"><value>Q108485435</value></Data><Data name="camera:mount"><value>pole</value></Data><Data name="camera:type"><value>fixed</value></Data><Data name="direction"><value>246</value></Data><Data name="man_made"><value>surveillance</value></Data><Data name="operator"><value>San Francisco Police Department</value></Data><Data name="operator:wikidata"><value>Q1320247</value></Data><Data name="surveillance"><value>traffic</value></Data><Data name="surveillance:type"><value>ALPR</value></Data><Data name="surveillance:zone"><value>traffic</value></Data></ExtendedData><Point><coordinates>-122.3913406,37.7668893</coordinates></Point></Placemark><Placemark><ExtendedData><Data name="@id"><value>node/11976799864</value></Data><Data name="camera:direction"><value>13</value></Data><Data name="camera:mount"><value>pole</value></Data><Data name="camera:type"><value>fixed</value></Data><Data name="man_made"><value>surveillance</value></Data><Data name="surveillance"><value>public</value></Data><Data name="surveillance:type"><value>camera</value></Data></ExtendedData><Point><coordinates>-122.3909984,37.7667005</coordinates></Point></Placemark><Placemark><ExtendedData><Data name="@id"><value>node/11976847177</value></Data><Data name="camera:direction"><value>19</value></Data><Data name="camera:mount"><value>wall</value></Data><Data name="camera:type"><value>fixed</value></Data><Data name="man_made"><value>surveillance</value></Data><Data name="surveillance:type"><value>camera</value></Data></ExtendedData><Point><coordinates>-122.3873342,37.7759064</coordinates></Point></Placemark><Placemark><ExtendedData><Data name="@id"><value>node/11976847197</value></Data><Data name="camera:direction"><value>175</value></Data><Data name="camera:mount"><value>pole</value></Data><Data name="camera:type"><value>fixed</value></Data><Data name="man_made"><value>surveillance</value></Data><Data name="surveillance:type"><value>camera</value></Data></ExtendedData><Point><coordinates>-122.3890163,37.7754657</coordinates></Point></Placemark><Placemark><ExtendedData><Data name="@id"><value>node/11976847211</value></Data><Data name="camera:direction"><value>177</value></Data><Data name="camera:mount"><value>pole</value></Data><Data name="camera:type"><value>fixed</value></Data><Data name="man_made"><value>surveillance</value></Data><Data name="surveillance:type"><value>camera</value></Data></ExtendedData><Point><coordinates>-122.3881497,37.7755126</coordinates></Point></Placemark><Placemark><ExtendedData><Data name="@id"><value>node/11982126197</value></Data><Data name="camera:mount"><value>pole</value></Data><Data name="camera:type"><value>fixed</value></Data><Data name="direction"><value>340</value></Data><Data name="man_made"><value>surveillance</value></Data><Data name="manufacturer"><value>Flock Safety</value></Data><Data name="manufacturer:wikidata"><value>Q108485435</value></Data><Data name="operator"><value>San Francisco Police Department</value></Data><Data name="operator:wikidata"><value>Q1320247</value></Data><Data name="surveillance"><value>public</value></Data><Data name="surveillance:type"><value>ALPR</value></Data><Data name="surveillance:zone"><value>traffic</value></Data></ExtendedData><Point><coordinates>-122.3922513,37.7643409</coordinates></Point></Placemark><Placemark><ExtendedData><Data name="@id"><value>node/11984257157</value></Data><Data name="camera:direction"><value>284</value></Data><Data name="camera:mount"><value>wall</value></Data><Data name="camera:type"><value>fixed</value></Data><Data name="man_made"><value>surveillance</value></Data><Data name="surveillance"><value>public</value></Data><Data name="surveillance:type"><value>camera</value></Data></ExtendedData><Point><coordinates>-122.3961029,37.7799853</coordinates></Point></Placemark><Placemark><ExtendedData><Data name="@id"><value>node/11984257158</value></Data><Data name="camera:direction"><value>226</value></Data><Data name="camera:mount"><value>wall</value></Data><Data name="camera:type"><value>fixed</value></Data><Data name="man_made"><value>surveillance</value></Data><Data name="surveillance"><value>public</value></Data><Data name="surveillance:type"><value>camera</value></Data></ExtendedData><Point><coordinates>-122.3963493,37.7801841</coordinates></Point></Placemark><Placemark><ExtendedData><Data name="@id"><value>node/11984257160</value></Data><Data name="camera:direction"><value>226</value></Data><Data name="camera:mount"><value>wall</value></Data><Data name="camera:type"><value>fixed</value></Data><Data name="man_made"><value>surveillance</value></Data><Data name="surveillance"><value>public</value></Data><Data name="surveillance:type"><value>camera</value></Data></ExtendedData><Point><coordinates>-122.3964633,37.7802618</coordinates></Point></Placemark><Placemark><ExtendedData><Data name="@id"><value>node/11984257161</value></Data><Data name="camera:direction"><value>225</value></Data><Data name="camera:mount"><value>wall</value></Data><Data name="camera:type"><value>fixed</value></Data><Data name="man_made"><value>surveillance</value></Data><Data name="surveillance"><value>public</value></Data><Data name="surveillance:type"><value>camera</value></Data><Data name="surveillance:zone"><value>entrance</value></Data></ExtendedData><Point><coordinates>-122.396671,37.7804264</coordinates></Point></Placemark><Placemark><ExtendedData><Data name="@id"><value>node/11984257162</value></Data><Data name="camera:direction"><value>313</value></Data><Data name="camera:mount"><value>wall</value></Data><Data name="camera:type"><value>fixed</value></Data><Data name="man_made"><value>surveillance</value></Data><Data name="surveillance"><value>public</value></Data><Data name="surveillance:type"><value>camera</value></Data></ExtendedData><Point><coordinates>-122.3967305,37.7804944</coordinates></Point></Placemark><Placemark><ExtendedData><Data name="@id"><value>node/11984257163</value></Data><Data name="camera:direction"><value>80</value></Data><Data name="camera:mount"><value>wall</value></Data><Data name="camera:type"><value>panning</value></Data><Data name="man_made"><value>surveillance</value></Data><Data name="surveillance"><value>public</value></Data><Data name="surveillance:type"><value>camera</value></Data><Data name="surveillance:zone"><value>entrance;street</value></Data></ExtendedData><Point><coordinates>-122.3969103,37.7806598</coordinates></Point></Placemark><Placemark><ExtendedData><Data name="@id"><value>node/11984257164</value></Data><Data name="camera:direction"><value>310</value></Data><Data name="camera:mount"><value>wall</value></Data><Data name="camera:type"><value>fixed</value></Data><Data name="man_made"><value>surveillance</value></Data><Data name="surveillance"><value>public</value></Data><Data name="surveillance:type"><value>camera</value></Data></ExtendedData><Point><coordinates>-122.3965634,37.7806279</coordinates></Point></Placemark><Placemark><ExtendedData><Data name="@id"><value>node/11984257165</value></Data><Data name="camera:direction"><value>253</value></Data><Data name="camera:mount"><value>wall</value></Data><Data name="camera:type"><value>fixed</value></Data><Data name="man_made"><value>surveillance</value></Data><Data name="surveillance"><value>public</value></Data><Data name="surveillance:type"><value>camera</value></Data></ExtendedData><Point><coordinates>-122.3964935,37.7806827</coordinates></Point></Placemark><Placemark><ExtendedData><Data name="@id"><value>node/11984257166</value></Data><Data name="camera:direction"><value>9</value></Data><Data name="camera:mount"><value>wall</value></Data><Data name="camera:type"><value>fixed</value></Data><Data name="man_made"><value>surveillance</value></Data><Data name="surveillance"><value>public</value></Data><Data name="surveillance:type"><value>camera</value></Data></ExtendedData><Point><coordinates>-122.3965453,37.7806438</coordinates></Point></Placemark><Placemark><ExtendedData><Data name="@id"><value>node/11984257167</value></Data><Data name="camera:direction"><value>115</value></Data><Data name="camera:mount"><value>wall</value></Data><Data name="camera:type"><value>fixed</value></Data><Data name="man_made"><value>surveillance</value></Data><Data name="surveillance"><value>public</value></Data><Data name="surveillance:type"><value>camera</value></Data></ExtendedData><Point><coordinates>-122.3967154,37.7808189</coordinates></Point></Placemark><Placemark><ExtendedData><Data name="@id"><value>node/11984289370</value></Data><Data name="camera:direction"><value>83</value></Data><Data name="camera:mount"><value>wall</value></Data><Data name="camera:type"><value>fixed</value></Data><Data name="man_made"><value>surveillance</value></Data><Data name="surveillance"><value>public</value></Data><Data name="surveillance:type"><value>camera</value></Data></ExtendedData><Point><coordinates>-122.396598,37.7809085</coordinates></Point></Placemark><Placemark><ExtendedData><Data name="@id"><value>node/11984289371</value></Data><Data name="camera:direction"><value>189</value></Data><Data name="camera:mount"><value>wall</value></Data><Data name="camera:type"><value>fixed</value></Data><Data name="man_made"><value>surveillance</value></Data><Data name="surveillance"><value>public</value></Data><Data name="surveillance:type"><value>camera</value></Data></ExtendedData><Point><coordinates>-122.3965145,37.7809788</coordinates></Point></Placemark><Placemark><ExtendedData><Data name="@id"><value>node/11984289372</value></Data><Data name="camera:direction"><value>224</value></Data><Data name="camera:mount"><value>wall</value></Data><Data name="camera:type"><value>fixed</value></Data><Data name="man_made"><value>surveillance</value></Data><Data name="surveillance:type"><value>camera</value></Data></ExtendedData><Point><coordinates>-122.4042469,37.7857842</coordinates></Point></Placemark><Placemark><ExtendedData><Data name="@id"><value>node/11984289375</value></Data><Data name="camera:direction"><value>310</value></Data><Data name="camera:mount"><value>wall</value></Data><Data name="camera:type"><value>fixed</value></Data><Data name="man_made"><value>surveillance</value></Data><Data name="surveillance"><value>public</value></Data><Data name="surveillance:type"><value>camera</value></Data></ExtendedData><Point><coordinates>-122.3967493,37.7829226</coordinates></Point></Placemark><Placemark><ExtendedData><Data name="@id"><value>node/11984289376</value></Data><Data name="camera:direction"><value>282</value></Data><Data name="camera:mount"><value>wall</value></Data><Data name="camera:type"><value>fixed</value></Data><Data name="man_made"><value>surveillance</value></Data><Data name="surveillance"><value>public</value></Data><Data name="surveillance:type"><value>camera</value></Data></ExtendedData><Point><coordinates>-122.3967679,37.7839218</coordinates></Point></Placemark><Placemark><ExtendedData><Data name="@id"><value>node/11984289379</value></Data><Data name="camera:direction"><value>89</value></Data><Data name="camera:mount"><value>wall</value></Data><Data name="camera:type"><value>fixed</value></Data><Data name="man_made"><value>surveillance</value></Data><Data name="surveillance"><value>public</value></Data><Data name="surveillance:type"><value>camera</value></Data></ExtendedData><Point><coordinates>-122.3972784,37.784122</coordinates></Point></Placemark><Placemark><ExtendedData><Data name="@id"><value>node/11984289382</value></Data><Data name="camera:mount"><value>pole</value></Data><Data name="camera:type"><value>fixed</value></Data><Data name="direction"><value>208</value></Data><Data name="man_made"><value>surveillance</value></Data><Data name="manufacturer"><value>Flock Safety</value></Data><Data name="manufacturer:wikidata"><value>Q108485435</value></Data><Data name="operator"><value>San Francisco Police Department</value></Data><Data name="operator:wikidata"><value>Q1320247</value></Data><Data name="surveillance"><value>public</value></Data><Data name="surveillance:type"><value>ALPR</value></Data><Data name="surveillance:zone"><value>traffic</value></Data></ExtendedData><Point><coordinates>-122.4022111,37.7837988</coordinates></Point></Placemark><Placemark><ExtendedData><Data name="@id"><value>node/11984289383</value></Data><Data name="camera:mount"><value>pole</value></Data><Data name="camera:type"><value>fixed</value></Data><Data name="direction"><value>239</value></Data><Data name="man_made"><value>surveillance</value></Data><Data name="manufacturer"><value>Flock Safety</value></Data><Data name="manufacturer:wikidata"><value>Q108485435</value></Data><Data name="operator"><value>San Francisco Police Department</value></Data><Data name="operator:wikidata"><value>Q1320247</value></Data><Data name="surveillance"><value>public</value></Data><Data name="surveillance:type"><value>ALPR</value></Data><Data name="surveillance:zone"><value>traffic</value></Data></ExtendedData><Point><coordinates>-122.4020331,37.78369</coordinates></Point></Placemark><Placemark><ExtendedData><Data name="@id"><value>node/11984289385</value></Data><Data name="camera:direction"><value>139</value></Data><Data name="camera:mount"><value>wall</value></Data><Data name="camera:type"><value>fixed</value></Data><Data name="man_made"><value>surveillance</value></Data><Data name="surveillance:type"><value>camera</value></Data></ExtendedData><Point><coordinates>-122.4051974,37.7853942</coordinates></Point></Placemark><Placemark><ExtendedData><Data name="@id"><value>node/11984289400</value></Data><Data name="camera:direction"><value>324</value></Data><Data name="camera:mount"><value>wall</value></Data><Data name="camera:type"><value>fixed</value></Data><Data name="man_made"><value>surveillance</value></Data><Data name="surveillance:type"><value>camera</value></Data></ExtendedData><Point><coordinates>-122.4013001,37.7854539</coordinates></Point></Placemark><Placemark><ExtendedData><Data name="@id"><value>node/11984289420</value></Data><Data name="camera:mount"><value>pole</value></Data><Data name="camera:type"><value>fixed</value></Data><Data name="direction"><value>330</value></Data><Data name="man_made"><value>surveillance</value></Data><Data name="manufacturer"><value>Flock Safety</value></Data><Data name="manufacturer:wikidata"><value>Q108485435</value></Data><Data name="operator"><value>San Francisco Police Department</value></Data><Data name="operator:wikidata"><value>Q1320247</value></Data><Data name="surveillance"><value>public</value></Data><Data name="surveillance:type"><value>ALPR</value></Data><Data name="surveillance:zone"><value>traffic</value></Data></ExtendedData><Point><coordinates>-122.3994223,37.7840268</coordinates></Point></Placemark><Placemark><ExtendedData><Data name="@id"><value>node/11984289423</value></Data><Data name="camera:direction"><value>313</value></Data><Data name="camera:mount"><value>wall</value></Data><Data name="camera:type"><value>fixed</value></Data><Data name="man_made"><value>surveillance</value></Data><Data name="surveillance"><value>public</value></Data><Data name="surveillance:type"><value>camera</value></Data></ExtendedData><Point><coordinates>-122.3961348,37.779446</coordinates></Point></Placemark><Placemark><ExtendedData><Data name="@id"><value>node/11986480195</value></Data><Data name="camera:direction"><value>45</value></Data><Data name="camera:mount"><value>pole</value></Data><Data name="camera:type"><value>fixed</value></Data><Data name="man_made"><value>surveillance</value></Data><Data name="surveillance"><value>outdoor</value></Data><Data name="surveillance:type"><value>camera</value></Data></ExtendedData><Point><coordinates>-122.3965308,37.7747542</coordinates></Point></Placemark><Placemark><ExtendedData><Data name="@id"><value>node/11986480196</value></Data><Data name="camera:direction"><value>228</value></Data><Data name="camera:mount"><value>pole</value></Data><Data name="camera:type"><value>fixed</value></Data><Data name="man_made"><value>surveillance</value></Data><Data name="surveillance"><value>outdoor</value></Data><Data name="surveillance:type"><value>camera</value></Data></ExtendedData><Point><coordinates>-122.3965407,37.7747425</coordinates></Point></Placemark><Placemark><ExtendedData><Data name="@id"><value>node/11986480197</value></Data><Data name="camera:direction"><value>207</value></Data><Data name="camera:mount"><value>ceiling</value></Data><Data name="camera:type"><value>fixed</value></Data><Data name="man_made"><value>surveillance</value></Data><Data name="surveillance"><value>outdoor</value></Data><Data name="surveillance:type"><value>camera</value></Data></ExtendedData><Point><coordinates>-122.3946628,37.7762396</coordinates></Point></Placemark><Placemark><ExtendedData><Data name="@id"><value>node/11986480198</value></Data><Data name="camera:direction"><value>247</value></Data><Data name="camera:mount"><value>ceiling</value></Data><Data name="camera:type"><value>fixed</value></Data><Data name="man_made"><value>surveillance</value></Data><Data name="surveillance"><value>outdoor</value></Data><Data name="surveillance:type"><value>camera</value></Data></ExtendedData><Point><coordinates>-122.3946442,37.7762222</coordinates></Point></Placemark><Placemark><ExtendedData><Data name="@id"><value>node/11986480199</value></Data><Data name="camera:direction"><value>256</value></Data><Data name="camera:mount"><value>ceiling</value></Data><Data name="camera:type"><value>fixed</value></Data><Data name="man_made"><value>surveillance</value></Data><Data name="surveillance"><value>outdoor</value></Data><Data name="surveillance:type"><value>camera</value></Data></ExtendedData><Point><coordinates>-122.3947355,37.7762997</coordinates></Point></Placemark><Placemark><ExtendedData><Data name="@id"><value>node/11986480200</value></Data><Data name="camera:direction"><value>199</value></Data><Data name="camera:mount"><value>ceiling</value></Data><Data name="camera:type"><value>fixed</value></Data><Data name="man_made"><value>surveillance</value></Data><Data name="surveillance"><value>outdoor</value></Data><Data name="surveillance:type"><value>camera</value></Data></ExtendedData><Point><coordinates>-122.3947552,37.776317</coordinates></Point></Placemark><Placemark><ExtendedData><Data name="@id"><value>node/11986480201</value></Data><Data name="camera:direction"><value>125</value></Data><Data name="camera:mount"><value>wall</value></Data><Data name="camera:type"><value>fixed</value></Data><Data name="man_made"><value>surveillance</value></Data><Data name="surveillance"><value>indoor</value></Data><Data name="surveillance:type"><value>camera</value></Data></ExtendedData><Point><coordinates>-122.3951471,37.7766771</coordinates></Point></Placemark><Placemark><ExtendedData><Data name="@id"><value>node/11986480202</value></Data><Data name="camera:direction"><value>50</value></Data><Data name="camera:mount"><value>wall</value></Data><Data name="camera:type"><value>fixed</value></Data><Data name="man_made"><value>surveillance</value></Data><Data name="surveillance"><value>indoor</value></Data><Data name="surveillance:type"><value>camera</value></Data></ExtendedData><Point><coordinates>-122.3951471,37.7766562</coordinates></Point></Placemark><Placemark><ExtendedData><Data name="@id"><value>node/11986480203</value></Data><Data name="camera:direction"><value>42</value></Data><Data name="camera:mount"><value>wall</value></Data><Data name="camera:type"><value>fixed</value></Data><Data name="man_made"><value>surveillance</value></Data><Data name="surveillance"><value>indoor</value></Data><Data name="surveillance:type"><value>camera</value></Data></ExtendedData><Point><coordinates>-122.3949607,37.7765035</coordinates></Point></Placemark><Placemark><ExtendedData><Data name="@id"><value>node/11986480204</value></Data><Data name="camera:direction"><value>44</value></Data><Data name="camera:mount"><value>wall</value></Data><Data name="camera:type"><value>fixed</value></Data><Data name="man_made"><value>surveillance</value></Data><Data name="surveillance"><value>indoor</value></Data><Data name="surveillance:type"><value>camera</value></Data></ExtendedData><Point><coordinates>-122.3949258,37.7764701</coordinates></Point></Placemark><Placemark><ExtendedData><Data name="@id"><value>node/11986480205</value></Data><Data name="camera:direction"><value>44</value></Data><Data name="camera:mount"><value>wall</value></Data><Data name="camera:type"><value>fixed</value></Data><Data name="man_made"><value>surveillance</value></Data><Data name="surveillance"><value>indoor</value></Data><Data name="surveillance:type"><value>camera</value></Data></ExtendedData><Point><coordinates>-122.3948712,37.7764318</coordinates></Point></Placemark><Placemark><ExtendedData><Data name="@id"><value>node/11986480206</value></Data><Data name="camera:direction"><value>45</value></Data><Data name="camera:mount"><value>wall</value></Data><Data name="camera:type"><value>fixed</value></Data><Data name="man_made"><value>surveillance</value></Data><Data name="surveillance"><value>indoor</value></Data><Data name="surveillance:type"><value>camera</value></Data></ExtendedData><Point><coordinates>-122.3947963,37.7763713</coordinates></Point></Placemark><Placemark><ExtendedData><Data name="@id"><value>node/11997740470</value></Data><Data name="camera:direction"><value>202</value></Data><Data name="camera:mount"><value>post</value></Data><Data name="camera:type"><value>fixed</value></Data><Data name="man_made"><value>surveillance</value></Data><Data name="surveillance"><value>public</value></Data><Data name="surveillance:type"><value>camera</value></Data><Data name="surveillance:zone"><value>park</value></Data></ExtendedData><Point><coordinates>-122.4289515,37.7513011</coordinates></Point></Placemark><Placemark><ExtendedData><Data name="@id"><value>node/12001925652</value></Data><Data name="camera:direction"><value>257</value></Data><Data name="camera:mount"><value>wall</value></Data><Data name="camera:type"><value>fixed</value></Data><Data name="man_made"><value>surveillance</value></Data><Data name="surveillance"><value>public</value></Data><Data name="surveillance:type"><value>camera</value></Data></ExtendedData><Point><coordinates>-122.392244,37.7943724</coordinates></Point></Placemark><Placemark><ExtendedData><Data name="@id"><value>node/12001925659</value></Data><Data name="camera:direction"><value>324</value></Data><Data name="camera:mount"><value>ceiling</value></Data><Data name="camera:type"><value>fixed</value></Data><Data name="man_made"><value>surveillance</value></Data><Data name="surveillance"><value>outdoor</value></Data><Data name="surveillance:type"><value>camera</value></Data></ExtendedData><Point><coordinates>-122.3936079,37.7960989</coordinates></Point></Placemark><Placemark><ExtendedData><Data name="@id"><value>node/12001925660</value></Data><Data name="camera:direction"><value>145</value></Data><Data name="camera:mount"><value>ceiling</value></Data><Data name="camera:type"><value>fixed</value></Data><Data name="man_made"><value>surveillance</value></Data><Data name="surveillance"><value>outdoor</value></Data><Data name="surveillance:type"><value>camera</value></Data></ExtendedData><Point><coordinates>-122.393639,37.7961367</coordinates></Point></Placemark><Placemark><ExtendedData><Data name="@id"><value>node/12001976880</value></Data><Data name="camera:direction"><value>294</value></Data><Data name="camera:mount"><value>wall</value></Data><Data name="camera:type"><value>fixed</value></Data><Data name="man_made"><value>surveillance</value></Data><Data name="surveillance"><value>public</value></Data><Data name="surveillance:type"><value>camera</value></Data></ExtendedData><Point><coordinates>-122.394452,37.7803529</coordinates></Point></Placemark><Placemark><ExtendedData><Data name="@id"><value>node/12001976881</value></Data><Data name="camera:direction"><value>159</value></Data><Data name="camera:mount"><value>wall</value></Data><Data name="camera:type"><value>fixed</value></Data><Data name="man_made"><value>surveillance</value></Data><Data name="surveillance"><value>public</value></Data><Data name="surveillance:type"><value>camera</value></Data></ExtendedData><Point><coordinates>-122.3944475,37.7803458</coordinates></Point></Placemark><Placemark><ExtendedData><Data name="@id"><value>node/12001976884</value></Data><Data name="camera:direction"><value>226</value></Data><Data name="camera:mount"><value>wall</value></Data><Data name="camera:type"><value>fixed</value></Data><Data name="man_made"><value>surveillance</value></Data><Data name="surveillance"><value>outdoor</value></Data><Data name="surveillance:type"><value>camera</value></Data><Data name="surveillance:zone"><value>parking</value></Data></ExtendedData><Point><coordinates>-122.3935514,37.7801699</coordinates></Point></Placemark><Placemark><ExtendedData><Data name="@id"><value>node/12001976885</value></Data><Data name="camera:direction"><value>159</value></Data><Data name="camera:mount"><value>wall</value></Data><Data name="camera:type"><value>fixed</value></Data><Data name="man_made"><value>surveillance</value></Data><Data name="surveillance"><value>outdoor</value></Data><Data name="surveillance:type"><value>camera</value></Data></ExtendedData><Point><coordinates>-122.3937509,37.7803335</coordinates></Point></Placemark><Placemark><ExtendedData><Data name="@id"><value>node/12001976890</value></Data><Data name="camera:direction"><value>232</value></Data><Data name="camera:mount"><value>wall</value></Data><Data name="camera:type"><value>fixed</value></Data><Data name="man_made"><value>surveillance</value></Data><Data name="surveillance"><value>public</value></Data><Data name="surveillance:type"><value>camera</value></Data></ExtendedData><Point><coordinates>-122.3935529,37.7805433</coordinates></Point></Placemark><Placemark><ExtendedData><Data name="@id"><value>node/12001976891</value></Data><Data name="camera:direction"><value>122</value></Data><Data name="camera:mount"><value>wall</value></Data><Data name="camera:type"><value>fixed</value></Data><Data name="man_made"><value>surveillance</value></Data><Data name="surveillance"><value>public</value></Data><Data name="surveillance:type"><value>camera</value></Data></ExtendedData><Point><coordinates>-122.3935125,37.781139</coordinates></Point></Placemark><Placemark><ExtendedData><Data name="@id"><value>node/12001976895</value></Data><Data name="camera:direction"><value>184</value></Data><Data name="camera:mount"><value>wall</value></Data><Data name="camera:type"><value>fixed</value></Data><Data name="man_made"><value>surveillance</value></Data><Data name="surveillance"><value>public</value></Data><Data name="surveillance:type"><value>camera</value></Data></ExtendedData><Point><coordinates>-122.3935208,37.7813125</coordinates></Point></Placemark><Placemark><ExtendedData><Data name="@id"><value>node/12001976927</value></Data><Data name="camera:direction"><value>182</value></Data><Data name="camera:mount"><value>pole</value></Data><Data name="camera:type"><value>fixed</value></Data><Data name="man_made"><value>surveillance</value></Data><Data name="surveillance"><value>public</value></Data><Data name="surveillance:type"><value>camera</value></Data></ExtendedData><Point><coordinates>-122.3880776,37.7869694</coordinates></Point></Placemark><Placemark><ExtendedData><Data name="@id"><value>node/12001976928</value></Data><Data name="camera:direction"><value>3</value></Data><Data name="camera:mount"><value>pole</value></Data><Data name="camera:type"><value>fixed</value></Data><Data name="man_made"><value>surveillance</value></Data><Data name="surveillance"><value>public</value></Data><Data name="surveillance:type"><value>camera</value></Data></ExtendedData><Point><coordinates>-122.3876857,37.7872182</coordinates></Point></Placemark><Placemark><ExtendedData><Data name="@id"><value>node/12001976946</value></Data><Data name="camera:direction"><value>128</value></Data><Data name="camera:mount"><value>wall</value></Data><Data name="camera:type"><value>fixed</value></Data><Data name="man_made"><value>surveillance</value></Data><Data name="surveillance"><value>public</value></Data><Data name="surveillance:type"><value>camera</value></Data></ExtendedData><Point><coordinates>-122.3894923,37.790009</coordinates></Point></Placemark><Placemark><ExtendedData><Data name="@id"><value>node/12008496243</value></Data><Data name="camera:direction"><value>170</value></Data><Data name="camera:mount"><value>wall</value></Data><Data name="camera:type"><value>fixed</value></Data><Data name="man_made"><value>surveillance</value></Data><Data name="surveillance"><value>public</value></Data><Data name="surveillance:type"><value>camera</value></Data></ExtendedData><Point><coordinates>-122.4048526,37.7780354</coordinates></Point></Placemark><Placemark><ExtendedData><Data name="@id"><value>node/12008496244</value></Data><Data name="camera:direction"><value>270</value></Data><Data name="camera:mount"><value>wall</value></Data><Data name="camera:type"><value>fixed</value></Data><Data name="man_made"><value>surveillance</value></Data><Data name="surveillance"><value>public</value></Data><Data name="surveillance:type"><value>camera</value></Data></ExtendedData><Point><coordinates>-122.4047667,37.7779797</coordinates></Point></Placemark><Placemark><ExtendedData><Data name="@id"><value>node/12023102939</value></Data><Data name="camera:mount"><value>pole</value></Data><Data name="camera:type"><value>fixed</value></Data><Data name="direction"><value>300</value></Data><Data name="man_made"><value>surveillance</value></Data><Data name="manufacturer"><value>Flock Safety</value></Data><Data name="manufacturer:wikidata"><value>Q108485435</value></Data><Data name="operator"><value>San Francisco Police Department</value></Data><Data name="operator:wikidata"><value>Q1320247</value></Data><Data name="surveillance"><value>public</value></Data><Data name="surveillance:type"><value>ALPR</value></Data><Data name="surveillance:zone"><value>traffic</value></Data></ExtendedData><Point><coordinates>-122.4172715,37.8053136</coordinates></Point></Placemark><Placemark><ExtendedData><Data name="@id"><value>node/12023102941</value></Data><Data name="camera:direction"><value>303</value></Data><Data name="camera:mount"><value>wall</value></Data><Data name="camera:type"><value>fixed</value></Data><Data name="man_made"><value>surveillance</value></Data><Data name="surveillance"><value>public</value></Data><Data name="surveillance:type"><value>camera</value></Data></ExtendedData><Point><coordinates>-122.4066703,37.7979876</coordinates></Point></Placemark><Placemark><ExtendedData><Data name="@id"><value>node/12023102943</value></Data><Data name="camera:mount"><value>pole</value></Data><Data name="camera:type"><value>fixed</value></Data><Data name="direction"><value>119</value></Data><Data name="man_made"><value>surveillance</value></Data><Data name="manufacturer"><value>Flock Safety</value></Data><Data name="manufacturer:wikidata"><value>Q108485435</value></Data><Data name="operator"><value>San Francisco Police Department</value></Data><Data name="operator:wikidata"><value>Q1320247</value></Data><Data name="surveillance"><value>public</value></Data><Data name="surveillance:type"><value>ALPR</value></Data><Data name="surveillance:zone"><value>traffic</value></Data></ExtendedData><Point><coordinates>-122.4069473,37.7979127</coordinates></Point></Placemark><Placemark><ExtendedData><Data name="@id"><value>node/12138287840</value></Data><Data name="camera:direction"><value>169</value></Data><Data name="camera:type"><value>dome</value></Data><Data name="man_made"><value>surveillance</value></Data><Data name="surveillance"><value>public</value></Data><Data name="surveillance:type"><value>camera</value></Data><Data name="surveillance:zone"><value>street</value></Data></ExtendedData><Point><coordinates>-122.4407113,37.7776191</coordinates></Point></Placemark><Placemark><ExtendedData><Data name="@id"><value>node/12152934857</value></Data><Data name="camera:direction"><value>226</value></Data><Data name="camera:mount"><value>pole</value></Data><Data name="camera:type"><value>fixed</value></Data><Data name="man_made"><value>surveillance</value></Data><Data name="surveillance"><value>public</value></Data><Data name="surveillance:type"><value>camera</value></Data></ExtendedData><Point><coordinates>-122.3921967,37.7749851</coordinates></Point></Placemark><Placemark><ExtendedData><Data name="@id"><value>node/12152934858</value></Data><Data name="camera:direction"><value>45</value></Data><Data name="camera:mount"><value>pole</value></Data><Data name="camera:type"><value>fixed</value></Data><Data name="man_made"><value>surveillance</value></Data><Data name="surveillance"><value>public</value></Data><Data name="surveillance:type"><value>camera</value></Data></ExtendedData><Point><coordinates>-122.3923452,37.774854</coordinates></Point></Placemark><Placemark><ExtendedData><Data name="@id"><value>node/12191923962</value></Data><Data name="camera:direction"><value>225</value></Data><Data name="camera:mount"><value>pole</value></Data><Data name="camera:type"><value>fixed</value></Data><Data name="image"><value>https://alpr.pictures/san-francisco/lincoln%20wbns%20merchant.jpg</value></Data><Data name="man_made"><value>surveillance</value></Data><Data name="manufacturer"><value>Pelco</value></Data><Data name="manufacturer:wikidata"><value>Q17143655</value></Data><Data name="surveillance"><value>public</value></Data><Data name="surveillance:type"><value>ALPR</value></Data><Data name="surveillance:zone"><value>traffic</value></Data></ExtendedData><Point><coordinates>-122.4741757,37.80658</coordinates></Point></Placemark><Placemark><ExtendedData><Data name="@id"><value>node/12191923963</value></Data><Data name="camera:direction"><value>60</value></Data><Data name="camera:mount"><value>pole</value></Data><Data name="camera:type"><value>fixed</value></Data><Data name="image"><value>https://alpr.pictures/san-francisco/lincoln%20ebfs%20merchant.jpg</value></Data><Data name="man_made"><value>surveillance</value></Data><Data name="manufacturer"><value>Pelco</value></Data><Data name="manufacturer:wikidata"><value>Q17143655</value></Data><Data name="surveillance"><value>public</value></Data><Data name="surveillance:type"><value>ALPR</value></Data><Data name="surveillance:zone"><value>traffic</value></Data></ExtendedData><Point><coordinates>-122.4749577,37.8060612</coordinates></Point></Placemark><Placemark><ExtendedData><Data name="@id"><value>node/12247231002</value></Data><Data name="camera:mount"><value>pole</value></Data><Data name="camera:type"><value>fixed</value></Data><Data name="direction"><value>120</value></Data><Data name="man_made"><value>surveillance</value></Data><Data name="manufacturer"><value>Flock Safety</value></Data><Data name="manufacturer:wikidata"><value>Q108485435</value></Data><Data name="operator"><value>San Francisco Police Department</value></Data><Data name="operator:wikidata"><value>Q1320247</value></Data><Data name="surveillance"><value>public</value></Data><Data name="surveillance:type"><value>ALPR</value></Data><Data name="surveillance:zone"><value>traffic</value></Data></ExtendedData><Point><coordinates>-122.3965103,37.7781717</coordinates></Point></Placemark><Placemark><ExtendedData><Data name="@id"><value>node/12256477756</value></Data><Data name="camera:direction"><value>267</value></Data><Data name="camera:type"><value>door</value></Data><Data name="level"><value>0</value></Data><Data name="man_made"><value>surveillance</value></Data><Data name="manufacturer"><value>ring</value></Data><Data name="manufacturer:wikidata"><value>Q5297222</value></Data><Data name="surveillance"><value>public</value></Data><Data name="surveillance:type"><value>camera</value></Data><Data name="surveillance:zone"><value>entrance</value></Data></ExtendedData><Point><coordinates>-122.4780737,37.7786249</coordinates></Point></Placemark><Placemark><ExtendedData><Data name="@id"><value>node/12256477757</value></Data><Data name="camera:direction"><value>266</value></Data><Data name="camera:mount"><value>wall</value></Data><Data name="camera:type"><value>door</value></Data><Data name="level"><value>1</value></Data><Data name="man_made"><value>surveillance</value></Data><Data name="surveillance"><value>public</value></Data><Data name="surveillance:type"><value>camera</value></Data><Data name="surveillance:zone"><value>entrance</value></Data></ExtendedData><Point><coordinates>-122.4780697,37.7786679</coordinates></Point></Placemark><Placemark><ExtendedData><Data name="@id"><value>node/12256477758</value></Data><Data name="camera:direction"><value>254</value></Data><Data name="camera:type"><value>fixed</value></Data><Data name="level"><value>1</value></Data><Data name="man_made"><value>surveillance</value></Data><Data name="surveillance"><value>public</value></Data><Data name="surveillance:type"><value>camera</value></Data><Data name="surveillance:zone"><value>entrance</value></Data></ExtendedData><Point><coordinates>-122.478065,37.778691</coordinates></Point></Placemark><Placemark><ExtendedData><Data name="@id"><value>node/12256477759</value></Data><Data name="camera:direction"><value>357</value></Data><Data name="camera:mount"><value>wall</value></Data><Data name="camera:type"><value>fixed</value></Data><Data name="level"><value>1</value></Data><Data name="man_made"><value>surveillance</value></Data><Data name="surveillance"><value>public</value></Data><Data name="surveillance:type"><value>camera</value></Data><Data name="surveillance:zone"><value>street</value></Data></ExtendedData><Point><coordinates>-122.4775894,37.7802482</coordinates></Point></Placemark><Placemark><ExtendedData><Data name="@id"><value>node/12256477760</value></Data><Data name="camera:direction"><value>318</value></Data><Data name="camera:mount"><value>ceiling</value></Data><Data name="camera:type"><value>fixed</value></Data><Data name="level"><value>1</value></Data><Data name="man_made"><value>surveillance</value></Data><Data name="surveillance"><value>indoor</value></Data><Data name="surveillance:type"><value>camera</value></Data><Data name="surveillance:zone"><value>entrance</value></Data></ExtendedData><Point><coordinates>-122.4775973,37.7802299</coordinates></Point></Placemark><Placemark><ExtendedData><Data name="@id"><value>node/12269476896</value></Data><Data name="camera:mount"><value>pole</value></Data><Data name="camera:type"><value>fixed</value></Data><Data name="direction"><value>301</value></Data><Data name="man_made"><value>surveillance</value></Data><Data name="manufacturer"><value>Genetec</value></Data><Data name="operator"><value>Impark</value></Data><Data name="operator:wikidata"><value>Q6006077</value></Data><Data name="surveillance"><value>outdoor</value></Data><Data name="surveillance:type"><value>ALPR</value></Data><Data name="surveillance:zone"><value>traffic</value></Data></ExtendedData><Point><coordinates>-122.3874032,37.7870395</coordinates></Point></Placemark><Placemark><ExtendedData><Data name="@id"><value>node/12313079564</value></Data><Data name="brand"><value>Flock Safety</value></Data><Data name="brand:wikidata"><value>Q108485435</value></Data><Data name="camera:mount"><value>pole</value></Data><Data name="camera:type"><value>fixed</value></Data><Data name="direction"><value>70</value></Data><Data name="man_made"><value>surveillance</value></Data><Data name="operator"><value>San Francisco Police Department</value></Data><Data name="operator:wikidata"><value>Q1320247</value></Data><Data name="surveillance"><value>public</value></Data><Data name="surveillance:type"><value>ALPR</value></Data><Data name="surveillance:zone"><value>traffic</value></Data></ExtendedData><Point><coordinates>-122.3970774,37.7496009</coordinates></Point></Placemark><Placemark><ExtendedData><Data name="@id"><value>node/12336505699</value></Data><Data name="brand"><value>Flock Safety</value></Data><Data name="brand:wikidata"><value>Q108485435</value></Data><Data name="camera:mount"><value>pole</value></Data><Data name="camera:type"><value>fixed</value></Data><Data name="direction"><value>150</value></Data><Data name="man_made"><value>surveillance</value></Data><Data name="operator"><value>San Francisco Police Department</value></Data><Data name="operator:wikidata"><value>Q1320247</value></Data><Data name="surveillance"><value>traffic</value></Data><Data name="surveillance:type"><value>ALPR</value></Data><Data name="surveillance:zone"><value>traffic</value></Data></ExtendedData><Point><coordinates>-122.4076597,37.7649945</coordinates></Point></Placemark><Placemark><ExtendedData><Data name="@id"><value>node/12336505700</value></Data><Data name="brand"><value>Flock Safety</value></Data><Data name="brand:wikidata"><value>Q108485435</value></Data><Data name="camera:mount"><value>pole</value></Data><Data name="camera:type"><value>fixed</value></Data><Data name="direction"><value>70</value></Data><Data name="man_made"><value>surveillance</value></Data><Data name="operator"><value>San Francisco Police Department</value></Data><Data name="operator:wikidata"><value>Q1320247</value></Data><Data name="surveillance"><value>traffic</value></Data><Data name="surveillance:type"><value>ALPR</value></Data><Data name="surveillance:zone"><value>traffic</value></Data></ExtendedData><Point><coordinates>-122.4094808,37.7655912</coordinates></Point></Placemark><Placemark><ExtendedData><Data name="@id"><value>node/12336515140</value></Data><Data name="brand"><value>Flock Safety</value></Data><Data name="brand:wikidata"><value>Q108485435</value></Data><Data name="camera:mount"><value>pole</value></Data><Data name="camera:type"><value>fixed</value></Data><Data name="direction"><value>150</value></Data><Data name="man_made"><value>surveillance</value></Data><Data name="operator"><value>San Francisco Police Department</value></Data><Data name="operator:wikidata"><value>Q1320247</value></Data><Data name="surveillance"><value>traffic</value></Data><Data name="surveillance:type"><value>ALPR</value></Data><Data name="surveillance:zone"><value>traffic</value></Data></ExtendedData><Point><coordinates>-122.4664019,37.7636661</coordinates></Point></Placemark><Placemark><ExtendedData><Data name="@id"><value>node/12336519291</value></Data><Data name="brand"><value>Flock Safety</value></Data><Data name="brand:wikidata"><value>Q108485435</value></Data><Data name="camera:mount"><value>pole</value></Data><Data name="camera:type"><value>fixed</value></Data><Data name="direction"><value>340</value></Data><Data name="man_made"><value>surveillance</value></Data><Data name="operator"><value>San Francisco Police Department</value></Data><Data name="operator:wikidata"><value>Q1320247</value></Data><Data name="surveillance"><value>traffic</value></Data><Data name="surveillance:type"><value>ALPR</value></Data><Data name="surveillance:zone"><value>traffic</value></Data></ExtendedData><Point><coordinates>-122.4746402,37.7268348</coordinates></Point></Placemark><Placemark><ExtendedData><Data name="@id"><value>node/12336533501</value></Data><Data name="brand"><value>Flock Safety</value></Data><Data name="brand:wikidata"><value>Q108485435</value></Data><Data name="camera:mount"><value>pole</value></Data><Data name="camera:type"><value>fixed</value></Data><Data name="direction"><value>250</value></Data><Data name="man_made"><value>surveillance</value></Data><Data name="operator"><value>San Francisco Police Department</value></Data><Data name="operator:wikidata"><value>Q1320247</value></Data><Data name="surveillance"><value>traffic</value></Data><Data name="surveillance:type"><value>ALPR</value></Data><Data name="surveillance:zone"><value>traffic</value></Data></ExtendedData><Point><coordinates>-122.3970642,37.7665156</coordinates></Point></Placemark><Placemark><ExtendedData><Data name="@id"><value>node/12336533503</value></Data><Data name="brand"><value>Flock Safety</value></Data><Data name="brand:wikidata"><value>Q108485435</value></Data><Data name="camera:mount"><value>pole</value></Data><Data name="camera:type"><value>fixed</value></Data><Data name="direction"><value>160</value></Data><Data name="man_made"><value>surveillance</value></Data><Data name="operator"><value>San Francisco Police Department</value></Data><Data name="operator:wikidata"><value>Q1320247</value></Data><Data name="surveillance"><value>traffic</value></Data><Data name="surveillance:type"><value>ALPR</value></Data><Data name="surveillance:zone"><value>traffic</value></Data></ExtendedData><Point><coordinates>-122.3950654,37.7663949</coordinates></Point></Placemark><Placemark><ExtendedData><Data name="@id"><value>node/12336533506</value></Data><Data name="camera:mount"><value>pole</value></Data><Data name="camera:type"><value>fixed</value></Data><Data name="direction"><value>70</value></Data><Data name="man_made"><value>surveillance</value></Data><Data name="manufacturer"><value>Flock Safety</value></Data><Data name="manufacturer:wikidata"><value>Q108485435</value></Data><Data name="operator"><value>San Francisco Police Department</value></Data><Data name="operator:wikidata"><value>Q1320247</value></Data><Data name="surveillance"><value>public</value></Data><Data name="surveillance:type"><value>ALPR</value></Data><Data name="surveillance:zone"><value>traffic</value></Data></ExtendedData><Point><coordinates>-122.417199,37.7651364</coordinates></Point></Placemark><Placemark><ExtendedData><Data name="@id"><value>node/12336533507</value></Data><Data name="brand"><value>Flock Safety</value></Data><Data name="brand:wikidata"><value>Q108485435</value></Data><Data name="camera:mount"><value>pole</value></Data><Data name="camera:type"><value>fixed</value></Data><Data name="direction"><value>70</value></Data><Data name="man_made"><value>surveillance</value></Data><Data name="operator"><value>San Francisco Police Department</value></Data><Data name="operator:wikidata"><value>Q1320247</value></Data><Data name="surveillance"><value>traffic</value></Data><Data name="surveillance:type"><value>ALPR</value></Data><Data name="surveillance:zone"><value>traffic</value></Data></ExtendedData><Point><coordinates>-122.386548,37.7669701</coordinates></Point></Placemark><Placemark><ExtendedData><Data name="@id"><value>node/12336533509</value></Data><Data name="brand"><value>Flock Safety</value></Data><Data name="brand:wikidata"><value>Q108485435</value></Data><Data name="camera:mount"><value>pole</value></Data><Data name="camera:type"><value>fixed</value></Data><Data name="direction"><value>250</value></Data><Data name="man_made"><value>surveillance</value></Data><Data name="operator"><value>San Francisco Police Department</value></Data><Data name="operator:wikidata"><value>Q1320247</value></Data><Data name="surveillance"><value>traffic</value></Data><Data name="surveillance:type"><value>ALPR</value></Data><Data name="surveillance:zone"><value>traffic</value></Data></ExtendedData><Point><coordinates>-122.3934911,37.7628506</coordinates></Point></Placemark><Placemark><ExtendedData><Data name="@id"><value>node/12336533510</value></Data><Data name="brand"><value>Flock Safety</value></Data><Data name="brand:wikidata"><value>Q108485435</value></Data><Data name="camera:mount"><value>pole</value></Data><Data name="camera:type"><value>fixed</value></Data><Data name="direction"><value>150</value></Data><Data name="man_made"><value>surveillance</value></Data><Data name="operator"><value>San Francisco Police Department</value></Data><Data name="operator:wikidata"><value>Q1320247</value></Data><Data name="surveillance"><value>traffic</value></Data><Data name="surveillance:type"><value>ALPR</value></Data><Data name="surveillance:zone"><value>traffic</value></Data></ExtendedData><Point><coordinates>-122.4361244,37.7997004</coordinates></Point></Placemark><Placemark><ExtendedData><Data name="@id"><value>node/12336615701</value></Data><Data name="brand"><value>Flock Safety</value></Data><Data name="brand:wikidata"><value>Q108485435</value></Data><Data name="camera:mount"><value>pole</value></Data><Data name="camera:type"><value>fixed</value></Data><Data name="direction"><value>220</value></Data><Data name="man_made"><value>surveillance</value></Data><Data name="operator"><value>San Francisco Police Department</value></Data><Data name="operator:wikidata"><value>Q1320247</value></Data><Data name="surveillance"><value>traffic</value></Data><Data name="surveillance:type"><value>ALPR</value></Data><Data name="surveillance:zone"><value>traffic</value></Data></ExtendedData><Point><coordinates>-122.435455,37.7626935</coordinates></Point></Placemark><Placemark><ExtendedData><Data name="@id"><value>node/12336658451</value></Data><Data name="brand"><value>Flock Safety</value></Data><Data name="brand:wikidata"><value>Q108485435</value></Data><Data name="camera:mount"><value>pole</value></Data><Data name="camera:type"><value>fixed</value></Data><Data name="direction"><value>250</value></Data><Data name="man_made"><value>surveillance</value></Data><Data name="operator"><value>San Francisco Police Department</value></Data><Data name="operator:wikidata"><value>Q1320247</value></Data><Data name="surveillance"><value>traffic</value></Data><Data name="surveillance:type"><value>ALPR</value></Data><Data name="surveillance:zone"><value>traffic</value></Data></ExtendedData><Point><coordinates>-122.4279239,37.7613863</coordinates></Point></Placemark><Placemark><ExtendedData><Data name="@id"><value>node/12338344312</value></Data><Data name="brand"><value>Flock Safety</value></Data><Data name="brand:wikidata"><value>Q108485435</value></Data><Data name="camera:mount"><value>pole</value></Data><Data name="camera:type"><value>fixed</value></Data><Data name="direction"><value>330</value></Data><Data name="man_made"><value>surveillance</value></Data><Data name="operator"><value>San Francisco Police Department</value></Data><Data name="operator:wikidata"><value>Q1320247</value></Data><Data name="surveillance"><value>traffic</value></Data><Data name="surveillance:type"><value>ALPR</value></Data><Data name="surveillance:zone"><value>traffic</value></Data></ExtendedData><Point><coordinates>-122.4074502,37.7659163</coordinates></Point></Placemark><Placemark><ExtendedData><Data name="@id"><value>node/12338344313</value></Data><Data name="brand"><value>Flock Safety</value></Data><Data name="brand:wikidata"><value>Q108485435</value></Data><Data name="camera:mount"><value>pole</value></Data><Data name="camera:type"><value>fixed</value></Data><Data name="direction"><value>245</value></Data><Data name="man_made"><value>surveillance</value></Data><Data name="operator"><value>San Francisco Police Department</value></Data><Data name="operator:wikidata"><value>Q1320247</value></Data><Data name="surveillance"><value>traffic</value></Data><Data name="surveillance:type"><value>ALPR</value></Data><Data name="surveillance:zone"><value>traffic</value></Data></ExtendedData><Point><coordinates>-122.4221741,37.7649901</coordinates></Point></Placemark><Placemark><ExtendedData><Data name="@id"><value>node/12338344314</value></Data><Data name="brand"><value>Flock Safety</value></Data><Data name="brand:wikidata"><value>Q108485435</value></Data><Data name="camera:mount"><value>pole</value></Data><Data name="camera:type"><value>fixed</value></Data><Data name="direction"><value>150</value></Data><Data name="man_made"><value>surveillance</value></Data><Data name="operator"><value>San Francisco Police Department</value></Data><Data name="operator:wikidata"><value>Q1320247</value></Data><Data name="surveillance"><value>traffic</value></Data><Data name="surveillance:type"><value>ALPR</value></Data><Data name="surveillance:zone"><value>traffic</value></Data></ExtendedData><Point><coordinates>-122.4352875,37.7624158</coordinates></Point></Placemark><Placemark><ExtendedData><Data name="@id"><value>node/12338974526</value></Data><Data name="brand"><value>Flock Safety</value></Data><Data name="brand:wikidata"><value>Q108485435</value></Data><Data name="camera:mount"><value>pole</value></Data><Data name="camera:type"><value>fixed</value></Data><Data name="direction"><value>345</value></Data><Data name="image"><value>https://alpr.pictures/san-francisco/crossover%20nbfs%20lincoln.jpg</value></Data><Data name="man_made"><value>surveillance</value></Data><Data name="operator"><value>San Francisco Police Department</value></Data><Data name="operator:wikidata"><value>Q1320247</value></Data><Data name="surveillance"><value>traffic</value></Data><Data name="surveillance:type"><value>ALPR</value></Data><Data name="surveillance:zone"><value>traffic</value></Data></ExtendedData><Point><coordinates>-122.4772151,37.765624</coordinates></Point></Placemark><Placemark><ExtendedData><Data name="@id"><value>node/12338996742</value></Data><Data name="brand"><value>Flock Safety</value></Data><Data name="brand:wikidata"><value>Q108485435</value></Data><Data name="camera:mount"><value>pole</value></Data><Data name="camera:type"><value>fixed</value></Data><Data name="direction"><value>370</value></Data><Data name="man_made"><value>surveillance</value></Data><Data name="operator"><value>San Francisco Police Department</value></Data><Data name="operator:wikidata"><value>Q1320247</value></Data><Data name="surveillance"><value>traffic</value></Data><Data name="surveillance:type"><value>ALPR</value></Data><Data name="surveillance:zone"><value>traffic</value></Data></ExtendedData><Point><coordinates>-122.3911086,37.7332916</coordinates></Point></Placemark><Placemark><ExtendedData><Data name="@id"><value>node/12338996743</value></Data><Data name="brand"><value>Flock Safety</value></Data><Data name="brand:wikidata"><value>Q108485435</value></Data><Data name="camera:mount"><value>pole</value></Data><Data name="camera:type"><value>fixed</value></Data><Data name="direction"><value>190</value></Data><Data name="man_made"><value>surveillance</value></Data><Data name="operator"><value>San Francisco Police Department</value></Data><Data name="operator:wikidata"><value>Q1320247</value></Data><Data name="surveillance"><value>traffic</value></Data><Data name="surveillance:type"><value>ALPR</value></Data><Data name="surveillance:zone"><value>traffic</value></Data></ExtendedData><Point><coordinates>-122.391445,37.7331749</coordinates></Point></Placemark><Placemark><ExtendedData><Data name="@id"><value>node/12345117085</value></Data><Data name="camera:mount"><value>pole</value></Data><Data name="camera:type"><value>fixed</value></Data><Data name="direction"><value>320</value></Data><Data name="man_made"><value>surveillance</value></Data><Data name="manufacturer"><value>Flock Safety</value></Data><Data name="manufacturer:wikidata"><value>Q108485435</value></Data><Data name="operator"><value>San Francisco Police Department</value></Data><Data name="operator:wikidata"><value>Q1320247</value></Data><Data name="surveillance"><value>public</value></Data><Data name="surveillance:type"><value>ALPR</value></Data><Data name="surveillance:zone"><value>traffic</value></Data></ExtendedData><Point><coordinates>-122.4007138,37.7237095</coordinates></Point></Placemark><Placemark><ExtendedData><Data name="@id"><value>node/12351957744</value></Data><Data name="camera:direction"><value>207</value></Data><Data name="camera:mount"><value>building</value></Data><Data name="camera:type"><value>fixed</value></Data><Data name="man_made"><value>surveillance</value></Data><Data name="surveillance"><value>public</value></Data><Data name="surveillance:type"><value>camera</value></Data><Data name="surveillance:zone"><value>street</value></Data></ExtendedData><Point><coordinates>-122.4334773,37.7876698</coordinates></Point></Placemark><Placemark><ExtendedData><Data name="@id"><value>node/12352009467</value></Data><Data name="camera:direction"><value>W</value></Data><Data name="camera:mount"><value>building</value></Data><Data name="camera:type"><value>dome</value></Data><Data name="man_made"><value>surveillance</value></Data><Data name="surveillance"><value>public</value></Data><Data name="surveillance:type"><value>camera</value></Data><Data name="surveillance:zone"><value>street</value></Data></ExtendedData><Point><coordinates>-122.4337411,37.7905487</coordinates></Point></Placemark><Placemark><ExtendedData><Data name="@id"><value>node/12353575484</value></Data><Data name="brand"><value>Flock Safety</value></Data><Data name="brand:wikidata"><value>Q108485435</value></Data><Data name="camera:mount"><value>pole</value></Data><Data name="camera:type"><value>fixed</value></Data><Data name="direction"><value>280</value></Data><Data name="man_made"><value>surveillance</value></Data><Data name="operator"><value>San Francisco Police Department</value></Data><Data name="operator:wikidata"><value>Q1320247</value></Data><Data name="surveillance"><value>traffic</value></Data><Data name="surveillance:type"><value>ALPR</value></Data><Data name="surveillance:zone"><value>traffic</value></Data></ExtendedData><Point><coordinates>-122.3897649,37.7603493</coordinates></Point></Placemark><Placemark><ExtendedData><Data name="@id"><value>node/12372333251</value></Data><Data name="camera:mount"><value>pole</value></Data><Data name="camera:type"><value>fixed</value></Data><Data name="direction"><value>156</value></Data><Data name="man_made"><value>surveillance</value></Data><Data name="manufacturer"><value>Flock Safety</value></Data><Data name="manufacturer:wikidata"><value>Q108485435</value></Data><Data name="operator"><value>San Francisco Police Department</value></Data><Data name="operator:wikidata"><value>Q1320247</value></Data><Data name="surveillance"><value>public</value></Data><Data name="surveillance:type"><value>ALPR</value></Data><Data name="surveillance:zone"><value>traffic</value></Data></ExtendedData><Point><coordinates>-122.4002393,37.7813992</coordinates></Point></Placemark><Placemark><ExtendedData><Data name="@id"><value>node/12374382414</value></Data><Data name="brand"><value>Flock Safety</value></Data><Data name="brand:wikidata"><value>Q108485435</value></Data><Data name="camera:mount"><value>pole</value></Data><Data name="camera:type"><value>fixed</value></Data><Data name="direction"><value>25</value></Data><Data name="man_made"><value>surveillance</value></Data><Data name="operator"><value>San Francisco Police Department</value></Data><Data name="operator:wikidata"><value>Q1320247</value></Data><Data name="surveillance"><value>traffic</value></Data><Data name="surveillance:type"><value>ALPR</value></Data><Data name="surveillance:zone"><value>traffic</value></Data></ExtendedData><Point><coordinates>-122.3827264,37.7304</coordinates></Point></Placemark><Placemark><ExtendedData><Data name="@id"><value>node/12374382822</value></Data><Data name="brand"><value>Flock Safety</value></Data><Data name="brand:wikidata"><value>Q108485435</value></Data><Data name="camera:mount"><value>pole</value></Data><Data name="camera:type"><value>fixed</value></Data><Data name="direction"><value>180</value></Data><Data name="man_made"><value>surveillance</value></Data><Data name="operator"><value>San Francisco Police Department</value></Data><Data name="operator:wikidata"><value>Q1320247</value></Data><Data name="surveillance"><value>traffic</value></Data><Data name="surveillance:type"><value>ALPR</value></Data><Data name="surveillance:zone"><value>traffic</value></Data></ExtendedData><Point><coordinates>-122.3830191,37.7303191</coordinates></Point></Placemark><Placemark><ExtendedData><Data name="@id"><value>node/12374386014</value></Data><Data name="brand"><value>Flock Safety</value></Data><Data name="brand:wikidata"><value>Q108485435</value></Data><Data name="camera:mount"><value>pole</value></Data><Data name="camera:type"><value>fixed</value></Data><Data name="direction"><value>90</value></Data><Data name="man_made"><value>surveillance</value></Data><Data name="operator"><value>San Francisco Police Department</value></Data><Data name="operator:wikidata"><value>Q1320247</value></Data><Data name="surveillance"><value>traffic</value></Data><Data name="surveillance:type"><value>ALPR</value></Data><Data name="surveillance:zone"><value>traffic</value></Data></ExtendedData><Point><coordinates>-122.3827746,37.7302177</coordinates></Point></Placemark><Placemark><ExtendedData><Data name="@id"><value>node/12389297213</value></Data><Data name="brand"><value>Flock Safety</value></Data><Data name="brand:wikidata"><value>Q108485435</value></Data><Data name="camera:mount"><value>pole</value></Data><Data name="camera:type"><value>fixed</value></Data><Data name="direction"><value>335</value></Data><Data name="man_made"><value>surveillance</value></Data><Data name="operator"><value>San Francisco Police Department</value></Data><Data name="operator:wikidata"><value>Q1320247</value></Data><Data name="surveillance"><value>traffic</value></Data><Data name="surveillance:type"><value>ALPR</value></Data><Data name="surveillance:zone"><value>traffic</value></Data></ExtendedData><Point><coordinates>-122.4207212,37.7744172</coordinates></Point></Placemark><Placemark><ExtendedData><Data name="@id"><value>node/12389297214</value></Data><Data name="brand"><value>Flock Safety</value></Data><Data name="brand:wikidata"><value>Q108485435</value></Data><Data name="camera:mount"><value>pole</value></Data><Data name="camera:type"><value>fixed</value></Data><Data name="direction"><value>30</value></Data><Data name="man_made"><value>surveillance</value></Data><Data name="operator"><value>San Francisco Police Department</value></Data><Data name="operator:wikidata"><value>Q1320247</value></Data><Data name="surveillance"><value>traffic</value></Data><Data name="surveillance:type"><value>ALPR</value></Data><Data name="surveillance:zone"><value>traffic</value></Data></ExtendedData><Point><coordinates>-122.4224811,37.7724036</coordinates></Point></Placemark><Placemark><ExtendedData><Data name="@id"><value>node/12389297215</value></Data><Data name="brand"><value>Flock Safety</value></Data><Data name="brand:wikidata"><value>Q108485435</value></Data><Data name="camera:mount"><value>pole</value></Data><Data name="camera:type"><value>fixed</value></Data><Data name="direction"><value>215</value></Data><Data name="man_made"><value>surveillance</value></Data><Data name="manufacturer"><value>Flock Safety</value></Data><Data name="manufacturer:wikidata"><value>Q108485435</value></Data><Data name="operator"><value>San Francisco Police Department</value></Data><Data name="operator:wikidata"><value>Q1320247</value></Data><Data name="surveillance"><value>public</value></Data><Data name="surveillance:type"><value>ALPR</value></Data><Data name="surveillance:zone"><value>traffic</value></Data></ExtendedData><Point><coordinates>-122.4236468,37.7718766</coordinates></Point></Placemark><Placemark><ExtendedData><Data name="@id"><value>node/12389297216</value></Data><Data name="brand"><value>Flock Safety</value></Data><Data name="brand:wikidata"><value>Q108485435</value></Data><Data name="camera:mount"><value>pole</value></Data><Data name="camera:type"><value>fixed</value></Data><Data name="direction"><value>320</value></Data><Data name="man_made"><value>surveillance</value></Data><Data name="manufacturer"><value>Flock Safety</value></Data><Data name="manufacturer:wikidata"><value>Q108485435</value></Data><Data name="operator"><value>San Francisco Police Department</value></Data><Data name="operator:wikidata"><value>Q1320247</value></Data><Data name="surveillance"><value>public</value></Data><Data name="surveillance:type"><value>ALPR</value></Data><Data name="surveillance:zone"><value>traffic</value></Data></ExtendedData><Point><coordinates>-122.4234202,37.7721325</coordinates></Point></Placemark><Placemark><ExtendedData><Data name="@id"><value>node/12389301198</value></Data><Data name="brand"><value>Flock Safety</value></Data><Data name="brand:wikidata"><value>Q108485435</value></Data><Data name="camera:mount"><value>pole</value></Data><Data name="camera:type"><value>fixed</value></Data><Data name="direction"><value>295</value></Data><Data name="man_made"><value>surveillance</value></Data><Data name="operator"><value>San Francisco Police Department</value></Data><Data name="operator:wikidata"><value>Q1320247</value></Data><Data name="surveillance"><value>public</value></Data><Data name="surveillance:type"><value>ALPR</value></Data><Data name="surveillance:zone"><value>traffic</value></Data></ExtendedData><Point><coordinates>-122.3917009,37.774587</coordinates></Point></Placemark><Placemark><ExtendedData><Data name="@id"><value>node/12398980562</value></Data><Data name="brand"><value>Flock Safety</value></Data><Data name="brand:wikidata"><value>Q108485435</value></Data><Data name="camera:mount"><value>pole</value></Data><Data name="camera:type"><value>fixed</value></Data><Data name="direction"><value>210</value></Data><Data name="man_made"><value>surveillance</value></Data><Data name="operator"><value>San Francisco Police Department</value></Data><Data name="operator:wikidata"><value>Q1320247</value></Data><Data name="surveillance"><value>traffic</value></Data><Data name="surveillance:type"><value>ALPR</value></Data><Data name="surveillance:zone"><value>traffic</value></Data></ExtendedData><Point><coordinates>-122.4087531,37.7737448</coordinates></Point></Placemark><Placemark><ExtendedData><Data name="@id"><value>node/12398980563</value></Data><Data name="brand"><value>Flock Safety</value></Data><Data name="brand:wikidata"><value>Q108485435</value></Data><Data name="camera:mount"><value>pole</value></Data><Data name="camera:type"><value>fixed</value></Data><Data name="direction"><value>295</value></Data><Data name="man_made"><value>surveillance</value></Data><Data name="operator"><value>San Francisco Police Department</value></Data><Data name="operator:wikidata"><value>Q1320247</value></Data><Data name="surveillance"><value>traffic</value></Data><Data name="surveillance:type"><value>ALPR</value></Data><Data name="surveillance:zone"><value>traffic</value></Data></ExtendedData><Point><coordinates>-122.4101334,37.7726998</coordinates></Point></Placemark><Placemark><ExtendedData><Data name="@id"><value>node/12398980564</value></Data><Data name="brand"><value>Flock Safety</value></Data><Data name="brand:wikidata"><value>Q108485435</value></Data><Data name="camera:mount"><value>pole</value></Data><Data name="camera:type"><value>fixed</value></Data><Data name="direction"><value>210</value></Data><Data name="man_made"><value>surveillance</value></Data><Data name="operator"><value>San Francisco Police Department</value></Data><Data name="operator:wikidata"><value>Q1320247</value></Data><Data name="surveillance"><value>traffic</value></Data><Data name="surveillance:type"><value>ALPR</value></Data><Data name="surveillance:zone"><value>traffic</value></Data></ExtendedData><Point><coordinates>-122.4102889,37.772528</coordinates></Point></Placemark><Placemark><ExtendedData><Data name="@id"><value>node/12398980565</value></Data><Data name="camera:mount"><value>pole</value></Data><Data name="camera:type"><value>fixed</value></Data><Data name="direction"><value>15</value></Data><Data name="man_made"><value>surveillance</value></Data><Data name="manufacturer"><value>Flock Safety</value></Data><Data name="manufacturer:wikidata"><value>Q108485435</value></Data><Data name="operator"><value>San Francisco Police Department</value></Data><Data name="operator:wikidata"><value>Q1320247</value></Data><Data name="surveillance"><value>public</value></Data><Data name="surveillance:type"><value>ALPR</value></Data><Data name="surveillance:zone"><value>traffic</value></Data></ExtendedData><Point><coordinates>-122.4083461,37.7713405</coordinates></Point></Placemark><Placemark><ExtendedData><Data name="@id"><value>node/12403013005</value></Data><Data name="camera:direction"><value>85</value></Data><Data name="camera:mount"><value>wall</value></Data><Data name="camera:type"><value>fixed</value></Data><Data name="man_made"><value>surveillance</value></Data><Data name="manufacturer:wikidata"><value>Q5297222</value></Data><Data name="surveillance"><value>public</value></Data><Data name="surveillance:type"><value>camera</value></Data><Data name="surveillance:zone"><value>street</value></Data></ExtendedData><Point><coordinates>-122.4802837,37.7761452</coordinates></Point></Placemark><Placemark><ExtendedData><Data name="@id"><value>node/12403013007</value></Data><Data name="camera:direction"><value>85</value></Data><Data name="camera:mount"><value>doorbell</value></Data><Data name="camera:type"><value>fixed</value></Data><Data name="man_made"><value>surveillance</value></Data><Data name="surveillance"><value>public</value></Data><Data name="surveillance:type"><value>camera</value></Data><Data name="surveillance:zone"><value>street</value></Data></ExtendedData><Point><coordinates>-122.480288,37.7762968</coordinates></Point></Placemark><Placemark><ExtendedData><Data name="@id"><value>node/12403013012</value></Data><Data name="camera:direction"><value>273</value></Data><Data name="camera:mount"><value>wall</value></Data><Data name="camera:type"><value>dome</value></Data><Data name="man_made"><value>surveillance</value></Data><Data name="surveillance"><value>public</value></Data><Data name="surveillance:type"><value>camera</value></Data><Data name="surveillance:zone"><value>street</value></Data></ExtendedData><Point><coordinates>-122.4802141,37.7789903</coordinates></Point></Placemark><Placemark><ExtendedData><Data name="@id"><value>node/12403623012</value></Data><Data name="camera:direction"><value>56</value></Data><Data name="camera:mount"><value>pole</value></Data><Data name="camera:type"><value>fixed</value></Data><Data name="man_made"><value>surveillance</value></Data><Data name="surveillance"><value>public</value></Data><Data name="surveillance:type"><value>camera</value></Data></ExtendedData><Point><coordinates>-122.3935611,37.7757663</coordinates></Point></Placemark><Placemark><ExtendedData><Data name="@id"><value>node/12403623013</value></Data><Data name="camera:direction"><value>323</value></Data><Data name="camera:mount"><value>pole</value></Data><Data name="camera:type"><value>fixed</value></Data><Data name="man_made"><value>surveillance</value></Data><Data name="surveillance"><value>public</value></Data><Data name="surveillance:type"><value>camera</value></Data></ExtendedData><Point><coordinates>-122.3933558,37.7756396</coordinates></Point></Placemark><Placemark><ExtendedData><Data name="@id"><value>node/12403623014</value></Data><Data name="camera:direction"><value>238</value></Data><Data name="camera:mount"><value>pole</value></Data><Data name="camera:type"><value>fixed</value></Data><Data name="man_made"><value>surveillance</value></Data><Data name="surveillance"><value>public</value></Data><Data name="surveillance:type"><value>camera</value></Data></ExtendedData><Point><coordinates>-122.3931932,37.7757815</coordinates></Point></Placemark><Placemark><ExtendedData><Data name="@id"><value>node/12403623018</value></Data><Data name="camera:direction"><value>60</value></Data><Data name="camera:mount"><value>pole</value></Data><Data name="camera:type"><value>fixed</value></Data><Data name="man_made"><value>surveillance</value></Data><Data name="surveillance"><value>public</value></Data><Data name="surveillance:type"><value>camera</value></Data></ExtendedData><Point><coordinates>-122.3918463,37.7743253</coordinates></Point></Placemark><Placemark><ExtendedData><Data name="@id"><value>node/12403623019</value></Data><Data name="camera:direction"><value>234</value></Data><Data name="camera:mount"><value>pole</value></Data><Data name="camera:type"><value>fixed</value></Data><Data name="man_made"><value>surveillance</value></Data><Data name="surveillance"><value>public</value></Data><Data name="surveillance:type"><value>camera</value></Data></ExtendedData><Point><coordinates>-122.3914744,37.7743599</coordinates></Point></Placemark><Placemark><ExtendedData><Data name="@id"><value>node/12403623028</value></Data><Data name="camera:mount"><value>pole</value></Data><Data name="camera:type"><value>fixed</value></Data><Data name="direction"><value>290</value></Data><Data name="man_made"><value>surveillance</value></Data><Data name="manufacturer"><value>Flock Safety</value></Data><Data name="manufacturer:wikidata"><value>Q108485435</value></Data><Data name="operator"><value>San Francisco Police Department</value></Data><Data name="operator:wikidata"><value>Q1320247</value></Data><Data name="surveillance"><value>public</value></Data><Data name="surveillance:type"><value>ALPR</value></Data><Data name="surveillance:zone"><value>traffic</value></Data></ExtendedData><Point><coordinates>-122.3943865,37.7767485</coordinates></Point></Placemark><Placemark><ExtendedData><Data name="@id"><value>node/12405725341</value></Data><Data name="camera:direction"><value>43</value></Data><Data name="camera:mount"><value>building</value></Data><Data name="camera:type"><value>dome</value></Data><Data name="man_made"><value>surveillance</value></Data><Data name="surveillance"><value>outdoor</value></Data><Data name="surveillance:type"><value>camera</value></Data></ExtendedData><Point><coordinates>-122.4398743,37.7827755</coordinates></Point></Placemark><Placemark><ExtendedData><Data name="@id"><value>node/12408682017</value></Data><Data name="brand"><value>Flock Safety</value></Data><Data name="brand:wikidata"><value>Q108485435</value></Data><Data name="camera:mount"><value>pole</value></Data><Data name="camera:type"><value>fixed</value></Data><Data name="direction"><value>155</value></Data><Data name="man_made"><value>surveillance</value></Data><Data name="operator"><value>San Francisco Police Department</value></Data><Data name="operator:wikidata"><value>Q1320247</value></Data><Data name="surveillance"><value>traffic</value></Data><Data name="surveillance:type"><value>ALPR</value></Data><Data name="surveillance:zone"><value>traffic</value></Data></ExtendedData><Point><coordinates>-122.3932571,37.7575663</coordinates></Point></Placemark><Placemark><ExtendedData><Data name="@id"><value>node/12408893989</value></Data><Data name="brand"><value>Flock Safety</value></Data><Data name="brand:wikidata"><value>Q108485435</value></Data><Data name="camera:mount"><value>pole</value></Data><Data name="camera:type"><value>fixed</value></Data><Data name="direction"><value>175</value></Data><Data name="man_made"><value>surveillance</value></Data><Data name="operator"><value>San Francisco Police Department</value></Data><Data name="operator:wikidata"><value>Q1320247</value></Data><Data name="surveillance"><value>public</value></Data><Data name="surveillance:type"><value>ALPR</value></Data><Data name="surveillance:zone"><value>traffic</value></Data></ExtendedData><Point><coordinates>-122.3960563,37.721902</coordinates></Point></Placemark><Placemark><ExtendedData><Data name="@id"><value>node/12408893990</value></Data><Data name="brand"><value>Flock Safety</value></Data><Data name="brand:wikidata"><value>Q108485435</value></Data><Data name="camera:mount"><value>pole</value></Data><Data name="camera:type"><value>fixed</value></Data><Data name="direction"><value>260</value></Data><Data name="man_made"><value>surveillance</value></Data><Data name="operator"><value>San Francisco Police Department</value></Data><Data name="operator:wikidata"><value>Q1320247</value></Data><Data name="surveillance"><value>public</value></Data><Data name="surveillance:type"><value>ALPR</value></Data><Data name="surveillance:zone"><value>traffic</value></Data></ExtendedData><Point><coordinates>-122.3927747,37.7293893</coordinates></Point></Placemark><Placemark><ExtendedData><Data name="@id"><value>node/12413897808</value></Data><Data name="camera:direction"><value>S</value></Data><Data name="camera:mount"><value>wall</value></Data><Data name="camera:type"><value>dome</value></Data><Data name="man_made"><value>surveillance</value></Data><Data name="surveillance"><value>public</value></Data><Data name="surveillance:type"><value>camera</value></Data><Data name="surveillance:zone"><value>street</value></Data></ExtendedData><Point><coordinates>-122.4379207,37.7779511</coordinates></Point></Placemark><Placemark><ExtendedData><Data name="@id"><value>node/12413897811</value></Data><Data name="camera:direction"><value>S</value></Data><Data name="camera:mount"><value>wall</value></Data><Data name="camera:type"><value>dome</value></Data><Data name="man_made"><value>surveillance</value></Data><Data name="surveillance"><value>public</value></Data><Data name="surveillance:type"><value>camera</value></Data><Data name="surveillance:zone"><value>street</value></Data></ExtendedData><Point><coordinates>-122.4382636,37.7779069</coordinates></Point></Placemark><Placemark><ExtendedData><Data name="@id"><value>node/12452553849</value></Data><Data name="brand"><value>Flock Safety</value></Data><Data name="brand:wikidata"><value>Q108485435</value></Data><Data name="camera:mount"><value>pole</value></Data><Data name="camera:type"><value>fixed</value></Data><Data name="direction"><value>155</value></Data><Data name="man_made"><value>surveillance</value></Data><Data name="operator"><value>San Francisco Police Department</value></Data><Data name="operator:wikidata"><value>Q1320247</value></Data><Data name="surveillance"><value>traffic</value></Data><Data name="surveillance:type"><value>ALPR</value></Data><Data name="surveillance:zone"><value>traffic</value></Data></ExtendedData><Point><coordinates>-122.4179535,37.768656</coordinates></Point></Placemark><Placemark><ExtendedData><Data name="@id"><value>node/12452553850</value></Data><Data name="brand"><value>Flock Safety</value></Data><Data name="brand:wikidata"><value>Q108485435</value></Data><Data name="camera:mount"><value>pole</value></Data><Data name="camera:type"><value>fixed</value></Data><Data name="direction"><value>315</value></Data><Data name="man_made"><value>surveillance</value></Data><Data name="operator"><value>San Francisco Police Department</value></Data><Data name="operator:wikidata"><value>Q1320247</value></Data><Data name="surveillance"><value>traffic</value></Data><Data name="surveillance:type"><value>ALPR</value></Data><Data name="surveillance:zone"><value>traffic</value></Data></ExtendedData><Point><coordinates>-122.4057907,37.7506058</coordinates></Point></Placemark><Placemark><ExtendedData><Data name="@id"><value>node/12454338769</value></Data><Data name="camera:direction"><value>58</value></Data><Data name="camera:mount"><value>wall</value></Data><Data name="camera:type"><value>panning</value></Data><Data name="man_made"><value>surveillance</value></Data><Data name="surveillance"><value>public</value></Data><Data name="surveillance:type"><value>camera</value></Data><Data name="surveillance:zone"><value>street</value></Data></ExtendedData><Point><coordinates>-122.4759897,37.7764553</coordinates></Point></Placemark><Placemark><ExtendedData><Data name="@id"><value>node/12454338770</value></Data><Data name="camera:direction"><value>236</value></Data><Data name="camera:mount"><value>tree</value></Data><Data name="camera:type"><value>fixed</value></Data><Data name="man_made"><value>surveillance</value></Data><Data name="manufacturer:wikidata"><value>Q60740820</value></Data><Data name="surveillance"><value>public</value></Data><Data name="surveillance:type"><value>camera</value></Data><Data name="surveillance:zone"><value>street</value></Data></ExtendedData><Point><coordinates>-122.4760091,37.7764028</coordinates></Point></Placemark><Placemark><ExtendedData><Data name="@id"><value>node/12461769827</value></Data><Data name="brand"><value>Flock Safety</value></Data><Data name="brand:wikidata"><value>Q108485435</value></Data><Data name="camera:mount"><value>pole</value></Data><Data name="camera:type"><value>fixed</value></Data><Data name="direction"><value>15</value></Data><Data name="man_made"><value>surveillance</value></Data><Data name="operator"><value>San Francisco Police Department</value></Data><Data name="operator:wikidata"><value>Q1320247</value></Data><Data name="surveillance"><value>traffic</value></Data><Data name="surveillance:type"><value>ALPR</value></Data><Data name="surveillance:zone"><value>traffic</value></Data></ExtendedData><Point><coordinates>-122.4183556,37.7730692</coordinates></Point></Placemark><Placemark><ExtendedData><Data name="@id"><value>node/12487347397</value></Data><Data name="camera:mount"><value>pole</value></Data><Data name="camera:type"><value>fixed</value></Data><Data name="direction"><value>185</value></Data><Data name="man_made"><value>surveillance</value></Data><Data name="manufacturer"><value>Flock Safety</value></Data><Data name="manufacturer:wikidata"><value>Q108485435</value></Data><Data name="operator"><value>San Francisco Police Department</value></Data><Data name="operator:wikidata"><value>Q1320247</value></Data><Data name="surveillance"><value>public</value></Data><Data name="surveillance:type"><value>ALPR</value></Data><Data name="surveillance:zone"><value>traffic</value></Data></ExtendedData><Point><coordinates>-122.3795317,37.7342118</coordinates></Point></Placemark><Placemark><ExtendedData><Data name="@id"><value>node/12487347398</value></Data><Data name="camera:mount"><value>pole</value></Data><Data name="camera:type"><value>fixed</value></Data><Data name="direction"><value>185</value></Data><Data name="man_made"><value>surveillance</value></Data><Data name="manufacturer"><value>Flock Safety</value></Data><Data name="manufacturer:wikidata"><value>Q108485435</value></Data><Data name="operator"><value>San Francisco Police Department</value></Data><Data name="operator:wikidata"><value>Q1320247</value></Data><Data name="surveillance"><value>public</value></Data><Data name="surveillance:type"><value>ALPR</value></Data><Data name="surveillance:zone"><value>traffic</value></Data></ExtendedData><Point><coordinates>-122.3793886,37.7368414</coordinates></Point></Placemark><Placemark><ExtendedData><Data name="@id"><value>node/12487347399</value></Data><Data name="camera:mount"><value>pole</value></Data><Data name="camera:type"><value>fixed</value></Data><Data name="direction"><value>290</value></Data><Data name="man_made"><value>surveillance</value></Data><Data name="manufacturer"><value>Flock Safety</value></Data><Data name="manufacturer:wikidata"><value>Q108485435</value></Data><Data name="operator"><value>San Francisco Police Department</value></Data><Data name="operator:wikidata"><value>Q1320247</value></Data><Data name="surveillance"><value>public</value></Data><Data name="surveillance:type"><value>ALPR</value></Data><Data name="surveillance:zone"><value>traffic</value></Data></ExtendedData><Point><coordinates>-122.3799264,37.7382432</coordinates></Point></Placemark><Placemark><ExtendedData><Data name="@id"><value>node/12487347400</value></Data><Data name="camera:mount"><value>pole</value></Data><Data name="camera:type"><value>fixed</value></Data><Data name="direction"><value>130</value></Data><Data name="man_made"><value>surveillance</value></Data><Data name="manufacturer"><value>Flock Safety</value></Data><Data name="manufacturer:wikidata"><value>Q108485435</value></Data><Data name="operator"><value>San Francisco Police Department</value></Data><Data name="operator:wikidata"><value>Q1320247</value></Data><Data name="surveillance"><value>public</value></Data><Data name="surveillance:type"><value>ALPR</value></Data><Data name="surveillance:zone"><value>traffic</value></Data></ExtendedData><Point><coordinates>-122.3875346,37.7425043</coordinates></Point></Placemark><Placemark><ExtendedData><Data name="@id"><value>node/12487417401</value></Data><Data name="camera:mount"><value>pole</value></Data><Data name="camera:type"><value>fixed</value></Data><Data name="direction"><value>180</value></Data><Data name="man_made"><value>surveillance</value></Data><Data name="manufacturer"><value>Flock Safety</value></Data><Data name="manufacturer:wikidata"><value>Q108485435</value></Data><Data name="operator"><value>San Francisco Police Department</value></Data><Data name="operator:wikidata"><value>Q1320247</value></Data><Data name="surveillance"><value>public</value></Data><Data name="surveillance:type"><value>ALPR</value></Data><Data name="surveillance:zone"><value>traffic</value></Data></ExtendedData><Point><coordinates>-122.3881048,37.7427335</coordinates></Point></Placemark><Placemark><ExtendedData><Data name="@id"><value>node/12487417402</value></Data><Data name="camera:mount"><value>pole</value></Data><Data name="camera:type"><value>fixed</value></Data><Data name="direction"><value>350</value></Data><Data name="man_made"><value>surveillance</value></Data><Data name="manufacturer"><value>Flock Safety</value></Data><Data name="manufacturer:wikidata"><value>Q108485435</value></Data><Data name="operator"><value>San Francisco Police Department</value></Data><Data name="operator:wikidata"><value>Q1320247</value></Data><Data name="surveillance"><value>public</value></Data><Data name="surveillance:type"><value>ALPR</value></Data><Data name="surveillance:zone"><value>traffic</value></Data></ExtendedData><Point><coordinates>-122.3875875,37.7433607</coordinates></Point></Placemark><Placemark><ExtendedData><Data name="@id"><value>node/12487417403</value></Data><Data name="camera:mount"><value>pole</value></Data><Data name="camera:type"><value>fixed</value></Data><Data name="direction"><value>90</value></Data><Data name="man_made"><value>surveillance</value></Data><Data name="manufacturer"><value>Flock Safety</value></Data><Data name="manufacturer:wikidata"><value>Q108485435</value></Data><Data name="operator"><value>San Francisco Police Department</value></Data><Data name="operator:wikidata"><value>Q1320247</value></Data><Data name="surveillance"><value>public</value></Data><Data name="surveillance:type"><value>ALPR</value></Data><Data name="surveillance:zone"><value>traffic</value></Data></ExtendedData><Point><coordinates>-122.3959657,37.747149</coordinates></Point></Placemark><Placemark><ExtendedData><Data name="@id"><value>node/12487417404</value></Data><Data name="camera:mount"><value>pole</value></Data><Data name="camera:type"><value>fixed</value></Data><Data name="direction"><value>315</value></Data><Data name="man_made"><value>surveillance</value></Data><Data name="manufacturer"><value>Flock Safety</value></Data><Data name="manufacturer:wikidata"><value>Q108485435</value></Data><Data name="operator"><value>San Francisco Police Department</value></Data><Data name="operator:wikidata"><value>Q1320247</value></Data><Data name="surveillance"><value>public</value></Data><Data name="surveillance:type"><value>ALPR</value></Data><Data name="surveillance:zone"><value>traffic</value></Data></ExtendedData><Point><coordinates>-122.3960934,37.7473951</coordinates></Point></Placemark><Placemark><ExtendedData><Data name="@id"><value>node/12487417405</value></Data><Data name="camera:mount"><value>pole</value></Data><Data name="camera:type"><value>fixed</value></Data><Data name="direction"><value>330</value></Data><Data name="man_made"><value>surveillance</value></Data><Data name="manufacturer"><value>Flock Safety</value></Data><Data name="manufacturer:wikidata"><value>Q108485435</value></Data><Data name="operator"><value>San Francisco Police Department</value></Data><Data name="operator:wikidata"><value>Q1320247</value></Data><Data name="surveillance"><value>public</value></Data><Data name="surveillance:type"><value>ALPR</value></Data><Data name="surveillance:zone"><value>traffic</value></Data></ExtendedData><Point><coordinates>-122.418385,37.7523949</coordinates></Point></Placemark><Placemark><ExtendedData><Data name="@id"><value>node/12487417406</value></Data><Data name="camera:mount"><value>pole</value></Data><Data name="camera:type"><value>fixed</value></Data><Data name="direction"><value>295</value></Data><Data name="man_made"><value>surveillance</value></Data><Data name="manufacturer"><value>Flock Safety</value></Data><Data name="manufacturer:wikidata"><value>Q108485435</value></Data><Data name="operator"><value>San Francisco Police Department</value></Data><Data name="operator:wikidata"><value>Q1320247</value></Data><Data name="surveillance"><value>public</value></Data><Data name="surveillance:type"><value>ALPR</value></Data><Data name="surveillance:zone"><value>traffic</value></Data></ExtendedData><Point><coordinates>-122.4190582,37.7521892</coordinates></Point></Placemark><Placemark><ExtendedData><Data name="@id"><value>node/12487417407</value></Data><Data name="camera:mount"><value>pole</value></Data><Data name="camera:type"><value>fixed</value></Data><Data name="direction"><value>170</value></Data><Data name="man_made"><value>surveillance</value></Data><Data name="manufacturer"><value>Flock Safety</value></Data><Data name="manufacturer:wikidata"><value>Q108485435</value></Data><Data name="operator"><value>San Francisco Police Department</value></Data><Data name="operator:wikidata"><value>Q1320247</value></Data><Data name="surveillance"><value>public</value></Data><Data name="surveillance:type"><value>ALPR</value></Data><Data name="surveillance:zone"><value>traffic</value></Data></ExtendedData><Point><coordinates>-122.3928243,37.729216</coordinates></Point></Placemark><Placemark><ExtendedData><Data name="@id"><value>node/12487417408</value></Data><Data name="camera:mount"><value>pole</value></Data><Data name="camera:type"><value>fixed</value></Data><Data name="direction"><value>90</value></Data><Data name="man_made"><value>surveillance</value></Data><Data name="manufacturer"><value>Flock Safety</value></Data><Data name="manufacturer:wikidata"><value>Q108485435</value></Data><Data name="operator"><value>San Francisco Police Department</value></Data><Data name="operator:wikidata"><value>Q1320247</value></Data><Data name="surveillance"><value>public</value></Data><Data name="surveillance:type"><value>ALPR</value></Data><Data name="surveillance:zone"><value>traffic</value></Data></ExtendedData><Point><coordinates>-122.3925345,37.7291899</coordinates></Point></Placemark><Placemark><ExtendedData><Data name="@id"><value>node/12487417409</value></Data><Data name="camera:mount"><value>pole</value></Data><Data name="camera:type"><value>fixed</value></Data><Data name="direction"><value>270</value></Data><Data name="man_made"><value>surveillance</value></Data><Data name="manufacturer"><value>Flock Safety</value></Data><Data name="manufacturer:wikidata"><value>Q108485435</value></Data><Data name="operator"><value>San Francisco Police Department</value></Data><Data name="operator:wikidata"><value>Q1320247</value></Data><Data name="surveillance"><value>public</value></Data><Data name="surveillance:type"><value>ALPR</value></Data><Data name="surveillance:zone"><value>traffic</value></Data></ExtendedData><Point><coordinates>-122.3839706,37.7325828</coordinates></Point></Placemark><Placemark><ExtendedData><Data name="@id"><value>node/12487590013</value></Data><Data name="camera:mount"><value>pole</value></Data><Data name="camera:type"><value>fixed</value></Data><Data name="direction"><value>260</value></Data><Data name="man_made"><value>surveillance</value></Data><Data name="manufacturer"><value>Flock Safety</value></Data><Data name="manufacturer:wikidata"><value>Q108485435</value></Data><Data name="operator"><value>San Francisco Police Department</value></Data><Data name="operator:wikidata"><value>Q1320247</value></Data><Data name="surveillance"><value>public</value></Data><Data name="surveillance:type"><value>ALPR</value></Data><Data name="surveillance:zone"><value>traffic</value></Data></ExtendedData><Point><coordinates>-122.4219016,37.7633655</coordinates></Point></Placemark><Placemark><ExtendedData><Data name="@id"><value>node/12487590014</value></Data><Data name="camera:mount"><value>pole</value></Data><Data name="camera:type"><value>fixed</value></Data><Data name="direction"><value>325</value></Data><Data name="man_made"><value>surveillance</value></Data><Data name="manufacturer"><value>Flock Safety</value></Data><Data name="manufacturer:wikidata"><value>Q108485435</value></Data><Data name="operator"><value>San Francisco Police Department</value></Data><Data name="operator:wikidata"><value>Q1320247</value></Data><Data name="surveillance"><value>public</value></Data><Data name="surveillance:type"><value>ALPR</value></Data><Data name="surveillance:zone"><value>traffic</value></Data></ExtendedData><Point><coordinates>-122.4210376,37.757009</coordinates></Point></Placemark><Placemark><ExtendedData><Data name="@id"><value>node/12487590015</value></Data><Data name="camera:mount"><value>pole</value></Data><Data name="camera:type"><value>fixed</value></Data><Data name="direction"><value>240</value></Data><Data name="man_made"><value>surveillance</value></Data><Data name="manufacturer"><value>Flock Safety</value></Data><Data name="manufacturer:wikidata"><value>Q108485435</value></Data><Data name="operator"><value>San Francisco Police Department</value></Data><Data name="operator:wikidata"><value>Q1320247</value></Data><Data name="surveillance"><value>public</value></Data><Data name="surveillance:type"><value>ALPR</value></Data><Data name="surveillance:zone"><value>traffic</value></Data></ExtendedData><Point><coordinates>-122.4210348,37.7441125</coordinates></Point></Placemark><Placemark><ExtendedData><Data name="@id"><value>node/12489044179</value></Data><Data name="camera:mount"><value>pole</value></Data><Data name="camera:type"><value>fixed</value></Data><Data name="direction"><value>205</value></Data><Data name="image"><value>https://alpr.pictures/san-francisco/great%20hwy%20sbfs%20sloat.jpg</value></Data><Data name="man_made"><value>surveillance</value></Data><Data name="manufacturer"><value>Flock Safety</value></Data><Data name="manufacturer:wikidata"><value>Q108485435</value></Data><Data name="operator"><value>San Francisco Police Department</value></Data><Data name="operator:wikidata"><value>Q1320247</value></Data><Data name="surveillance"><value>public</value></Data><Data name="surveillance:type"><value>ALPR</value></Data><Data name="surveillance:zone"><value>traffic</value></Data></ExtendedData><Point><coordinates>-122.5067541,37.7352821</coordinates></Point></Placemark><Placemark><ExtendedData><Data name="@id"><value>node/12489044180</value></Data><Data name="camera:mount"><value>pole</value></Data><Data name="camera:type"><value>fixed</value></Data><Data name="direction"><value>330</value></Data><Data name="man_made"><value>surveillance</value></Data><Data name="manufacturer"><value>Flock Safety</value></Data><Data name="manufacturer:wikidata"><value>Q108485435</value></Data><Data name="operator"><value>San Francisco Police Department</value></Data><Data name="operator:wikidata"><value>Q1320247</value></Data><Data name="surveillance"><value>public</value></Data><Data name="surveillance:type"><value>ALPR</value></Data><Data name="surveillance:zone"><value>traffic</value></Data></ExtendedData><Point><coordinates>-122.4755537,37.7431878</coordinates></Point></Placemark><Placemark><ExtendedData><Data name="@id"><value>node/12489044181</value></Data><Data name="camera:mount"><value>pole</value></Data><Data name="camera:type"><value>fixed</value></Data><Data name="direction"><value>120</value></Data><Data name="man_made"><value>surveillance</value></Data><Data name="manufacturer"><value>Flock Safety</value></Data><Data name="manufacturer:wikidata"><value>Q108485435</value></Data><Data name="operator"><value>San Francisco Police Department</value></Data><Data name="operator:wikidata"><value>Q1320247</value></Data><Data name="surveillance"><value>public</value></Data><Data name="surveillance:type"><value>ALPR</value></Data><Data name="surveillance:zone"><value>traffic</value></Data></ExtendedData><Point><coordinates>-122.3908474,37.7338882</coordinates></Point></Placemark><Placemark><ExtendedData><Data name="@id"><value>node/12489044182</value></Data><Data name="camera:mount"><value>pole</value></Data><Data name="camera:type"><value>fixed</value></Data><Data name="direction"><value>300</value></Data><Data name="man_made"><value>surveillance</value></Data><Data name="manufacturer"><value>Flock Safety</value></Data><Data name="manufacturer:wikidata"><value>Q108485435</value></Data><Data name="operator"><value>San Francisco Police Department</value></Data><Data name="operator:wikidata"><value>Q1320247</value></Data><Data name="surveillance"><value>public</value></Data><Data name="surveillance:type"><value>ALPR</value></Data><Data name="surveillance:zone"><value>traffic</value></Data></ExtendedData><Point><coordinates>-122.3933059,37.7354186</coordinates></Point></Placemark><Placemark><ExtendedData><Data name="@id"><value>node/12489044183</value></Data><Data name="camera:mount"><value>pole</value></Data><Data name="camera:type"><value>fixed</value></Data><Data name="direction"><value>50</value></Data><Data name="man_made"><value>surveillance</value></Data><Data name="manufacturer"><value>Flock Safety</value></Data><Data name="manufacturer:wikidata"><value>Q108485435</value></Data><Data name="operator"><value>San Francisco Police Department</value></Data><Data name="operator:wikidata"><value>Q1320247</value></Data><Data name="surveillance"><value>public</value></Data><Data name="surveillance:type"><value>ALPR</value></Data><Data name="surveillance:zone"><value>traffic</value></Data></ExtendedData><Point><coordinates>-122.3968772,37.7371069</coordinates></Point></Placemark><Placemark><ExtendedData><Data name="@id"><value>node/12489044184</value></Data><Data name="camera:mount"><value>pole</value></Data><Data name="camera:type"><value>fixed</value></Data><Data name="direction"><value>50</value></Data><Data name="man_made"><value>surveillance</value></Data><Data name="manufacturer"><value>Flock Safety</value></Data><Data name="manufacturer:wikidata"><value>Q108485435</value></Data><Data name="operator"><value>San Francisco Police Department</value></Data><Data name="operator:wikidata"><value>Q1320247</value></Data><Data name="surveillance"><value>public</value></Data><Data name="surveillance:type"><value>ALPR</value></Data><Data name="surveillance:zone"><value>traffic</value></Data></ExtendedData><Point><coordinates>-122.4067147,37.7379356</coordinates></Point></Placemark><Placemark><ExtendedData><Data name="@id"><value>node/12489044185</value></Data><Data name="camera:mount"><value>pole</value></Data><Data name="camera:type"><value>fixed</value></Data><Data name="direction"><value>30</value></Data><Data name="man_made"><value>surveillance</value></Data><Data name="manufacturer"><value>Flock Safety</value></Data><Data name="manufacturer:wikidata"><value>Q108485435</value></Data><Data name="operator"><value>San Francisco Police Department</value></Data><Data name="operator:wikidata"><value>Q1320247</value></Data><Data name="surveillance"><value>public</value></Data><Data name="surveillance:type"><value>ALPR</value></Data><Data name="surveillance:zone"><value>traffic</value></Data></ExtendedData><Point><coordinates>-122.4102184,37.7349723</coordinates></Point></Placemark><Placemark><ExtendedData><Data name="@id"><value>node/12489044186</value></Data><Data name="camera:mount"><value>pole</value></Data><Data name="camera:type"><value>fixed</value></Data><Data name="direction"><value>200</value></Data><Data name="man_made"><value>surveillance</value></Data><Data name="manufacturer"><value>Flock Safety</value></Data><Data name="manufacturer:wikidata"><value>Q108485435</value></Data><Data name="operator"><value>San Francisco Police Department</value></Data><Data name="operator:wikidata"><value>Q1320247</value></Data><Data name="surveillance"><value>public</value></Data><Data name="surveillance:type"><value>ALPR</value></Data><Data name="surveillance:zone"><value>traffic</value></Data></ExtendedData><Point><coordinates>-122.4109212,37.73483</coordinates></Point></Placemark><Placemark><ExtendedData><Data name="@id"><value>node/12489044187</value></Data><Data name="camera:mount"><value>pole</value></Data><Data name="camera:type"><value>fixed</value></Data><Data name="direction"><value>80</value></Data><Data name="man_made"><value>surveillance</value></Data><Data name="manufacturer"><value>Flock Safety</value></Data><Data name="manufacturer:wikidata"><value>Q108485435</value></Data><Data name="operator"><value>San Francisco Police Department</value></Data><Data name="operator:wikidata"><value>Q1320247</value></Data><Data name="surveillance"><value>public</value></Data><Data name="surveillance:type"><value>ALPR</value></Data><Data name="surveillance:zone"><value>traffic</value></Data></ExtendedData><Point><coordinates>-122.4128663,37.7335513</coordinates></Point></Placemark><Placemark><ExtendedData><Data name="@id"><value>node/12489044188</value></Data><Data name="camera:mount"><value>pole</value></Data><Data name="camera:type"><value>fixed</value></Data><Data name="direction"><value>90</value></Data><Data name="man_made"><value>surveillance</value></Data><Data name="manufacturer"><value>Flock Safety</value></Data><Data name="manufacturer:wikidata"><value>Q108485435</value></Data><Data name="operator"><value>San Francisco Police Department</value></Data><Data name="operator:wikidata"><value>Q1320247</value></Data><Data name="surveillance"><value>public</value></Data><Data name="surveillance:type"><value>ALPR</value></Data><Data name="surveillance:zone"><value>traffic</value></Data></ExtendedData><Point><coordinates>-122.4262368,37.7311794</coordinates></Point></Placemark><Placemark><ExtendedData><Data name="@id"><value>node/12489044193</value></Data><Data name="camera:mount"><value>pole</value></Data><Data name="camera:type"><value>fixed</value></Data><Data name="direction"><value>85</value></Data><Data name="man_made"><value>surveillance</value></Data><Data name="manufacturer"><value>Flock Safety</value></Data><Data name="manufacturer:wikidata"><value>Q108485435</value></Data><Data name="operator"><value>San Francisco Police Department</value></Data><Data name="operator:wikidata"><value>Q1320247</value></Data><Data name="surveillance"><value>public</value></Data><Data name="surveillance:type"><value>ALPR</value></Data><Data name="surveillance:zone"><value>traffic</value></Data></ExtendedData><Point><coordinates>-122.495635,37.7336977</coordinates></Point></Placemark><Placemark><ExtendedData><Data name="@id"><value>node/12489044194</value></Data><Data name="camera:mount"><value>pole</value></Data><Data name="camera:type"><value>fixed</value></Data><Data name="direction"><value>290</value></Data><Data name="man_made"><value>surveillance</value></Data><Data name="manufacturer"><value>Flock Safety</value></Data><Data name="manufacturer:wikidata"><value>Q108485435</value></Data><Data name="operator"><value>San Francisco Police Department</value></Data><Data name="operator:wikidata"><value>Q1320247</value></Data><Data name="surveillance"><value>public</value></Data><Data name="surveillance:type"><value>ALPR</value></Data><Data name="surveillance:zone"><value>traffic</value></Data></ExtendedData><Point><coordinates>-122.4972653,37.7338428</coordinates></Point></Placemark><Placemark><ExtendedData><Data name="@id"><value>node/12489044195</value></Data><Data name="camera:mount"><value>pole</value></Data><Data name="camera:type"><value>fixed</value></Data><Data name="direction"><value>250</value></Data><Data name="man_made"><value>surveillance</value></Data><Data name="manufacturer"><value>Flock Safety</value></Data><Data name="manufacturer:wikidata"><value>Q108485435</value></Data><Data name="operator"><value>San Francisco Police Department</value></Data><Data name="operator:wikidata"><value>Q1320247</value></Data><Data name="surveillance"><value>public</value></Data><Data name="surveillance:type"><value>ALPR</value></Data><Data name="surveillance:zone"><value>traffic</value></Data></ExtendedData><Point><coordinates>-122.5081421,37.7603727</coordinates></Point></Placemark><Placemark><ExtendedData><Data name="@id"><value>node/12489044196</value></Data><Data name="camera:mount"><value>pole</value></Data><Data name="camera:type"><value>fixed</value></Data><Data name="direction"><value>75</value></Data><Data name="man_made"><value>surveillance</value></Data><Data name="manufacturer"><value>Flock Safety</value></Data><Data name="manufacturer:wikidata"><value>Q108485435</value></Data><Data name="operator"><value>San Francisco Police Department</value></Data><Data name="operator:wikidata"><value>Q1320247</value></Data><Data name="surveillance"><value>public</value></Data><Data name="surveillance:type"><value>ALPR</value></Data><Data name="surveillance:zone"><value>traffic</value></Data></ExtendedData><Point><coordinates>-122.5081377,37.7602934</coordinates></Point></Placemark><Placemark><ExtendedData><Data name="@id"><value>node/12489044197</value></Data><Data name="camera:mount"><value>pole</value></Data><Data name="camera:type"><value>fixed</value></Data><Data name="direction"><value>155</value></Data><Data name="man_made"><value>surveillance</value></Data><Data name="manufacturer"><value>Flock Safety</value></Data><Data name="manufacturer:wikidata"><value>Q108485435</value></Data><Data name="operator"><value>San Francisco Police Department</value></Data><Data name="operator:wikidata"><value>Q1320247</value></Data><Data name="surveillance"><value>public</value></Data><Data name="surveillance:type"><value>ALPR</value></Data><Data name="surveillance:zone"><value>traffic</value></Data></ExtendedData><Point><coordinates>-122.4756741,37.7410858</coordinates></Point></Placemark><Placemark><ExtendedData><Data name="@id"><value>node/12489044198</value></Data><Data name="camera:mount"><value>pole</value></Data><Data name="camera:type"><value>fixed</value></Data><Data name="direction"><value>330</value></Data><Data name="man_made"><value>surveillance</value></Data><Data name="manufacturer"><value>Flock Safety</value></Data><Data name="manufacturer:wikidata"><value>Q108485435</value></Data><Data name="operator"><value>San Francisco Police Department</value></Data><Data name="operator:wikidata"><value>Q1320247</value></Data><Data name="surveillance"><value>public</value></Data><Data name="surveillance:type"><value>ALPR</value></Data><Data name="surveillance:zone"><value>traffic</value></Data></ExtendedData><Point><coordinates>-122.4750061,37.7347886</coordinates></Point></Placemark><Placemark><ExtendedData><Data name="@id"><value>node/12489044199</value></Data><Data name="camera:mount"><value>pole</value></Data><Data name="camera:type"><value>fixed</value></Data><Data name="direction"><value>250</value></Data><Data name="man_made"><value>surveillance</value></Data><Data name="manufacturer"><value>Flock Safety</value></Data><Data name="manufacturer:wikidata"><value>Q108485435</value></Data><Data name="operator"><value>San Francisco Police Department</value></Data><Data name="operator:wikidata"><value>Q1320247</value></Data><Data name="surveillance"><value>public</value></Data><Data name="surveillance:type"><value>ALPR</value></Data><Data name="surveillance:zone"><value>traffic</value></Data></ExtendedData><Point><coordinates>-122.4753648,37.7347916</coordinates></Point></Placemark><Placemark><ExtendedData><Data name="@id"><value>node/12489044200</value></Data><Data name="camera:mount"><value>pole</value></Data><Data name="camera:type"><value>fixed</value></Data><Data name="direction"><value>65</value></Data><Data name="man_made"><value>surveillance</value></Data><Data name="manufacturer"><value>Flock Safety</value></Data><Data name="manufacturer:wikidata"><value>Q108485435</value></Data><Data name="operator"><value>San Francisco Police Department</value></Data><Data name="operator:wikidata"><value>Q1320247</value></Data><Data name="surveillance"><value>public</value></Data><Data name="surveillance:type"><value>ALPR</value></Data><Data name="surveillance:zone"><value>traffic</value></Data></ExtendedData><Point><coordinates>-122.4749884,37.7345129</coordinates></Point></Placemark><Placemark><ExtendedData><Data name="@id"><value>node/12489294701</value></Data><Data name="camera:mount"><value>pole</value></Data><Data name="camera:type"><value>fixed</value></Data><Data name="direction"><value>146</value></Data><Data name="man_made"><value>surveillance</value></Data><Data name="manufacturer"><value>Flock Safety</value></Data><Data name="manufacturer:wikidata"><value>Q108485435</value></Data><Data name="operator"><value>San Francisco Police Department</value></Data><Data name="operator:wikidata"><value>Q1320247</value></Data><Data name="surveillance"><value>public</value></Data><Data name="surveillance:type"><value>ALPR</value></Data><Data name="surveillance:zone"><value>traffic</value></Data></ExtendedData><Point><coordinates>-122.4752388,37.7336718</coordinates></Point></Placemark><Placemark><ExtendedData><Data name="@id"><value>node/12489294702</value></Data><Data name="camera:mount"><value>pole</value></Data><Data name="camera:type"><value>fixed</value></Data><Data name="direction"><value>160</value></Data><Data name="man_made"><value>surveillance</value></Data><Data name="manufacturer"><value>Flock Safety</value></Data><Data name="manufacturer:wikidata"><value>Q108485435</value></Data><Data name="operator"><value>San Francisco Police Department</value></Data><Data name="operator:wikidata"><value>Q1320247</value></Data><Data name="surveillance"><value>public</value></Data><Data name="surveillance:type"><value>ALPR</value></Data><Data name="surveillance:zone"><value>traffic</value></Data></ExtendedData><Point><coordinates>-122.4751209,37.7267999</coordinates></Point></Placemark><Placemark><ExtendedData><Data name="@id"><value>node/12491804077</value></Data><Data name="camera:mount"><value>pole</value></Data><Data name="camera:type"><value>fixed</value></Data><Data name="direction"><value>40</value></Data><Data name="man_made"><value>surveillance</value></Data><Data name="manufacturer"><value>Flock Safety</value></Data><Data name="manufacturer:wikidata"><value>Q108485435</value></Data><Data name="operator"><value>San Francisco Police Department</value></Data><Data name="operator:wikidata"><value>Q1320247</value></Data><Data name="surveillance"><value>public</value></Data><Data name="surveillance:type"><value>ALPR</value></Data><Data name="surveillance:zone"><value>traffic</value></Data></ExtendedData><Point><coordinates>-122.398988,37.7154459</coordinates></Point></Placemark><Placemark><ExtendedData><Data name="@id"><value>node/12491811183</value></Data><Data name="camera:mount"><value>pole</value></Data><Data name="camera:type"><value>fixed</value></Data><Data name="direction"><value>350</value></Data><Data name="man_made"><value>surveillance</value></Data><Data name="manufacturer"><value>Flock Safety</value></Data><Data name="manufacturer:wikidata"><value>Q108485435</value></Data><Data name="operator"><value>San Francisco Police Department</value></Data><Data name="operator:wikidata"><value>Q1320247</value></Data><Data name="surveillance"><value>public</value></Data><Data name="surveillance:type"><value>ALPR</value></Data><Data name="surveillance:zone"><value>traffic</value></Data></ExtendedData><Point><coordinates>-122.3982081,37.7174239</coordinates></Point></Placemark><Placemark><ExtendedData><Data name="@id"><value>node/12493926186</value></Data><Data name="camera:mount"><value>pole</value></Data><Data name="camera:type"><value>fixed</value></Data><Data name="direction"><value>280</value></Data><Data name="man_made"><value>surveillance</value></Data><Data name="manufacturer"><value>Flock Safety</value></Data><Data name="manufacturer:wikidata"><value>Q108485435</value></Data><Data name="operator"><value>San Francisco Police Department</value></Data><Data name="operator:wikidata"><value>Q1320247</value></Data><Data name="surveillance"><value>public</value></Data><Data name="surveillance:type"><value>ALPR</value></Data><Data name="surveillance:zone"><value>traffic</value></Data></ExtendedData><Point><coordinates>-122.385872,37.7397037</coordinates></Point></Placemark><Placemark><ExtendedData><Data name="@id"><value>node/12493926187</value></Data><Data name="camera:mount"><value>pole</value></Data><Data name="camera:type"><value>fixed</value></Data><Data name="direction"><value>240</value></Data><Data name="man_made"><value>surveillance</value></Data><Data name="manufacturer"><value>Flock Safety</value></Data><Data name="manufacturer:wikidata"><value>Q108485435</value></Data><Data name="operator"><value>San Francisco Police Department</value></Data><Data name="operator:wikidata"><value>Q1320247</value></Data><Data name="surveillance"><value>public</value></Data><Data name="surveillance:type"><value>ALPR</value></Data><Data name="surveillance:zone"><value>traffic</value></Data></ExtendedData><Point><coordinates>-122.3933147,37.7500365</coordinates></Point></Placemark><Placemark><ExtendedData><Data name="@id"><value>node/12493926188</value></Data><Data name="camera:mount"><value>pole</value></Data><Data name="camera:type"><value>fixed</value></Data><Data name="direction"><value>280</value></Data><Data name="man_made"><value>surveillance</value></Data><Data name="manufacturer"><value>Flock Safety</value></Data><Data name="manufacturer:wikidata"><value>Q108485435</value></Data><Data name="operator"><value>San Francisco Police Department</value></Data><Data name="operator:wikidata"><value>Q1320247</value></Data><Data name="surveillance"><value>public</value></Data><Data name="surveillance:type"><value>ALPR</value></Data><Data name="surveillance:zone"><value>traffic</value></Data></ExtendedData><Point><coordinates>-122.405929,37.7489883</coordinates></Point></Placemark><Placemark><ExtendedData><Data name="@id"><value>node/12493926189</value></Data><Data name="camera:mount"><value>pole</value></Data><Data name="camera:type"><value>fixed</value></Data><Data name="direction"><value>145</value></Data><Data name="man_made"><value>surveillance</value></Data><Data name="manufacturer"><value>Flock Safety</value></Data><Data name="manufacturer:wikidata"><value>Q108485435</value></Data><Data name="operator"><value>San Francisco Police Department</value></Data><Data name="operator:wikidata"><value>Q1320247</value></Data><Data name="surveillance"><value>public</value></Data><Data name="surveillance:type"><value>ALPR</value></Data><Data name="surveillance:zone"><value>traffic</value></Data></ExtendedData><Point><coordinates>-122.4065268,37.7537524</coordinates></Point></Placemark><Placemark><ExtendedData><Data name="@id"><value>node/12493926190</value></Data><Data name="camera:mount"><value>pole</value></Data><Data name="camera:type"><value>fixed</value></Data><Data name="direction"><value>330</value></Data><Data name="man_made"><value>surveillance</value></Data><Data name="manufacturer"><value>Flock Safety</value></Data><Data name="manufacturer:wikidata"><value>Q108485435</value></Data><Data name="operator"><value>San Francisco Police Department</value></Data><Data name="operator:wikidata"><value>Q1320247</value></Data><Data name="surveillance"><value>public</value></Data><Data name="surveillance:type"><value>ALPR</value></Data><Data name="surveillance:zone"><value>traffic</value></Data></ExtendedData><Point><coordinates>-122.4064128,37.7549229</coordinates></Point></Placemark><Placemark><ExtendedData><Data name="@id"><value>node/12493926191</value></Data><Data name="camera:mount"><value>pole</value></Data><Data name="camera:type"><value>fixed</value></Data><Data name="direction"><value>220</value></Data><Data name="man_made"><value>surveillance</value></Data><Data name="manufacturer"><value>Flock Safety</value></Data><Data name="manufacturer:wikidata"><value>Q108485435</value></Data><Data name="operator"><value>San Francisco Police Department</value></Data><Data name="operator:wikidata"><value>Q1320247</value></Data><Data name="surveillance"><value>public</value></Data><Data name="surveillance:type"><value>ALPR</value></Data><Data name="surveillance:zone"><value>traffic</value></Data></ExtendedData><Point><coordinates>-122.4130881,37.7641326</coordinates></Point></Placemark><Placemark><ExtendedData><Data name="@id"><value>node/12493926192</value></Data><Data name="brand"><value>Flock Safety</value></Data><Data name="brand:wikidata"><value>Q108485435</value></Data><Data name="camera:mount"><value>pole</value></Data><Data name="camera:type"><value>fixed</value></Data><Data name="direction"><value>155</value></Data><Data name="man_made"><value>surveillance</value></Data><Data name="manufacturer"><value>Flock Safety</value></Data><Data name="manufacturer:wikidata"><value>Q108485435</value></Data><Data name="operator"><value>San Francisco Police Department</value></Data><Data name="operator:wikidata"><value>Q1320247</value></Data><Data name="surveillance"><value>traffic</value></Data><Data name="surveillance:type"><value>ALPR</value></Data><Data name="surveillance:zone"><value>traffic</value></Data></ExtendedData><Point><coordinates>-122.4135838,37.7691705</coordinates></Point></Placemark><Placemark><ExtendedData><Data name="@id"><value>node/12493926193</value></Data><Data name="camera:mount"><value>pole</value></Data><Data name="camera:type"><value>fixed</value></Data><Data name="direction"><value>150</value></Data><Data name="man_made"><value>surveillance</value></Data><Data name="manufacturer"><value>Flock Safety</value></Data><Data name="manufacturer:wikidata"><value>Q108485435</value></Data><Data name="operator"><value>San Francisco Police Department</value></Data><Data name="operator:wikidata"><value>Q1320247</value></Data><Data name="surveillance"><value>public</value></Data><Data name="surveillance:type"><value>ALPR</value></Data><Data name="surveillance:zone"><value>traffic</value></Data></ExtendedData><Point><coordinates>-122.4150422,37.7615146</coordinates></Point></Placemark><Placemark><ExtendedData><Data name="@id"><value>node/12493926194</value></Data><Data name="camera:mount"><value>pole</value></Data><Data name="camera:type"><value>fixed</value></Data><Data name="direction"><value>55</value></Data><Data name="man_made"><value>surveillance</value></Data><Data name="manufacturer"><value>Flock Safety</value></Data><Data name="manufacturer:wikidata"><value>Q108485435</value></Data><Data name="operator"><value>San Francisco Police Department</value></Data><Data name="operator:wikidata"><value>Q1320247</value></Data><Data name="surveillance"><value>public</value></Data><Data name="surveillance:type"><value>ALPR</value></Data><Data name="surveillance:zone"><value>traffic</value></Data></ExtendedData><Point><coordinates>-122.4213579,37.7698835</coordinates></Point></Placemark><Placemark><ExtendedData><Data name="@id"><value>node/12493926195</value></Data><Data name="camera:mount"><value>pole</value></Data><Data name="camera:type"><value>fixed</value></Data><Data name="direction"><value>325</value></Data><Data name="man_made"><value>surveillance</value></Data><Data name="manufacturer"><value>Flock Safety</value></Data><Data name="manufacturer:wikidata"><value>Q108485435</value></Data><Data name="operator"><value>San Francisco Police Department</value></Data><Data name="operator:wikidata"><value>Q1320247</value></Data><Data name="surveillance"><value>public</value></Data><Data name="surveillance:type"><value>ALPR</value></Data><Data name="surveillance:zone"><value>traffic</value></Data></ExtendedData><Point><coordinates>-122.4196425,37.7655761</coordinates></Point></Placemark><Placemark><ExtendedData><Data name="@id"><value>node/12493926196</value></Data><Data name="camera:mount"><value>pole</value></Data><Data name="camera:type"><value>fixed</value></Data><Data name="direction"><value>145</value></Data><Data name="man_made"><value>surveillance</value></Data><Data name="manufacturer"><value>Flock Safety</value></Data><Data name="manufacturer:wikidata"><value>Q108485435</value></Data><Data name="operator"><value>San Francisco Police Department</value></Data><Data name="operator:wikidata"><value>Q1320247</value></Data><Data name="surveillance"><value>public</value></Data><Data name="surveillance:type"><value>ALPR</value></Data><Data name="surveillance:zone"><value>traffic</value></Data></ExtendedData><Point><coordinates>-122.4182365,37.7490926</coordinates></Point></Placemark><Placemark><ExtendedData><Data name="@id"><value>node/12493926197</value></Data><Data name="camera:mount"><value>pole</value></Data><Data name="camera:type"><value>fixed</value></Data><Data name="direction"><value>155</value></Data><Data name="man_made"><value>surveillance</value></Data><Data name="manufacturer"><value>Flock Safety</value></Data><Data name="manufacturer:wikidata"><value>Q108485435</value></Data><Data name="operator"><value>San Francisco Police Department</value></Data><Data name="operator:wikidata"><value>Q1320247</value></Data><Data name="surveillance"><value>public</value></Data><Data name="surveillance:type"><value>ALPR</value></Data><Data name="surveillance:zone"><value>traffic</value></Data></ExtendedData><Point><coordinates>-122.4240933,37.7387931</coordinates></Point></Placemark><Placemark><ExtendedData><Data name="@id"><value>node/12493926198</value></Data><Data name="camera:mount"><value>pole</value></Data><Data name="camera:type"><value>fixed</value></Data><Data name="direction"><value>190</value></Data><Data name="man_made"><value>surveillance</value></Data><Data name="manufacturer"><value>Flock Safety</value></Data><Data name="manufacturer:wikidata"><value>Q108485435</value></Data><Data name="operator"><value>San Francisco Police Department</value></Data><Data name="operator:wikidata"><value>Q1320247</value></Data><Data name="surveillance"><value>public</value></Data><Data name="surveillance:type"><value>ALPR</value></Data><Data name="surveillance:zone"><value>traffic</value></Data></ExtendedData><Point><coordinates>-122.4292746,37.7309285</coordinates></Point></Placemark><Placemark><ExtendedData><Data name="@id"><value>node/12493926199</value></Data><Data name="camera:mount"><value>pole</value></Data><Data name="camera:type"><value>fixed</value></Data><Data name="direction"><value>335</value></Data><Data name="man_made"><value>surveillance</value></Data><Data name="manufacturer"><value>Flock Safety</value></Data><Data name="manufacturer:wikidata"><value>Q108485435</value></Data><Data name="operator"><value>San Francisco Police Department</value></Data><Data name="operator:wikidata"><value>Q1320247</value></Data><Data name="surveillance"><value>public</value></Data><Data name="surveillance:type"><value>ALPR</value></Data><Data name="surveillance:zone"><value>traffic</value></Data></ExtendedData><Point><coordinates>-122.4110762,37.7356223</coordinates></Point></Placemark><Placemark><ExtendedData><Data name="@id"><value>node/12493926200</value></Data><Data name="camera:mount"><value>pole</value></Data><Data name="camera:type"><value>fixed</value></Data><Data name="direction"><value>300</value></Data><Data name="man_made"><value>surveillance</value></Data><Data name="manufacturer"><value>Flock Safety</value></Data><Data name="manufacturer:wikidata"><value>Q108485435</value></Data><Data name="operator"><value>San Francisco Police Department</value></Data><Data name="operator:wikidata"><value>Q1320247</value></Data><Data name="surveillance"><value>public</value></Data><Data name="surveillance:type"><value>ALPR</value></Data><Data name="surveillance:zone"><value>traffic</value></Data></ExtendedData><Point><coordinates>-122.4056021,37.7325399</coordinates></Point></Placemark><Placemark><ExtendedData><Data name="@id"><value>node/12493934501</value></Data><Data name="camera:mount"><value>pole</value></Data><Data name="camera:type"><value>fixed</value></Data><Data name="direction"><value>280</value></Data><Data name="man_made"><value>surveillance</value></Data><Data name="manufacturer"><value>Flock Safety</value></Data><Data name="manufacturer:wikidata"><value>Q108485435</value></Data><Data name="operator"><value>San Francisco Police Department</value></Data><Data name="operator:wikidata"><value>Q1320247</value></Data><Data name="surveillance"><value>public</value></Data><Data name="surveillance:type"><value>ALPR</value></Data><Data name="surveillance:zone"><value>traffic</value></Data></ExtendedData><Point><coordinates>-122.3861069,37.7331803</coordinates></Point></Placemark><Placemark><ExtendedData><Data name="@id"><value>node/12497079749</value></Data><Data name="camera:mount"><value>pole</value></Data><Data name="camera:type"><value>fixed</value></Data><Data name="direction"><value>15</value></Data><Data name="man_made"><value>surveillance</value></Data><Data name="manufacturer"><value>Flock Safety</value></Data><Data name="manufacturer:wikidata"><value>Q108485435</value></Data><Data name="operator"><value>San Francisco Police Department</value></Data><Data name="operator:wikidata"><value>Q1320247</value></Data><Data name="surveillance"><value>public</value></Data><Data name="surveillance:type"><value>ALPR</value></Data><Data name="surveillance:zone"><value>traffic</value></Data></ExtendedData><Point><coordinates>-122.4311222,37.7288066</coordinates></Point></Placemark><Placemark><ExtendedData><Data name="@id"><value>node/12500003217</value></Data><Data name="camera:mount"><value>pole</value></Data><Data name="camera:type"><value>fixed</value></Data><Data name="direction"><value>350</value></Data><Data name="man_made"><value>surveillance</value></Data><Data name="manufacturer"><value>Flock Safety</value></Data><Data name="manufacturer:wikidata"><value>Q108485435</value></Data><Data name="operator"><value>San Francisco Police Department</value></Data><Data name="operator:wikidata"><value>Q1320247</value></Data><Data name="surveillance"><value>public</value></Data><Data name="surveillance:type"><value>ALPR</value></Data><Data name="surveillance:zone"><value>traffic</value></Data></ExtendedData><Point><coordinates>-122.3897555,37.7371583</coordinates></Point></Placemark><Placemark><ExtendedData><Data name="@id"><value>node/12511423022</value></Data><Data name="camera:mount"><value>pole</value></Data><Data name="camera:type"><value>fixed</value></Data><Data name="direction"><value>280</value></Data><Data name="man_made"><value>surveillance</value></Data><Data name="manufacturer"><value>Flock Safety</value></Data><Data name="manufacturer:wikidata"><value>Q108485435</value></Data><Data name="operator"><value>San Francisco Police Department</value></Data><Data name="operator:wikidata"><value>Q1320247</value></Data><Data name="surveillance"><value>public</value></Data><Data name="surveillance:type"><value>ALPR</value></Data><Data name="surveillance:zone"><value>traffic</value></Data></ExtendedData><Point><coordinates>-122.3880896,37.7428399</coordinates></Point></Placemark><Placemark><ExtendedData><Data name="@id"><value>node/12511423023</value></Data><Data name="camera:mount"><value>pole</value></Data><Data name="camera:type"><value>fixed</value></Data><Data name="direction"><value>150</value></Data><Data name="man_made"><value>surveillance</value></Data><Data name="manufacturer"><value>Flock Safety</value></Data><Data name="manufacturer:wikidata"><value>Q108485435</value></Data><Data name="operator"><value>San Francisco Police Department</value></Data><Data name="operator:wikidata"><value>Q1320247</value></Data><Data name="surveillance"><value>public</value></Data><Data name="surveillance:type"><value>ALPR</value></Data><Data name="surveillance:zone"><value>traffic</value></Data></ExtendedData><Point><coordinates>-122.3928043,37.7529384</coordinates></Point></Placemark><Placemark><ExtendedData><Data name="@id"><value>node/12511423024</value></Data><Data name="camera:mount"><value>pole</value></Data><Data name="camera:type"><value>fixed</value></Data><Data name="direction"><value>330</value></Data><Data name="man_made"><value>surveillance</value></Data><Data name="manufacturer"><value>Flock Safety</value></Data><Data name="manufacturer:wikidata"><value>Q108485435</value></Data><Data name="operator"><value>San Francisco Police Department</value></Data><Data name="operator:wikidata"><value>Q1320247</value></Data><Data name="surveillance"><value>public</value></Data><Data name="surveillance:type"><value>ALPR</value></Data><Data name="surveillance:zone"><value>traffic</value></Data></ExtendedData><Point><coordinates>-122.3927436,37.753916</coordinates></Point></Placemark><Placemark><ExtendedData><Data name="@id"><value>node/12516148309</value></Data><Data name="camera:mount"><value>pole</value></Data><Data name="camera:type"><value>fixed</value></Data><Data name="direction"><value>65</value></Data><Data name="man_made"><value>surveillance</value></Data><Data name="manufacturer"><value>Flock Safety</value></Data><Data name="manufacturer:wikidata"><value>Q108485435</value></Data><Data name="operator"><value>San Francisco Police Department</value></Data><Data name="operator:wikidata"><value>Q1320247</value></Data><Data name="surveillance"><value>public</value></Data><Data name="surveillance:type"><value>ALPR</value></Data><Data name="surveillance:zone"><value>traffic</value></Data></ExtendedData><Point><coordinates>-122.3667932,37.8110694</coordinates></Point></Placemark><Placemark><ExtendedData><Data name="@id"><value>node/12516148310</value></Data><Data name="camera:mount"><value>pole</value></Data><Data name="camera:type"><value>fixed</value></Data><Data name="direction"><value>290</value></Data><Data name="man_made"><value>surveillance</value></Data><Data name="manufacturer"><value>Flock Safety</value></Data><Data name="manufacturer:wikidata"><value>Q108485435</value></Data><Data name="operator"><value>San Francisco Police Department</value></Data><Data name="operator:wikidata"><value>Q1320247</value></Data><Data name="surveillance"><value>public</value></Data><Data name="surveillance:type"><value>ALPR</value></Data><Data name="surveillance:zone"><value>traffic</value></Data></ExtendedData><Point><coordinates>-122.3670123,37.8110707</coordinates></Point></Placemark><Placemark><ExtendedData><Data name="@id"><value>node/12521808857</value></Data><Data name="camera:mount"><value>pole</value></Data><Data name="camera:type"><value>fixed</value></Data><Data name="direction"><value>270</value></Data><Data name="man_made"><value>surveillance</value></Data><Data name="manufacturer"><value>Flock Safety</value></Data><Data name="manufacturer:wikidata"><value>Q108485435</value></Data><Data name="operator"><value>San Francisco Police Department</value></Data><Data name="operator:wikidata"><value>Q1320247</value></Data><Data name="surveillance"><value>public</value></Data><Data name="surveillance:type"><value>ALPR</value></Data><Data name="surveillance:zone"><value>traffic</value></Data></ExtendedData><Point><coordinates>-122.3875512,37.7444371</coordinates></Point></Placemark><Placemark><ExtendedData><Data name="@id"><value>node/12528226846</value></Data><Data name="camera:mount"><value>pole</value></Data><Data name="camera:type"><value>fixed</value></Data><Data name="direction"><value>110</value></Data><Data name="man_made"><value>surveillance</value></Data><Data name="manufacturer"><value>Flock Safety</value></Data><Data name="manufacturer:wikidata"><value>Q108485435</value></Data><Data name="operator"><value>San Francisco Police Department</value></Data><Data name="operator:wikidata"><value>Q1320247</value></Data><Data name="surveillance"><value>public</value></Data><Data name="surveillance:type"><value>ALPR</value></Data><Data name="surveillance:zone"><value>traffic</value></Data></ExtendedData><Point><coordinates>-122.4216624,37.7959643</coordinates></Point></Placemark><Placemark><ExtendedData><Data name="@id"><value>node/12528245319</value></Data><Data name="camera:mount"><value>pole</value></Data><Data name="camera:type"><value>fixed</value></Data><Data name="direction"><value>200</value></Data><Data name="man_made"><value>surveillance</value></Data><Data name="manufacturer"><value>Flock Safety</value></Data><Data name="manufacturer:wikidata"><value>Q108485435</value></Data><Data name="operator"><value>San Francisco Police Department</value></Data><Data name="operator:wikidata"><value>Q1320247</value></Data><Data name="surveillance"><value>public</value></Data><Data name="surveillance:type"><value>ALPR</value></Data><Data name="surveillance:zone"><value>traffic</value></Data></ExtendedData><Point><coordinates>-122.393521,37.7857601</coordinates></Point></Placemark><Placemark><ExtendedData><Data name="@id"><value>node/12528245320</value></Data><Data name="camera:mount"><value>pole</value></Data><Data name="camera:type"><value>fixed</value></Data><Data name="direction"><value>285</value></Data><Data name="man_made"><value>surveillance</value></Data><Data name="manufacturer"><value>Flock Safety</value></Data><Data name="manufacturer:wikidata"><value>Q108485435</value></Data><Data name="operator"><value>San Francisco Police Department</value></Data><Data name="operator:wikidata"><value>Q1320247</value></Data><Data name="surveillance"><value>public</value></Data><Data name="surveillance:type"><value>ALPR</value></Data><Data name="surveillance:zone"><value>traffic</value></Data></ExtendedData><Point><coordinates>-122.3942597,37.7886208</coordinates></Point></Placemark><Placemark><ExtendedData><Data name="@id"><value>node/12528271649</value></Data><Data name="camera:mount"><value>pole</value></Data><Data name="camera:type"><value>fixed</value></Data><Data name="direction"><value>230</value></Data><Data name="man_made"><value>surveillance</value></Data><Data name="manufacturer"><value>Flock Safety</value></Data><Data name="manufacturer:wikidata"><value>Q108485435</value></Data><Data name="operator"><value>San Francisco Police Department</value></Data><Data name="operator:wikidata"><value>Q1320247</value></Data><Data name="surveillance"><value>public</value></Data><Data name="surveillance:type"><value>ALPR</value></Data><Data name="surveillance:zone"><value>traffic</value></Data></ExtendedData><Point><coordinates>-122.4083647,37.7737568</coordinates></Point></Placemark><Placemark><ExtendedData><Data name="@id"><value>node/12528271650</value></Data><Data name="camera:mount"><value>pole</value></Data><Data name="camera:type"><value>fixed</value></Data><Data name="direction"><value>160</value></Data><Data name="man_made"><value>surveillance</value></Data><Data name="manufacturer"><value>Flock Safety</value></Data><Data name="manufacturer:wikidata"><value>Q108485435</value></Data><Data name="operator"><value>San Francisco Police Department</value></Data><Data name="operator:wikidata"><value>Q1320247</value></Data><Data name="surveillance"><value>public</value></Data><Data name="surveillance:type"><value>ALPR</value></Data><Data name="surveillance:zone"><value>traffic</value></Data></ExtendedData><Point><coordinates>-122.4075882,37.7730882</coordinates></Point></Placemark><Placemark><ExtendedData><Data name="@id"><value>node/12528271651</value></Data><Data name="camera:mount"><value>pole</value></Data><Data name="camera:type"><value>fixed</value></Data><Data name="direction"><value>290</value></Data><Data name="man_made"><value>surveillance</value></Data><Data name="manufacturer"><value>Flock Safety</value></Data><Data name="manufacturer:wikidata"><value>Q108485435</value></Data><Data name="operator"><value>San Francisco Police Department</value></Data><Data name="operator:wikidata"><value>Q1320247</value></Data><Data name="surveillance"><value>public</value></Data><Data name="surveillance:type"><value>ALPR</value></Data><Data name="surveillance:zone"><value>traffic</value></Data></ExtendedData><Point><coordinates>-122.4046004,37.7707296</coordinates></Point></Placemark><Placemark><ExtendedData><Data name="@id"><value>node/12530181081</value></Data><Data name="camera:mount"><value>pole</value></Data><Data name="camera:type"><value>fixed</value></Data><Data name="direction"><value>210</value></Data><Data name="man_made"><value>surveillance</value></Data><Data name="manufacturer"><value>Flock Safety</value></Data><Data name="manufacturer:wikidata"><value>Q108485435</value></Data><Data name="operator"><value>San Francisco Police Department</value></Data><Data name="operator:wikidata"><value>Q1320247</value></Data><Data name="surveillance"><value>public</value></Data><Data name="surveillance:type"><value>ALPR</value></Data><Data name="surveillance:zone"><value>traffic</value></Data></ExtendedData><Point><coordinates>-122.4759454,37.7310336</coordinates></Point></Placemark><Placemark><ExtendedData><Data name="@id"><value>node/12530181082</value></Data><Data name="camera:mount"><value>pole</value></Data><Data name="camera:type"><value>fixed</value></Data><Data name="direction"><value>115</value></Data><Data name="image"><value>https://alpr.pictures/san-francisco/lincoln%20ebfs%20great%20hwy.jpg</value></Data><Data name="man_made"><value>surveillance</value></Data><Data name="manufacturer"><value>Flock Safety</value></Data><Data name="manufacturer:wikidata"><value>Q108485435</value></Data><Data name="operator"><value>San Francisco Police Department</value></Data><Data name="operator:wikidata"><value>Q1320247</value></Data><Data name="surveillance"><value>public</value></Data><Data name="surveillance:type"><value>ALPR</value></Data><Data name="surveillance:zone"><value>traffic</value></Data></ExtendedData><Point><coordinates>-122.5101504,37.7640127</coordinates></Point></Placemark><Placemark><ExtendedData><Data name="@id"><value>node/12530181083</value></Data><Data name="camera:mount"><value>pole</value></Data><Data name="camera:type"><value>fixed</value></Data><Data name="direction"><value>340</value></Data><Data name="image"><value>https://alpr.pictures/san-francisco/great%20hwy%20nbfs%20lincoln.jpg</value></Data><Data name="man_made"><value>surveillance</value></Data><Data name="manufacturer"><value>Flock Safety</value></Data><Data name="manufacturer:wikidata"><value>Q108485435</value></Data><Data name="operator"><value>San Francisco Police Department</value></Data><Data name="operator:wikidata"><value>Q1320247</value></Data><Data name="surveillance"><value>public</value></Data><Data name="surveillance:type"><value>ALPR</value></Data><Data name="surveillance:zone"><value>traffic</value></Data></ExtendedData><Point><coordinates>-122.5102503,37.7645088</coordinates></Point></Placemark><Placemark><ExtendedData><Data name="@id"><value>node/12530181084</value></Data><Data name="camera:mount"><value>pole</value></Data><Data name="camera:type"><value>fixed</value></Data><Data name="direction"><value>185</value></Data><Data name="man_made"><value>surveillance</value></Data><Data name="manufacturer"><value>Flock Safety</value></Data><Data name="manufacturer:wikidata"><value>Q108485435</value></Data><Data name="operator"><value>San Francisco Police Department</value></Data><Data name="operator:wikidata"><value>Q1320247</value></Data><Data name="surveillance"><value>public</value></Data><Data name="surveillance:type"><value>ALPR</value></Data><Data name="surveillance:zone"><value>traffic</value></Data></ExtendedData><Point><coordinates>-122.4841815,37.7723644</coordinates></Point></Placemark><Placemark><ExtendedData><Data name="@id"><value>node/12530181085</value></Data><Data name="camera:mount"><value>pole</value></Data><Data name="camera:type"><value>fixed</value></Data><Data name="direction"><value>55</value></Data><Data name="man_made"><value>surveillance</value></Data><Data name="manufacturer"><value>Flock Safety</value></Data><Data name="manufacturer:wikidata"><value>Q108485435</value></Data><Data name="operator"><value>San Francisco Police Department</value></Data><Data name="operator:wikidata"><value>Q1320247</value></Data><Data name="surveillance"><value>public</value></Data><Data name="surveillance:type"><value>ALPR</value></Data><Data name="surveillance:zone"><value>traffic</value></Data></ExtendedData><Point><coordinates>-122.4840431,37.7725303</coordinates></Point></Placemark><Placemark><ExtendedData><Data name="@id"><value>node/12530181086</value></Data><Data name="camera:mount"><value>pole</value></Data><Data name="camera:type"><value>fixed</value></Data><Data name="direction"><value>295</value></Data><Data name="man_made"><value>surveillance</value></Data><Data name="manufacturer"><value>Flock Safety</value></Data><Data name="manufacturer:wikidata"><value>Q108485435</value></Data><Data name="operator"><value>San Francisco Police Department</value></Data><Data name="operator:wikidata"><value>Q1320247</value></Data><Data name="surveillance"><value>public</value></Data><Data name="surveillance:type"><value>ALPR</value></Data><Data name="surveillance:zone"><value>traffic</value></Data></ExtendedData><Point><coordinates>-122.4740543,37.7805856</coordinates></Point></Placemark><Placemark><ExtendedData><Data name="@id"><value>node/12530181087</value></Data><Data name="camera:mount"><value>pole</value></Data><Data name="camera:type"><value>fixed</value></Data><Data name="direction"><value>120</value></Data><Data name="image"><value>https://alpr.pictures/san-francisco/geary%20ebfs%2034th.jpg</value></Data><Data name="man_made"><value>surveillance</value></Data><Data name="manufacturer"><value>Flock Safety</value></Data><Data name="manufacturer:wikidata"><value>Q108485435</value></Data><Data name="operator"><value>San Francisco Police Department</value></Data><Data name="operator:wikidata"><value>Q1320247</value></Data><Data name="surveillance"><value>public</value></Data><Data name="surveillance:type"><value>ALPR</value></Data><Data name="surveillance:zone"><value>traffic</value></Data></ExtendedData><Point><coordinates>-122.4942356,37.7796704</coordinates></Point></Placemark><Placemark><ExtendedData><Data name="@id"><value>node/12530181088</value></Data><Data name="camera:mount"><value>pole</value></Data><Data name="camera:type"><value>fixed</value></Data><Data name="direction"><value>295</value></Data><Data name="image"><value>https://alpr.pictures/san-francisco/geary%20wbfs%2034th.jpg</value></Data><Data name="man_made"><value>surveillance</value></Data><Data name="manufacturer"><value>Flock Safety</value></Data><Data name="manufacturer:wikidata"><value>Q108485435</value></Data><Data name="operator"><value>San Francisco Police Department</value></Data><Data name="operator:wikidata"><value>Q1320247</value></Data><Data name="surveillance"><value>public</value></Data><Data name="surveillance:type"><value>ALPR</value></Data><Data name="surveillance:zone"><value>traffic</value></Data></ExtendedData><Point><coordinates>-122.4945713,37.779656</coordinates></Point></Placemark><Placemark><ExtendedData><Data name="@id"><value>node/12530181089</value></Data><Data name="camera:mount"><value>pole</value></Data><Data name="camera:type"><value>fixed</value></Data><Data name="direction"><value>55</value></Data><Data name="man_made"><value>surveillance</value></Data><Data name="manufacturer"><value>Flock Safety</value></Data><Data name="manufacturer:wikidata"><value>Q108485435</value></Data><Data name="operator"><value>San Francisco Police Department</value></Data><Data name="operator:wikidata"><value>Q1320247</value></Data><Data name="surveillance"><value>public</value></Data><Data name="surveillance:type"><value>ALPR</value></Data><Data name="surveillance:zone"><value>traffic</value></Data></ExtendedData><Point><coordinates>-122.5094037,37.7797693</coordinates></Point></Placemark><Placemark><ExtendedData><Data name="@id"><value>node/12530181090</value></Data><Data name="camera:mount"><value>pole</value></Data><Data name="camera:type"><value>fixed</value></Data><Data name="direction"><value>235</value></Data><Data name="image"><value>https://alpr.pictures/san-francisco/clement%20wbfs%2033rd.jpg</value></Data><Data name="man_made"><value>surveillance</value></Data><Data name="manufacturer"><value>Flock Safety</value></Data><Data name="manufacturer:wikidata"><value>Q108485435</value></Data><Data name="operator"><value>San Francisco Police Department</value></Data><Data name="operator:wikidata"><value>Q1320247</value></Data><Data name="surveillance"><value>public</value></Data><Data name="surveillance:type"><value>ALPR</value></Data><Data name="surveillance:zone"><value>traffic</value></Data></ExtendedData><Point><coordinates>-122.4933451,37.7817269</coordinates></Point></Placemark><Placemark><ExtendedData><Data name="@id"><value>node/12530181091</value></Data><Data name="camera:mount"><value>pole</value></Data><Data name="camera:type"><value>fixed</value></Data><Data name="direction"><value>145</value></Data><Data name="man_made"><value>surveillance</value></Data><Data name="manufacturer"><value>Flock Safety</value></Data><Data name="manufacturer:wikidata"><value>Q108485435</value></Data><Data name="operator"><value>San Francisco Police Department</value></Data><Data name="operator:wikidata"><value>Q1320247</value></Data><Data name="surveillance"><value>public</value></Data><Data name="surveillance:type"><value>ALPR</value></Data><Data name="surveillance:zone"><value>traffic</value></Data></ExtendedData><Point><coordinates>-122.4724542,37.7805373</coordinates></Point></Placemark><Placemark><ExtendedData><Data name="@id"><value>node/12530181093</value></Data><Data name="camera:mount"><value>pole</value></Data><Data name="camera:type"><value>fixed</value></Data><Data name="direction"><value>350</value></Data><Data name="man_made"><value>surveillance</value></Data><Data name="manufacturer"><value>Flock Safety</value></Data><Data name="manufacturer:wikidata"><value>Q108485435</value></Data><Data name="operator"><value>San Francisco Police Department</value></Data><Data name="operator:wikidata"><value>Q1320247</value></Data><Data name="surveillance"><value>public</value></Data><Data name="surveillance:type"><value>ALPR</value></Data><Data name="surveillance:zone"><value>traffic</value></Data></ExtendedData><Point><coordinates>-122.447136,37.7826254</coordinates></Point></Placemark><Placemark><ExtendedData><Data name="@id"><value>node/12530181094</value></Data><Data name="camera:mount"><value>pole</value></Data><Data name="camera:type"><value>fixed</value></Data><Data name="direction"><value>55</value></Data><Data name="man_made"><value>surveillance</value></Data><Data name="manufacturer"><value>Flock Safety</value></Data><Data name="manufacturer:wikidata"><value>Q108485435</value></Data><Data name="operator"><value>San Francisco Police Department</value></Data><Data name="operator:wikidata"><value>Q1320247</value></Data><Data name="surveillance"><value>public</value></Data><Data name="surveillance:type"><value>ALPR</value></Data><Data name="surveillance:zone"><value>traffic</value></Data></ExtendedData><Point><coordinates>-122.4441133,37.7826412</coordinates></Point></Placemark><Placemark><ExtendedData><Data name="@id"><value>node/12530181095</value></Data><Data name="camera:mount"><value>pole</value></Data><Data name="camera:type"><value>fixed</value></Data><Data name="direction"><value>320</value></Data><Data name="man_made"><value>surveillance</value></Data><Data name="manufacturer"><value>Flock Safety</value></Data><Data name="manufacturer:wikidata"><value>Q108485435</value></Data><Data name="operator"><value>San Francisco Police Department</value></Data><Data name="operator:wikidata"><value>Q1320247</value></Data><Data name="surveillance"><value>public</value></Data><Data name="surveillance:type"><value>ALPR</value></Data><Data name="surveillance:zone"><value>traffic</value></Data></ExtendedData><Point><coordinates>-122.4311254,37.7847902</coordinates></Point></Placemark><Placemark><ExtendedData><Data name="@id"><value>node/12530181096</value></Data><Data name="camera:mount"><value>pole</value></Data><Data name="camera:type"><value>fixed</value></Data><Data name="direction"><value>235</value></Data><Data name="man_made"><value>surveillance</value></Data><Data name="manufacturer"><value>Flock Safety</value></Data><Data name="manufacturer:wikidata"><value>Q108485435</value></Data><Data name="operator"><value>San Francisco Police Department</value></Data><Data name="operator:wikidata"><value>Q1320247</value></Data><Data name="surveillance"><value>public</value></Data><Data name="surveillance:type"><value>ALPR</value></Data><Data name="surveillance:zone"><value>traffic</value></Data></ExtendedData><Point><coordinates>-122.4313888,37.7846679</coordinates></Point></Placemark><Placemark><ExtendedData><Data name="@id"><value>node/12530181097</value></Data><Data name="camera:mount"><value>pole</value></Data><Data name="camera:type"><value>fixed</value></Data><Data name="direction"><value>110</value></Data><Data name="man_made"><value>surveillance</value></Data><Data name="manufacturer"><value>Flock Safety</value></Data><Data name="manufacturer:wikidata"><value>Q108485435</value></Data><Data name="operator"><value>San Francisco Police Department</value></Data><Data name="operator:wikidata"><value>Q1320247</value></Data><Data name="surveillance"><value>public</value></Data><Data name="surveillance:type"><value>ALPR</value></Data><Data name="surveillance:zone"><value>traffic</value></Data></ExtendedData><Point><coordinates>-122.4303432,37.7846905</coordinates></Point></Placemark><Placemark><ExtendedData><Data name="@id"><value>node/12530181098</value></Data><Data name="camera:mount"><value>pole</value></Data><Data name="camera:type"><value>fixed</value></Data><Data name="direction"><value>310</value></Data><Data name="man_made"><value>surveillance</value></Data><Data name="manufacturer"><value>Flock Safety</value></Data><Data name="manufacturer:wikidata"><value>Q108485435</value></Data><Data name="operator"><value>San Francisco Police Department</value></Data><Data name="operator:wikidata"><value>Q1320247</value></Data><Data name="surveillance"><value>public</value></Data><Data name="surveillance:type"><value>ALPR</value></Data><Data name="surveillance:zone"><value>traffic</value></Data></ExtendedData><Point><coordinates>-122.417712,37.7706596</coordinates></Point></Placemark><Placemark><ExtendedData><Data name="@id"><value>node/12530181099</value></Data><Data name="camera:mount"><value>pole</value></Data><Data name="camera:type"><value>fixed</value></Data><Data name="direction"><value>185</value></Data><Data name="man_made"><value>surveillance</value></Data><Data name="manufacturer"><value>Flock Safety</value></Data><Data name="manufacturer:wikidata"><value>Q108485435</value></Data><Data name="operator"><value>San Francisco Police Department</value></Data><Data name="operator:wikidata"><value>Q1320247</value></Data><Data name="surveillance"><value>public</value></Data><Data name="surveillance:type"><value>ALPR</value></Data><Data name="surveillance:zone"><value>traffic</value></Data></ExtendedData><Point><coordinates>-122.4055842,37.7428059</coordinates></Point></Placemark><Placemark><ExtendedData><Data name="@id"><value>node/12530181100</value></Data><Data name="camera:mount"><value>pole</value></Data><Data name="camera:type"><value>fixed</value></Data><Data name="direction"><value>275</value></Data><Data name="man_made"><value>surveillance</value></Data><Data name="manufacturer"><value>Flock Safety</value></Data><Data name="manufacturer:wikidata"><value>Q108485435</value></Data><Data name="operator"><value>San Francisco Police Department</value></Data><Data name="operator:wikidata"><value>Q1320247</value></Data><Data name="surveillance"><value>public</value></Data><Data name="surveillance:type"><value>ALPR</value></Data><Data name="surveillance:zone"><value>traffic</value></Data></ExtendedData><Point><coordinates>-122.4004897,37.7397877</coordinates></Point></Placemark><Placemark><ExtendedData><Data name="@id"><value>node/12533067671</value></Data><Data name="camera:mount"><value>pole</value></Data><Data name="camera:type"><value>fixed</value></Data><Data name="direction"><value>310</value></Data><Data name="man_made"><value>surveillance</value></Data><Data name="manufacturer"><value>Flock Safety</value></Data><Data name="manufacturer:wikidata"><value>Q108485435</value></Data><Data name="operator"><value>San Francisco Police Department</value></Data><Data name="operator:wikidata"><value>Q1320247</value></Data><Data name="surveillance"><value>public</value></Data><Data name="surveillance:type"><value>ALPR</value></Data><Data name="surveillance:zone"><value>traffic</value></Data></ExtendedData><Point><coordinates>-122.4271478,37.7497226</coordinates></Point></Placemark><Placemark><ExtendedData><Data name="@id"><value>node/12533326765</value></Data><Data name="camera:mount"><value>pole</value></Data><Data name="camera:type"><value>fixed</value></Data><Data name="direction"><value>320</value></Data><Data name="man_made"><value>surveillance</value></Data><Data name="manufacturer"><value>Flock Safety</value></Data><Data name="manufacturer:wikidata"><value>Q108485435</value></Data><Data name="operator"><value>San Francisco Police Department</value></Data><Data name="operator:wikidata"><value>Q1320247</value></Data><Data name="surveillance"><value>public</value></Data><Data name="surveillance:type"><value>ALPR</value></Data><Data name="surveillance:zone"><value>traffic</value></Data></ExtendedData><Point><coordinates>-122.4238659,37.7403284</coordinates></Point></Placemark><Placemark><ExtendedData><Data name="@id"><value>node/12535175426</value></Data><Data name="camera:mount"><value>pole</value></Data><Data name="camera:type"><value>fixed</value></Data><Data name="direction"><value>10</value></Data><Data name="man_made"><value>surveillance</value></Data><Data name="manufacturer"><value>Flock Safety</value></Data><Data name="manufacturer:wikidata"><value>Q108485435</value></Data><Data name="operator"><value>San Francisco Police Department</value></Data><Data name="operator:wikidata"><value>Q1320247</value></Data><Data name="surveillance"><value>public</value></Data><Data name="surveillance:type"><value>ALPR</value></Data><Data name="surveillance:zone"><value>traffic</value></Data></ExtendedData><Point><coordinates>-122.3884098,37.7335561</coordinates></Point></Placemark><Placemark><ExtendedData><Data name="@id"><value>node/12535195704</value></Data><Data name="camera:mount"><value>pole</value></Data><Data name="camera:type"><value>fixed</value></Data><Data name="direction"><value>195</value></Data><Data name="man_made"><value>surveillance</value></Data><Data name="manufacturer"><value>Flock Safety</value></Data><Data name="manufacturer:wikidata"><value>Q108485435</value></Data><Data name="operator"><value>San Francisco Police Department</value></Data><Data name="operator:wikidata"><value>Q1320247</value></Data><Data name="surveillance"><value>public</value></Data><Data name="surveillance:type"><value>ALPR</value></Data><Data name="surveillance:zone"><value>traffic</value></Data></ExtendedData><Point><coordinates>-122.4028919,37.7856858</coordinates></Point></Placemark><Placemark><ExtendedData><Data name="@id"><value>node/12535195705</value></Data><Data name="camera:mount"><value>pole</value></Data><Data name="camera:type"><value>fixed</value></Data><Data name="direction"><value>290</value></Data><Data name="man_made"><value>surveillance</value></Data><Data name="manufacturer"><value>Flock Safety</value></Data><Data name="manufacturer:wikidata"><value>Q108485435</value></Data><Data name="operator"><value>San Francisco Police Department</value></Data><Data name="operator:wikidata"><value>Q1320247</value></Data><Data name="surveillance"><value>public</value></Data><Data name="surveillance:type"><value>ALPR</value></Data><Data name="surveillance:zone"><value>traffic</value></Data></ExtendedData><Point><coordinates>-122.410928,37.7793068</coordinates></Point></Placemark><Placemark><ExtendedData><Data name="@id"><value>node/12535195706</value></Data><Data name="camera:mount"><value>pole</value></Data><Data name="camera:type"><value>fixed</value></Data><Data name="direction"><value>325</value></Data><Data name="fixme"><value>position_estimated</value></Data><Data name="man_made"><value>surveillance</value></Data><Data name="manufacturer"><value>Flock Safety</value></Data><Data name="manufacturer:wikidata"><value>Q108485435</value></Data><Data name="operator"><value>San Francisco Police Department</value></Data><Data name="operator:wikidata"><value>Q1320247</value></Data><Data name="surveillance"><value>public</value></Data><Data name="surveillance:type"><value>ALPR</value></Data><Data name="surveillance:zone"><value>traffic</value></Data></ExtendedData><Point><coordinates>-122.4165514,37.7788432</coordinates></Point></Placemark><Placemark><ExtendedData><Data name="@id"><value>node/12535195707</value></Data><Data name="camera:mount"><value>pole</value></Data><Data name="camera:type"><value>fixed</value></Data><Data name="direction"><value>235</value></Data><Data name="man_made"><value>surveillance</value></Data><Data name="manufacturer"><value>Flock Safety</value></Data><Data name="manufacturer:wikidata"><value>Q108485435</value></Data><Data name="operator"><value>San Francisco Police Department</value></Data><Data name="operator:wikidata"><value>Q1320247</value></Data><Data name="surveillance"><value>public</value></Data><Data name="surveillance:type"><value>ALPR</value></Data><Data name="surveillance:zone"><value>traffic</value></Data></ExtendedData><Point><coordinates>-122.4175957,37.7804859</coordinates></Point></Placemark><Placemark><ExtendedData><Data name="@id"><value>node/12535195708</value></Data><Data name="camera:mount"><value>pole</value></Data><Data name="camera:type"><value>fixed</value></Data><Data name="direction"><value>55</value></Data><Data name="man_made"><value>surveillance</value></Data><Data name="manufacturer"><value>Flock Safety</value></Data><Data name="manufacturer:wikidata"><value>Q108485435</value></Data><Data name="operator"><value>San Francisco Police Department</value></Data><Data name="operator:wikidata"><value>Q1320247</value></Data><Data name="surveillance"><value>public</value></Data><Data name="surveillance:type"><value>ALPR</value></Data><Data name="surveillance:zone"><value>traffic</value></Data></ExtendedData><Point><coordinates>-122.4175672,37.7803547</coordinates></Point></Placemark><Placemark><ExtendedData><Data name="@id"><value>node/12535195709</value></Data><Data name="camera:mount"><value>pole</value></Data><Data name="camera:type"><value>fixed</value></Data><Data name="direction"><value>330</value></Data><Data name="man_made"><value>surveillance</value></Data><Data name="manufacturer"><value>Flock Safety</value></Data><Data name="manufacturer:wikidata"><value>Q108485435</value></Data><Data name="operator"><value>San Francisco Police Department</value></Data><Data name="operator:wikidata"><value>Q1320247</value></Data><Data name="surveillance"><value>public</value></Data><Data name="surveillance:type"><value>ALPR</value></Data><Data name="surveillance:zone"><value>traffic</value></Data></ExtendedData><Point><coordinates>-122.4259476,37.7613848</coordinates></Point></Placemark><Placemark><ExtendedData><Data name="@id"><value>node/12535195710</value></Data><Data name="camera:mount"><value>pole</value></Data><Data name="camera:type"><value>fixed</value></Data><Data name="direction"><value>145</value></Data><Data name="man_made"><value>surveillance</value></Data><Data name="manufacturer"><value>Flock Safety</value></Data><Data name="manufacturer:wikidata"><value>Q108485435</value></Data><Data name="operator"><value>San Francisco Police Department</value></Data><Data name="operator:wikidata"><value>Q1320247</value></Data><Data name="surveillance"><value>public</value></Data><Data name="surveillance:type"><value>ALPR</value></Data><Data name="surveillance:zone"><value>traffic</value></Data></ExtendedData><Point><coordinates>-122.4261786,37.7610301</coordinates></Point></Placemark><Placemark><ExtendedData><Data name="@id"><value>node/12535203745</value></Data><Data name="camera:direction"><value>264</value></Data><Data name="camera:mount"><value>wall</value></Data><Data name="camera:type"><value>dome</value></Data><Data name="man_made"><value>surveillance</value></Data><Data name="surveillance"><value>public</value></Data><Data name="surveillance:type"><value>camera</value></Data><Data name="surveillance:zone"><value>parking</value></Data></ExtendedData><Point><coordinates>-122.4692195,37.8053074</coordinates></Point></Placemark><Placemark><ExtendedData><Data name="@id"><value>node/12535387621</value></Data><Data name="camera:mount"><value>pole</value></Data><Data name="camera:type"><value>fixed</value></Data><Data name="direction"><value>50</value></Data><Data name="man_made"><value>surveillance</value></Data><Data name="manufacturer"><value>Flock Safety</value></Data><Data name="manufacturer:wikidata"><value>Q108485435</value></Data><Data name="operator"><value>San Francisco Police Department</value></Data><Data name="operator:wikidata"><value>Q1320247</value></Data><Data name="surveillance"><value>public</value></Data><Data name="surveillance:type"><value>ALPR</value></Data><Data name="surveillance:zone"><value>traffic</value></Data></ExtendedData><Point><coordinates>-122.3854345,37.7328604</coordinates></Point></Placemark><Placemark><ExtendedData><Data name="@id"><value>node/12536549359</value></Data><Data name="camera:mount"><value>pole</value></Data><Data name="camera:type"><value>fixed</value></Data><Data name="direction"><value>140</value></Data><Data name="image"><value>https://alpr.pictures/san-francisco/laguna%20sbfs%20north%20point.jpg</value></Data><Data name="man_made"><value>surveillance</value></Data><Data name="manufacturer"><value>Flock Safety</value></Data><Data name="manufacturer:wikidata"><value>Q108485435</value></Data><Data name="operator"><value>San Francisco Police Department</value></Data><Data name="operator:wikidata"><value>Q1320247</value></Data><Data name="surveillance"><value>public</value></Data><Data name="surveillance:type"><value>ALPR</value></Data><Data name="surveillance:zone"><value>traffic</value></Data></ExtendedData><Point><coordinates>-122.4319584,37.8041662</coordinates></Point></Placemark><Placemark><ExtendedData><Data name="@id"><value>node/12536549360</value></Data><Data name="camera:mount"><value>pole</value></Data><Data name="camera:type"><value>fixed</value></Data><Data name="direction"><value>235</value></Data><Data name="image"><value>https://alpr.pictures/san-francisco/marina%20wbfs%20laguna.jpg</value></Data><Data name="man_made"><value>surveillance</value></Data><Data name="manufacturer"><value>Flock Safety</value></Data><Data name="manufacturer:wikidata"><value>Q108485435</value></Data><Data name="operator"><value>San Francisco Police Department</value></Data><Data name="operator:wikidata"><value>Q1320247</value></Data><Data name="surveillance"><value>public</value></Data><Data name="surveillance:type"><value>ALPR</value></Data><Data name="surveillance:zone"><value>traffic</value></Data></ExtendedData><Point><coordinates>-122.4322416,37.8052998</coordinates></Point></Placemark><Placemark><ExtendedData><Data name="@id"><value>node/12536549361</value></Data><Data name="camera:mount"><value>pole</value></Data><Data name="camera:type"><value>fixed</value></Data><Data name="direction"><value>230</value></Data><Data name="man_made"><value>surveillance</value></Data><Data name="manufacturer"><value>Flock Safety</value></Data><Data name="manufacturer:wikidata"><value>Q108485435</value></Data><Data name="operator"><value>San Francisco Police Department</value></Data><Data name="operator:wikidata"><value>Q1320247</value></Data><Data name="surveillance"><value>public</value></Data><Data name="surveillance:type"><value>ALPR</value></Data><Data name="surveillance:zone"><value>traffic</value></Data></ExtendedData><Point><coordinates>-122.4253732,37.8042152</coordinates></Point></Placemark><Placemark><ExtendedData><Data name="@id"><value>node/12539925396</value></Data><Data name="camera:mount"><value>pole</value></Data><Data name="camera:type"><value>fixed</value></Data><Data name="direction"><value>60</value></Data><Data name="man_made"><value>surveillance</value></Data><Data name="manufacturer"><value>Flock Safety</value></Data><Data name="manufacturer:wikidata"><value>Q108485435</value></Data><Data name="operator"><value>San Francisco Police Department</value></Data><Data name="operator:wikidata"><value>Q1320247</value></Data><Data name="surveillance"><value>public</value></Data><Data name="surveillance:type"><value>ALPR</value></Data><Data name="surveillance:zone"><value>traffic</value></Data></ExtendedData><Point><coordinates>-122.4086012,37.7482277</coordinates></Point></Placemark><Placemark><ExtendedData><Data name="@id"><value>node/12539925397</value></Data><Data name="camera:mount"><value>pole</value></Data><Data name="camera:type"><value>fixed</value></Data><Data name="direction"><value>325</value></Data><Data name="image"><value>https://alpr.pictures/san-francisco/masonic%20nbfs%20oak.jpg</value></Data><Data name="man_made"><value>surveillance</value></Data><Data name="manufacturer"><value>Flock Safety</value></Data><Data name="manufacturer:wikidata"><value>Q108485435</value></Data><Data name="operator"><value>San Francisco Police Department</value></Data><Data name="operator:wikidata"><value>Q1320247</value></Data><Data name="surveillance"><value>public</value></Data><Data name="surveillance:type"><value>ALPR</value></Data><Data name="surveillance:zone"><value>traffic</value></Data></ExtendedData><Point><coordinates>-122.4456493,37.7722242</coordinates></Point></Placemark><Placemark><ExtendedData><Data name="@id"><value>node/12539925398</value></Data><Data name="camera:mount"><value>pole</value></Data><Data name="camera:type"><value>fixed</value></Data><Data name="direction"><value>145</value></Data><Data name="image"><value>https://alpr.pictures/san-francisco/masonic%20sbfs%20oak.jpg</value></Data><Data name="man_made"><value>surveillance</value></Data><Data name="manufacturer"><value>Flock Safety</value></Data><Data name="manufacturer:wikidata"><value>Q108485435</value></Data><Data name="operator"><value>San Francisco Police Department</value></Data><Data name="operator:wikidata"><value>Q1320247</value></Data><Data name="surveillance"><value>public</value></Data><Data name="surveillance:type"><value>ALPR</value></Data><Data name="surveillance:zone"><value>traffic</value></Data></ExtendedData><Point><coordinates>-122.4458462,37.7719712</coordinates></Point></Placemark><Placemark><ExtendedData><Data name="@id"><value>node/12539925399</value></Data><Data name="camera:mount"><value>pole</value></Data><Data name="camera:type"><value>fixed</value></Data><Data name="direction"><value>192</value></Data><Data name="man_made"><value>surveillance</value></Data><Data name="manufacturer"><value>Flock Safety</value></Data><Data name="manufacturer:wikidata"><value>Q108485435</value></Data><Data name="operator"><value>San Francisco Police Department</value></Data><Data name="operator:wikidata"><value>Q1320247</value></Data><Data name="surveillance"><value>public</value></Data><Data name="surveillance:type"><value>ALPR</value></Data><Data name="surveillance:zone"><value>traffic</value></Data></ExtendedData><Point><coordinates>-122.4476724,37.7819503</coordinates></Point></Placemark><Placemark><ExtendedData><Data name="@id"><value>node/12539925400</value></Data><Data name="camera:mount"><value>pole</value></Data><Data name="camera:type"><value>fixed</value></Data><Data name="direction"><value>140</value></Data><Data name="man_made"><value>surveillance</value></Data><Data name="manufacturer"><value>Flock Safety</value></Data><Data name="manufacturer:wikidata"><value>Q108485435</value></Data><Data name="operator"><value>San Francisco Police Department</value></Data><Data name="operator:wikidata"><value>Q1320247</value></Data><Data name="surveillance"><value>public</value></Data><Data name="surveillance:type"><value>ALPR</value></Data><Data name="surveillance:zone"><value>traffic</value></Data></ExtendedData><Point><coordinates>-122.4371882,37.796844</coordinates></Point></Placemark><Placemark><ExtendedData><Data name="@id"><value>node/12539992101</value></Data><Data name="camera:mount"><value>pole</value></Data><Data name="camera:type"><value>fixed</value></Data><Data name="direction"><value>320</value></Data><Data name="man_made"><value>surveillance</value></Data><Data name="manufacturer"><value>Flock Safety</value></Data><Data name="manufacturer:wikidata"><value>Q108485435</value></Data><Data name="operator"><value>San Francisco Police Department</value></Data><Data name="operator:wikidata"><value>Q1320247</value></Data><Data name="surveillance"><value>public</value></Data><Data name="surveillance:type"><value>ALPR</value></Data><Data name="surveillance:zone"><value>traffic</value></Data></ExtendedData><Point><coordinates>-122.4354986,37.7971483</coordinates></Point></Placemark><Placemark><ExtendedData><Data name="@id"><value>node/12539992103</value></Data><Data name="camera:mount"><value>pole</value></Data><Data name="camera:type"><value>fixed</value></Data><Data name="direction"><value>320</value></Data><Data name="man_made"><value>surveillance</value></Data><Data name="manufacturer"><value>Flock Safety</value></Data><Data name="manufacturer:wikidata"><value>Q108485435</value></Data><Data name="operator"><value>San Francisco Police Department</value></Data><Data name="operator:wikidata"><value>Q1320247</value></Data><Data name="surveillance"><value>public</value></Data><Data name="surveillance:type"><value>ALPR</value></Data><Data name="surveillance:zone"><value>traffic</value></Data></ExtendedData><Point><coordinates>-122.4426239,37.7991118</coordinates></Point></Placemark><Placemark><ExtendedData><Data name="@id"><value>node/12539992104</value></Data><Data name="camera:mount"><value>pole</value></Data><Data name="camera:type"><value>fixed</value></Data><Data name="direction"><value>140</value></Data><Data name="man_made"><value>surveillance</value></Data><Data name="manufacturer"><value>Flock Safety</value></Data><Data name="manufacturer:wikidata"><value>Q108485435</value></Data><Data name="operator"><value>San Francisco Police Department</value></Data><Data name="operator:wikidata"><value>Q1320247</value></Data><Data name="surveillance"><value>public</value></Data><Data name="surveillance:type"><value>ALPR</value></Data><Data name="surveillance:zone"><value>traffic</value></Data></ExtendedData><Point><coordinates>-122.4427197,37.7988523</coordinates></Point></Placemark><Placemark><ExtendedData><Data name="@id"><value>node/12540983372</value></Data><Data name="camera:mount"><value>pole</value></Data><Data name="camera:type"><value>fixed</value></Data><Data name="direction"><value>145</value></Data><Data name="man_made"><value>surveillance</value></Data><Data name="manufacturer"><value>Flock Safety</value></Data><Data name="manufacturer:wikidata"><value>Q108485435</value></Data><Data name="operator"><value>San Francisco Police Department</value></Data><Data name="operator:wikidata"><value>Q1320247</value></Data><Data name="surveillance"><value>public</value></Data><Data name="surveillance:type"><value>ALPR</value></Data><Data name="surveillance:zone"><value>traffic</value></Data></ExtendedData><Point><coordinates>-122.4332259,37.7770276</coordinates></Point></Placemark><Placemark><ExtendedData><Data name="@id"><value>node/12540998700</value></Data><Data name="camera:mount"><value>pole</value></Data><Data name="camera:type"><value>fixed</value></Data><Data name="direction"><value>0</value></Data><Data name="man_made"><value>surveillance</value></Data><Data name="manufacturer"><value>Flock Safety</value></Data><Data name="manufacturer:wikidata"><value>Q108485435</value></Data><Data name="operator"><value>San Francisco Police Department</value></Data><Data name="operator:wikidata"><value>Q1320247</value></Data><Data name="surveillance"><value>public</value></Data><Data name="surveillance:type"><value>ALPR</value></Data><Data name="surveillance:zone"><value>traffic</value></Data></ExtendedData><Point><coordinates>-122.4330387,37.7760954</coordinates></Point></Placemark><Placemark><ExtendedData><Data name="@id"><value>node/12542568694</value></Data><Data name="camera:mount"><value>pole</value></Data><Data name="camera:type"><value>fixed</value></Data><Data name="direction"><value>60</value></Data><Data name="man_made"><value>surveillance</value></Data><Data name="manufacturer"><value>Flock Safety</value></Data><Data name="manufacturer:wikidata"><value>Q108485435</value></Data><Data name="operator"><value>San Francisco Police Department</value></Data><Data name="operator:wikidata"><value>Q1320247</value></Data><Data name="surveillance"><value>public</value></Data><Data name="surveillance:type"><value>ALPR</value></Data><Data name="surveillance:zone"><value>traffic</value></Data></ExtendedData><Point><coordinates>-122.3903786,37.7499835</coordinates></Point></Placemark><Placemark><ExtendedData><Data name="@id"><value>node/12543142477</value></Data><Data name="camera:mount"><value>pole</value></Data><Data name="camera:type"><value>fixed</value></Data><Data name="direction"><value>255</value></Data><Data name="man_made"><value>surveillance</value></Data><Data name="manufacturer"><value>Flock Safety</value></Data><Data name="manufacturer:wikidata"><value>Q108485435</value></Data><Data name="operator"><value>San Francisco Police Department</value></Data><Data name="operator:wikidata"><value>Q1320247</value></Data><Data name="surveillance"><value>public</value></Data><Data name="surveillance:type"><value>ALPR</value></Data><Data name="surveillance:zone"><value>traffic</value></Data></ExtendedData><Point><coordinates>-122.4524714,37.7451583</coordinates></Point></Placemark><Placemark><ExtendedData><Data name="@id"><value>node/12543142478</value></Data><Data name="camera:mount"><value>pole</value></Data><Data name="camera:type"><value>fixed</value></Data><Data name="direction"><value>260</value></Data><Data name="man_made"><value>surveillance</value></Data><Data name="manufacturer"><value>Flock Safety</value></Data><Data name="manufacturer:wikidata"><value>Q108485435</value></Data><Data name="operator"><value>San Francisco Police Department</value></Data><Data name="operator:wikidata"><value>Q1320247</value></Data><Data name="surveillance"><value>public</value></Data><Data name="surveillance:type"><value>ALPR</value></Data><Data name="surveillance:zone"><value>traffic</value></Data></ExtendedData><Point><coordinates>-122.454858,37.7462661</coordinates></Point></Placemark><Placemark><ExtendedData><Data name="@id"><value>node/12544329464</value></Data><Data name="camera:mount"><value>pole</value></Data><Data name="camera:type"><value>fixed</value></Data><Data name="direction"><value>350</value></Data><Data name="man_made"><value>surveillance</value></Data><Data name="manufacturer"><value>Flock Safety</value></Data><Data name="manufacturer:wikidata"><value>Q108485435</value></Data><Data name="operator"><value>San Francisco Police Department</value></Data><Data name="operator:wikidata"><value>Q1320247</value></Data><Data name="surveillance"><value>public</value></Data><Data name="surveillance:type"><value>ALPR</value></Data><Data name="surveillance:zone"><value>traffic</value></Data></ExtendedData><Point><coordinates>-122.3920137,37.7307599</coordinates></Point></Placemark><Placemark><ExtendedData><Data name="@id"><value>node/12547763624</value></Data><Data name="camera:mount"><value>pole</value></Data><Data name="camera:type"><value>fixed</value></Data><Data name="direction"><value>235</value></Data><Data name="man_made"><value>surveillance</value></Data><Data name="manufacturer"><value>Flock Safety</value></Data><Data name="manufacturer:wikidata"><value>Q108485435</value></Data><Data name="operator"><value>San Francisco Police Department</value></Data><Data name="operator:wikidata"><value>Q1320247</value></Data><Data name="surveillance"><value>public</value></Data><Data name="surveillance:type"><value>ALPR</value></Data><Data name="surveillance:zone"><value>traffic</value></Data></ExtendedData><Point><coordinates>-122.4757959,37.7431345</coordinates></Point></Placemark><Placemark><ExtendedData><Data name="@id"><value>node/12547765569</value></Data><Data name="camera:mount"><value>pole</value></Data><Data name="camera:type"><value>fixed</value></Data><Data name="direction"><value>20</value></Data><Data name="man_made"><value>surveillance</value></Data><Data name="manufacturer"><value>Flock Safety</value></Data><Data name="manufacturer:wikidata"><value>Q108485435</value></Data><Data name="operator"><value>San Francisco Police Department</value></Data><Data name="operator:wikidata"><value>Q1320247</value></Data><Data name="surveillance"><value>public</value></Data><Data name="surveillance:type"><value>ALPR</value></Data><Data name="surveillance:zone"><value>traffic</value></Data></ExtendedData><Point><coordinates>-122.4944668,37.7423551</coordinates></Point></Placemark><Placemark><ExtendedData><Data name="@id"><value>node/12547807317</value></Data><Data name="camera:mount"><value>pole</value></Data><Data name="camera:type"><value>fixed</value></Data><Data name="direction"><value>15</value></Data><Data name="man_made"><value>surveillance</value></Data><Data name="manufacturer"><value>Flock Safety</value></Data><Data name="manufacturer:wikidata"><value>Q108485435</value></Data><Data name="operator"><value>San Francisco Police Department</value></Data><Data name="operator:wikidata"><value>Q1320247</value></Data><Data name="surveillance"><value>public</value></Data><Data name="surveillance:type"><value>ALPR</value></Data><Data name="surveillance:zone"><value>traffic</value></Data></ExtendedData><Point><coordinates>-122.4474549,37.7593044</coordinates></Point></Placemark><Placemark><ExtendedData><Data name="@id"><value>node/12547807318</value></Data><Data name="camera:mount"><value>pole</value></Data><Data name="camera:type"><value>fixed</value></Data><Data name="direction"><value>180</value></Data><Data name="man_made"><value>surveillance</value></Data><Data name="manufacturer"><value>Flock Safety</value></Data><Data name="manufacturer:wikidata"><value>Q108485435</value></Data><Data name="operator"><value>San Francisco Police Department</value></Data><Data name="operator:wikidata"><value>Q1320247</value></Data><Data name="surveillance"><value>public</value></Data><Data name="surveillance:type"><value>ALPR</value></Data><Data name="surveillance:zone"><value>traffic</value></Data></ExtendedData><Point><coordinates>-122.4469652,37.760363</coordinates></Point></Placemark><Placemark><ExtendedData><Data name="@id"><value>node/12547807319</value></Data><Data name="camera:mount"><value>pole</value></Data><Data name="camera:type"><value>fixed</value></Data><Data name="direction"><value>270</value></Data><Data name="man_made"><value>surveillance</value></Data><Data name="manufacturer"><value>Flock Safety</value></Data><Data name="manufacturer:wikidata"><value>Q108485435</value></Data><Data name="operator"><value>San Francisco Police Department</value></Data><Data name="operator:wikidata"><value>Q1320247</value></Data><Data name="surveillance"><value>public</value></Data><Data name="surveillance:type"><value>ALPR</value></Data><Data name="surveillance:zone"><value>traffic</value></Data></ExtendedData><Point><coordinates>-122.4438011,37.7583089</coordinates></Point></Placemark><Placemark><ExtendedData><Data name="@id"><value>node/12547807320</value></Data><Data name="camera:mount"><value>pole</value></Data><Data name="camera:type"><value>fixed</value></Data><Data name="direction"><value>35</value></Data><Data name="man_made"><value>surveillance</value></Data><Data name="manufacturer"><value>Flock Safety</value></Data><Data name="manufacturer:wikidata"><value>Q108485435</value></Data><Data name="operator"><value>San Francisco Police Department</value></Data><Data name="operator:wikidata"><value>Q1320247</value></Data><Data name="surveillance"><value>public</value></Data><Data name="surveillance:type"><value>ALPR</value></Data><Data name="surveillance:zone"><value>traffic</value></Data></ExtendedData><Point><coordinates>-122.4511898,37.7455571</coordinates></Point></Placemark><Placemark><ExtendedData><Data name="@id"><value>node/12547807321</value></Data><Data name="camera:mount"><value>pole</value></Data><Data name="camera:type"><value>fixed</value></Data><Data name="direction"><value>120</value></Data><Data name="man_made"><value>surveillance</value></Data><Data name="manufacturer"><value>Flock Safety</value></Data><Data name="manufacturer:wikidata"><value>Q108485435</value></Data><Data name="operator"><value>San Francisco Police Department</value></Data><Data name="operator:wikidata"><value>Q1320247</value></Data><Data name="surveillance"><value>public</value></Data><Data name="surveillance:type"><value>ALPR</value></Data><Data name="surveillance:zone"><value>traffic</value></Data></ExtendedData><Point><coordinates>-122.4515276,37.7452385</coordinates></Point></Placemark><Placemark><ExtendedData><Data name="@id"><value>node/12547807322</value></Data><Data name="camera:mount"><value>pole</value></Data><Data name="camera:type"><value>fixed</value></Data><Data name="direction"><value>250</value></Data><Data name="man_made"><value>surveillance</value></Data><Data name="manufacturer"><value>Flock Safety</value></Data><Data name="manufacturer:wikidata"><value>Q108485435</value></Data><Data name="operator"><value>San Francisco Police Department</value></Data><Data name="operator:wikidata"><value>Q1320247</value></Data><Data name="surveillance"><value>public</value></Data><Data name="surveillance:type"><value>ALPR</value></Data><Data name="surveillance:zone"><value>traffic</value></Data></ExtendedData><Point><coordinates>-122.4665411,37.7389447</coordinates></Point></Placemark><Placemark><ExtendedData><Data name="@id"><value>node/12547807323</value></Data><Data name="camera:mount"><value>pole</value></Data><Data name="camera:type"><value>fixed</value></Data><Data name="direction"><value>315;341</value></Data><Data name="man_made"><value>surveillance</value></Data><Data name="manufacturer"><value>Flock Safety</value></Data><Data name="manufacturer:wikidata"><value>Q108485435</value></Data><Data name="operator"><value>St. Francis Homes Association</value></Data><Data name="surveillance"><value>public</value></Data><Data name="surveillance:type"><value>ALPR</value></Data><Data name="surveillance:zone"><value>traffic</value></Data></ExtendedData><Point><coordinates>-122.4657177,37.7382986</coordinates></Point></Placemark><Placemark><ExtendedData><Data name="@id"><value>node/12547807325</value></Data><Data name="camera:mount"><value>pole</value></Data><Data name="camera:type"><value>fixed</value></Data><Data name="direction"><value>275</value></Data><Data name="man_made"><value>surveillance</value></Data><Data name="manufacturer"><value>Flock Safety</value></Data><Data name="manufacturer:wikidata"><value>Q108485435</value></Data><Data name="operator"><value>St. Francis Homes Association</value></Data><Data name="surveillance"><value>public</value></Data><Data name="surveillance:type"><value>ALPR</value></Data><Data name="surveillance:zone"><value>traffic</value></Data></ExtendedData><Point><coordinates>-122.4631066,37.737056</coordinates></Point></Placemark><Placemark><ExtendedData><Data name="@id"><value>node/12547807326</value></Data><Data name="camera:mount"><value>pole</value></Data><Data name="camera:type"><value>fixed</value></Data><Data name="direction"><value>260</value></Data><Data name="man_made"><value>surveillance</value></Data><Data name="manufacturer"><value>Flock Safety</value></Data><Data name="manufacturer:wikidata"><value>Q108485435</value></Data><Data name="operator"><value>San Francisco Police Department</value></Data><Data name="operator:wikidata"><value>Q1320247</value></Data><Data name="surveillance"><value>public</value></Data><Data name="surveillance:type"><value>ALPR</value></Data><Data name="surveillance:zone"><value>traffic</value></Data></ExtendedData><Point><coordinates>-122.4366615,37.7316392</coordinates></Point></Placemark><Placemark><ExtendedData><Data name="@id"><value>node/12547807327</value></Data><Data name="camera:mount"><value>pole</value></Data><Data name="camera:type"><value>fixed</value></Data><Data name="direction"><value>25</value></Data><Data name="man_made"><value>surveillance</value></Data><Data name="manufacturer"><value>Flock Safety</value></Data><Data name="manufacturer:wikidata"><value>Q108485435</value></Data><Data name="operator"><value>San Francisco Police Department</value></Data><Data name="operator:wikidata"><value>Q1320247</value></Data><Data name="surveillance"><value>public</value></Data><Data name="surveillance:type"><value>ALPR</value></Data><Data name="surveillance:zone"><value>traffic</value></Data></ExtendedData><Point><coordinates>-122.4363981,37.7316136</coordinates></Point></Placemark><Placemark><ExtendedData><Data name="@id"><value>node/12547807328</value></Data><Data name="camera:mount"><value>pole</value></Data><Data name="camera:type"><value>fixed</value></Data><Data name="direction"><value>225</value></Data><Data name="man_made"><value>surveillance</value></Data><Data name="manufacturer"><value>Flock Safety</value></Data><Data name="manufacturer:wikidata"><value>Q108485435</value></Data><Data name="operator"><value>San Francisco Police Department</value></Data><Data name="operator:wikidata"><value>Q1320247</value></Data><Data name="surveillance"><value>public</value></Data><Data name="surveillance:type"><value>ALPR</value></Data><Data name="surveillance:zone"><value>traffic</value></Data></ExtendedData><Point><coordinates>-122.4369058,37.7314593</coordinates></Point></Placemark><Placemark><ExtendedData><Data name="@id"><value>node/12551506483</value></Data><Data name="camera:mount"><value>pole</value></Data><Data name="camera:type"><value>fixed</value></Data><Data name="direction"><value>320</value></Data><Data name="man_made"><value>surveillance</value></Data><Data name="manufacturer"><value>Flock Safety</value></Data><Data name="manufacturer:wikidata"><value>Q108485435</value></Data><Data name="operator"><value>San Francisco Police Department</value></Data><Data name="operator:wikidata"><value>Q1320247</value></Data><Data name="surveillance"><value>public</value></Data><Data name="surveillance:type"><value>ALPR</value></Data><Data name="surveillance:zone"><value>traffic</value></Data></ExtendedData><Point><coordinates>-122.4021612,37.7281791</coordinates></Point></Placemark><Placemark><ExtendedData><Data name="@id"><value>node/12569728306</value></Data><Data name="camera:mount"><value>pole</value></Data><Data name="camera:type"><value>fixed</value></Data><Data name="direction"><value>195</value></Data><Data name="man_made"><value>surveillance</value></Data><Data name="manufacturer"><value>Flock Safety</value></Data><Data name="manufacturer:wikidata"><value>Q108485435</value></Data><Data name="operator"><value>San Francisco Police Department</value></Data><Data name="operator:wikidata"><value>Q1320247</value></Data><Data name="surveillance"><value>public</value></Data><Data name="surveillance:type"><value>ALPR</value></Data><Data name="surveillance:zone"><value>traffic</value></Data></ExtendedData><Point><coordinates>-122.431018,37.7835575</coordinates></Point></Placemark><Placemark><ExtendedData><Data name="@id"><value>node/12572782535</value></Data><Data name="camera:mount"><value>pole</value></Data><Data name="camera:type"><value>fixed</value></Data><Data name="direction"><value>40</value></Data><Data name="man_made"><value>surveillance</value></Data><Data name="manufacturer"><value>Flock Safety</value></Data><Data name="manufacturer:wikidata"><value>Q108485435</value></Data><Data name="operator"><value>San Francisco Police Department</value></Data><Data name="operator:wikidata"><value>Q1320247</value></Data><Data name="surveillance"><value>public</value></Data><Data name="surveillance:type"><value>ALPR</value></Data><Data name="surveillance:zone"><value>traffic</value></Data></ExtendedData><Point><coordinates>-122.4309039,37.7336169</coordinates></Point></Placemark><Placemark><ExtendedData><Data name="@id"><value>node/12572782536</value></Data><Data name="camera:mount"><value>pole</value></Data><Data name="camera:type"><value>fixed</value></Data><Data name="direction"><value>210</value></Data><Data name="man_made"><value>surveillance</value></Data><Data name="manufacturer"><value>Flock Safety</value></Data><Data name="manufacturer:wikidata"><value>Q108485435</value></Data><Data name="operator"><value>San Francisco Police Department</value></Data><Data name="operator:wikidata"><value>Q1320247</value></Data><Data name="surveillance"><value>public</value></Data><Data name="surveillance:type"><value>ALPR</value></Data><Data name="surveillance:zone"><value>traffic</value></Data></ExtendedData><Point><coordinates>-122.4312365,37.7338322</coordinates></Point></Placemark><Placemark><ExtendedData><Data name="@id"><value>node/12576856696</value></Data><Data name="camera:mount"><value>pole</value></Data><Data name="camera:type"><value>fixed</value></Data><Data name="direction"><value>285</value></Data><Data name="man_made"><value>surveillance</value></Data><Data name="manufacturer"><value>Flock Safety</value></Data><Data name="manufacturer:wikidata"><value>Q108485435</value></Data><Data name="operator"><value>San Francisco Police Department</value></Data><Data name="operator:wikidata"><value>Q1320247</value></Data><Data name="surveillance"><value>public</value></Data><Data name="surveillance:type"><value>ALPR</value></Data><Data name="surveillance:zone"><value>traffic</value></Data></ExtendedData><Point><coordinates>-122.4065289,37.7828284</coordinates></Point></Placemark><Placemark><ExtendedData><Data name="@id"><value>node/12576870663</value></Data><Data name="camera:mount"><value>pole</value></Data><Data name="camera:type"><value>fixed</value></Data><Data name="direction"><value>290</value></Data><Data name="man_made"><value>surveillance</value></Data><Data name="manufacturer"><value>Flock Safety</value></Data><Data name="manufacturer:wikidata"><value>Q108485435</value></Data><Data name="operator"><value>San Francisco Police Department</value></Data><Data name="operator:wikidata"><value>Q1320247</value></Data><Data name="surveillance"><value>public</value></Data><Data name="surveillance:type"><value>ALPR</value></Data><Data name="surveillance:zone"><value>traffic</value></Data></ExtendedData><Point><coordinates>-122.4018993,37.7791923</coordinates></Point></Placemark><Placemark><ExtendedData><Data name="@id"><value>node/12576870664</value></Data><Data name="camera:mount"><value>pole</value></Data><Data name="camera:type"><value>fixed</value></Data><Data name="direction"><value>200</value></Data><Data name="man_made"><value>surveillance</value></Data><Data name="manufacturer"><value>Flock Safety</value></Data><Data name="manufacturer:wikidata"><value>Q108485435</value></Data><Data name="operator"><value>San Francisco Police Department</value></Data><Data name="operator:wikidata"><value>Q1320247</value></Data><Data name="surveillance"><value>public</value></Data><Data name="surveillance:type"><value>ALPR</value></Data><Data name="surveillance:zone"><value>traffic</value></Data></ExtendedData><Point><coordinates>-122.4020539,37.7790332</coordinates></Point></Placemark><Placemark><ExtendedData><Data name="@id"><value>node/12581402890</value></Data><Data name="camera:mount"><value>pole</value></Data><Data name="camera:type"><value>fixed</value></Data><Data name="direction"><value>110</value></Data><Data name="man_made"><value>surveillance</value></Data><Data name="manufacturer"><value>Flock Safety</value></Data><Data name="manufacturer:wikidata"><value>Q108485435</value></Data><Data name="operator"><value>San Francisco Police Department</value></Data><Data name="operator:wikidata"><value>Q1320247</value></Data><Data name="surveillance"><value>public</value></Data><Data name="surveillance:type"><value>ALPR</value></Data><Data name="surveillance:zone"><value>traffic</value></Data></ExtendedData><Point><coordinates>-122.4080276,37.780339</coordinates></Point></Placemark><Placemark><ExtendedData><Data name="@id"><value>node/12581421815</value></Data><Data name="camera:mount"><value>pole</value></Data><Data name="camera:type"><value>fixed</value></Data><Data name="direction"><value>285</value></Data><Data name="man_made"><value>surveillance</value></Data><Data name="manufacturer"><value>Flock Safety</value></Data><Data name="manufacturer:wikidata"><value>Q108485435</value></Data><Data name="operator"><value>San Francisco Police Department</value></Data><Data name="operator:wikidata"><value>Q1320247</value></Data><Data name="surveillance"><value>public</value></Data><Data name="surveillance:type"><value>ALPR</value></Data><Data name="surveillance:zone"><value>traffic</value></Data></ExtendedData><Point><coordinates>-122.4041534,37.7774278</coordinates></Point></Placemark><Placemark><ExtendedData><Data name="@id"><value>node/12588291907</value></Data><Data name="camera:mount"><value>pole</value></Data><Data name="camera:type"><value>fixed</value></Data><Data name="direction"><value>295</value></Data><Data name="man_made"><value>surveillance</value></Data><Data name="manufacturer"><value>Flock Safety</value></Data><Data name="manufacturer:wikidata"><value>Q108485435</value></Data><Data name="operator"><value>San Francisco Police Department</value></Data><Data name="operator:wikidata"><value>Q1320247</value></Data><Data name="surveillance"><value>public</value></Data><Data name="surveillance:type"><value>ALPR</value></Data><Data name="surveillance:zone"><value>traffic</value></Data></ExtendedData><Point><coordinates>-122.4727623,37.717619</coordinates></Point></Placemark><Placemark><ExtendedData><Data name="@id"><value>node/12588291908</value></Data><Data name="camera:mount"><value>pole</value></Data><Data name="camera:type"><value>fixed</value></Data><Data name="direction"><value>335</value></Data><Data name="man_made"><value>surveillance</value></Data><Data name="manufacturer"><value>Flock Safety</value></Data><Data name="manufacturer:wikidata"><value>Q108485435</value></Data><Data name="operator"><value>San Francisco Police Department</value></Data><Data name="operator:wikidata"><value>Q1320247</value></Data><Data name="surveillance"><value>public</value></Data><Data name="surveillance:type"><value>ALPR</value></Data><Data name="surveillance:zone"><value>traffic</value></Data></ExtendedData><Point><coordinates>-122.4724033,37.7178018</coordinates></Point></Placemark><Placemark><ExtendedData><Data name="@id"><value>node/12588291909</value></Data><Data name="camera:mount"><value>pole</value></Data><Data name="camera:type"><value>fixed</value></Data><Data name="direction"><value>190</value></Data><Data name="man_made"><value>surveillance</value></Data><Data name="manufacturer"><value>Flock Safety</value></Data><Data name="manufacturer:wikidata"><value>Q108485435</value></Data><Data name="operator"><value>San Francisco Police Department</value></Data><Data name="operator:wikidata"><value>Q1320247</value></Data><Data name="surveillance"><value>public</value></Data><Data name="surveillance:type"><value>ALPR</value></Data><Data name="surveillance:zone"><value>traffic</value></Data></ExtendedData><Point><coordinates>-122.4725392,37.7168229</coordinates></Point></Placemark><Placemark><ExtendedData><Data name="@id"><value>node/12588291910</value></Data><Data name="camera:mount"><value>pole</value></Data><Data name="camera:type"><value>fixed</value></Data><Data name="direction"><value>140</value></Data><Data name="man_made"><value>surveillance</value></Data><Data name="manufacturer"><value>Flock Safety</value></Data><Data name="manufacturer:wikidata"><value>Q108485435</value></Data><Data name="operator"><value>San Francisco Police Department</value></Data><Data name="operator:wikidata"><value>Q1320247</value></Data><Data name="surveillance"><value>public</value></Data><Data name="surveillance:type"><value>ALPR</value></Data><Data name="surveillance:zone"><value>traffic</value></Data></ExtendedData><Point><coordinates>-122.4727091,37.7168108</coordinates></Point></Placemark><Placemark><ExtendedData><Data name="@id"><value>node/12588309062</value></Data><Data name="camera:mount"><value>pole</value></Data><Data name="camera:type"><value>fixed</value></Data><Data name="direction"><value>120</value></Data><Data name="man_made"><value>surveillance</value></Data><Data name="manufacturer"><value>Flock Safety</value></Data><Data name="manufacturer:wikidata"><value>Q108485435</value></Data><Data name="operator"><value>San Francisco Police Department</value></Data><Data name="operator:wikidata"><value>Q1320247</value></Data><Data name="surveillance"><value>public</value></Data><Data name="surveillance:type"><value>ALPR</value></Data><Data name="surveillance:zone"><value>traffic</value></Data></ExtendedData><Point><coordinates>-122.4740269,37.734677</coordinates></Point></Placemark><Placemark><ExtendedData><Data name="@id"><value>node/12591689261</value></Data><Data name="camera:mount"><value>pole</value></Data><Data name="camera:type"><value>fixed</value></Data><Data name="direction"><value>115</value></Data><Data name="man_made"><value>surveillance</value></Data><Data name="manufacturer"><value>Flock Safety</value></Data><Data name="manufacturer:wikidata"><value>Q108485435</value></Data><Data name="operator"><value>San Francisco Police Department</value></Data><Data name="operator:wikidata"><value>Q1320247</value></Data><Data name="surveillance"><value>public</value></Data><Data name="surveillance:type"><value>ALPR</value></Data><Data name="surveillance:zone"><value>traffic</value></Data></ExtendedData><Point><coordinates>-122.4319644,37.7330604</coordinates></Point></Placemark><Placemark><ExtendedData><Data name="@id"><value>node/12591722606</value></Data><Data name="camera:mount"><value>pole</value></Data><Data name="camera:type"><value>fixed</value></Data><Data name="direction"><value>115</value></Data><Data name="man_made"><value>surveillance</value></Data><Data name="manufacturer"><value>Flock Safety</value></Data><Data name="manufacturer:wikidata"><value>Q108485435</value></Data><Data name="operator"><value>San Francisco Police Department</value></Data><Data name="operator:wikidata"><value>Q1320247</value></Data><Data name="surveillance"><value>public</value></Data><Data name="surveillance:type"><value>ALPR</value></Data><Data name="surveillance:zone"><value>traffic</value></Data></ExtendedData><Point><coordinates>-122.4662003,37.7640989</coordinates></Point></Placemark><Placemark><ExtendedData><Data name="@id"><value>node/12591722607</value></Data><Data name="camera:mount"><value>pole</value></Data><Data name="camera:type"><value>fixed</value></Data><Data name="direction"><value>240</value></Data><Data name="man_made"><value>surveillance</value></Data><Data name="manufacturer"><value>Flock Safety</value></Data><Data name="manufacturer:wikidata"><value>Q108485435</value></Data><Data name="operator"><value>San Francisco Police Department</value></Data><Data name="operator:wikidata"><value>Q1320247</value></Data><Data name="surveillance"><value>public</value></Data><Data name="surveillance:type"><value>ALPR</value></Data><Data name="surveillance:zone"><value>traffic</value></Data></ExtendedData><Point><coordinates>-122.4664861,37.7640887</coordinates></Point></Placemark><Placemark><ExtendedData><Data name="@id"><value>node/12591727293</value></Data><Data name="camera:mount"><value>pole</value></Data><Data name="camera:type"><value>fixed</value></Data><Data name="direction"><value>130</value></Data><Data name="image"><value>https://alpr.pictures/san-francisco/oak%20ebfs%20stanyan.jpg</value></Data><Data name="man_made"><value>surveillance</value></Data><Data name="manufacturer"><value>Flock Safety</value></Data><Data name="manufacturer:wikidata"><value>Q108485435</value></Data><Data name="operator"><value>San Francisco Police Department</value></Data><Data name="operator:wikidata"><value>Q1320247</value></Data><Data name="surveillance"><value>public</value></Data><Data name="surveillance:type"><value>ALPR</value></Data><Data name="surveillance:zone"><value>traffic</value></Data></ExtendedData><Point><coordinates>-122.4533774,37.7714682</coordinates></Point></Placemark><Placemark><ExtendedData><Data name="@id"><value>node/12599343694</value></Data><Data name="camera:mount"><value>pole</value></Data><Data name="camera:type"><value>fixed</value></Data><Data name="direction"><value>285</value></Data><Data name="man_made"><value>surveillance</value></Data><Data name="manufacturer"><value>Flock Safety</value></Data><Data name="manufacturer:wikidata"><value>Q108485435</value></Data><Data name="operator"><value>San Francisco Police Department</value></Data><Data name="operator:wikidata"><value>Q1320247</value></Data><Data name="surveillance"><value>public</value></Data><Data name="surveillance:type"><value>ALPR</value></Data><Data name="surveillance:zone"><value>traffic</value></Data></ExtendedData><Point><coordinates>-122.4085947,37.7714454</coordinates></Point></Placemark><Placemark><ExtendedData><Data name="@id"><value>node/12599343695</value></Data><Data name="camera:mount"><value>pole</value></Data><Data name="camera:type"><value>fixed</value></Data><Data name="direction"><value>70</value></Data><Data name="man_made"><value>surveillance</value></Data><Data name="manufacturer"><value>Flock Safety</value></Data><Data name="manufacturer:wikidata"><value>Q108485435</value></Data><Data name="operator"><value>San Francisco Police Department</value></Data><Data name="operator:wikidata"><value>Q1320247</value></Data><Data name="surveillance"><value>public</value></Data><Data name="surveillance:type"><value>ALPR</value></Data><Data name="surveillance:zone"><value>traffic</value></Data></ExtendedData><Point><coordinates>-122.4081551,37.7716999</coordinates></Point></Placemark><Placemark><ExtendedData><Data name="@id"><value>node/12602286694</value></Data><Data name="camera:direction"><value>279</value></Data><Data name="camera:mount"><value>pole</value></Data><Data name="camera:type"><value>fixed</value></Data><Data name="man_made"><value>surveillance</value></Data><Data name="surveillance"><value>public</value></Data><Data name="surveillance:type"><value>camera</value></Data><Data name="surveillance:zone"><value>public</value></Data></ExtendedData><Point><coordinates>-122.467456,37.7716691</coordinates></Point></Placemark><Placemark><ExtendedData><Data name="@id"><value>node/12635132206</value></Data><Data name="camera:mount"><value>pole</value></Data><Data name="camera:type"><value>fixed</value></Data><Data name="direction"><value>325</value></Data><Data name="man_made"><value>surveillance</value></Data><Data name="manufacturer"><value>Flock Safety</value></Data><Data name="manufacturer:wikidata"><value>Q108485435</value></Data><Data name="operator"><value>San Francisco Police Department</value></Data><Data name="operator:wikidata"><value>Q1320247</value></Data><Data name="surveillance"><value>public</value></Data><Data name="surveillance:type"><value>ALPR</value></Data><Data name="surveillance:zone"><value>traffic</value></Data></ExtendedData><Point><coordinates>-122.4151083,37.7638203</coordinates></Point></Placemark><Placemark><ExtendedData><Data name="@id"><value>node/12639926588</value></Data><Data name="camera:mount"><value>pole</value></Data><Data name="camera:type"><value>fixed</value></Data><Data name="direction"><value>335</value></Data><Data name="man_made"><value>surveillance</value></Data><Data name="manufacturer"><value>Flock Safety</value></Data><Data name="manufacturer:wikidata"><value>Q108485435</value></Data><Data name="operator"><value>San Francisco Police Department</value></Data><Data name="operator:wikidata"><value>Q1320247</value></Data><Data name="surveillance"><value>public</value></Data><Data name="surveillance:type"><value>ALPR</value></Data><Data name="surveillance:zone"><value>traffic</value></Data></ExtendedData><Point><coordinates>-122.4068941,37.7391229</coordinates></Point></Placemark><Placemark><ExtendedData><Data name="@id"><value>node/12641880415</value></Data><Data name="camera:mount"><value>pole</value></Data><Data name="camera:type"><value>fixed</value></Data><Data name="direction"><value>170</value></Data><Data name="man_made"><value>surveillance</value></Data><Data name="manufacturer"><value>Flock Safety</value></Data><Data name="manufacturer:wikidata"><value>Q108485435</value></Data><Data name="operator"><value>San Francisco Police Department</value></Data><Data name="operator:wikidata"><value>Q1320247</value></Data><Data name="surveillance"><value>public</value></Data><Data name="surveillance:type"><value>ALPR</value></Data><Data name="surveillance:zone"><value>traffic</value></Data></ExtendedData><Point><coordinates>-122.3924855,37.7646361</coordinates></Point></Placemark><Placemark><ExtendedData><Data name="@id"><value>node/12641918164</value></Data><Data name="direction"><value>320</value></Data><Data name="man_made"><value>surveillance</value></Data><Data name="manufacturer"><value>Flock Safety</value></Data><Data name="manufacturer:wikidata"><value>Q108485435</value></Data><Data name="operator"><value>San Francisco Police Department</value></Data><Data name="operator:wikidata"><value>Q1320247</value></Data><Data name="surveillance"><value>public</value></Data><Data name="surveillance:type"><value>ALPR</value></Data></ExtendedData><Point><coordinates>-122.3997542,37.7213279</coordinates></Point></Placemark><Placemark><ExtendedData><Data name="@id"><value>node/12641943131</value></Data><Data name="camera:mount"><value>pole</value></Data><Data name="camera:type"><value>fixed</value></Data><Data name="direction"><value>20</value></Data><Data name="man_made"><value>surveillance</value></Data><Data name="manufacturer"><value>Flock Safety</value></Data><Data name="manufacturer:wikidata"><value>Q108485435</value></Data><Data name="operator"><value>San Francisco Police Department</value></Data><Data name="operator:wikidata"><value>Q1320247</value></Data><Data name="surveillance"><value>public</value></Data><Data name="surveillance:type"><value>ALPR</value></Data><Data name="surveillance:zone"><value>traffic</value></Data></ExtendedData><Point><coordinates>-122.4016861,37.7765995</coordinates></Point></Placemark><Placemark><ExtendedData><Data name="@id"><value>node/12644450648</value></Data><Data name="camera:mount"><value>pole</value></Data><Data name="camera:type"><value>fixed</value></Data><Data name="direction"><value>130</value></Data><Data name="man_made"><value>surveillance</value></Data><Data name="manufacturer"><value>Flock Safety</value></Data><Data name="manufacturer:wikidata"><value>Q108485435</value></Data><Data name="operator"><value>San Francisco Police Department</value></Data><Data name="operator:wikidata"><value>Q1320247</value></Data><Data name="surveillance"><value>public</value></Data><Data name="surveillance:type"><value>ALPR</value></Data><Data name="surveillance:zone"><value>traffic</value></Data></ExtendedData><Point><coordinates>-122.4982123,37.7312219</coordinates></Point></Placemark><Placemark><ExtendedData><Data name="@id"><value>node/12655179554</value></Data><Data name="brand"><value>Flock Safety</value></Data><Data name="brand:wikidata"><value>Q108485435</value></Data><Data name="camera:mount"><value>pole</value></Data><Data name="camera:type"><value>fixed</value></Data><Data name="direction"><value>155</value></Data><Data name="man_made"><value>surveillance</value></Data><Data name="operator"><value>San Francisco Police Department</value></Data><Data name="operator:wikidata"><value>Q1320247</value></Data><Data name="surveillance"><value>traffic</value></Data><Data name="surveillance:type"><value>ALPR</value></Data><Data name="surveillance:zone"><value>traffic</value></Data></ExtendedData><Point><coordinates>-122.4111073,37.771557</coordinates></Point></Placemark><Placemark><ExtendedData><Data name="@id"><value>node/12679342561</value></Data><Data name="camera:direction"><value>60</value></Data><Data name="camera:mount"><value>street_lamp</value></Data><Data name="camera:type"><value>fixed</value></Data><Data name="man_made"><value>surveillance</value></Data><Data name="surveillance"><value>traffic</value></Data><Data name="surveillance:type"><value>camera</value></Data><Data name="surveillance:zone"><value>traffic</value></Data></ExtendedData><Point><coordinates>-122.4230769,37.7429175</coordinates></Point></Placemark><Placemark><ExtendedData><Data name="@id"><value>node/12679342562</value></Data><Data name="camera:direction"><value>230</value></Data><Data name="camera:mount"><value>street_lamp</value></Data><Data name="camera:type"><value>fixed</value></Data><Data name="man_made"><value>surveillance</value></Data><Data name="surveillance"><value>traffic</value></Data><Data name="surveillance:type"><value>camera</value></Data><Data name="surveillance:zone"><value>traffic</value></Data></ExtendedData><Point><coordinates>-122.4229066,37.7433572</coordinates></Point></Placemark><Placemark><ExtendedData><Data name="@id"><value>node/12688787369</value></Data><Data name="camera:mount"><value>pole</value></Data><Data name="camera:type"><value>fixed</value></Data><Data name="direction"><value>20</value></Data><Data name="man_made"><value>surveillance</value></Data><Data name="manufacturer"><value>Flock Safety</value></Data><Data name="manufacturer:wikidata"><value>Q108485435</value></Data><Data name="operator"><value>San Francisco Police Department</value></Data><Data name="operator:wikidata"><value>Q1320247</value></Data><Data name="surveillance"><value>public</value></Data><Data name="surveillance:type"><value>ALPR</value></Data><Data name="surveillance:zone"><value>traffic</value></Data></ExtendedData><Point><coordinates>-122.4207242,37.807137</coordinates></Point></Placemark><Placemark><ExtendedData><Data name="@id"><value>node/12706256211</value></Data><Data name="camera:mount"><value>pole</value></Data><Data name="camera:type"><value>fixed</value></Data><Data name="direction"><value>70</value></Data><Data name="man_made"><value>surveillance</value></Data><Data name="manufacturer"><value>Flock Safety</value></Data><Data name="manufacturer:wikidata"><value>Q108485435</value></Data><Data name="operator"><value>San Francisco Police Department</value></Data><Data name="operator:wikidata"><value>Q1320247</value></Data><Data name="surveillance"><value>public</value></Data><Data name="surveillance:type"><value>ALPR</value></Data><Data name="surveillance:zone"><value>traffic</value></Data></ExtendedData><Point><coordinates>-122.3955295,37.7223492</coordinates></Point></Placemark><Placemark><ExtendedData><Data name="@id"><value>node/12706256212</value></Data><Data name="camera:mount"><value>pole</value></Data><Data name="camera:type"><value>fixed</value></Data><Data name="direction"><value>245</value></Data><Data name="man_made"><value>surveillance</value></Data><Data name="manufacturer"><value>Flock Safety</value></Data><Data name="manufacturer:wikidata"><value>Q108485435</value></Data><Data name="operator"><value>San Francisco Police Department</value></Data><Data name="operator:wikidata"><value>Q1320247</value></Data><Data name="surveillance"><value>public</value></Data><Data name="surveillance:type"><value>ALPR</value></Data><Data name="surveillance:zone"><value>traffic</value></Data></ExtendedData><Point><coordinates>-122.4179826,37.7322949</coordinates></Point></Placemark><Placemark><ExtendedData><Data name="@id"><value>node/12710843740</value></Data><Data name="camera:mount"><value>pole</value></Data><Data name="camera:type"><value>fixed</value></Data><Data name="direction"><value>320</value></Data><Data name="man_made"><value>surveillance</value></Data><Data name="manufacturer"><value>Flock Safety</value></Data><Data name="manufacturer:wikidata"><value>Q108485435</value></Data><Data name="operator"><value>San Francisco Police Department</value></Data><Data name="operator:wikidata"><value>Q1320247</value></Data><Data name="surveillance"><value>public</value></Data><Data name="surveillance:type"><value>ALPR</value></Data><Data name="surveillance:zone"><value>traffic</value></Data></ExtendedData><Point><coordinates>-122.4188712,37.774298</coordinates></Point></Placemark><Placemark><ExtendedData><Data name="@id"><value>node/12714858060</value></Data><Data name="camera:direction"><value>155</value></Data><Data name="camera:mount"><value>wall</value></Data><Data name="camera:type"><value>fixed</value></Data><Data name="man_made"><value>surveillance</value></Data><Data name="surveillance"><value>public</value></Data><Data name="surveillance:type"><value>camera</value></Data></ExtendedData><Point><coordinates>-122.3965535,37.7780387</coordinates></Point></Placemark><Placemark><ExtendedData><Data name="@id"><value>node/12714858075</value></Data><Data name="camera:direction"><value>5</value></Data><Data name="camera:mount"><value>ceiling</value></Data><Data name="camera:type"><value>fixed</value></Data><Data name="man_made"><value>surveillance</value></Data><Data name="surveillance"><value>public</value></Data><Data name="surveillance:type"><value>camera</value></Data></ExtendedData><Point><coordinates>-122.3969637,37.7778467</coordinates></Point></Placemark><Placemark><ExtendedData><Data name="@id"><value>node/12714858076</value></Data><Data name="camera:direction"><value>183</value></Data><Data name="camera:mount"><value>wall</value></Data><Data name="camera:type"><value>fixed</value></Data><Data name="man_made"><value>surveillance</value></Data><Data name="surveillance"><value>public</value></Data><Data name="surveillance:type"><value>camera</value></Data></ExtendedData><Point><coordinates>-122.397144,37.7780253</coordinates></Point></Placemark><Placemark><ExtendedData><Data name="@id"><value>node/12714858081</value></Data><Data name="camera:direction"><value>25</value></Data><Data name="camera:mount"><value>wall</value></Data><Data name="camera:type"><value>fixed</value></Data><Data name="man_made"><value>surveillance</value></Data><Data name="surveillance"><value>public</value></Data><Data name="surveillance:type"><value>camera</value></Data></ExtendedData><Point><coordinates>-122.4006438,37.7749456</coordinates></Point></Placemark><Placemark><ExtendedData><Data name="@id"><value>node/12714858082</value></Data><Data name="camera:direction"><value>167</value></Data><Data name="camera:mount"><value>wall</value></Data><Data name="camera:type"><value>fixed</value></Data><Data name="man_made"><value>surveillance</value></Data><Data name="surveillance"><value>public</value></Data><Data name="surveillance:type"><value>camera</value></Data></ExtendedData><Point><coordinates>-122.4004858,37.7750757</coordinates></Point></Placemark><Placemark><ExtendedData><Data name="@id"><value>node/12714858083</value></Data><Data name="camera:direction"><value>175</value></Data><Data name="camera:mount"><value>wall</value></Data><Data name="camera:type"><value>fixed</value></Data><Data name="man_made"><value>surveillance</value></Data><Data name="surveillance"><value>public</value></Data><Data name="surveillance:type"><value>camera</value></Data></ExtendedData><Point><coordinates>-122.4004634,37.7750942</coordinates></Point></Placemark><Placemark><ExtendedData><Data name="@id"><value>node/12714858084</value></Data><Data name="camera:direction"><value>222</value></Data><Data name="camera:mount"><value>wall</value></Data><Data name="camera:type"><value>fixed</value></Data><Data name="man_made"><value>surveillance</value></Data><Data name="surveillance"><value>public</value></Data><Data name="surveillance:type"><value>camera</value></Data></ExtendedData><Point><coordinates>-122.4004456,37.7751082</coordinates></Point></Placemark><Placemark><ExtendedData><Data name="@id"><value>node/12714858085</value></Data><Data name="camera:direction"><value>43</value></Data><Data name="camera:mount"><value>wall</value></Data><Data name="camera:type"><value>fixed</value></Data><Data name="man_made"><value>surveillance</value></Data><Data name="surveillance"><value>public</value></Data><Data name="surveillance:type"><value>camera</value></Data></ExtendedData><Point><coordinates>-122.400436,37.7751112</coordinates></Point></Placemark><Placemark><ExtendedData><Data name="@id"><value>node/12714858086</value></Data><Data name="camera:direction"><value>224</value></Data><Data name="camera:mount"><value>wall</value></Data><Data name="camera:type"><value>fixed</value></Data><Data name="man_made"><value>surveillance</value></Data><Data name="surveillance"><value>public</value></Data><Data name="surveillance:type"><value>camera</value></Data></ExtendedData><Point><coordinates>-122.4003659,37.7751735</coordinates></Point></Placemark><Placemark><ExtendedData><Data name="@id"><value>node/12714858087</value></Data><Data name="camera:direction"><value>43</value></Data><Data name="camera:mount"><value>wall</value></Data><Data name="camera:type"><value>fixed</value></Data><Data name="man_made"><value>surveillance</value></Data><Data name="surveillance"><value>public</value></Data><Data name="surveillance:type"><value>camera</value></Data></ExtendedData><Point><coordinates>-122.4003596,37.7751758</coordinates></Point></Placemark><Placemark><ExtendedData><Data name="@id"><value>node/12714858088</value></Data><Data name="camera:direction"><value>183</value></Data><Data name="camera:mount"><value>wall</value></Data><Data name="camera:type"><value>fixed</value></Data><Data name="man_made"><value>surveillance</value></Data><Data name="surveillance"><value>public</value></Data><Data name="surveillance:type"><value>camera</value></Data></ExtendedData><Point><coordinates>-122.400149,37.7753503</coordinates></Point></Placemark><Placemark><ExtendedData><Data name="@id"><value>node/12714858094</value></Data><Data name="camera:direction"><value>203</value></Data><Data name="camera:mount"><value>wall</value></Data><Data name="camera:type"><value>fixed</value></Data><Data name="man_made"><value>surveillance</value></Data><Data name="surveillance"><value>public</value></Data><Data name="surveillance:type"><value>camera</value></Data></ExtendedData><Point><coordinates>-122.3979951,37.7773522</coordinates></Point></Placemark><Placemark><ExtendedData><Data name="@id"><value>node/12714858095</value></Data><Data name="camera:direction"><value>70</value></Data><Data name="camera:mount"><value>wall</value></Data><Data name="camera:type"><value>panning</value></Data><Data name="man_made"><value>surveillance</value></Data><Data name="surveillance"><value>public</value></Data><Data name="surveillance:type"><value>camera</value></Data></ExtendedData><Point><coordinates>-122.3979206,37.7774025</coordinates></Point></Placemark><Placemark><ExtendedData><Data name="@id"><value>node/12714858096</value></Data><Data name="camera:direction"><value>206</value></Data><Data name="camera:mount"><value>wall</value></Data><Data name="camera:type"><value>panning</value></Data><Data name="man_made"><value>surveillance</value></Data><Data name="surveillance"><value>public</value></Data><Data name="surveillance:type"><value>camera</value></Data></ExtendedData><Point><coordinates>-122.3977498,37.7775393</coordinates></Point></Placemark><Placemark><ExtendedData><Data name="@id"><value>node/12730257497</value></Data><Data name="camera:mount"><value>pole</value></Data><Data name="camera:type"><value>fixed</value></Data><Data name="direction"><value>55</value></Data><Data name="man_made"><value>surveillance</value></Data><Data name="manufacturer"><value>Flock Safety</value></Data><Data name="manufacturer:wikidata"><value>Q108485435</value></Data><Data name="operator"><value>San Francisco Police Department</value></Data><Data name="operator:wikidata"><value>Q1320247</value></Data><Data name="surveillance"><value>public</value></Data><Data name="surveillance:type"><value>ALPR</value></Data><Data name="surveillance:zone"><value>traffic</value></Data></ExtendedData><Point><coordinates>-122.4363538,37.7237657</coordinates></Point></Placemark><Placemark><ExtendedData><Data name="@id"><value>node/12730257498</value></Data><Data name="camera:mount"><value>pole</value></Data><Data name="camera:type"><value>fixed</value></Data><Data name="direction"><value>220</value></Data><Data name="man_made"><value>surveillance</value></Data><Data name="manufacturer"><value>Flock Safety</value></Data><Data name="manufacturer:wikidata"><value>Q108485435</value></Data><Data name="operator"><value>San Francisco Police Department</value></Data><Data name="operator:wikidata"><value>Q1320247</value></Data><Data name="surveillance"><value>public</value></Data><Data name="surveillance:type"><value>ALPR</value></Data><Data name="surveillance:zone"><value>traffic</value></Data></ExtendedData><Point><coordinates>-122.437423,37.723766</coordinates></Point></Placemark><Placemark><ExtendedData><Data name="@id"><value>node/12730257499</value></Data><Data name="camera:mount"><value>pole</value></Data><Data name="camera:type"><value>fixed</value></Data><Data name="direction"><value>40</value></Data><Data name="man_made"><value>surveillance</value></Data><Data name="manufacturer"><value>Flock Safety</value></Data><Data name="manufacturer:wikidata"><value>Q108485435</value></Data><Data name="operator"><value>San Francisco Police Department</value></Data><Data name="operator:wikidata"><value>Q1320247</value></Data><Data name="surveillance"><value>public</value></Data><Data name="surveillance:type"><value>ALPR</value></Data><Data name="surveillance:zone"><value>traffic</value></Data></ExtendedData><Point><coordinates>-122.4374571,37.7236549</coordinates></Point></Placemark><Placemark><ExtendedData><Data name="@id"><value>node/12730292003</value></Data><Data name="camera:mount"><value>pole</value></Data><Data name="camera:type"><value>fixed</value></Data><Data name="direction"><value>290</value></Data><Data name="man_made"><value>surveillance</value></Data><Data name="manufacturer"><value>Flock Safety</value></Data><Data name="manufacturer:wikidata"><value>Q108485435</value></Data><Data name="operator"><value>San Francisco Police Department</value></Data><Data name="operator:wikidata"><value>Q1320247</value></Data><Data name="surveillance"><value>public</value></Data><Data name="surveillance:type"><value>ALPR</value></Data><Data name="surveillance:zone"><value>traffic</value></Data></ExtendedData><Point><coordinates>-122.4250012,37.7173451</coordinates></Point></Placemark><Placemark><ExtendedData><Data name="@id"><value>node/12735733316</value></Data><Data name="camera:mount"><value>pole</value></Data><Data name="camera:type"><value>fixed</value></Data><Data name="direction"><value>140</value></Data><Data name="man_made"><value>surveillance</value></Data><Data name="manufacturer"><value>Flock Safety</value></Data><Data name="manufacturer:wikidata"><value>Q108485435</value></Data><Data name="operator"><value>San Francisco Police Department</value></Data><Data name="operator:wikidata"><value>Q1320247</value></Data><Data name="surveillance"><value>public</value></Data><Data name="surveillance:type"><value>ALPR</value></Data><Data name="surveillance:zone"><value>traffic</value></Data></ExtendedData><Point><coordinates>-122.427527,37.7513566</coordinates></Point></Placemark><Placemark><ExtendedData><Data name="@id"><value>node/12735912309</value></Data><Data name="camera:mount"><value>pole</value></Data><Data name="camera:type"><value>fixed</value></Data><Data name="direction"><value>325</value></Data><Data name="man_made"><value>surveillance</value></Data><Data name="manufacturer"><value>Flock Safety</value></Data><Data name="manufacturer:wikidata"><value>Q108485435</value></Data><Data name="operator"><value>San Francisco Police Department</value></Data><Data name="operator:wikidata"><value>Q1320247</value></Data><Data name="surveillance"><value>public</value></Data><Data name="surveillance:type"><value>ALPR</value></Data><Data name="surveillance:zone"><value>traffic</value></Data></ExtendedData><Point><coordinates>-122.434031,37.7901291</coordinates></Point></Placemark><Placemark><ExtendedData><Data name="@id"><value>node/12741890927</value></Data><Data name="camera:mount"><value>pole</value></Data><Data name="camera:type"><value>fixed</value></Data><Data name="direction"><value>145</value></Data><Data name="man_made"><value>surveillance</value></Data><Data name="manufacturer"><value>Flock Safety</value></Data><Data name="manufacturer:wikidata"><value>Q108485435</value></Data><Data name="operator"><value>San Francisco Police Department</value></Data><Data name="operator:wikidata"><value>Q1320247</value></Data><Data name="surveillance"><value>public</value></Data><Data name="surveillance:type"><value>ALPR</value></Data><Data name="surveillance:zone"><value>traffic</value></Data></ExtendedData><Point><coordinates>-122.4069014,37.7883761</coordinates></Point></Placemark><Placemark><ExtendedData><Data name="@id"><value>node/12741890928</value></Data><Data name="camera:mount"><value>pole</value></Data><Data name="camera:type"><value>fixed</value></Data><Data name="direction"><value>50</value></Data><Data name="man_made"><value>surveillance</value></Data><Data name="manufacturer"><value>Flock Safety</value></Data><Data name="manufacturer:wikidata"><value>Q108485435</value></Data><Data name="operator"><value>San Francisco Police Department</value></Data><Data name="operator:wikidata"><value>Q1320247</value></Data><Data name="surveillance"><value>public</value></Data><Data name="surveillance:type"><value>ALPR</value></Data><Data name="surveillance:zone"><value>traffic</value></Data></ExtendedData><Point><coordinates>-122.4082628,37.7882239</coordinates></Point></Placemark><Placemark><ExtendedData><Data name="@id"><value>node/12741909244</value></Data><Data name="camera:mount"><value>pole</value></Data><Data name="camera:type"><value>fixed</value></Data><Data name="direction"><value>140</value></Data><Data name="man_made"><value>surveillance</value></Data><Data name="manufacturer"><value>Flock Safety</value></Data><Data name="manufacturer:wikidata"><value>Q108485435</value></Data><Data name="operator"><value>San Francisco Police Department</value></Data><Data name="operator:wikidata"><value>Q1320247</value></Data><Data name="surveillance"><value>public</value></Data><Data name="surveillance:type"><value>ALPR</value></Data><Data name="surveillance:zone"><value>traffic</value></Data></ExtendedData><Point><coordinates>-122.4340722,37.7896278</coordinates></Point></Placemark><Placemark><ExtendedData><Data name="@id"><value>node/12741909245</value></Data><Data name="camera:mount"><value>pole</value></Data><Data name="camera:type"><value>fixed</value></Data><Data name="direction"><value>50</value></Data><Data name="man_made"><value>surveillance</value></Data><Data name="manufacturer"><value>Flock Safety</value></Data><Data name="manufacturer:wikidata"><value>Q108485435</value></Data><Data name="operator"><value>San Francisco Police Department</value></Data><Data name="operator:wikidata"><value>Q1320247</value></Data><Data name="surveillance"><value>public</value></Data><Data name="surveillance:type"><value>ALPR</value></Data><Data name="surveillance:zone"><value>traffic</value></Data></ExtendedData><Point><coordinates>-122.4335875,37.7898572</coordinates></Point></Placemark><Placemark><ExtendedData><Data name="@id"><value>node/12756376888</value></Data><Data name="camera:mount"><value>pole</value></Data><Data name="camera:type"><value>fixed</value></Data><Data name="direction"><value>140</value></Data><Data name="man_made"><value>surveillance</value></Data><Data name="manufacturer"><value>Flock Safety</value></Data><Data name="manufacturer:wikidata"><value>Q108485435</value></Data><Data name="operator"><value>San Francisco Police Department</value></Data><Data name="operator:wikidata"><value>Q1320247</value></Data><Data name="surveillance"><value>public</value></Data><Data name="surveillance:type"><value>ALPR</value></Data><Data name="surveillance:zone"><value>traffic</value></Data></ExtendedData><Point><coordinates>-122.4184631,37.7719841</coordinates></Point></Placemark><Placemark><ExtendedData><Data name="@id"><value>node/12766674658</value></Data><Data name="camera:mount"><value>pole</value></Data><Data name="camera:type"><value>fixed</value></Data><Data name="direction"><value>255</value></Data><Data name="man_made"><value>surveillance</value></Data><Data name="manufacturer"><value>Flock Safety</value></Data><Data name="manufacturer:wikidata"><value>Q108485435</value></Data><Data name="operator"><value>San Francisco Police Department</value></Data><Data name="operator:wikidata"><value>Q1320247</value></Data><Data name="surveillance"><value>public</value></Data><Data name="surveillance:type"><value>ALPR</value></Data><Data name="surveillance:zone"><value>traffic</value></Data></ExtendedData><Point><coordinates>-122.4328299,37.7333974</coordinates></Point></Placemark><Placemark><ExtendedData><Data name="@id"><value>node/12771534839</value></Data><Data name="brand"><value>Flock Safety</value></Data><Data name="brand:wikidata"><value>Q108485435</value></Data><Data name="camera:mount"><value>pole</value></Data><Data name="camera:type"><value>fixed</value></Data><Data name="direction"><value>210</value></Data><Data name="man_made"><value>surveillance</value></Data><Data name="operator"><value>San Francisco Police Department</value></Data><Data name="operator:wikidata"><value>Q1320247</value></Data><Data name="surveillance"><value>traffic</value></Data><Data name="surveillance:type"><value>ALPR</value></Data><Data name="surveillance:zone"><value>traffic</value></Data></ExtendedData><Point><coordinates>-122.4041212,37.7700371</coordinates></Point></Placemark><Placemark><ExtendedData><Data name="@id"><value>node/12798140276</value></Data><Data name="camera:mount"><value>pole</value></Data><Data name="camera:type"><value>fixed</value></Data><Data name="direction"><value>140</value></Data><Data name="man_made"><value>surveillance</value></Data><Data name="manufacturer"><value>Flock Safety</value></Data><Data name="manufacturer:wikidata"><value>Q108485435</value></Data><Data name="operator"><value>San Francisco Police Department</value></Data><Data name="operator:wikidata"><value>Q1320247</value></Data><Data name="surveillance"><value>public</value></Data><Data name="surveillance:type"><value>ALPR</value></Data><Data name="surveillance:zone"><value>traffic</value></Data></ExtendedData><Point><coordinates>-122.4479439,37.7661672</coordinates></Point></Placemark><Placemark><ExtendedData><Data name="@id"><value>node/12801552781</value></Data><Data name="camera:mount"><value>pole</value></Data><Data name="camera:type"><value>fixed</value></Data><Data name="direction"><value>283</value></Data><Data name="man_made"><value>surveillance</value></Data><Data name="manufacturer"><value>Flock Safety</value></Data><Data name="manufacturer:wikidata"><value>Q108485435</value></Data><Data name="operator"><value>San Francisco Police Department</value></Data><Data name="operator:wikidata"><value>Q1320247</value></Data><Data name="surveillance"><value>public</value></Data><Data name="surveillance:type"><value>ALPR</value></Data><Data name="surveillance:zone"><value>traffic</value></Data></ExtendedData><Point><coordinates>-122.405542,37.8067593</coordinates></Point></Placemark><Placemark><ExtendedData><Data name="@id"><value>node/12803227261</value></Data><Data name="camera:direction"><value>266</value></Data><Data name="camera:mount"><value>building</value></Data><Data name="camera:type"><value>fixed</value></Data><Data name="man_made"><value>surveillance</value></Data><Data name="surveillance"><value>public</value></Data><Data name="surveillance:type"><value>camera</value></Data><Data name="surveillance:zone"><value>street</value></Data></ExtendedData><Point><coordinates>-122.4821719,37.7758571</coordinates></Point></Placemark><Placemark><ExtendedData><Data name="@id"><value>node/12804877976</value></Data><Data name="camera:mount"><value>pole</value></Data><Data name="camera:type"><value>fixed</value></Data><Data name="direction"><value>200</value></Data><Data name="man_made"><value>surveillance</value></Data><Data name="manufacturer"><value>Flock Safety</value></Data><Data name="manufacturer:wikidata"><value>Q108485435</value></Data><Data name="operator"><value>San Francisco Police Department</value></Data><Data name="operator:wikidata"><value>Q1320247</value></Data><Data name="surveillance"><value>public</value></Data><Data name="surveillance:type"><value>ALPR</value></Data><Data name="surveillance:zone"><value>traffic</value></Data></ExtendedData><Point><coordinates>-122.4970609,37.7336006</coordinates></Point></Placemark><Placemark><ExtendedData><Data name="@id"><value>node/12821371848</value></Data><Data name="camera:mount"><value>pole</value></Data><Data name="camera:type"><value>fixed</value></Data><Data name="direction"><value>95</value></Data><Data name="image"><value>https://alpr.pictures/san-francisco/oak%20ebns%20shrader.jpg</value></Data><Data name="man_made"><value>surveillance</value></Data><Data name="manufacturer"><value>Flock Safety</value></Data><Data name="manufacturer:wikidata"><value>Q108485435</value></Data><Data name="surveillance"><value>public</value></Data><Data name="surveillance:type"><value>ALPR</value></Data><Data name="surveillance:zone"><value>traffic</value></Data></ExtendedData><Point><coordinates>-122.4528698,37.7712638</coordinates></Point></Placemark><Placemark><ExtendedData><Data name="@id"><value>node/12829506287</value></Data><Data name="camera:mount"><value>pole</value></Data><Data name="camera:type"><value>fixed</value></Data><Data name="direction"><value>25</value></Data><Data name="man_made"><value>surveillance</value></Data><Data name="manufacturer"><value>Flock Safety</value></Data><Data name="manufacturer:wikidata"><value>Q108485435</value></Data><Data name="operator"><value>San Francisco Police Department</value></Data><Data name="operator:wikidata"><value>Q1320247</value></Data><Data name="surveillance"><value>public</value></Data><Data name="surveillance:type"><value>ALPR</value></Data><Data name="surveillance:zone"><value>traffic</value></Data></ExtendedData><Point><coordinates>-122.4054412,37.7324247</coordinates></Point></Placemark><Placemark><ExtendedData><Data name="@id"><value>node/12838565896</value></Data><Data name="camera:mount"><value>pole</value></Data><Data name="camera:type"><value>fixed</value></Data><Data name="direction"><value>110</value></Data><Data name="man_made"><value>surveillance</value></Data><Data name="manufacturer"><value>Flock Safety</value></Data><Data name="manufacturer:wikidata"><value>Q108485435</value></Data><Data name="operator"><value>San Francisco Police Department</value></Data><Data name="operator:wikidata"><value>Q1320247</value></Data><Data name="surveillance"><value>public</value></Data><Data name="surveillance:type"><value>ALPR</value></Data><Data name="surveillance:zone"><value>traffic</value></Data></ExtendedData><Point><coordinates>-122.4346417,37.7754403</coordinates></Point></Placemark><Placemark><ExtendedData><Data name="@id"><value>node/12838565897</value></Data><Data name="camera:mount"><value>pole</value></Data><Data name="camera:type"><value>fixed</value></Data><Data name="direction"><value>330</value></Data><Data name="man_made"><value>surveillance</value></Data><Data name="manufacturer"><value>Flock Safety</value></Data><Data name="manufacturer:wikidata"><value>Q108485435</value></Data><Data name="operator"><value>San Francisco Police Department</value></Data><Data name="operator:wikidata"><value>Q1320247</value></Data><Data name="surveillance"><value>public</value></Data><Data name="surveillance:type"><value>ALPR</value></Data><Data name="surveillance:zone"><value>traffic</value></Data></ExtendedData><Point><coordinates>-122.4718072,37.775049</coordinates></Point></Placemark><Placemark><ExtendedData><Data name="@id"><value>node/12838565898</value></Data><Data name="camera:mount"><value>pole</value></Data><Data name="camera:type"><value>fixed</value></Data><Data name="direction"><value>240</value></Data><Data name="image"><value>https://alpr.pictures/san-francisco/lincoln%20wbfs%20crossover.jpg</value></Data><Data name="man_made"><value>surveillance</value></Data><Data name="manufacturer"><value>Flock Safety</value></Data><Data name="manufacturer:wikidata"><value>Q108485435</value></Data><Data name="operator"><value>San Francisco Police Department</value></Data><Data name="operator:wikidata"><value>Q1320247</value></Data><Data name="surveillance"><value>public</value></Data><Data name="surveillance:type"><value>ALPR</value></Data><Data name="surveillance:zone"><value>traffic</value></Data></ExtendedData><Point><coordinates>-122.477539,37.7655614</coordinates></Point></Placemark><Placemark><ExtendedData><Data name="@id"><value>node/12838647839</value></Data><Data name="camera:mount"><value>pole</value></Data><Data name="camera:type"><value>fixed</value></Data><Data name="direction"><value>20</value></Data><Data name="man_made"><value>surveillance</value></Data><Data name="manufacturer"><value>Flock Safety</value></Data><Data name="manufacturer:wikidata"><value>Q108485435</value></Data><Data name="operator"><value>San Francisco Police Department</value></Data><Data name="operator:wikidata"><value>Q1320247</value></Data><Data name="surveillance"><value>public</value></Data><Data name="surveillance:type"><value>ALPR</value></Data><Data name="surveillance:zone"><value>traffic</value></Data></ExtendedData><Point><coordinates>-122.4596937,37.7664202</coordinates></Point></Placemark><Placemark><ExtendedData><Data name="@id"><value>node/12859825223</value></Data><Data name="camera:direction"><value>118</value></Data><Data name="camera:mount"><value>wall</value></Data><Data name="camera:type"><value>dome</value></Data><Data name="man_made"><value>surveillance</value></Data><Data name="surveillance"><value>outdoor</value></Data><Data name="surveillance:type"><value>camera</value></Data></ExtendedData><Point><coordinates>-122.4520778,37.8003967</coordinates></Point></Placemark><Placemark><description>Camera on underside of bridge looking down on foot path below.</description><ExtendedData><Data name="@id"><value>node/12859825279</value></Data><Data name="camera:direction"><value>0-360</value></Data><Data name="camera:mount"><value>building</value></Data><Data name="camera:type"><value>dome</value></Data><Data name="description"><value>Camera on underside of bridge looking down on foot path below.</value></Data><Data name="man_made"><value>surveillance</value></Data><Data name="surveillance"><value>public</value></Data><Data name="surveillance:type"><value>camera</value></Data><Data name="surveillance:zone"><value>public</value></Data></ExtendedData><Point><coordinates>-122.4503066,37.7997055</coordinates></Point></Placemark><Placemark><ExtendedData><Data name="@id"><value>node/12860007090</value></Data><Data name="camera:mount"><value>pole</value></Data><Data name="camera:type"><value>fixed</value></Data><Data name="direction"><value>240</value></Data><Data name="man_made"><value>surveillance</value></Data><Data name="operator"><value>Flock Safety</value></Data><Data name="operator:wikidata"><value>Q108485435</value></Data><Data name="surveillance"><value>public</value></Data><Data name="surveillance:type"><value>ALPR</value></Data><Data name="surveillance:zone"><value>traffic</value></Data></ExtendedData><Point><coordinates>-122.3994486,37.7808135</coordinates></Point></Placemark><Placemark><ExtendedData><Data name="@id"><value>node/12861517934</value></Data><Data name="camera:mount"><value>pole</value></Data><Data name="camera:type"><value>fixed</value></Data><Data name="direction"><value>185</value></Data><Data name="man_made"><value>surveillance</value></Data><Data name="manufacturer"><value>Flock Safety</value></Data><Data name="manufacturer:wikidata"><value>Q108485435</value></Data><Data name="operator"><value>San Francisco Police Department</value></Data><Data name="operator:wikidata"><value>Q1320247</value></Data><Data name="surveillance"><value>public</value></Data><Data name="surveillance:type"><value>ALPR</value></Data><Data name="surveillance:zone"><value>traffic</value></Data></ExtendedData><Point><coordinates>-122.4007786,37.7208718</coordinates></Point></Placemark><Placemark><ExtendedData><Data name="@id"><value>node/12866017973</value></Data><Data name="camera:mount"><value>pole</value></Data><Data name="camera:type"><value>fixed</value></Data><Data name="direction"><value>55</value></Data><Data name="man_made"><value>surveillance</value></Data><Data name="manufacturer"><value>Flock Safety</value></Data><Data name="manufacturer:wikidata"><value>Q108485435</value></Data><Data name="operator"><value>San Francisco Police Department</value></Data><Data name="operator:wikidata"><value>Q1320247</value></Data><Data name="surveillance"><value>public</value></Data><Data name="surveillance:type"><value>ALPR</value></Data><Data name="surveillance:zone"><value>traffic</value></Data></ExtendedData><Point><coordinates>-122.4644522,37.773436</coordinates></Point></Placemark><Placemark><ExtendedData><Data name="@id"><value>node/12866021550</value></Data><Data name="camera:mount"><value>pole</value></Data><Data name="camera:type"><value>fixed</value></Data><Data name="direction"><value>240</value></Data><Data name="man_made"><value>surveillance</value></Data><Data name="manufacturer"><value>Flock Safety</value></Data><Data name="manufacturer:wikidata"><value>Q108485435</value></Data><Data name="operator"><value>San Francisco Police Department</value></Data><Data name="operator:wikidata"><value>Q1320247</value></Data><Data name="surveillance"><value>public</value></Data><Data name="surveillance:type"><value>ALPR</value></Data><Data name="surveillance:zone"><value>traffic</value></Data></ExtendedData><Point><coordinates>-122.4265606,37.751811</coordinates></Point></Placemark><Placemark><ExtendedData><Data name="@id"><value>node/12866025921</value></Data><Data name="camera:mount"><value>pole</value></Data><Data name="camera:type"><value>fixed</value></Data><Data name="direction"><value>60</value></Data><Data name="man_made"><value>surveillance</value></Data><Data name="manufacturer"><value>Flock Safety</value></Data><Data name="manufacturer:wikidata"><value>Q108485435</value></Data><Data name="operator"><value>San Francisco Police Department</value></Data><Data name="operator:wikidata"><value>Q1320247</value></Data><Data name="surveillance"><value>public</value></Data><Data name="surveillance:type"><value>ALPR</value></Data><Data name="surveillance:zone"><value>traffic</value></Data></ExtendedData><Point><coordinates>-122.3944129,37.7524041</coordinates></Point></Placemark><Placemark><ExtendedData><Data name="@id"><value>node/12866027790</value></Data><Data name="camera:mount"><value>pole</value></Data><Data name="camera:type"><value>fixed</value></Data><Data name="direction"><value>60</value></Data><Data name="man_made"><value>surveillance</value></Data><Data name="manufacturer"><value>Flock Safety</value></Data><Data name="manufacturer:wikidata"><value>Q108485435</value></Data><Data name="operator"><value>San Francisco Police Department</value></Data><Data name="operator:wikidata"><value>Q1320247</value></Data><Data name="surveillance"><value>public</value></Data><Data name="surveillance:type"><value>ALPR</value></Data><Data name="surveillance:zone"><value>traffic</value></Data></ExtendedData><Point><coordinates>-122.3919181,37.7640582</coordinates></Point></Placemark><Placemark><ExtendedData><Data name="@id"><value>node/12893067349</value></Data><Data name="camera:type"><value>fixed</value></Data><Data name="direction"><value>60</value></Data><Data name="man_made"><value>surveillance</value></Data><Data name="manufacturer"><value>Flock Safety</value></Data><Data name="manufacturer:wikidata"><value>Q108485435</value></Data><Data name="operator"><value>San Francisco Police Department</value></Data><Data name="operator:wikidata"><value>Q1320247</value></Data><Data name="surveillance:type"><value>ALPR</value></Data><Data name="surveillance:zone"><value>traffic</value></Data></ExtendedData><Point><coordinates>-122.4660706,37.739283</coordinates></Point></Placemark><Placemark><ExtendedData><Data name="@id"><value>node/12898313738</value></Data><Data name="camera:direction"><value>E</value></Data><Data name="camera:mount"><value>pole</value></Data><Data name="camera:type"><value>fixed</value></Data><Data name="man_made"><value>surveillance</value></Data><Data name="surveillance"><value>outdoor</value></Data><Data name="surveillance:type"><value>camera</value></Data></ExtendedData><Point><coordinates>-122.4772525,37.7617525</coordinates></Point></Placemark><Placemark><ExtendedData><Data name="@id"><value>node/12898313743</value></Data><Data name="camera:direction"><value>W</value></Data><Data name="camera:mount"><value>pole</value></Data><Data name="camera:type"><value>fixed</value></Data><Data name="man_made"><value>surveillance</value></Data><Data name="surveillance"><value>public</value></Data><Data name="surveillance:type"><value>camera</value></Data><Data name="surveillance:zone"><value>street</value></Data></ExtendedData><Point><coordinates>-122.4768219,37.761637</coordinates></Point></Placemark><Placemark><ExtendedData><Data name="@id"><value>node/12922293864</value></Data><Data name="camera:mount"><value>pole</value></Data><Data name="camera:type"><value>fixed</value></Data><Data name="direction"><value>250</value></Data><Data name="man_made"><value>surveillance</value></Data><Data name="manufacturer"><value>Flock Safety</value></Data><Data name="manufacturer:wikidata"><value>Q108485435</value></Data><Data name="operator"><value>San Francisco Police Department</value></Data><Data name="operator:wikidata"><value>Q1320247</value></Data><Data name="surveillance"><value>public</value></Data><Data name="surveillance:type"><value>ALPR</value></Data><Data name="surveillance:zone"><value>traffic</value></Data></ExtendedData><Point><coordinates>-122.3933293,37.7641332</coordinates></Point></Placemark><Placemark><ExtendedData><Data name="@id"><value>node/12922375737</value></Data><Data name="camera:mount"><value>pole</value></Data><Data name="camera:type"><value>fixed</value></Data><Data name="direction"><value>140</value></Data><Data name="man_made"><value>surveillance</value></Data><Data name="manufacturer"><value>Flock Safety</value></Data><Data name="manufacturer:wikidata"><value>Q108485435</value></Data><Data name="operator"><value>San Francisco Police Department</value></Data><Data name="operator:wikidata"><value>Q1320247</value></Data><Data name="surveillance"><value>public</value></Data><Data name="surveillance:type"><value>ALPR</value></Data><Data name="surveillance:zone"><value>traffic</value></Data></ExtendedData><Point><coordinates>-122.4046586,37.7299634</coordinates></Point></Placemark><Placemark><ExtendedData><Data name="@id"><value>node/12926429734</value></Data><Data name="camera:mount"><value>pole</value></Data><Data name="camera:type"><value>fixed</value></Data><Data name="direction"><value>317</value></Data><Data name="man_made"><value>surveillance</value></Data><Data name="manufacturer"><value>Flock Safety</value></Data><Data name="manufacturer:wikidata"><value>Q108485435</value></Data><Data name="operator"><value>San Francisco Police Department</value></Data><Data name="operator:wikidata"><value>Q1320247</value></Data><Data name="surveillance"><value>public</value></Data><Data name="surveillance:type"><value>ALPR</value></Data><Data name="surveillance:zone"><value>traffic</value></Data></ExtendedData><Point><coordinates>-122.3976231,37.7994976</coordinates></Point></Placemark><Placemark><ExtendedData><Data name="@id"><value>node/12941676786</value></Data><Data name="camera:mount"><value>pole</value></Data><Data name="camera:type"><value>fixed</value></Data><Data name="direction"><value>60</value></Data><Data name="image"><value>https://alpr.pictures/san-francisco/sloat%20ebfs%2047th.jpg</value></Data><Data name="man_made"><value>surveillance</value></Data><Data name="manufacturer"><value>Flock Safety</value></Data><Data name="manufacturer:wikidata"><value>Q108485435</value></Data><Data name="operator"><value>San Francisco Police Department</value></Data><Data name="operator:wikidata"><value>Q1320247</value></Data><Data name="surveillance"><value>public</value></Data><Data name="surveillance:type"><value>ALPR</value></Data><Data name="surveillance:zone"><value>traffic</value></Data></ExtendedData><Point><coordinates>-122.5051569,37.7353176</coordinates></Point></Placemark><Placemark><ExtendedData><Data name="@id"><value>node/12941687950</value></Data><Data name="camera:mount"><value>pole</value></Data><Data name="camera:type"><value>fixed</value></Data><Data name="direction"><value>330</value></Data><Data name="man_made"><value>surveillance</value></Data><Data name="manufacturer"><value>Flock Safety</value></Data><Data name="manufacturer:wikidata"><value>Q108485435</value></Data><Data name="operator"><value>San Francisco Police Department</value></Data><Data name="operator:wikidata"><value>Q1320247</value></Data><Data name="surveillance"><value>public</value></Data><Data name="surveillance:type"><value>ALPR</value></Data><Data name="surveillance:zone"><value>traffic</value></Data></ExtendedData><Point><coordinates>-122.493795,37.7348414</coordinates></Point></Placemark><Placemark><ExtendedData><Data name="@id"><value>node/12941687951</value></Data><Data name="camera:mount"><value>pole</value></Data><Data name="camera:type"><value>fixed</value></Data><Data name="direction"><value>200</value></Data><Data name="man_made"><value>surveillance</value></Data><Data name="manufacturer"><value>Flock Safety</value></Data><Data name="manufacturer:wikidata"><value>Q108485435</value></Data><Data name="operator"><value>San Francisco Police Department</value></Data><Data name="operator:wikidata"><value>Q1320247</value></Data><Data name="surveillance"><value>public</value></Data><Data name="surveillance:type"><value>ALPR</value></Data><Data name="surveillance:zone"><value>traffic</value></Data></ExtendedData><Point><coordinates>-122.4939363,37.734663</coordinates></Point></Placemark><Placemark><ExtendedData><Data name="@id"><value>node/12945844230</value></Data><Data name="camera:mount"><value>pole</value></Data><Data name="camera:type"><value>fixed</value></Data><Data name="direction"><value>40</value></Data><Data name="man_made"><value>surveillance</value></Data><Data name="manufacturer"><value>Flock Safety</value></Data><Data name="manufacturer:wikidata"><value>Q108485435</value></Data><Data name="operator"><value>San Francisco Police Department</value></Data><Data name="operator:wikidata"><value>Q1320247</value></Data><Data name="surveillance"><value>public</value></Data><Data name="surveillance:type"><value>ALPR</value></Data><Data name="surveillance:zone"><value>traffic</value></Data></ExtendedData><Point><coordinates>-122.4138415,37.7162847</coordinates></Point></Placemark><Placemark><ExtendedData><Data name="@id"><value>node/12945844231</value></Data><Data name="camera:mount"><value>pole</value></Data><Data name="camera:type"><value>fixed</value></Data><Data name="direction"><value>215</value></Data><Data name="man_made"><value>surveillance</value></Data><Data name="manufacturer"><value>Flock Safety</value></Data><Data name="manufacturer:wikidata"><value>Q108485435</value></Data><Data name="operator"><value>San Francisco Police Department</value></Data><Data name="operator:wikidata"><value>Q1320247</value></Data><Data name="surveillance"><value>public</value></Data><Data name="surveillance:type"><value>ALPR</value></Data><Data name="surveillance:zone"><value>traffic</value></Data></ExtendedData><Point><coordinates>-122.4139858,37.7163636</coordinates></Point></Placemark><Placemark><ExtendedData><Data name="@id"><value>node/12947252102</value></Data><Data name="camera:direction"><value>220</value></Data><Data name="camera:mount"><value>pole</value></Data><Data name="camera:type"><value>fixed</value></Data><Data name="man_made"><value>surveillance</value></Data><Data name="surveillance"><value>traffic</value></Data><Data name="surveillance:type"><value>camera</value></Data><Data name="surveillance:zone"><value>traffic</value></Data></ExtendedData><Point><coordinates>-122.4225404,37.7751212</coordinates></Point></Placemark><Placemark><ExtendedData><Data name="@id"><value>node/12947663388</value></Data><Data name="direction"><value>257</value></Data><Data name="image"><value>https://alpr.pictures/san-francisco/el%20camino%20del%20mar%20wbfs%2025th.jpg</value></Data><Data name="man_made"><value>surveillance</value></Data><Data name="manufacturer"><value>Flock Safety</value></Data><Data name="manufacturer:wikidata"><value>Q108485435</value></Data><Data name="operator"><value>San Francisco Police Department</value></Data><Data name="operator:wikidata"><value>Q1320247</value></Data><Data name="surveillance"><value>public</value></Data><Data name="surveillance:type"><value>ALPR</value></Data><Data name="surveillance:zone"><value>traffic</value></Data></ExtendedData><Point><coordinates>-122.4854829,37.7876851</coordinates></Point></Placemark><Placemark><ExtendedData><Data name="@id"><value>node/12947683967</value></Data><Data name="direction"><value>170</value></Data><Data name="man_made"><value>surveillance</value></Data><Data name="operator:wikidata"><value>Q108485435</value></Data><Data name="surveillance"><value>public</value></Data><Data name="surveillance:type"><value>ALPR</value></Data><Data name="surveillance:zone"><value>traffic</value></Data></ExtendedData><Point><coordinates>-122.390137,37.7760931</coordinates></Point></Placemark><Placemark><ExtendedData><Data name="@id"><value>node/12952205799</value></Data><Data name="camera:mount"><value>pole</value></Data><Data name="camera:type"><value>fixed</value></Data><Data name="direction"><value>200</value></Data><Data name="man_made"><value>surveillance</value></Data><Data name="manufacturer"><value>Flock Safety</value></Data><Data name="manufacturer:wikidata"><value>Q108485435</value></Data><Data name="operator"><value>San Francisco Police Department</value></Data><Data name="operator:wikidata"><value>Q1320247</value></Data><Data name="surveillance"><value>public</value></Data><Data name="surveillance:type"><value>ALPR</value></Data><Data name="surveillance:zone"><value>traffic</value></Data></ExtendedData><Point><coordinates>-122.4376099,37.77395</coordinates></Point></Placemark><Placemark><ExtendedData><Data name="@id"><value>node/12952205800</value></Data><Data name="camera:mount"><value>pole</value></Data><Data name="camera:type"><value>fixed</value></Data><Data name="direction"><value>20</value></Data><Data name="man_made"><value>surveillance</value></Data><Data name="manufacturer"><value>Flock Safety</value></Data><Data name="manufacturer:wikidata"><value>Q108485435</value></Data><Data name="operator"><value>San Francisco Police Department</value></Data><Data name="operator:wikidata"><value>Q1320247</value></Data><Data name="surveillance"><value>public</value></Data><Data name="surveillance:type"><value>ALPR</value></Data><Data name="surveillance:zone"><value>traffic</value></Data></ExtendedData><Point><coordinates>-122.4375353,37.7736048</coordinates></Point></Placemark><Placemark><ExtendedData><Data name="@id"><value>node/12955669201</value></Data><Data name="camera:type"><value>fixed</value></Data><Data name="direction"><value>170</value></Data><Data name="man_made"><value>surveillance</value></Data><Data name="manufacturer"><value>Flock Safety</value></Data><Data name="manufacturer:wikidata"><value>Q108485435</value></Data><Data name="operator"><value>San Francisco Police Department</value></Data><Data name="operator:wikidata"><value>Q1320247</value></Data><Data name="surveillance:type"><value>ALPR</value></Data></ExtendedData><Point><coordinates>-122.4246398,37.7388893</coordinates></Point></Placemark><Placemark><ExtendedData><Data name="@id"><value>node/12956940991</value></Data><Data name="camera:type"><value>fixed</value></Data><Data name="direction"><value>320</value></Data><Data name="man_made"><value>surveillance</value></Data><Data name="manufacturer"><value>Flock Safety</value></Data><Data name="manufacturer:wikidata"><value>Q108485435</value></Data><Data name="operator"><value>San Francisco Police Department</value></Data><Data name="operator:wikidata"><value>Q1320247</value></Data><Data name="surveillance:type"><value>ALPR</value></Data></ExtendedData><Point><coordinates>-122.420207,37.7483087</coordinates></Point></Placemark><Placemark><ExtendedData><Data name="@id"><value>node/12956940992</value></Data><Data name="camera:type"><value>fixed</value></Data><Data name="direction"><value>150</value></Data><Data name="man_made"><value>surveillance</value></Data><Data name="manufacturer"><value>Flock Safety</value></Data><Data name="manufacturer:wikidata"><value>Q108485435</value></Data><Data name="operator"><value>San Francisco Police Department</value></Data><Data name="operator:wikidata"><value>Q1320247</value></Data><Data name="surveillance:type"><value>ALPR</value></Data></ExtendedData><Point><coordinates>-122.4204057,37.7479539</coordinates></Point></Placemark><Placemark><ExtendedData><Data name="@id"><value>node/12960048811</value></Data><Data name="camera:mount"><value>street_lamp</value></Data><Data name="direction"><value>230</value></Data><Data name="man_made"><value>surveillance</value></Data><Data name="operator"><value>San Francisco Police Department</value></Data><Data name="operator:wikidata"><value>Q1320247</value></Data><Data name="surveillance"><value>public</value></Data><Data name="surveillance:type"><value>ALPR</value></Data><Data name="surveillance:zone"><value>traffic</value></Data></ExtendedData><Point><coordinates>-122.4334455,37.7945677</coordinates></Point></Placemark><Placemark><ExtendedData><Data name="@id"><value>node/12963844978</value></Data><Data name="direction"><value>80</value></Data><Data name="man_made"><value>surveillance</value></Data><Data name="manufacturer"><value>Flock Safety</value></Data><Data name="manufacturer:wikidata"><value>Q108485435</value></Data><Data name="operator"><value>Lowe's</value></Data><Data name="operator:wikidata"><value>Q1373493</value></Data><Data name="surveillance"><value>outdoor</value></Data><Data name="surveillance:type"><value>ALPR</value></Data><Data name="surveillance:zone"><value>parking</value></Data></ExtendedData><Point><coordinates>-122.4066687,37.740432</coordinates></Point></Placemark><Placemark><ExtendedData><Data name="@id"><value>node/12964657118</value></Data><Data name="camera:mount"><value>pole</value></Data><Data name="camera:type"><value>fixed</value></Data><Data name="direction"><value>150</value></Data><Data name="man_made"><value>surveillance</value></Data><Data name="manufacturer"><value>Flock Safety</value></Data><Data name="manufacturer:wikidata"><value>Q108485435</value></Data><Data name="operator"><value>San Francisco Police Department</value></Data><Data name="operator:wikidata"><value>Q1320247</value></Data><Data name="surveillance"><value>public</value></Data><Data name="surveillance:type"><value>ALPR</value></Data><Data name="surveillance:zone"><value>traffic</value></Data></ExtendedData><Point><coordinates>-122.4246987,37.7696825</coordinates></Point></Placemark><Placemark><ExtendedData><Data name="@id"><value>node/12971272600</value></Data><Data name="camera:direction"><value>351</value></Data><Data name="camera:mount"><value>ceiling</value></Data><Data name="camera:type"><value>fixed</value></Data><Data name="man_made"><value>surveillance</value></Data><Data name="surveillance:type"><value>camera</value></Data><Data name="surveillance:zone"><value>entrance</value></Data></ExtendedData><Point><coordinates>-122.3925971,37.7957469</coordinates></Point></Placemark><Placemark><ExtendedData><Data name="@id"><value>node/12978809653</value></Data><Data name="camera:mount"><value>pole</value></Data><Data name="camera:type"><value>fixed</value></Data><Data name="direction"><value>225</value></Data><Data name="man_made"><value>surveillance</value></Data><Data name="manufacturer"><value>Flock Safety</value></Data><Data name="manufacturer:wikidata"><value>Q108485435</value></Data><Data name="operator"><value>San Francisco Police Department</value></Data><Data name="operator:wikidata"><value>Q1320247</value></Data><Data name="surveillance"><value>public</value></Data><Data name="surveillance:type"><value>ALPR</value></Data><Data name="surveillance:zone"><value>traffic</value></Data></ExtendedData><Point><coordinates>-122.4012075,37.7216789</coordinates></Point></Placemark><Placemark><ExtendedData><Data name="@id"><value>node/12979172095</value></Data><Data name="camera:type"><value>fixed</value></Data><Data name="direction"><value>100</value></Data><Data name="man_made"><value>surveillance</value></Data><Data name="manufacturer"><value>Flock Safety</value></Data><Data name="manufacturer:wikidata"><value>Q108485435</value></Data><Data name="operator"><value>San Francisco Police Department</value></Data><Data name="operator:wikidata"><value>Q1320247</value></Data><Data name="surveillance:type"><value>ALPR</value></Data></ExtendedData><Point><coordinates>-122.4024881,37.8042466</coordinates></Point></Placemark><Placemark><ExtendedData><Data name="@id"><value>node/12980820207</value></Data><Data name="camera:direction"><value>164</value></Data><Data name="camera:mount"><value>wall</value></Data><Data name="camera:type"><value>fixed</value></Data><Data name="man_made"><value>surveillance</value></Data><Data name="surveillance:type"><value>camera</value></Data></ExtendedData><Point><coordinates>-122.4238704,37.7723012</coordinates></Point></Placemark><Placemark><ExtendedData><Data name="@id"><value>node/12981554634</value></Data><Data name="camera:mount"><value>pole</value></Data><Data name="camera:type"><value>fixed</value></Data><Data name="direction"><value>10</value></Data><Data name="man_made"><value>surveillance</value></Data><Data name="manufacturer"><value>Flock Safety</value></Data><Data name="manufacturer:wikidata"><value>Q108485435</value></Data><Data name="operator"><value>St. Francis Homes Association</value></Data><Data name="surveillance"><value>public</value></Data><Data name="surveillance:type"><value>ALPR</value></Data><Data name="surveillance:zone"><value>traffic</value></Data></ExtendedData><Point><coordinates>-122.4659276,37.7333536</coordinates></Point></Placemark><Placemark><ExtendedData><Data name="@id"><value>node/12981874030</value></Data><Data name="camera:type"><value>fixed</value></Data><Data name="direction"><value>260</value></Data><Data name="man_made"><value>surveillance</value></Data><Data name="manufacturer"><value>Flock Safety</value></Data><Data name="manufacturer:wikidata"><value>Q108485435</value></Data><Data name="operator"><value>San Francisco Police Department</value></Data><Data name="operator:wikidata"><value>Q1320247</value></Data><Data name="surveillance:type"><value>ALPR</value></Data><Data name="surveillance:zone"><value>street</value></Data></ExtendedData><Point><coordinates>-122.4343485,37.7907678</coordinates></Point></Placemark><Placemark><ExtendedData><Data name="@id"><value>node/12983927728</value></Data><Data name="camera:direction"><value>35</value></Data><Data name="camera:mount"><value>pole</value></Data><Data name="camera:type"><value>fixed</value></Data><Data name="man_made"><value>surveillance</value></Data><Data name="surveillance"><value>traffic</value></Data><Data name="surveillance:type"><value>camera</value></Data><Data name="surveillance:zone"><value>traffic</value></Data></ExtendedData><Point><coordinates>-122.4236472,37.7716067</coordinates></Point></Placemark><Placemark><ExtendedData><Data name="@id"><value>node/12984676951</value></Data><Data name="camera:type"><value>fixed</value></Data><Data name="direction"><value>252</value></Data><Data name="man_made"><value>surveillance</value></Data><Data name="manufacturer"><value>Flock Safety</value></Data><Data name="manufacturer:wikidata"><value>Q108485435</value></Data><Data name="operator"><value>San Francisco Police Department</value></Data><Data name="operator:wikidata"><value>Q1320247</value></Data><Data name="surveillance"><value>public</value></Data><Data name="surveillance:type"><value>ALPR</value></Data><Data name="surveillance:zone"><value>traffic</value></Data></ExtendedData><Point><coordinates>-122.3882561,37.7872029</coordinates></Point></Placemark><Placemark><ExtendedData><Data name="@id"><value>node/12990982643</value></Data><Data name="camera:mount"><value>pole</value></Data><Data name="camera:type"><value>fixed</value></Data><Data name="direction"><value>25</value></Data><Data name="image"><value>https://alpr.pictures/san-francisco/great%20hwy%20nbfs%20sloat.jpg</value></Data><Data name="man_made"><value>surveillance</value></Data><Data name="manufacturer"><value>Flock Safety</value></Data><Data name="manufacturer:wikidata"><value>Q108485435</value></Data><Data name="operator"><value>San Francisco Police Department</value></Data><Data name="operator:wikidata"><value>Q1320247</value></Data><Data name="surveillance"><value>public</value></Data><Data name="surveillance:type"><value>ALPR</value></Data><Data name="surveillance:zone"><value>traffic</value></Data></ExtendedData><Point><coordinates>-122.5067146,37.7356881</coordinates></Point></Placemark><Placemark><ExtendedData><Data name="@id"><value>node/12991112381</value></Data><Data name="camera:type"><value>fixed</value></Data><Data name="direction"><value>190</value></Data><Data name="man_made"><value>surveillance</value></Data><Data name="manufacturer"><value>Flock Safety</value></Data><Data name="manufacturer:wikidata"><value>Q108485435</value></Data><Data name="operator"><value>San Francisco Police Department</value></Data><Data name="operator:wikidata"><value>Q1320247</value></Data><Data name="surveillance:type"><value>ALPR</value></Data></ExtendedData><Point><coordinates>-122.3891948,37.7804227</coordinates></Point></Placemark><Placemark><ExtendedData><Data name="@id"><value>node/13003623647</value></Data><Data name="camera:mount"><value>pole</value></Data><Data name="camera:type"><value>fixed</value></Data><Data name="direction"><value>130</value></Data><Data name="image"><value>https://alpr.pictures/san-francisco/point%20lobos%20sbns%20great%20hwy.jpg</value></Data><Data name="man_made"><value>surveillance</value></Data><Data name="manufacturer"><value>Flock Safety</value></Data><Data name="manufacturer:wikidata"><value>Q108485435</value></Data><Data name="surveillance"><value>public</value></Data><Data name="surveillance:type"><value>ALPR</value></Data><Data name="surveillance:zone"><value>traffic</value></Data></ExtendedData><Point><coordinates>-122.5135736,37.7781408</coordinates></Point></Placemark><Placemark><ExtendedData><Data name="@id"><value>node/13007751469</value></Data><Data name="camera:mount"><value>pole</value></Data><Data name="camera:type"><value>fixed</value></Data><Data name="direction"><value>60</value></Data><Data name="man_made"><value>surveillance</value></Data><Data name="manufacturer"><value>Flock Safety</value></Data><Data name="manufacturer:wikidata"><value>Q108485435</value></Data><Data name="operator"><value>San Francisco Police Department</value></Data><Data name="operator:wikidata"><value>Q1320247</value></Data><Data name="surveillance"><value>public</value></Data><Data name="surveillance:type"><value>ALPR</value></Data><Data name="surveillance:zone"><value>traffic</value></Data></ExtendedData><Point><coordinates>-122.4695834,37.7806887</coordinates></Point></Placemark><Placemark><ExtendedData><Data name="@id"><value>node/13019606191</value></Data><Data name="camera:direction"><value>149</value></Data><Data name="camera:mount"><value>building</value></Data><Data name="camera:type"><value>dome</value></Data><Data name="man_made"><value>surveillance</value></Data><Data name="surveillance"><value>outdoor</value></Data><Data name="surveillance:type"><value>camera</value></Data><Data name="surveillance:zone"><value>area</value></Data></ExtendedData><Point><coordinates>-122.400153,37.7681843</coordinates></Point></Placemark><Placemark><ExtendedData><Data name="@id"><value>node/13047693645</value></Data><Data name="camera:type"><value>fixed</value></Data><Data name="direction"><value>20</value></Data><Data name="man_made"><value>surveillance</value></Data><Data name="manufacturer"><value>Flock Safety</value></Data><Data name="manufacturer:wikidata"><value>Q108485435</value></Data><Data name="operator"><value>San Francisco Police Department</value></Data><Data name="operator:wikidata"><value>Q1320247</value></Data><Data name="surveillance:type"><value>ALPR</value></Data></ExtendedData><Point><coordinates>-122.3979454,37.7559675</coordinates></Point></Placemark><Placemark><ExtendedData><Data name="@id"><value>node/13070083923</value></Data><Data name="camera:type"><value>fixed</value></Data><Data name="direction"><value>50</value></Data><Data name="man_made"><value>surveillance</value></Data><Data name="manufacturer"><value>Flock Safety</value></Data><Data name="manufacturer:wikidata"><value>Q108485435</value></Data><Data name="surveillance"><value>public</value></Data><Data name="surveillance:type"><value>ALPR</value></Data><Data name="surveillance:zone"><value>street</value></Data></ExtendedData><Point><coordinates>-122.4425198,37.717714</coordinates></Point></Placemark><Placemark><ExtendedData><Data name="@id"><value>node/13070083924</value></Data><Data name="camera:type"><value>fixed</value></Data><Data name="direction"><value>230</value></Data><Data name="man_made"><value>surveillance</value></Data><Data name="manufacturer"><value>Flock Safety</value></Data><Data name="manufacturer:wikidata"><value>Q108485435</value></Data><Data name="surveillance"><value>public</value></Data><Data name="surveillance:type"><value>ALPR</value></Data><Data name="surveillance:zone"><value>street</value></Data></ExtendedData><Point><coordinates>-122.4422328,37.7179495</coordinates></Point></Placemark><Placemark><ExtendedData><Data name="@id"><value>node/13073239263</value></Data><Data name="camera:mount"><value>pole</value></Data><Data name="camera:type"><value>fixed</value></Data><Data name="direction"><value>240</value></Data><Data name="man_made"><value>surveillance</value></Data><Data name="manufacturer"><value>Flock Safety</value></Data><Data name="manufacturer:wikidata"><value>Q108485435</value></Data><Data name="operator"><value>San Francisco Police Department</value></Data><Data name="operator:wikidata"><value>Q1320247</value></Data><Data name="surveillance"><value>public</value></Data><Data name="surveillance:type"><value>ALPR</value></Data><Data name="surveillance:zone"><value>traffic</value></Data></ExtendedData><Point><coordinates>-122.4948212,37.7423242</coordinates></Point></Placemark><Placemark><ExtendedData><Data name="@id"><value>node/13073315886</value></Data><Data name="camera:mount"><value>pole</value></Data><Data name="camera:type"><value>fixed</value></Data><Data name="direction"><value>239</value></Data><Data name="man_made"><value>surveillance</value></Data><Data name="manufacturer"><value>Flock Safety</value></Data><Data name="manufacturer:wikidata"><value>Q108485435</value></Data><Data name="operator"><value>San Francisco Police Department</value></Data><Data name="operator:wikidata"><value>Q1320247</value></Data><Data name="surveillance"><value>public</value></Data><Data name="surveillance:type"><value>ALPR</value></Data><Data name="surveillance:zone"><value>traffic</value></Data></ExtendedData><Point><coordinates>-122.444609,37.7827645</coordinates></Point></Placemark><Placemark><ExtendedData><Data name="@id"><value>node/13073324179</value></Data><Data name="camera:mount"><value>pole</value></Data><Data name="camera:type"><value>fixed</value></Data><Data name="direction"><value>325</value></Data><Data name="man_made"><value>surveillance</value></Data><Data name="manufacturer"><value>Flock Safety</value></Data><Data name="manufacturer:wikidata"><value>Q108485435</value></Data><Data name="operator"><value>San Francisco Police Department</value></Data><Data name="operator:wikidata"><value>Q1320247</value></Data><Data name="surveillance"><value>public</value></Data><Data name="surveillance:type"><value>ALPR</value></Data><Data name="surveillance:zone"><value>traffic</value></Data></ExtendedData><Point><coordinates>-122.484164,37.7727041</coordinates></Point></Placemark><Placemark><ExtendedData><Data name="@id"><value>node/13073339387</value></Data><Data name="camera:mount"><value>pole</value></Data><Data name="camera:type"><value>fixed</value></Data><Data name="direction"><value>240</value></Data><Data name="man_made"><value>surveillance</value></Data><Data name="manufacturer"><value>Flock Safety</value></Data><Data name="manufacturer:wikidata"><value>Q108485435</value></Data><Data name="operator"><value>San Francisco Police Department</value></Data><Data name="operator:wikidata"><value>Q1320247</value></Data><Data name="surveillance"><value>public</value></Data><Data name="surveillance:type"><value>ALPR</value></Data><Data name="surveillance:zone"><value>traffic</value></Data></ExtendedData><Point><coordinates>-122.4765979,37.7542908</coordinates></Point></Placemark><Placemark><ExtendedData><Data name="@id"><value>node/13073339588</value></Data><Data name="camera:mount"><value>pole</value></Data><Data name="camera:type"><value>fixed</value></Data><Data name="direction"><value>220</value></Data><Data name="man_made"><value>surveillance</value></Data><Data name="manufacturer"><value>Flock Safety</value></Data><Data name="manufacturer:wikidata"><value>Q108485435</value></Data><Data name="operator"><value>San Francisco Police Department</value></Data><Data name="operator:wikidata"><value>Q1320247</value></Data><Data name="surveillance"><value>public</value></Data><Data name="surveillance:type"><value>ALPR</value></Data><Data name="surveillance:zone"><value>traffic</value></Data></ExtendedData><Point><coordinates>-122.4531238,37.7750682</coordinates></Point></Placemark><Placemark><ExtendedData><Data name="@id"><value>node/13095313526</value></Data><Data name="camera:mount"><value>pole</value></Data><Data name="camera:type"><value>fixed</value></Data><Data name="check_date"><value>2025-08-24</value></Data><Data name="direction"><value>210</value></Data><Data name="man_made"><value>surveillance</value></Data><Data name="manufacturer"><value>Flock Safety</value></Data><Data name="manufacturer:wikidata"><value>Q108485435</value></Data><Data name="operator"><value>St. Francis Homes Association</value></Data><Data name="surveillance"><value>public</value></Data><Data name="surveillance:type"><value>ALPR</value></Data><Data name="surveillance:zone"><value>traffic</value></Data></ExtendedData><Point><coordinates>-122.4644549,37.7353872</coordinates></Point></Placemark><Placemark><ExtendedData><Data name="@id"><value>node/13097625048</value></Data><Data name="camera:type"><value>fixed</value></Data><Data name="direction"><value>230</value></Data><Data name="man_made"><value>surveillance</value></Data><Data name="manufacturer"><value>Flock Safety</value></Data><Data name="manufacturer:wikidata"><value>Q108485435</value></Data><Data name="operator"><value>San Francisco Police Department</value></Data><Data name="operator:wikidata"><value>Q1320247</value></Data><Data name="surveillance:type"><value>ALPR</value></Data></ExtendedData><Point><coordinates>-122.437796,37.7741247</coordinates></Point></Placemark><Placemark><ExtendedData><Data name="@id"><value>node/13124262204</value></Data><Data name="camera:type"><value>fixed</value></Data><Data name="direction"><value>140</value></Data><Data name="highway"><value>street_lamp</value></Data><Data name="lamp_mount"><value>angled_mast</value></Data><Data name="lamp_type"><value>electric</value></Data><Data name="man_made"><value>surveillance</value></Data><Data name="manufacturer"><value>Flock Safety</value></Data><Data name="manufacturer:wikidata"><value>Q108485435</value></Data><Data name="operator"><value>San Francisco Police Department</value></Data><Data name="operator:wikidata"><value>Q1320247</value></Data><Data name="support"><value>pole</value></Data><Data name="surveillance:type"><value>ALPR</value></Data></ExtendedData><Point><coordinates>-122.4161424,37.761665</coordinates></Point></Placemark><Placemark><ExtendedData><Data name="@id"><value>node/13124400872</value></Data><Data name="direction"><value>157</value></Data><Data name="man_made"><value>surveillance</value></Data><Data name="manufacturer"><value>Flock Safety</value></Data><Data name="manufacturer:wikidata"><value>Q108485435</value></Data><Data name="operator"><value>San Francisco Police Department</value></Data><Data name="operator:wikidata"><value>Q1320247</value></Data><Data name="surveillance"><value>public</value></Data><Data name="surveillance:type"><value>ALPR</value></Data><Data name="surveillance:zone"><value>traffic</value></Data></ExtendedData><Point><coordinates>-122.4233631,37.7945145</coordinates></Point></Placemark><Placemark><ExtendedData><Data name="@id"><value>node/13145918420</value></Data><Data name="camera:mount"><value>pole</value></Data><Data name="camera:type"><value>fixed</value></Data><Data name="direction"><value>230</value></Data><Data name="man_made"><value>surveillance</value></Data><Data name="manufacturer"><value>Flock Safety</value></Data><Data name="manufacturer:wikidata"><value>Q108485435</value></Data><Data name="operator"><value>San Francisco Police Department</value></Data><Data name="operator:wikidata"><value>Q1320247</value></Data><Data name="surveillance"><value>public</value></Data><Data name="surveillance:type"><value>ALPR</value></Data><Data name="surveillance:zone"><value>traffic</value></Data></ExtendedData><Point><coordinates>-122.4383139,37.7740498</coordinates></Point></Placemark><Placemark><ExtendedData><Data name="@id"><value>node/13151988229</value></Data><Data name="camera:type"><value>fixed</value></Data><Data name="direction"><value>145</value></Data><Data name="man_made"><value>surveillance</value></Data><Data name="manufacturer"><value>Flock Safety</value></Data><Data name="manufacturer:wikidata"><value>Q108485435</value></Data><Data name="operator"><value>San Francisco Police Department</value></Data><Data name="operator:wikidata"><value>Q1320247</value></Data><Data name="surveillance:type"><value>ALPR</value></Data></ExtendedData><Point><coordinates>-122.4593047,37.7855549</coordinates></Point></Placemark><Placemark><ExtendedData><Data name="@id"><value>node/13151988230</value></Data><Data name="camera:type"><value>fixed</value></Data><Data name="direction"><value>50</value></Data><Data name="man_made"><value>surveillance</value></Data><Data name="manufacturer"><value>Flock Safety</value></Data><Data name="manufacturer:wikidata"><value>Q108485435</value></Data><Data name="operator"><value>San Francisco Police Department</value></Data><Data name="operator:wikidata"><value>Q1320247</value></Data><Data name="surveillance:type"><value>ALPR</value></Data></ExtendedData><Point><coordinates>-122.4579722,37.785789</coordinates></Point></Placemark><Placemark><ExtendedData><Data name="@id"><value>node/13151989496</value></Data><Data name="camera:type"><value>fixed</value></Data><Data name="direction"><value>330</value></Data><Data name="man_made"><value>surveillance</value></Data><Data name="manufacturer"><value>Flock Safety</value></Data><Data name="manufacturer:wikidata"><value>Q108485435</value></Data><Data name="operator"><value>San Francisco Police Department</value></Data><Data name="operator:wikidata"><value>Q1320247</value></Data><Data name="surveillance:type"><value>ALPR</value></Data></ExtendedData><Point><coordinates>-122.4591016,37.7858326</coordinates></Point></Placemark><Placemark><ExtendedData><Data name="@id"><value>node/13151991569</value></Data><Data name="camera:type"><value>fixed</value></Data><Data name="direction"><value>230</value></Data><Data name="man_made"><value>surveillance</value></Data><Data name="manufacturer"><value>Flock Safety</value></Data><Data name="manufacturer:wikidata"><value>Q108485435</value></Data><Data name="operator"><value>San Francisco Police Department</value></Data><Data name="operator:wikidata"><value>Q1320247</value></Data><Data name="surveillance:type"><value>ALPR</value></Data></ExtendedData><Point><coordinates>-122.4593584,37.785768</coordinates></Point></Placemark><Placemark><ExtendedData><Data name="@id"><value>node/13165591033</value></Data><Data name="camera:type"><value>fixed</value></Data><Data name="direction"><value>150</value></Data><Data name="man_made"><value>surveillance</value></Data><Data name="manufacturer"><value>Flock Safety</value></Data><Data name="manufacturer:wikidata"><value>Q108485435</value></Data><Data name="operator"><value>San Francisco Police Department</value></Data><Data name="operator:wikidata"><value>Q1320247</value></Data><Data name="surveillance:type"><value>ALPR</value></Data></ExtendedData><Point><coordinates>-122.479652,37.7716137</coordinates></Point></Placemark><Placemark><ExtendedData><Data name="@id"><value>node/13172739286</value></Data><Data name="camera:type"><value>fixed</value></Data><Data name="direction"><value>270</value></Data><Data name="man_made"><value>surveillance</value></Data><Data name="manufacturer"><value>Flock Safety</value></Data><Data name="manufacturer:wikidata"><value>Q108485435</value></Data><Data name="operator"><value>San Francisco Police Department</value></Data><Data name="operator:wikidata"><value>Q1320247</value></Data><Data name="surveillance:type"><value>ALPR</value></Data></ExtendedData><Point><coordinates>-122.4591221,37.7662588</coordinates></Point></Placemark><Placemark><ExtendedData><Data name="@id"><value>node/13194415939</value></Data><Data name="camera:direction"><value>86</value></Data><Data name="camera:mount"><value>pole</value></Data><Data name="camera:type"><value>fixed</value></Data><Data name="man_made"><value>surveillance</value></Data><Data name="surveillance:type"><value>ALPR</value></Data><Data name="surveillance:zone"><value>traffic</value></Data></ExtendedData><Point><coordinates>-122.4182439,37.7775433</coordinates></Point></Placemark><Placemark><ExtendedData><Data name="@id"><value>node/13194415940</value></Data><Data name="camera:direction"><value>179</value></Data><Data name="camera:mount"><value>pole</value></Data><Data name="camera:type"><value>fixed</value></Data><Data name="direction"><value>182</value></Data><Data name="man_made"><value>surveillance</value></Data><Data name="surveillance:type"><value>ALPR</value></Data><Data name="surveillance:zone"><value>traffic</value></Data></ExtendedData><Point><coordinates>-122.4180407,37.7777831</coordinates></Point></Placemark><Placemark><ExtendedData><Data name="@id"><value>node/13200044128</value></Data><Data name="camera:type"><value>fixed</value></Data><Data name="direction"><value>250</value></Data><Data name="man_made"><value>surveillance</value></Data><Data name="manufacturer"><value>Flock Safety</value></Data><Data name="manufacturer:wikidata"><value>Q108485435</value></Data><Data name="operator"><value>San Francisco Police Department</value></Data><Data name="operator:wikidata"><value>Q1320247</value></Data><Data name="surveillance:type"><value>ALPR</value></Data></ExtendedData><Point><coordinates>-122.4687885,37.7415692</coordinates></Point></Placemark><Placemark><ExtendedData><Data name="@id"><value>node/13200044129</value></Data><Data name="camera:type"><value>fixed</value></Data><Data name="direction"><value>10</value></Data><Data name="man_made"><value>surveillance</value></Data><Data name="manufacturer"><value>Flock Safety</value></Data><Data name="manufacturer:wikidata"><value>Q108485435</value></Data><Data name="operator"><value>San Francisco Police Department</value></Data><Data name="operator:wikidata"><value>Q1320247</value></Data><Data name="surveillance:type"><value>ALPR</value></Data></ExtendedData><Point><coordinates>-122.4477,37.7522802</coordinates></Point></Placemark><Placemark><ExtendedData><Data name="@id"><value>node/13239949231</value></Data><Data name="camera:type"><value>fixed</value></Data><Data name="direction"><value>225</value></Data><Data name="image"><value>https://alpr.pictures/san-francisco/25th%20sbfs%20el%20camino%20del%20mar%202.jpg</value></Data><Data name="man_made"><value>surveillance</value></Data><Data name="manufacturer"><value>Flock Safety</value></Data><Data name="manufacturer:wikidata"><value>Q108485435</value></Data><Data name="surveillance:type"><value>ALPR</value></Data></ExtendedData><Point><coordinates>-122.4851518,37.7868398</coordinates></Point></Placemark><Placemark><ExtendedData><Data name="@id"><value>node/13244945486</value></Data><Data name="direction"><value>290</value></Data><Data name="man_made"><value>surveillance</value></Data><Data name="manufacturer"><value>Flock Safety</value></Data><Data name="manufacturer:wikidata"><value>Q108485435</value></Data><Data name="operator"><value>San Francisco Police Department</value></Data><Data name="operator:wikidata"><value>Q1320247</value></Data><Data name="surveillance"><value>public</value></Data><Data name="surveillance:type"><value>ALPR</value></Data><Data name="surveillance:zone"><value>traffic</value></Data></ExtendedData><Point><coordinates>-122.4484601,37.8008825</coordinates></Point></Placemark><Placemark><ExtendedData><Data name="@id"><value>node/13244945487</value></Data><Data name="direction"><value>67</value></Data><Data name="image"><value>https://alpr.pictures/san-francisco/marina%20ebfs%20baker.jpg</value></Data><Data name="man_made"><value>surveillance</value></Data><Data name="manufacturer"><value>Flock Safety</value></Data><Data name="manufacturer:wikidata"><value>Q108485435</value></Data><Data name="operator"><value>San Francisco Police Department</value></Data><Data name="operator:wikidata"><value>Q1320247</value></Data><Data name="surveillance"><value>public</value></Data><Data name="surveillance:type"><value>ALPR</value></Data><Data name="surveillance:zone"><value>traffic</value></Data></ExtendedData><Point><coordinates>-122.4468862,37.8051278</coordinates></Point></Placemark><Placemark><ExtendedData><Data name="@id"><value>node/13289899181</value></Data><Data name="camera:direction"><value>328</value></Data><Data name="camera:mount"><value>pole</value></Data><Data name="camera:type"><value>fixed</value></Data><Data name="man_made"><value>surveillance</value></Data><Data name="surveillance"><value>public</value></Data><Data name="surveillance:type"><value>camera</value></Data></ExtendedData><Point><coordinates>-122.47583,37.8043368</coordinates></Point></Placemark><Placemark><ExtendedData><Data name="@id"><value>node/13289899182</value></Data><Data name="camera:direction"><value>39</value></Data><Data name="camera:mount"><value>pole</value></Data><Data name="camera:type"><value>fixed</value></Data><Data name="man_made"><value>surveillance</value></Data><Data name="surveillance"><value>public</value></Data><Data name="surveillance:type"><value>camera</value></Data></ExtendedData><Point><coordinates>-122.4758148,37.8043323</coordinates></Point></Placemark><Placemark><ExtendedData><Data name="@id"><value>node/13289899183</value></Data><Data name="camera:direction"><value>177</value></Data><Data name="camera:mount"><value>pole</value></Data><Data name="camera:type"><value>fixed</value></Data><Data name="man_made"><value>surveillance</value></Data><Data name="surveillance"><value>public</value></Data><Data name="surveillance:type"><value>camera</value></Data></ExtendedData><Point><coordinates>-122.4758262,37.8043207</coordinates></Point></Placemark><Placemark><ExtendedData><Data name="@id"><value>node/13289899187</value></Data><Data name="camera:mount"><value>pole</value></Data><Data name="camera:type"><value>fixed</value></Data><Data name="direction"><value>210;0;70</value></Data><Data name="man_made"><value>surveillance</value></Data><Data name="manufacturer"><value>Flock Safety</value></Data><Data name="manufacturer:wikidata"><value>Q108485435</value></Data><Data name="operator:wikidata"><value>Q1320247</value></Data><Data name="surveillance"><value>public</value></Data><Data name="surveillance:type"><value>camera</value></Data><Data name="surveillance:zone"><value>traffic</value></Data></ExtendedData><Point><coordinates>-122.4756233,37.8039294</coordinates></Point></Placemark><Placemark><ExtendedData><Data name="@id"><value>node/13289899188</value></Data><Data name="camera:direction"><value>202</value></Data><Data name="camera:mount"><value>pole</value></Data><Data name="camera:type"><value>fixed</value></Data><Data name="man_made"><value>surveillance</value></Data><Data name="surveillance"><value>public</value></Data><Data name="surveillance:type"><value>camera</value></Data></ExtendedData><Point><coordinates>-122.4755623,37.8039217</coordinates></Point></Placemark><Placemark><ExtendedData><Data name="@id"><value>node/13289899189</value></Data><Data name="camera:direction"><value>349</value></Data><Data name="camera:mount"><value>pole</value></Data><Data name="camera:type"><value>fixed</value></Data><Data name="man_made"><value>surveillance</value></Data><Data name="surveillance"><value>public</value></Data><Data name="surveillance:type"><value>camera</value></Data></ExtendedData><Point><coordinates>-122.4755554,37.8039489</coordinates></Point></Placemark><Placemark><ExtendedData><Data name="@id"><value>node/13289899190</value></Data><Data name="camera:direction"><value>49</value></Data><Data name="camera:mount"><value>pole</value></Data><Data name="camera:type"><value>fixed</value></Data><Data name="man_made"><value>surveillance</value></Data><Data name="surveillance"><value>public</value></Data><Data name="surveillance:type"><value>camera</value></Data></ExtendedData><Point><coordinates>-122.4755347,37.8039426</coordinates></Point></Placemark><Placemark><ExtendedData><Data name="@id"><value>node/13289899192</value></Data><Data name="camera:mount"><value>pole</value></Data><Data name="camera:type"><value>fixed</value></Data><Data name="direction"><value>0;50;90;190</value></Data><Data name="image"><value>https://alpr.pictures/san-francisco/el%20camino%20del%20mar%20jso%20bowley.jpg</value></Data><Data name="man_made"><value>surveillance</value></Data><Data name="manufacturer"><value>Pelco</value></Data><Data name="manufacturer:wikidata"><value>Q17143655</value></Data><Data name="surveillance"><value>public</value></Data><Data name="surveillance:type"><value>ALPR</value></Data></ExtendedData><Point><coordinates>-122.4825563,37.7886061</coordinates></Point></Placemark><Placemark><ExtendedData><Data name="@id"><value>node/13289899196</value></Data><Data name="camera:direction"><value>0-360</value></Data><Data name="camera:mount"><value>pole</value></Data><Data name="camera:type"><value>panning</value></Data><Data name="image"><value>https://alpr.pictures/san-francisco/el%20camino%20del%20mar%20jso%20bowley.jpg</value></Data><Data name="man_made"><value>surveillance</value></Data><Data name="surveillance"><value>public</value></Data><Data name="surveillance:type"><value>camera</value></Data></ExtendedData><Point><coordinates>-122.4825673,37.7886063</coordinates></Point></Placemark><Placemark><ExtendedData><Data name="@id"><value>node/13289899198</value></Data><Data name="direction"><value>162</value></Data><Data name="image"><value>https://alpr.pictures/san-francisco/25th%20sbfs%20el%20camino%20del%20mar%201.jpg</value></Data><Data name="man_made"><value>surveillance</value></Data><Data name="manufacturer"><value>Flock Safety</value></Data><Data name="manufacturer:wikidata"><value>Q108485435</value></Data><Data name="operator"><value>San Francisco Police Department</value></Data><Data name="operator:wikidata"><value>Q1320247</value></Data><Data name="surveillance"><value>public</value></Data><Data name="surveillance:type"><value>ALPR</value></Data></ExtendedData><Point><coordinates>-122.4853943,37.7874938</coordinates></Point></Placemark><Placemark><ExtendedData><Data name="@id"><value>node/13291451155</value></Data><Data name="camera:mount"><value>wall</value></Data><Data name="camera:type"><value>fixed</value></Data><Data name="direction"><value>335</value></Data><Data name="man_made"><value>surveillance</value></Data><Data name="surveillance"><value>outdoor</value></Data><Data name="surveillance:type"><value>ALPR</value></Data><Data name="surveillance:zone"><value>entrance</value></Data></ExtendedData><Point><coordinates>-122.4073531,37.7876662</coordinates></Point></Placemark><Placemark><ExtendedData><Data name="@id"><value>node/13291451156</value></Data><Data name="camera:mount"><value>pole</value></Data><Data name="camera:type"><value>fixed</value></Data><Data name="direction"><value>8</value></Data><Data name="man_made"><value>surveillance</value></Data><Data name="surveillance"><value>outdoor</value></Data><Data name="surveillance:type"><value>ALPR</value></Data><Data name="surveillance:zone"><value>entrance</value></Data></ExtendedData><Point><coordinates>-122.407424,37.787681</coordinates></Point></Placemark><Placemark><ExtendedData><Data name="@id"><value>node/13298086257</value></Data><Data name="camera:mount"><value>pole</value></Data><Data name="camera:type"><value>fixed</value></Data><Data name="direction"><value>300</value></Data><Data name="man_made"><value>surveillance</value></Data><Data name="manufacturer"><value>Flock Safety</value></Data><Data name="manufacturer:wikidata"><value>Q108485435</value></Data><Data name="operator"><value>San Francisco Police Department</value></Data><Data name="operator:wikidata"><value>Q1320247</value></Data><Data name="surveillance"><value>public</value></Data><Data name="surveillance:type"><value>ALPR</value></Data><Data name="surveillance:zone"><value>traffic</value></Data></ExtendedData><Point><coordinates>-122.4761383,37.7301225</coordinates></Point></Placemark><Placemark><ExtendedData><Data name="@id"><value>node/13300264401</value></Data><Data name="camera:type"><value>fixed</value></Data><Data name="direction"><value>315</value></Data><Data name="man_made"><value>surveillance</value></Data><Data name="manufacturer"><value>Flock Safety</value></Data><Data name="manufacturer:wikidata"><value>Q108485435</value></Data><Data name="surveillance"><value>public</value></Data><Data name="surveillance:type"><value>ALPR</value></Data><Data name="surveillance:zone"><value>traffic</value></Data></ExtendedData><Point><coordinates>-122.4590902,37.7920655</coordinates></Point></Placemark><Placemark><ExtendedData><Data name="@id"><value>node/13300265801</value></Data><Data name="camera:type"><value>fixed</value></Data><Data name="direction"><value>137</value></Data><Data name="man_made"><value>surveillance</value></Data><Data name="manufacturer"><value>Flock Safety</value></Data><Data name="manufacturer:wikidata"><value>Q108485435</value></Data><Data name="surveillance"><value>public</value></Data><Data name="surveillance:type"><value>ALPR</value></Data><Data name="surveillance:zone"><value>traffic</value></Data></ExtendedData><Point><coordinates>-122.4589912,37.7919978</coordinates></Point></Placemark><Placemark><ExtendedData><Data name="@id"><value>node/13300290103</value></Data><Data name="camera:type"><value>fixed</value></Data><Data name="direction"><value>217;37</value></Data><Data name="man_made"><value>surveillance</value></Data><Data name="manufacturer"><value>Flock Safety</value></Data><Data name="manufacturer:wikidata"><value>Q108485435</value></Data><Data name="surveillance"><value>public</value></Data><Data name="surveillance:type"><value>ALPR</value></Data><Data name="surveillance:zone"><value>traffic</value></Data></ExtendedData><Point><coordinates>-122.4480322,37.7982102</coordinates></Point></Placemark><Placemark><ExtendedData><Data name="@id"><value>node/13300297102</value></Data><Data name="camera:type"><value>fixed</value></Data><Data name="direction"><value>217</value></Data><Data name="man_made"><value>surveillance</value></Data><Data name="manufacturer"><value>Flock Safety</value></Data><Data name="manufacturer:wikidata"><value>Q108485435</value></Data><Data name="surveillance"><value>public</value></Data><Data name="surveillance:type"><value>ALPR</value></Data><Data name="surveillance:zone"><value>traffic</value></Data></ExtendedData><Point><coordinates>-122.4480322,37.7982102</coordinates></Point></Placemark><Placemark><ExtendedData><Data name="@id"><value>node/13300435818</value></Data><Data name="camera:type"><value>fixed</value></Data><Data name="direction"><value>45</value></Data><Data name="man_made"><value>surveillance</value></Data><Data name="manufacturer"><value>Flock Safety</value></Data><Data name="manufacturer:wikidata"><value>Q108485435</value></Data><Data name="surveillance:type"><value>ALPR</value></Data><Data name="surveillance:zone"><value>street</value></Data></ExtendedData><Point><coordinates>-122.4601977,37.7435056</coordinates></Point></Placemark><Placemark><ExtendedData><Data name="@id"><value>node/13300844901</value></Data><Data name="camera:type"><value>fixed</value></Data><Data name="direction"><value>59;228</value></Data><Data name="man_made"><value>surveillance</value></Data><Data name="manufacturer"><value>Motorola Solutions</value></Data><Data name="manufacturer:wikidata"><value>Q634815</value></Data><Data name="surveillance"><value>public</value></Data><Data name="surveillance:type"><value>ALPR</value></Data><Data name="surveillance:zone"><value>traffic</value></Data></ExtendedData><Point><coordinates>-122.4116628,37.7483209</coordinates></Point></Placemark><Placemark><ExtendedData><Data name="@id"><value>node/13311188463</value></Data><Data name="direction"><value>65</value></Data><Data name="man_made"><value>surveillance</value></Data><Data name="manufacturer"><value>Flock Safety</value></Data><Data name="manufacturer:wikidata"><value>Q108485435</value></Data><Data name="operator"><value>San Francisco Police Department</value></Data><Data name="operator:wikidata"><value>Q1320247</value></Data><Data name="surveillance"><value>public</value></Data><Data name="surveillance:type"><value>ALPR</value></Data><Data name="surveillance:zone"><value>traffic</value></Data></ExtendedData><Point><coordinates>-122.4031274,37.7306817</coordinates></Point></Placemark><Placemark><ExtendedData><Data name="@id"><value>node/13320230301</value></Data><Data name="camera:type"><value>fixed</value></Data><Data name="direction"><value>0</value></Data><Data name="man_made"><value>surveillance</value></Data><Data name="manufacturer"><value>Flock Safety</value></Data><Data name="manufacturer:wikidata"><value>Q108485435</value></Data><Data name="surveillance"><value>public</value></Data><Data name="surveillance:type"><value>ALPR</value></Data><Data name="surveillance:zone"><value>traffic</value></Data></ExtendedData><Point><coordinates>-122.4194,37.7749</coordinates></Point></Placemark><Placemark><ExtendedData><Data name="@id"><value>node/13323200940</value></Data><Data name="camera:direction"><value>210</value></Data><Data name="camera:mount"><value>pole</value></Data><Data name="camera:type"><value>fixed</value></Data><Data name="man_made"><value>surveillance</value></Data><Data name="surveillance"><value>outdoor</value></Data><Data name="surveillance:type"><value>camera</value></Data><Data name="surveillance:zone"><value>entrance</value></Data></ExtendedData><Point><coordinates>-122.4040671,37.7762951</coordinates></Point></Placemark><Placemark><ExtendedData><Data name="@id"><value>node/13325537701</value></Data><Data name="camera:type"><value>fixed</value></Data><Data name="direction"><value>49</value></Data><Data name="man_made"><value>surveillance</value></Data><Data name="manufacturer"><value>Flock Safety</value></Data><Data name="manufacturer:wikidata"><value>Q108485435</value></Data><Data name="surveillance"><value>public</value></Data><Data name="surveillance:type"><value>ALPR</value></Data><Data name="surveillance:zone"><value>traffic</value></Data></ExtendedData><Point><coordinates>-122.4470262,37.7541285</coordinates></Point></Placemark><Placemark><ExtendedData><Data name="@id"><value>node/13328936703</value></Data><Data name="camera:type"><value>fixed</value></Data><Data name="direction"><value>154</value></Data><Data name="man_made"><value>surveillance</value></Data><Data name="manufacturer"><value>Flock Safety</value></Data><Data name="manufacturer:wikidata"><value>Q108485435</value></Data><Data name="surveillance"><value>public</value></Data><Data name="surveillance:type"><value>ALPR</value></Data><Data name="surveillance:zone"><value>traffic</value></Data></ExtendedData><Point><coordinates>-122.4484107,37.7581912</coordinates></Point></Placemark><Placemark><ExtendedData><Data name="@id"><value>node/13339650631</value></Data><Data name="camera:type"><value>fixed</value></Data><Data name="direction"><value>180</value></Data><Data name="man_made"><value>surveillance</value></Data><Data name="manufacturer"><value>Flock Safety</value></Data><Data name="manufacturer:wikidata"><value>Q108485435</value></Data><Data name="operator"><value>St Francis Wood HOA</value></Data><Data name="surveillance"><value>traffic</value></Data><Data name="surveillance:type"><value>ALPR</value></Data><Data name="surveillance:zone"><value>street</value></Data></ExtendedData><Point><coordinates>-122.4681432,37.7371616</coordinates></Point></Placemark><Placemark><ExtendedData><Data name="@id"><value>node/13339650632</value></Data><Data name="camera:type"><value>fixed</value></Data><Data name="direction"><value>120</value></Data><Data name="man_made"><value>surveillance</value></Data><Data name="manufacturer"><value>Flock Safety</value></Data><Data name="manufacturer:wikidata"><value>Q108485435</value></Data><Data name="operator"><value>St Francis Wood HOA</value></Data><Data name="surveillance:type"><value>ALPR</value></Data><Data name="surveillance:zone"><value>street</value></Data></ExtendedData><Point><coordinates>-122.4679662,37.7373567</coordinates></Point></Placemark><Placemark><ExtendedData><Data name="@id"><value>node/13343579416</value></Data><Data name="camera:direction"><value>355</value></Data><Data name="camera:mount"><value>wall</value></Data><Data name="camera:type"><value>fixed</value></Data><Data name="man_made"><value>surveillance</value></Data><Data name="surveillance"><value>public</value></Data><Data name="surveillance:type"><value>camera</value></Data></ExtendedData><Point><coordinates>-122.4005585,37.7774682</coordinates></Point></Placemark><Placemark><ExtendedData><Data name="@id"><value>node/13343579419</value></Data><Data name="camera:direction"><value>173</value></Data><Data name="camera:mount"><value>wall</value></Data><Data name="camera:type"><value>fixed</value></Data><Data name="man_made"><value>surveillance</value></Data><Data name="surveillance"><value>public</value></Data><Data name="surveillance:type"><value>camera</value></Data></ExtendedData><Point><coordinates>-122.3970664,37.7795948</coordinates></Point></Placemark><Placemark><ExtendedData><Data name="@id"><value>node/13343579432</value></Data><Data name="camera:direction"><value>5</value></Data><Data name="camera:mount"><value>wall</value></Data><Data name="camera:type"><value>fixed</value></Data><Data name="man_made"><value>surveillance</value></Data><Data name="surveillance"><value>public</value></Data><Data name="surveillance:type"><value>camera</value></Data></ExtendedData><Point><coordinates>-122.4010858,37.7770519</coordinates></Point></Placemark><Placemark><ExtendedData><Data name="@id"><value>node/13343579433</value></Data><Data name="camera:direction"><value>272</value></Data><Data name="camera:mount"><value>wall</value></Data><Data name="camera:type"><value>fixed</value></Data><Data name="man_made"><value>surveillance</value></Data><Data name="surveillance"><value>public</value></Data><Data name="surveillance:type"><value>camera</value></Data></ExtendedData><Point><coordinates>-122.4010102,37.7771099</coordinates></Point></Placemark><Placemark><ExtendedData><Data name="@id"><value>node/13343579434</value></Data><Data name="camera:direction"><value>252</value></Data><Data name="camera:mount"><value>wall</value></Data><Data name="camera:type"><value>fixed</value></Data><Data name="man_made"><value>surveillance</value></Data><Data name="surveillance"><value>public</value></Data><Data name="surveillance:type"><value>camera</value></Data></ExtendedData><Point><coordinates>-122.4008082,37.7772748</coordinates></Point></Placemark><Placemark><ExtendedData><Data name="@id"><value>node/13343579435</value></Data><Data name="camera:direction"><value>25</value></Data><Data name="camera:mount"><value>wall</value></Data><Data name="camera:type"><value>fixed</value></Data><Data name="man_made"><value>surveillance</value></Data><Data name="surveillance"><value>public</value></Data><Data name="surveillance:type"><value>camera</value></Data></ExtendedData><Point><coordinates>-122.4007956,37.7772817</coordinates></Point></Placemark><Placemark><ExtendedData><Data name="@id"><value>node/13343579436</value></Data><Data name="camera:direction"><value>274</value></Data><Data name="camera:mount"><value>wall</value></Data><Data name="camera:type"><value>fixed</value></Data><Data name="man_made"><value>surveillance</value></Data><Data name="surveillance"><value>public</value></Data><Data name="surveillance:type"><value>camera</value></Data></ExtendedData><Point><coordinates>-122.4007146,37.777347</coordinates></Point></Placemark><Placemark><ExtendedData><Data name="@id"><value>node/13343579437</value></Data><Data name="camera:direction"><value>279</value></Data><Data name="camera:mount"><value>wall</value></Data><Data name="camera:type"><value>fixed</value></Data><Data name="man_made"><value>surveillance</value></Data><Data name="surveillance"><value>public</value></Data><Data name="surveillance:type"><value>camera</value></Data></ExtendedData><Point><coordinates>-122.3995369,37.7782786</coordinates></Point></Placemark><Placemark><ExtendedData><Data name="@id"><value>node/13343579438</value></Data><Data name="camera:direction"><value>262</value></Data><Data name="camera:mount"><value>wall</value></Data><Data name="camera:type"><value>fixed</value></Data><Data name="man_made"><value>surveillance</value></Data><Data name="surveillance"><value>public</value></Data><Data name="surveillance:type"><value>camera</value></Data></ExtendedData><Point><coordinates>-122.4003592,37.7776288</coordinates></Point></Placemark><Placemark><ExtendedData><Data name="@id"><value>node/13343579439</value></Data><Data name="camera:direction"><value>236</value></Data><Data name="camera:mount"><value>wall</value></Data><Data name="camera:type"><value>fixed</value></Data><Data name="man_made"><value>surveillance</value></Data><Data name="surveillance"><value>public</value></Data><Data name="surveillance:type"><value>camera</value></Data></ExtendedData><Point><coordinates>-122.3998358,37.7780368</coordinates></Point></Placemark><Placemark><ExtendedData><Data name="@id"><value>node/13343579440</value></Data><Data name="camera:direction"><value>28</value></Data><Data name="camera:mount"><value>wall</value></Data><Data name="camera:type"><value>fixed</value></Data><Data name="man_made"><value>surveillance</value></Data><Data name="surveillance"><value>public</value></Data><Data name="surveillance:type"><value>camera</value></Data></ExtendedData><Point><coordinates>-122.3998303,37.7780381</coordinates></Point></Placemark><Placemark><ExtendedData><Data name="@id"><value>node/13343579441</value></Data><Data name="camera:direction"><value>328</value></Data><Data name="camera:mount"><value>wall</value></Data><Data name="camera:type"><value>fixed</value></Data><Data name="man_made"><value>surveillance</value></Data><Data name="surveillance"><value>public</value></Data><Data name="surveillance:type"><value>camera</value></Data></ExtendedData><Point><coordinates>-122.3996787,37.7781622</coordinates></Point></Placemark><Placemark><ExtendedData><Data name="@id"><value>node/13343579442</value></Data><Data name="camera:direction"><value>228</value></Data><Data name="camera:mount"><value>wall</value></Data><Data name="camera:type"><value>fixed</value></Data><Data name="man_made"><value>surveillance</value></Data><Data name="surveillance"><value>public</value></Data><Data name="surveillance:type"><value>camera</value></Data></ExtendedData><Point><coordinates>-122.3996409,37.7781951</coordinates></Point></Placemark><Placemark><ExtendedData><Data name="@id"><value>node/13343579443</value></Data><Data name="camera:direction"><value>233</value></Data><Data name="camera:mount"><value>wall</value></Data><Data name="camera:type"><value>fixed</value></Data><Data name="man_made"><value>surveillance</value></Data><Data name="surveillance"><value>public</value></Data><Data name="surveillance:type"><value>camera</value></Data></ExtendedData><Point><coordinates>-122.3995774,37.7782405</coordinates></Point></Placemark><Placemark><ExtendedData><Data name="@id"><value>node/13343579444</value></Data><Data name="camera:direction"><value>88</value></Data><Data name="camera:mount"><value>wall</value></Data><Data name="camera:type"><value>fixed</value></Data><Data name="man_made"><value>surveillance</value></Data><Data name="surveillance"><value>public</value></Data><Data name="surveillance:type"><value>camera</value></Data></ExtendedData><Point><coordinates>-122.3967774,37.7798221</coordinates></Point></Placemark><Placemark><ExtendedData><Data name="@id"><value>node/13343579445</value></Data><Data name="camera:direction"><value>257</value></Data><Data name="camera:mount"><value>wall</value></Data><Data name="camera:type"><value>fixed</value></Data><Data name="man_made"><value>surveillance</value></Data><Data name="surveillance"><value>public</value></Data><Data name="surveillance:type"><value>camera</value></Data></ExtendedData><Point><coordinates>-122.3994646,37.7783301</coordinates></Point></Placemark><Placemark><ExtendedData><Data name="@id"><value>node/13343579446</value></Data><Data name="camera:direction"><value>234</value></Data><Data name="camera:mount"><value>wall</value></Data><Data name="camera:type"><value>fixed</value></Data><Data name="man_made"><value>surveillance</value></Data><Data name="surveillance"><value>public</value></Data><Data name="surveillance:type"><value>camera</value></Data></ExtendedData><Point><coordinates>-122.3993896,37.7783898</coordinates></Point></Placemark><Placemark><ExtendedData><Data name="@id"><value>node/13343579447</value></Data><Data name="camera:direction"><value>275</value></Data><Data name="camera:mount"><value>wall</value></Data><Data name="camera:type"><value>fixed</value></Data><Data name="man_made"><value>surveillance</value></Data><Data name="surveillance"><value>public</value></Data><Data name="surveillance:type"><value>camera</value></Data></ExtendedData><Point><coordinates>-122.3983182,37.7792373</coordinates></Point></Placemark><Placemark><ExtendedData><Data name="@id"><value>node/13343579448</value></Data><Data name="camera:direction"><value>8</value></Data><Data name="camera:mount"><value>wall</value></Data><Data name="camera:type"><value>fixed</value></Data><Data name="man_made"><value>surveillance</value></Data><Data name="surveillance"><value>public</value></Data><Data name="surveillance:type"><value>camera</value></Data></ExtendedData><Point><coordinates>-122.3982974,37.7792572</coordinates></Point></Placemark><Placemark><ExtendedData><Data name="@id"><value>node/13349442293</value></Data><Data name="camera:direction"><value>0</value></Data><Data name="camera:type"><value>fixed</value></Data><Data name="man_made"><value>surveillance</value></Data><Data name="manufacturer"><value>Flock Safety</value></Data><Data name="manufacturer:wikidata"><value>Q108485435</value></Data><Data name="surveillance:type"><value>camera</value></Data></ExtendedData><Point><coordinates>-122.4710679,37.7347534</coordinates></Point></Placemark><Placemark><ExtendedData><Data name="@id"><value>node/13349442294</value></Data><Data name="camera:direction"><value>180</value></Data><Data name="camera:mount"><value>pole</value></Data><Data name="camera:type"><value>fixed</value></Data><Data name="man_made"><value>surveillance</value></Data><Data name="manufacturer"><value>Flock Safety</value></Data><Data name="manufacturer:wikidata"><value>Q108485435</value></Data><Data name="surveillance:type"><value>camera</value></Data></ExtendedData><Point><coordinates>-122.4710692,37.7347248</coordinates></Point></Placemark><Placemark><ExtendedData><Data name="@id"><value>node/13349442295</value></Data><Data name="camera:type"><value>fixed</value></Data><Data name="direction"><value>90</value></Data><Data name="man_made"><value>surveillance</value></Data><Data name="manufacturer"><value>Flock Safety</value></Data><Data name="manufacturer:wikidata"><value>Q108485435</value></Data><Data name="operator"><value>St Francis Wood HOA</value></Data><Data name="surveillance"><value>traffic</value></Data><Data name="surveillance:type"><value>ALPR</value></Data></ExtendedData><Point><coordinates>-122.4711081,37.7347067</coordinates></Point></Placemark><Placemark><ExtendedData><Data name="@id"><value>node/13349442296</value></Data><Data name="camera:type"><value>fixed</value></Data><Data name="direction"><value>90</value></Data><Data name="man_made"><value>surveillance</value></Data><Data name="manufacturer"><value>Flock Safety</value></Data><Data name="manufacturer:wikidata"><value>Q108485435</value></Data><Data name="operator"><value>St Francis Wood HOA</value></Data><Data name="surveillance"><value>traffic</value></Data><Data name="surveillance:type"><value>ALPR</value></Data><Data name="surveillance:zone"><value>traffic</value></Data></ExtendedData><Point><coordinates>-122.4711094,37.734763</coordinates></Point></Placemark><Placemark><ExtendedData><Data name="@id"><value>node/13349442297</value></Data><Data name="camera:type"><value>fixed</value></Data><Data name="direction"><value>90</value></Data><Data name="man_made"><value>surveillance</value></Data><Data name="manufacturer"><value>Flock Safety</value></Data><Data name="manufacturer:wikidata"><value>Q108485435</value></Data><Data name="operator"><value>St Francis Wood HOA</value></Data><Data name="surveillance"><value>traffic</value></Data><Data name="surveillance:type"><value>ALPR</value></Data><Data name="surveillance:zone"><value>traffic</value></Data></ExtendedData><Point><coordinates>-122.4711564,37.7331986</coordinates></Point></Placemark><Placemark><name>Flock Falcon</name><ExtendedData><Data name="@id"><value>node/13358649600</value></Data><Data name="camera:mount"><value>pole</value></Data><Data name="camera:type"><value>fixed</value></Data><Data name="direction"><value>342</value></Data><Data name="man_made"><value>surveillance</value></Data><Data name="manufacturer"><value>Flock Safety</value></Data><Data name="manufacturer:wikidata"><value>Q108485435</value></Data><Data name="name"><value>Flock Falcon</value></Data><Data name="operator"><value>San Francisco Police Department</value></Data><Data name="operator:wikidata"><value>Q1320247</value></Data><Data name="surveillance"><value>public</value></Data><Data name="surveillance:type"><value>ALPR</value></Data><Data name="surveillance:zone"><value>traffic</value></Data></ExtendedData><Point><coordinates>-122.3712118,37.8156788</coordinates></Point></Placemark><Placemark><ExtendedData><Data name="@id"><value>node/13367242001</value></Data><Data name="camera:type"><value>fixed</value></Data><Data name="direction"><value>63</value></Data><Data name="man_made"><value>surveillance</value></Data><Data name="manufacturer"><value>Flock Safety</value></Data><Data name="manufacturer:wikidata"><value>Q108485435</value></Data><Data name="surveillance"><value>public</value></Data><Data name="surveillance:type"><value>ALPR</value></Data><Data name="surveillance:zone"><value>traffic</value></Data></ExtendedData><Point><coordinates>-122.4169768,37.8051551</coordinates></Point></Placemark><Placemark><ExtendedData><Data name="@id"><value>node/13367242801</value></Data><Data name="camera:type"><value>fixed</value></Data><Data name="direction"><value>233</value></Data><Data name="man_made"><value>surveillance</value></Data><Data name="manufacturer"><value>Flock Safety</value></Data><Data name="manufacturer:wikidata"><value>Q108485435</value></Data><Data name="surveillance"><value>public</value></Data><Data name="surveillance:type"><value>ALPR</value></Data><Data name="surveillance:zone"><value>traffic</value></Data></ExtendedData><Point><coordinates>-122.4174521,37.8052028</coordinates></Point></Placemark><Placemark><ExtendedData><Data name="@id"><value>node/13377027883</value></Data><Data name="camera:type"><value>fixed</value></Data><Data name="direction"><value>260</value></Data><Data name="man_made"><value>surveillance</value></Data><Data name="manufacturer"><value>Flock Safety</value></Data><Data name="manufacturer:wikidata"><value>Q108485435</value></Data><Data name="surveillance"><value>traffic</value></Data><Data name="surveillance:type"><value>ALPR</value></Data><Data name="surveillance:zone"><value>traffic</value></Data></ExtendedData><Point><coordinates>-122.4678783,37.7350155</coordinates></Point></Placemark><Placemark><ExtendedData><Data name="@id"><value>node/13391609125</value></Data><Data name="camera:direction"><value>316</value></Data><Data name="camera:mount"><value>ceiling</value></Data><Data name="camera:type"><value>dome</value></Data><Data name="man_made"><value>surveillance</value></Data><Data name="surveillance"><value>public</value></Data><Data name="surveillance:type"><value>camera</value></Data><Data name="surveillance:zone"><value>public_transport_platform</value></Data></ExtendedData><Point><coordinates>-122.3968973,37.7786005</coordinates></Point></Placemark><Placemark><ExtendedData><Data name="@id"><value>node/13391609126</value></Data><Data name="camera:direction"><value>316</value></Data><Data name="camera:mount"><value>ceiling</value></Data><Data name="camera:type"><value>dome</value></Data><Data name="man_made"><value>surveillance</value></Data><Data name="surveillance"><value>public</value></Data><Data name="surveillance:type"><value>camera</value></Data><Data name="surveillance:zone"><value>public_transport_platform</value></Data></ExtendedData><Point><coordinates>-122.3968858,37.7786095</coordinates></Point></Placemark><Placemark><ExtendedData><Data name="@id"><value>node/13391609127</value></Data><Data name="camera:direction"><value>136</value></Data><Data name="camera:mount"><value>ceiling</value></Data><Data name="camera:type"><value>dome</value></Data><Data name="man_made"><value>surveillance</value></Data><Data name="surveillance"><value>public</value></Data><Data name="surveillance:type"><value>camera</value></Data><Data name="surveillance:zone"><value>public_transport_platform</value></Data></ExtendedData><Point><coordinates>-122.3968919,37.7786047</coordinates></Point></Placemark><Placemark><ExtendedData><Data name="@id"><value>node/13391609128</value></Data><Data name="camera:direction"><value>316</value></Data><Data name="camera:mount"><value>ceiling</value></Data><Data name="camera:type"><value>dome</value></Data><Data name="man_made"><value>surveillance</value></Data><Data name="surveillance"><value>public</value></Data><Data name="surveillance:type"><value>camera</value></Data><Data name="surveillance:zone"><value>public_transport_platform</value></Data></ExtendedData><Point><coordinates>-122.3970102,37.7786985</coordinates></Point></Placemark><Placemark><ExtendedData><Data name="@id"><value>node/13391609129</value></Data><Data name="camera:direction"><value>136</value></Data><Data name="camera:mount"><value>ceiling</value></Data><Data name="camera:type"><value>dome</value></Data><Data name="man_made"><value>surveillance</value></Data><Data name="surveillance"><value>public</value></Data><Data name="surveillance:type"><value>camera</value></Data><Data name="surveillance:zone"><value>public_transport_platform</value></Data></ExtendedData><Point><coordinates>-122.3970038,37.7787035</coordinates></Point></Placemark><Placemark><ExtendedData><Data name="@id"><value>node/13391609130</value></Data><Data name="camera:direction"><value>136</value></Data><Data name="camera:mount"><value>ceiling</value></Data><Data name="camera:type"><value>dome</value></Data><Data name="man_made"><value>surveillance</value></Data><Data name="surveillance"><value>public</value></Data><Data name="surveillance:type"><value>camera</value></Data><Data name="surveillance:zone"><value>public_transport_platform</value></Data></ExtendedData><Point><coordinates>-122.3970154,37.7786944</coordinates></Point></Placemark><Placemark><ExtendedData><Data name="@id"><value>node/13444793001</value></Data><Data name="camera:mount"><value>pole</value></Data><Data name="camera:type"><value>fixed</value></Data><Data name="direction"><value>0;0</value></Data><Data name="man_made"><value>surveillance</value></Data><Data name="manufacturer"><value>Flock Safety</value></Data><Data name="manufacturer:wikidata"><value>Q108485435</value></Data><Data name="surveillance"><value>public</value></Data><Data name="surveillance:type"><value>ALPR</value></Data><Data name="surveillance:zone"><value>traffic</value></Data></ExtendedData><Point><coordinates>-122.4315083,37.7416479</coordinates></Point></Placemark><Placemark><ExtendedData><Data name="@id"><value>node/13456455979</value></Data><Data name="camera:mount"><value>pole</value></Data><Data name="camera:type"><value>fixed</value></Data><Data name="direction"><value>55</value></Data><Data name="image"><value>https://alpr.pictures/san-francisco/buckingham%20nbfs%20winston.jpg</value></Data><Data name="man_made"><value>surveillance</value></Data><Data name="manufacturer"><value>Flock Safety</value></Data><Data name="manufacturer:wikidata"><value>Q108485435</value></Data><Data name="surveillance"><value>public</value></Data><Data name="surveillance:type"><value>ALPR</value></Data><Data name="surveillance:zone"><value>traffic</value></Data></ExtendedData><Point><coordinates>-122.4786177,37.7283361</coordinates></Point></Placemark><Placemark><ExtendedData><Data name="@id"><value>node/13456455980</value></Data><Data name="camera:mount"><value>pole</value></Data><Data name="camera:type"><value>fixed</value></Data><Data name="direction"><value>10</value></Data><Data name="man_made"><value>surveillance</value></Data><Data name="manufacturer"><value>Flock Safety</value></Data><Data name="manufacturer:wikidata"><value>Q108485435</value></Data><Data name="operator"><value>Stonestown Galleria Mall</value></Data><Data name="operator:wikidata"><value>Q7619332</value></Data><Data name="surveillance"><value>public</value></Data><Data name="surveillance:type"><value>ALPR</value></Data><Data name="surveillance:zone"><value>traffic</value></Data></ExtendedData><Point><coordinates>-122.4784491,37.7274947</coordinates></Point></Placemark><Placemark><ExtendedData><Data name="@id"><value>node/13456455981</value></Data><Data name="camera:mount"><value>street_lamp</value></Data><Data name="camera:type"><value>fixed</value></Data><Data name="direction"><value>190</value></Data><Data name="man_made"><value>surveillance</value></Data><Data name="manufacturer"><value>Flock Safety</value></Data><Data name="manufacturer:wikidata"><value>Q108485435</value></Data><Data name="operator"><value>Stonestown Galleria Mall</value></Data><Data name="operator:wikidata"><value>Q7619332</value></Data><Data name="surveillance"><value>public</value></Data><Data name="surveillance:type"><value>ALPR</value></Data><Data name="surveillance:zone"><value>traffic</value></Data></ExtendedData><Point><coordinates>-122.4759995,37.7266536</coordinates></Point></Placemark><Placemark><ExtendedData><Data name="@id"><value>node/13456455982</value></Data><Data name="camera:mount"><value>street_lamp</value></Data><Data name="camera:type"><value>fixed</value></Data><Data name="direction"><value>349</value></Data><Data name="man_made"><value>surveillance</value></Data><Data name="manufacturer"><value>Flock Safety</value></Data><Data name="manufacturer:wikidata"><value>Q108485435</value></Data><Data name="operator"><value>Stonestown Galleria Mall</value></Data><Data name="operator:wikidata"><value>Q7619332</value></Data><Data name="surveillance"><value>public</value></Data><Data name="surveillance:type"><value>ALPR</value></Data><Data name="surveillance:zone"><value>traffic</value></Data></ExtendedData><Point><coordinates>-122.4759954,37.7272586</coordinates></Point></Placemark><Placemark><ExtendedData><Data name="@id"><value>node/13464800201</value></Data><Data name="camera:type"><value>fixed</value></Data><Data name="direction"><value>156</value></Data><Data name="man_made"><value>surveillance</value></Data><Data name="manufacturer"><value>Flock Safety</value></Data><Data name="manufacturer:wikidata"><value>Q108485435</value></Data><Data name="surveillance"><value>public</value></Data><Data name="surveillance:type"><value>ALPR</value></Data><Data name="surveillance:zone"><value>traffic</value></Data></ExtendedData><Point><coordinates>-122.3901673,37.7761029</coordinates></Point></Placemark><Placemark><ExtendedData><Data name="@id"><value>node/13523594001</value></Data><Data name="camera:type"><value>fixed</value></Data><Data name="direction"><value>54</value></Data><Data name="man_made"><value>surveillance</value></Data><Data name="manufacturer"><value>Flock Safety</value></Data><Data name="manufacturer:wikidata"><value>Q108485435</value></Data><Data name="operator"><value>Lowe's</value></Data><Data name="operator:type"><value>private</value></Data><Data name="operator:wikidata"><value>Q1373493</value></Data><Data name="surveillance"><value>public</value></Data><Data name="surveillance:type"><value>ALPR</value></Data><Data name="surveillance:zone"><value>traffic</value></Data></ExtendedData><Point><coordinates>-122.3982048,37.7558713</coordinates></Point></Placemark><Placemark><ExtendedData><Data name="@id"><value>node/13568033101</value></Data><Data name="camera:type"><value>fixed</value></Data><Data name="direction"><value>0</value></Data><Data name="man_made"><value>surveillance</value></Data><Data name="manufacturer"><value>Flock Safety</value></Data><Data name="manufacturer:wikidata"><value>Q108485435</value></Data><Data name="surveillance"><value>public</value></Data><Data name="surveillance:type"><value>ALPR</value></Data><Data name="surveillance:zone"><value>traffic</value></Data></ExtendedData><Point><coordinates>-122.4529346,37.7666368</coordinates></Point></Placemark><Placemark><ExtendedData><Data name="@id"><value>node/13569997302</value></Data><Data name="camera:type"><value>fixed</value></Data><Data name="direction"><value>242</value></Data><Data name="man_made"><value>surveillance</value></Data><Data name="manufacturer"><value>Flock Safety</value></Data><Data name="manufacturer:wikidata"><value>Q108485435</value></Data><Data name="surveillance"><value>public</value></Data><Data name="surveillance:type"><value>ALPR</value></Data><Data name="surveillance:zone"><value>traffic</value></Data></ExtendedData><Point><coordinates>-122.4104572,37.7974923</coordinates></Point></Placemark><Placemark><ExtendedData><Data name="@id"><value>node/13601206701</value></Data><Data name="camera:type"><value>fixed</value></Data><Data name="direction"><value>214-284</value></Data><Data name="man_made"><value>surveillance</value></Data><Data name="manufacturer"><value>Flock Safety</value></Data><Data name="manufacturer:wikidata"><value>Q108485435</value></Data><Data name="surveillance"><value>public</value></Data><Data name="surveillance:type"><value>ALPR</value></Data><Data name="surveillance:zone"><value>traffic</value></Data></ExtendedData><Point><coordinates>-122.4500281,37.7230922</coordinates></Point></Placemark><Placemark><ExtendedData><Data name="@id"><value>node/13613274201</value></Data><Data name="camera:type"><value>fixed</value></Data><Data name="direction"><value>13</value></Data><Data name="man_made"><value>surveillance</value></Data><Data name="manufacturer"><value>Flock Safety</value></Data><Data name="manufacturer:wikidata"><value>Q108485435</value></Data><Data name="surveillance"><value>public</value></Data><Data name="surveillance:type"><value>ALPR</value></Data><Data name="surveillance:zone"><value>traffic</value></Data></ExtendedData><Point><coordinates>-122.4439861,37.7237881</coordinates></Point></Placemark><Placemark><ExtendedData><Data name="@id"><value>node/13613274901</value></Data><Data name="camera:type"><value>fixed</value></Data><Data name="direction"><value>271</value></Data><Data name="man_made"><value>surveillance</value></Data><Data name="manufacturer"><value>Flock Safety</value></Data><Data name="manufacturer:wikidata"><value>Q108485435</value></Data><Data name="surveillance"><value>public</value></Data><Data name="surveillance:type"><value>ALPR</value></Data><Data name="surveillance:zone"><value>traffic</value></Data></ExtendedData><Point><coordinates>-122.4492458,37.7218283</coordinates></Point></Placemark><Placemark><ExtendedData><Data name="@id"><value>node/13619230901</value></Data><Data name="camera:type"><value>fixed</value></Data><Data name="direction"><value>322</value></Data><Data name="man_made"><value>surveillance</value></Data><Data name="manufacturer"><value>Flock Safety</value></Data><Data name="manufacturer:wikidata"><value>Q108485435</value></Data><Data name="surveillance"><value>public</value></Data><Data name="surveillance:type"><value>ALPR</value></Data><Data name="surveillance:zone"><value>traffic</value></Data></ExtendedData><Point><coordinates>-122.415977,37.7615331</coordinates></Point></Placemark><Placemark><ExtendedData><Data name="@id"><value>node/13624157001</value></Data><Data name="camera:mount"><value>pole</value></Data><Data name="camera:type"><value>fixed</value></Data><Data name="direction"><value>146</value></Data><Data name="man_made"><value>surveillance</value></Data><Data name="manufacturer"><value>Flock Safety</value></Data><Data name="manufacturer:wikidata"><value>Q108485435</value></Data><Data name="surveillance"><value>public</value></Data><Data name="surveillance:type"><value>ALPR</value></Data><Data name="surveillance:zone"><value>traffic</value></Data></ExtendedData><Point><coordinates>-122.4925513,37.7424148</coordinates></Point></Placemark><Placemark><ExtendedData><Data name="@id"><value>node/13633014901</value></Data><Data name="camera:mount"><value>pole</value></Data><Data name="camera:type"><value>fixed</value></Data><Data name="direction"><value>261</value></Data><Data name="man_made"><value>surveillance</value></Data><Data name="manufacturer"><value>Flock Safety</value></Data><Data name="manufacturer:wikidata"><value>Q108485435</value></Data><Data name="surveillance"><value>public</value></Data><Data name="surveillance:type"><value>ALPR</value></Data><Data name="surveillance:zone"><value>traffic</value></Data></ExtendedData><Point><coordinates>-122.4191977,37.7291452</coordinates></Point></Placemark><Placemark><ExtendedData><Data name="@id"><value>node/13636973301</value></Data><Data name="camera:type"><value>fixed</value></Data><Data name="direction"><value>9</value></Data><Data name="man_made"><value>surveillance</value></Data><Data name="manufacturer"><value>Neology, Inc.</value></Data><Data name="surveillance"><value>public</value></Data><Data name="surveillance:type"><value>ALPR</value></Data><Data name="surveillance:zone"><value>traffic</value></Data></ExtendedData><Point><coordinates>-122.4192613,37.7601031</coordinates></Point></Placemark><Placemark><ExtendedData><Data name="@id"><value>node/13644161901</value></Data><Data name="camera:mount"><value>pole</value></Data><Data name="camera:type"><value>fixed</value></Data><Data name="direction"><value>230</value></Data><Data name="man_made"><value>surveillance</value></Data><Data name="manufacturer"><value>Flock Safety</value></Data><Data name="manufacturer:wikidata"><value>Q108485435</value></Data><Data name="operator"><value>San Francisco Police Department</value></Data><Data name="operator:wikidata"><value>Q1320247</value></Data><Data name="surveillance"><value>public</value></Data><Data name="surveillance:type"><value>ALPR</value></Data><Data name="surveillance:zone"><value>traffic</value></Data></ExtendedData><Point><coordinates>-122.4197294,37.8020585</coordinates></Point></Placemark><Placemark><ExtendedData><Data name="@id"><value>node/13650836701</value></Data><Data name="camera:type"><value>fixed</value></Data><Data name="direction"><value>35;201</value></Data><Data name="man_made"><value>surveillance</value></Data><Data name="manufacturer"><value>Motorola Solutions</value></Data><Data name="manufacturer:wikidata"><value>Q634815</value></Data><Data name="surveillance"><value>public</value></Data><Data name="surveillance:type"><value>ALPR</value></Data><Data name="surveillance:zone"><value>traffic</value></Data></ExtendedData><Point><coordinates>-122.423512,37.7584723</coordinates></Point></Placemark><Placemark><ExtendedData><Data name="@id"><value>node/13650919901</value></Data><Data name="camera:mount"><value>light</value></Data><Data name="camera:type"><value>fixed</value></Data><Data name="direction"><value>185</value></Data><Data name="man_made"><value>surveillance</value></Data><Data name="manufacturer"><value>Flock Safety</value></Data><Data name="manufacturer:wikidata"><value>Q108485435</value></Data><Data name="surveillance"><value>public</value></Data><Data name="surveillance:type"><value>ALPR</value></Data><Data name="surveillance:zone"><value>traffic</value></Data></ExtendedData><Point><coordinates>-122.419158,37.7603599</coordinates></Point></Placemark><Placemark><ExtendedData><Data name="@id"><value>node/13650919902</value></Data><Data name="camera:type"><value>fixed</value></Data><Data name="direction"><value>234</value></Data><Data name="man_made"><value>surveillance</value></Data><Data name="manufacturer"><value>Flock Safety</value></Data><Data name="manufacturer:wikidata"><value>Q108485435</value></Data><Data name="surveillance"><value>public</value></Data><Data name="surveillance:type"><value>public safety</value></Data><Data name="surveillance:zone"><value>traffic</value></Data></ExtendedData><Point><coordinates>-122.4185229,37.7521547</coordinates></Point></Placemark><Placemark><ExtendedData><Data name="@id"><value>node/13650930301</value></Data><Data name="camera:mount"><value>pole</value></Data><Data name="camera:type"><value>fixed</value></Data><Data name="direction"><value>230</value></Data><Data name="man_made"><value>surveillance</value></Data><Data name="manufacturer"><value>Flock Safety</value></Data><Data name="manufacturer:wikidata"><value>Q108485435</value></Data><Data name="surveillance"><value>public</value></Data><Data name="surveillance:type"><value>ALPR</value></Data><Data name="surveillance:zone"><value>traffic</value></Data></ExtendedData><Point><coordinates>-122.4185229,37.7521547</coordinates></Point></Placemark><Placemark><ExtendedData><Data name="@id"><value>node/13662444601</value></Data><Data name="camera:mount"><value>Conder PTZ</value></Data><Data name="camera:type"><value>fixed</value></Data><Data name="direction"><value>225;295;154;80;9;0</value></Data><Data name="man_made"><value>surveillance</value></Data><Data name="manufacturer"><value>Flock Safety</value></Data><Data name="manufacturer:wikidata"><value>Q108485435</value></Data><Data name="note"><value>earthcam, not flock. not shown on earthcam website</value></Data><Data name="surveillance"><value>public</value></Data><Data name="surveillance:type"><value>ALPR</value></Data><Data name="surveillance:zone"><value>traffic</value></Data></ExtendedData><Point><coordinates>-122.3711741,37.8195037</coordinates></Point></Placemark><Placemark><ExtendedData><Data name="@id"><value>node/13673522401</value></Data><Data name="camera:type"><value>fixed</value></Data><Data name="direction"><value>251</value></Data><Data name="man_made"><value>surveillance</value></Data><Data name="manufacturer"><value>Flock Safety</value></Data><Data name="manufacturer:wikidata"><value>Q108485435</value></Data><Data name="surveillance"><value>public</value></Data><Data name="surveillance:type"><value>ALPR</value></Data><Data name="surveillance:zone"><value>traffic</value></Data></ExtendedData><Point><coordinates>-122.4013113,37.7790603</coordinates></Point></Placemark><Placemark><ExtendedData><Data name="@id"><value>node/13673591301</value></Data><Data name="camera:mount"><value>street_lamp</value></Data><Data name="camera:type"><value>fixed</value></Data><Data name="direction"><value>54</value></Data><Data name="image"><value>https://alpr.pictures/san-francisco/bay%20ebfs%20larkin.jpg</value></Data><Data name="man_made"><value>surveillance</value></Data><Data name="manufacturer"><value>Flock Safety</value></Data><Data name="manufacturer:wikidata"><value>Q108485435</value></Data><Data name="surveillance"><value>public</value></Data><Data name="surveillance:type"><value>ALPR</value></Data><Data name="surveillance:zone"><value>traffic</value></Data></ExtendedData><Point><coordinates>-122.4208541,37.8046337</coordinates></Point></Placemark><Placemark><ExtendedData><Data name="@id"><value>node/13733407501</value></Data><Data name="camera:type"><value>fixed</value></Data><Data name="direction"><value>234</value></Data><Data name="man_made"><value>surveillance</value></Data><Data name="manufacturer"><value>Flock Safety</value></Data><Data name="manufacturer:wikidata"><value>Q108485435</value></Data><Data name="surveillance"><value>public</value></Data><Data name="surveillance:type"><value>ALPR</value></Data><Data name="surveillance:zone"><value>traffic</value></Data></ExtendedData><Point><coordinates>-122.4200387,37.7907858</coordinates></Point></Placemark><Placemark><ExtendedData><Data name="@id"><value>node/13741250437</value></Data><Data name="camera:direction"><value>265</value></Data><Data name="camera:mount"><value>pole</value></Data><Data name="camera:type"><value>fixed</value></Data><Data name="image"><value>https://alpr.pictures/san-francisco/gibson%20wbfs%20bowley.jpg</value></Data><Data name="man_made"><value>surveillance</value></Data><Data name="manufacturer"><value>Flock Safety</value></Data><Data name="manufacturer:wikidata"><value>Q108485435</value></Data><Data name="surveillance"><value>public</value></Data><Data name="surveillance:type"><value>ALPR</value></Data><Data name="surveillance:zone"><value>traffic</value></Data></ExtendedData><Point><coordinates>-122.4823078,37.7905388</coordinates></Point></Placemark><Placemark><ExtendedData><Data name="@id"><value>node/13757439403</value></Data><Data name="camera:type"><value>fixed</value></Data><Data name="direction"><value>341</value></Data><Data name="man_made"><value>surveillance</value></Data><Data name="manufacturer"><value>Flock Safety</value></Data><Data name="manufacturer:wikidata"><value>Q108485435</value></Data><Data name="surveillance"><value>public</value></Data><Data name="surveillance:type"><value>ALPR</value></Data><Data name="surveillance:zone"><value>traffic</value></Data></ExtendedData><Point><coordinates>-122.4758487,37.7306643</coordinates></Point></Placemark><Placemark><ExtendedData><Data name="@id"><value>node/13759803156</value></Data><Data name="camera:mount"><value>pole</value></Data><Data name="camera:type"><value>fixed</value></Data><Data name="direction"><value>65</value></Data><Data name="man_made"><value>surveillance</value></Data><Data name="manufacturer"><value>Flock Safety</value></Data><Data name="manufacturer:wikidata"><value>Q108485435</value></Data><Data name="operator"><value>San Francisco Police Department</value></Data><Data name="operator:wikidata"><value>Q1320247</value></Data><Data name="surveillance"><value>public</value></Data><Data name="surveillance:type"><value>ALPR</value></Data><Data name="surveillance:zone"><value>traffic</value></Data></ExtendedData><Point><coordinates>-122.4014606,37.7770537</coordinates></Point></Placemark><Placemark><ExtendedData><Data name="@id"><value>node/13765490809</value></Data><Data name="camera:direction"><value>67</value></Data><Data name="camera:mount"><value>wall</value></Data><Data name="camera:type"><value>fixed</value></Data><Data name="capacity"><value>2</value></Data><Data name="man_made"><value>surveillance</value></Data><Data name="surveillance"><value>public</value></Data><Data name="surveillance:type"><value>camera</value></Data></ExtendedData><Point><coordinates>-122.3962122,37.7795299</coordinates></Point></Placemark><Placemark><ExtendedData><Data name="@id"><value>node/13765490810</value></Data><Data name="camera:direction"><value>141</value></Data><Data name="camera:mount"><value>wall</value></Data><Data name="camera:type"><value>fixed</value></Data><Data name="capacity"><value>2</value></Data><Data name="man_made"><value>surveillance</value></Data><Data name="surveillance"><value>public</value></Data><Data name="surveillance:type"><value>camera</value></Data><Data name="surveillance:zone"><value>street</value></Data></ExtendedData><Point><coordinates>-122.3962136,37.7795176</coordinates></Point></Placemark><Placemark><ExtendedData><Data name="@id"><value>node/13765490811</value></Data><Data name="camera:direction"><value>16</value></Data><Data name="camera:mount"><value>wall</value></Data><Data name="camera:type"><value>panning</value></Data><Data name="man_made"><value>surveillance</value></Data><Data name="surveillance"><value>public</value></Data><Data name="surveillance:type"><value>camera</value></Data><Data name="surveillance:zone"><value>corridor</value></Data></ExtendedData><Point><coordinates>-122.3940555,37.7807814</coordinates></Point></Placemark><Placemark><ExtendedData><Data name="@id"><value>node/13765490812</value></Data><Data name="camera:direction"><value>142</value></Data><Data name="camera:mount"><value>wall</value></Data><Data name="camera:type"><value>panning</value></Data><Data name="capacity"><value>2</value></Data><Data name="man_made"><value>surveillance</value></Data><Data name="surveillance"><value>public</value></Data><Data name="surveillance:type"><value>camera</value></Data><Data name="surveillance:zone"><value>street</value></Data></ExtendedData><Point><coordinates>-122.3961366,37.7795797</coordinates></Point></Placemark><Placemark><ExtendedData><Data name="@id"><value>node/13765490819</value></Data><Data name="camera:direction"><value>203</value></Data><Data name="camera:mount"><value>wall</value></Data><Data name="camera:type"><value>panning</value></Data><Data name="man_made"><value>surveillance</value></Data><Data name="surveillance"><value>public</value></Data><Data name="surveillance:type"><value>camera</value></Data><Data name="surveillance:zone"><value>entrance;street</value></Data></ExtendedData><Point><coordinates>-122.3944011,37.7815539</coordinates></Point></Placemark><Placemark><ExtendedData><Data name="@id"><value>node/13765490833</value></Data><Data name="camera:direction"><value>5</value></Data><Data name="camera:mount"><value>wall</value></Data><Data name="camera:type"><value>fixed</value></Data><Data name="man_made"><value>surveillance</value></Data><Data name="surveillance"><value>public</value></Data><Data name="surveillance:type"><value>camera</value></Data></ExtendedData><Point><coordinates>-122.3939904,37.7812017</coordinates></Point></Placemark><Placemark><ExtendedData><Data name="@id"><value>node/13765490838</value></Data><Data name="camera:direction"><value>39</value></Data><Data name="camera:mount"><value>wall</value></Data><Data name="camera:type"><value>fixed</value></Data><Data name="capacity"><value>2</value></Data><Data name="man_made"><value>surveillance</value></Data><Data name="surveillance"><value>public</value></Data><Data name="surveillance:type"><value>camera</value></Data></ExtendedData><Point><coordinates>-122.3943686,37.7805312</coordinates></Point></Placemark><Placemark><ExtendedData><Data name="@id"><value>node/13765490839</value></Data><Data name="camera:direction"><value>233</value></Data><Data name="camera:mount"><value>wall</value></Data><Data name="camera:type"><value>fixed</value></Data><Data name="man_made"><value>surveillance</value></Data><Data name="surveillance"><value>public</value></Data><Data name="surveillance:type"><value>camera</value></Data></ExtendedData><Point><coordinates>-122.3942946,37.780586</coordinates></Point></Placemark><Placemark><ExtendedData><Data name="@id"><value>node/13765490842</value></Data><Data name="camera:direction"><value>54</value></Data><Data name="camera:mount"><value>wall</value></Data><Data name="camera:type"><value>panning</value></Data><Data name="man_made"><value>surveillance</value></Data><Data name="surveillance"><value>public</value></Data><Data name="surveillance:type"><value>camera</value></Data><Data name="surveillance:zone"><value>corridor</value></Data></ExtendedData><Point><coordinates>-122.393729,37.7810409</coordinates></Point></Placemark><Placemark><ExtendedData><Data name="@id"><value>node/13765490843</value></Data><Data name="camera:direction"><value>196</value></Data><Data name="camera:mount"><value>wall</value></Data><Data name="camera:type"><value>fixed</value></Data><Data name="man_made"><value>surveillance</value></Data><Data name="surveillance"><value>public</value></Data><Data name="surveillance:type"><value>camera</value></Data></ExtendedData><Point><coordinates>-122.3937817,37.7810725</coordinates></Point></Placemark><Placemark><ExtendedData><Data name="@id"><value>node/13765490845</value></Data><Data name="camera:direction"><value>200</value></Data><Data name="camera:mount"><value>wall</value></Data><Data name="camera:type"><value>panning</value></Data><Data name="man_made"><value>surveillance</value></Data><Data name="surveillance"><value>public</value></Data><Data name="surveillance:type"><value>camera</value></Data><Data name="surveillance:zone"><value>street</value></Data></ExtendedData><Point><coordinates>-122.3933638,37.7810086</coordinates></Point></Placemark><Placemark><ExtendedData><Data name="@id"><value>node/13765490853</value></Data><Data name="camera:direction"><value>226</value></Data><Data name="camera:mount"><value>wall</value></Data><Data name="camera:type"><value>fixed</value></Data><Data name="man_made"><value>surveillance</value></Data><Data name="surveillance"><value>public</value></Data><Data name="surveillance:type"><value>camera</value></Data><Data name="surveillance:zone"><value>street</value></Data></ExtendedData><Point><coordinates>-122.3959551,37.7797186</coordinates></Point></Placemark><Placemark><ExtendedData><Data name="@id"><value>node/13765490855</value></Data><Data name="camera:direction"><value>175</value></Data><Data name="camera:mount"><value>wall</value></Data><Data name="camera:type"><value>panning</value></Data><Data name="man_made"><value>surveillance</value></Data><Data name="surveillance"><value>public</value></Data><Data name="surveillance:type"><value>camera</value></Data><Data name="surveillance:zone"><value>street</value></Data></ExtendedData><Point><coordinates>-122.3961835,37.7812275</coordinates></Point></Placemark><Placemark><ExtendedData><Data name="@id"><value>node/13768779872</value></Data><Data name="camera:mount"><value>pole</value></Data><Data name="camera:type"><value>fixed</value></Data><Data name="direction"><value>65</value></Data><Data name="man_made"><value>surveillance</value></Data><Data name="manufacturer"><value>Flock Safety</value></Data><Data name="manufacturer:wikidata"><value>Q108485435</value></Data><Data name="operator"><value>San Francisco Police Department</value></Data><Data name="operator:wikidata"><value>Q1320247</value></Data><Data name="surveillance"><value>public</value></Data><Data name="surveillance:type"><value>ALPR</value></Data><Data name="surveillance:zone"><value>traffic</value></Data></ExtendedData><Point><coordinates>-122.4214418,37.7616819</coordinates></Point></Placemark><Placemark><ExtendedData><Data name="@id"><value>node/13771948601</value></Data><Data name="camera:type"><value>fixed</value></Data><Data name="direction"><value>153</value></Data><Data name="man_made"><value>surveillance</value></Data><Data name="manufacturer"><value>Flock Safety</value></Data><Data name="manufacturer:wikidata"><value>Q108485435</value></Data><Data name="surveillance"><value>public</value></Data><Data name="surveillance:type"><value>ALPR</value></Data><Data name="surveillance:zone"><value>traffic</value></Data></ExtendedData><Point><coordinates>-122.493985,37.7327994</coordinates></Point></Placemark><Placemark><ExtendedData><Data name="@id"><value>node/13778094301</value></Data><Data name="camera:type"><value>fixed</value></Data><Data name="direction"><value>0</value></Data><Data name="man_made"><value>surveillance</value></Data><Data name="manufacturer"><value>Bosch Security Systems</value></Data><Data name="manufacturer:wikidata"><value>Q111144357</value></Data><Data name="surveillance"><value>public</value></Data><Data name="surveillance:type"><value>ALPR</value></Data><Data name="surveillance:zone"><value>traffic</value></Data></ExtendedData><Point><coordinates>-122.455215,37.7680476</coordinates></Point></Placemark><Placemark><ExtendedData><Data name="@id"><value>node/13800635401</value></Data><Data name="camera:type"><value>fixed</value></Data><Data name="direction"><value>326</value></Data><Data name="image"><value>https://alpr.pictures/san-francisco/baker%20nbfs%20jefferson.jpg</value></Data><Data name="man_made"><value>surveillance</value></Data><Data name="manufacturer"><value>Flock Safety</value></Data><Data name="manufacturer:wikidata"><value>Q108485435</value></Data><Data name="surveillance"><value>public</value></Data><Data name="surveillance:type"><value>ALPR</value></Data><Data name="surveillance:zone"><value>traffic</value></Data></ExtendedData><Point><coordinates>-122.4470815,37.8044307</coordinates></Point></Placemark><Placemark><ExtendedData><Data name="@id"><value>node/13800635601</value></Data><Data name="camera:type"><value>fixed</value></Data><Data name="direction"><value>339</value></Data><Data name="image"><value>https://alpr.pictures/san-francisco/crissey%20field%20parking%20nbfs%20mason.jpg</value></Data><Data name="man_made"><value>surveillance</value></Data><Data name="manufacturer"><value>Flock Safety</value></Data><Data name="manufacturer:wikidata"><value>Q108485435</value></Data><Data name="surveillance"><value>public</value></Data><Data name="surveillance:type"><value>ALPR</value></Data><Data name="surveillance:zone"><value>traffic</value></Data></ExtendedData><Point><coordinates>-122.4501573,37.8048747</coordinates></Point></Placemark><Placemark><ExtendedData><Data name="@id"><value>node/13800642401</value></Data><Data name="camera:type"><value>fixed</value></Data><Data name="direction"><value>254</value></Data><Data name="man_made"><value>surveillance</value></Data><Data name="manufacturer"><value>Flock Safety</value></Data><Data name="manufacturer:wikidata"><value>Q108485435</value></Data><Data name="surveillance"><value>public</value></Data><Data name="surveillance:type"><value>ALPR</value></Data><Data name="surveillance:zone"><value>traffic</value></Data></ExtendedData><Point><coordinates>-122.4120804,37.8058844</coordinates></Point></Placemark><Placemark><ExtendedData><Data name="@id"><value>node/13800642501</value></Data><Data name="camera:type"><value>fixed</value></Data><Data name="direction"><value>175</value></Data><Data name="man_made"><value>surveillance</value></Data><Data name="manufacturer"><value>Flock Safety</value></Data><Data name="manufacturer:wikidata"><value>Q108485435</value></Data><Data name="surveillance"><value>public</value></Data><Data name="surveillance:type"><value>ALPR</value></Data><Data name="surveillance:zone"><value>traffic</value></Data></ExtendedData><Point><coordinates>-122.412272,37.8075579</coordinates></Point></Placemark><Placemark><ExtendedData><Data name="@id"><value>node/13807097701</value></Data><Data name="camera:type"><value>fixed</value></Data><Data name="direction"><value>51</value></Data><Data name="man_made"><value>surveillance</value></Data><Data name="manufacturer"><value>CoStar</value></Data><Data name="manufacturer:wikidata"><value>Q25212862</value></Data><Data name="surveillance"><value>public</value></Data><Data name="surveillance:type"><value>ALPR</value></Data><Data name="surveillance:zone"><value>traffic</value></Data></ExtendedData><Point><coordinates>-122.4034388,37.7769201</coordinates></Point></Placemark><Placemark><ExtendedData><Data name="@id"><value>node/13807107901</value></Data><Data name="camera:type"><value>fixed</value></Data><Data name="direction"><value>48</value></Data><Data name="man_made"><value>surveillance</value></Data><Data name="manufacturer"><value>Flock Safety</value></Data><Data name="manufacturer:wikidata"><value>Q108485435</value></Data><Data name="surveillance"><value>public</value></Data><Data name="surveillance:type"><value>ALPR</value></Data><Data name="surveillance:zone"><value>traffic</value></Data></ExtendedData><Point><coordinates>-122.3920892,37.7850021</coordinates></Point></Placemark><Placemark><ExtendedData><Data name="@id"><value>node/13807107902</value></Data><Data name="camera:type"><value>fixed</value></Data><Data name="direction"><value>220</value></Data><Data name="man_made"><value>surveillance</value></Data><Data name="manufacturer"><value>Bosch Security Systems</value></Data><Data name="manufacturer:wikidata"><value>Q111144357</value></Data><Data name="surveillance"><value>public</value></Data><Data name="surveillance:type"><value>ALPR</value></Data><Data name="surveillance:zone"><value>traffic</value></Data></ExtendedData><Point><coordinates>-122.3886747,37.7880345</coordinates></Point></Placemark><Placemark><ExtendedData><Data name="@id"><value>node/13807108802</value></Data><Data name="camera:type"><value>fixed</value></Data><Data name="direction"><value>236</value></Data><Data name="man_made"><value>surveillance</value></Data><Data name="surveillance"><value>public</value></Data><Data name="surveillance:zone"><value>traffic</value></Data></ExtendedData><Point><coordinates>-122.3841254,37.7922025</coordinates></Point></Placemark><Placemark><ExtendedData><Data name="@id"><value>node/13807109701</value></Data><Data name="camera:type"><value>fixed</value></Data><Data name="direction"><value>226</value></Data><Data name="man_made"><value>surveillance</value></Data><Data name="manufacturer"><value>Bosch Security Systems</value></Data><Data name="manufacturer:wikidata"><value>Q111144357</value></Data><Data name="surveillance"><value>public</value></Data><Data name="surveillance:type"><value>ALPR</value></Data><Data name="surveillance:zone"><value>traffic</value></Data></ExtendedData><Point><coordinates>-122.3889409,37.7877598</coordinates></Point></Placemark><Placemark><ExtendedData><Data name="@id"><value>node/13807110601</value></Data><Data name="camera:type"><value>fixed</value></Data><Data name="direction"><value>235</value></Data><Data name="man_made"><value>surveillance</value></Data><Data name="manufacturer"><value>Bosch Security Systems</value></Data><Data name="manufacturer:wikidata"><value>Q111144357</value></Data><Data name="surveillance"><value>public</value></Data><Data name="surveillance:type"><value>ALPR</value></Data><Data name="surveillance:zone"><value>traffic</value></Data></ExtendedData><Point><coordinates>-122.3880919,37.7885963</coordinates></Point></Placemark><Placemark><ExtendedData><Data name="@id"><value>node/13807110602</value></Data><Data name="camera:type"><value>fixed</value></Data><Data name="direction"><value>237</value></Data><Data name="man_made"><value>surveillance</value></Data><Data name="surveillance"><value>public</value></Data><Data name="surveillance:zone"><value>traffic</value></Data></ExtendedData><Point><coordinates>-122.3853344,37.7910798</coordinates></Point></Placemark><Placemark><ExtendedData><Data name="@id"><value>node/13807111601</value></Data><Data name="camera:type"><value>fixed</value></Data><Data name="direction"><value>227</value></Data><Data name="man_made"><value>surveillance</value></Data><Data name="surveillance"><value>public</value></Data><Data name="surveillance:zone"><value>traffic</value></Data></ExtendedData><Point><coordinates>-122.3865304,37.7899997</coordinates></Point></Placemark><Placemark><ExtendedData><Data name="@id"><value>node/13807112413</value></Data><Data name="camera:type"><value>fixed</value></Data><Data name="direction"><value>0</value></Data><Data name="man_made"><value>surveillance</value></Data><Data name="manufacturer"><value>Bosch Security Systems</value></Data><Data name="manufacturer:wikidata"><value>Q111144357</value></Data><Data name="surveillance"><value>public</value></Data><Data name="surveillance:type"><value>ALPR</value></Data><Data name="surveillance:zone"><value>traffic</value></Data></ExtendedData><Point><coordinates>-122.3668482,37.8083995</coordinates></Point></Placemark><Placemark><ExtendedData><Data name="@id"><value>node/13807524701</value></Data><Data name="camera:type"><value>fixed</value></Data><Data name="direction"><value>82</value></Data><Data name="image"><value>https://alpr.pictures/san-francisco/fort%20mason%20center%20parking%20entrance.jpg</value></Data><Data name="man_made"><value>surveillance</value></Data><Data name="manufacturer"><value>Flock Safety</value></Data><Data name="manufacturer:wikidata"><value>Q108485435</value></Data><Data name="surveillance"><value>public</value></Data><Data name="surveillance:type"><value>ALPR</value></Data><Data name="surveillance:zone"><value>traffic</value></Data></ExtendedData><Point><coordinates>-122.432046,37.8056073</coordinates></Point></Placemark><Placemark><ExtendedData><Data name="@id"><value>node/13809784801</value></Data><Data name="camera:type"><value>fixed</value></Data><Data name="direction"><value>237</value></Data><Data name="man_made"><value>surveillance</value></Data><Data name="manufacturer"><value>Flock Safety</value></Data><Data name="manufacturer:wikidata"><value>Q108485435</value></Data><Data name="surveillance"><value>public</value></Data><Data name="surveillance:type"><value>ALPR</value></Data><Data name="surveillance:zone"><value>traffic</value></Data></ExtendedData><Point><coordinates>-122.4397708,37.8004965</coordinates></Point></Placemark><Placemark><ExtendedData><Data name="@id"><value>node/13810019301</value></Data><Data name="camera:type"><value>fixed</value></Data><Data name="direction"><value>184</value></Data><Data name="man_made"><value>surveillance</value></Data><Data name="manufacturer"><value>Flock Safety</value></Data><Data name="manufacturer:wikidata"><value>Q108485435</value></Data><Data name="surveillance"><value>public</value></Data><Data name="surveillance:type"><value>ALPR</value></Data><Data name="surveillance:zone"><value>traffic</value></Data></ExtendedData><Point><coordinates>-122.4943979,37.7407462</coordinates></Point></Placemark><Placemark><ExtendedData><Data name="@id"><value>node/13816380201</value></Data><Data name="camera:type"><value>fixed</value></Data><Data name="direction"><value>323</value></Data><Data name="image"><value>https://alpr.pictures/san-francisco/franklin%20nbfs%20bay.jpg</value></Data><Data name="man_made"><value>surveillance</value></Data><Data name="manufacturer"><value>Flock Safety</value></Data><Data name="manufacturer:wikidata"><value>Q108485435</value></Data><Data name="surveillance"><value>public</value></Data><Data name="surveillance:type"><value>ALPR</value></Data><Data name="surveillance:zone"><value>traffic</value></Data></ExtendedData><Point><coordinates>-122.426784,37.8044597</coordinates></Point></Placemark><Placemark><ExtendedData><Data name="@id"><value>node/13863617342</value></Data><Data name="camera:mount"><value>pole</value></Data><Data name="camera:type"><value>fixed</value></Data><Data name="direction"><value>320</value></Data><Data name="man_made"><value>surveillance</value></Data><Data name="manufacturer"><value>Flock Safety</value></Data><Data name="manufacturer:wikidata"><value>Q108485435</value></Data><Data name="operator"><value>San Francisco Police Department</value></Data><Data name="operator:wikidata"><value>Q1320247</value></Data><Data name="surveillance"><value>public</value></Data><Data name="surveillance:type"><value>ALPR</value></Data><Data name="surveillance:zone"><value>traffic</value></Data></ExtendedData><Point><coordinates>-122.4195565,37.8020795</coordinates></Point></Placemark><Placemark><ExtendedData><Data name="@id"><value>node/13875165401</value></Data><Data name="camera:mount"><value>pole</value></Data><Data name="camera:type"><value>fixed</value></Data><Data name="direction"><value>185</value></Data><Data name="man_made"><value>surveillance</value></Data><Data name="manufacturer"><value>Flock Safety</value></Data><Data name="manufacturer:wikidata"><value>Q108485435</value></Data><Data name="operator"><value>San Francisco Police Department</value></Data><Data name="operator:wikidata"><value>Q1320247</value></Data><Data name="surveillance"><value>public</value></Data><Data name="surveillance:type"><value>ALPR</value></Data><Data name="surveillance:zone"><value>traffic</value></Data></ExtendedData><Point><coordinates>-122.4170146,37.789489</coordinates></Point></Placemark><Placemark><ExtendedData><Data name="@id"><value>node/13885494601</value></Data><Data name="camera:type"><value>fixed</value></Data><Data name="direction"><value>321</value></Data><Data name="man_made"><value>surveillance</value></Data><Data name="manufacturer"><value>Flock Safety</value></Data><Data name="manufacturer:wikidata"><value>Q108485435</value></Data><Data name="surveillance"><value>public</value></Data><Data name="surveillance:type"><value>ALPR</value></Data><Data name="surveillance:zone"><value>traffic</value></Data></ExtendedData><Point><coordinates>-122.4124261,37.808706</coordinates></Point></Placemark><Placemark><ExtendedData><Data name="@id"><value>node/13885494701</value></Data><Data name="camera:type"><value>fixed</value></Data><Data name="direction"><value>149</value></Data><Data name="man_made"><value>surveillance</value></Data><Data name="manufacturer"><value>Flock Safety</value></Data><Data name="manufacturer:wikidata"><value>Q108485435</value></Data><Data name="surveillance"><value>public</value></Data><Data name="surveillance:type"><value>ALPR</value></Data><Data name="surveillance:zone"><value>traffic</value></Data></ExtendedData><Point><coordinates>-122.4126014,37.808481</coordinates></Point></Placemark><Placemark><ExtendedData><Data name="@id"><value>node/13885726701</value></Data><Data name="camera:mount"><value>pole</value></Data><Data name="camera:type"><value>fixed</value></Data><Data name="direction"><value>0</value></Data><Data name="man_made"><value>surveillance</value></Data><Data name="manufacturer"><value>Flock Safety</value></Data><Data name="manufacturer:wikidata"><value>Q108485435</value></Data><Data name="surveillance"><value>public</value></Data><Data name="surveillance:type"><value>ALPR</value></Data><Data name="surveillance:zone"><value>traffic</value></Data></ExtendedData><Point><coordinates>-122.5114353,37.7798667</coordinates></Point></Placemark><Placemark><ExtendedData><Data name="@id"><value>node/13892845801</value></Data><Data name="camera:mount"><value>street_lamp</value></Data><Data name="camera:type"><value>fixed</value></Data><Data name="direction"><value>164</value></Data><Data name="image"><value>https://alpr.pictures/san-francisco/taylor%20sbfs%20sacramento.jpg</value></Data><Data name="man_made"><value>surveillance</value></Data><Data name="manufacturer"><value>Flock Safety</value></Data><Data name="manufacturer:wikidata"><value>Q108485435</value></Data><Data name="surveillance"><value>public</value></Data><Data name="surveillance:type"><value>ALPR</value></Data><Data name="surveillance:zone"><value>traffic</value></Data></ExtendedData><Point><coordinates>-122.4126175,37.7921321</coordinates></Point></Placemark><Placemark><ExtendedData><Data name="@id"><value>node/13897479101</value></Data><Data name="camera:type"><value>fixed</value></Data><Data name="direction"><value>0</value></Data><Data name="image"><value>https://alpr.pictures/san-francisco/battery%20east%20parking%20nbfs%20lincoln.jpg</value></Data><Data name="man_made"><value>surveillance</value></Data><Data name="manufacturer"><value>Flock Safety</value></Data><Data name="manufacturer:wikidata"><value>Q108485435</value></Data><Data name="surveillance"><value>public</value></Data><Data name="surveillance:type"><value>ALPR</value></Data><Data name="surveillance:zone"><value>traffic</value></Data></ExtendedData><Point><coordinates>-122.4717242,37.8067524</coordinates></Point></Placemark><Placemark><ExtendedData><Data name="@id"><value>node/13903005209</value></Data><Data name="camera:direction"><value>0-360</value></Data><Data name="camera:mount"><value>pole</value></Data><Data name="camera:type"><value>panning</value></Data><Data name="image"><value>https://alpr.pictures/san-francisco/battery%20east%20parking%20north%20side.jpg</value></Data><Data name="man_made"><value>surveillance</value></Data><Data name="manufacturer"><value>Flock Safety</value></Data><Data name="manufacturer:wikidata"><value>Q108485435</value></Data><Data name="surveillance"><value>public</value></Data><Data name="surveillance:type"><value>camera</value></Data></ExtendedData><Point><coordinates>-122.4725484,37.8072366</coordinates></Point></Placemark><Placemark><ExtendedData><Data name="@id"><value>node/13950960201</value></Data><Data name="camera:type"><value>fixed</value></Data><Data name="direction"><value>180</value></Data><Data name="man_made"><value>surveillance</value></Data><Data name="manufacturer"><value>Flock Safety</value></Data><Data name="manufacturer:wikidata"><value>Q108485435</value></Data><Data name="surveillance"><value>public</value></Data><Data name="surveillance:type"><value>ALPR</value></Data><Data name="surveillance:zone"><value>traffic</value></Data></ExtendedData><Point><coordinates>-122.464378,37.7366732</coordinates></Point></Placemark><Placemark><ExtendedData><Data name="@id"><value>node/13950962701</value></Data><Data name="camera:type"><value>fixed</value></Data><Data name="direction"><value>172</value></Data><Data name="man_made"><value>surveillance</value></Data><Data name="manufacturer"><value>Flock Safety</value></Data><Data name="manufacturer:wikidata"><value>Q108485435</value></Data><Data name="surveillance"><value>public</value></Data><Data name="surveillance:type"><value>ALPR</value></Data><Data name="surveillance:zone"><value>traffic</value></Data></ExtendedData><Point><coordinates>-122.4646352,37.7368307</coordinates></Point></Placemark><Placemark><ExtendedData><Data name="@id"><value>node/13950967101</value></Data><Data name="camera:type"><value>fixed</value></Data><Data name="direction"><value>256</value></Data><Data name="man_made"><value>surveillance</value></Data><Data name="manufacturer"><value>Flock Safety</value></Data><Data name="manufacturer:wikidata"><value>Q108485435</value></Data><Data name="surveillance"><value>public</value></Data><Data name="surveillance:type"><value>ALPR</value></Data><Data name="surveillance:zone"><value>traffic</value></Data></ExtendedData><Point><coordinates>-122.4650571,37.7370513</coordinates></Point></Placemark><Placemark><ExtendedData><Data name="@id"><value>node/13954753401</value></Data><Data name="camera:mount"><value>pole</value></Data><Data name="camera:type"><value>fixed</value></Data><Data name="direction"><value>0</value></Data><Data name="image"><value>https://alpr.pictures/san-francisco/long%20nbfs%20lincoln.jpg</value></Data><Data name="man_made"><value>surveillance</value></Data><Data name="manufacturer"><value>Flock Safety</value></Data><Data name="manufacturer:wikidata"><value>Q108485435</value></Data><Data name="surveillance"><value>public</value></Data><Data name="surveillance:type"><value>ALPR</value></Data><Data name="surveillance:zone"><value>traffic</value></Data></ExtendedData><Point><coordinates>-122.4699385,37.805884</coordinates></Point></Placemark><Placemark><ExtendedData><Data name="@id"><value>node/13958845101</value></Data><Data name="camera:type"><value>fixed</value></Data><Data name="direction"><value>156</value></Data><Data name="man_made"><value>surveillance</value></Data><Data name="manufacturer"><value>Flock Safety</value></Data><Data name="manufacturer:wikidata"><value>Q108485435</value></Data><Data name="surveillance"><value>public</value></Data><Data name="surveillance:type"><value>ALPR</value></Data><Data name="surveillance:zone"><value>traffic</value></Data></ExtendedData><Point><coordinates>-122.4751458,37.7293947</coordinates></Point></Placemark><Placemark><ExtendedData><Data name="@id"><value>node/13958845401</value></Data><Data name="camera:type"><value>fixed</value></Data><Data name="direction"><value>199</value></Data><Data name="image"><value>https://alpr.pictures/san-francisco/buckingham%20sbns%20winston.jpg</value></Data><Data name="man_made"><value>surveillance</value></Data><Data name="manufacturer"><value>Flock Safety</value></Data><Data name="manufacturer:wikidata"><value>Q108485435</value></Data><Data name="surveillance"><value>public</value></Data><Data name="surveillance:type"><value>ALPR</value></Data><Data name="surveillance:zone"><value>traffic</value></Data></ExtendedData><Point><coordinates>-122.4784835,37.7287971</coordinates></Point></Placemark><Placemark><ExtendedData><Data name="@id"><value>node/13959164801</value></Data><Data name="camera:type"><value>fixed</value></Data><Data name="direction"><value>16</value></Data><Data name="man_made"><value>surveillance</value></Data><Data name="manufacturer"><value>Flock Safety</value></Data><Data name="manufacturer:wikidata"><value>Q108485435</value></Data><Data name="surveillance"><value>public</value></Data><Data name="surveillance:type"><value>ALPR</value></Data><Data name="surveillance:zone"><value>traffic</value></Data></ExtendedData><Point><coordinates>-122.4937584,37.7324851</coordinates></Point></Placemark><Placemark><ExtendedData><Data name="@id"><value>node/13961462601</value></Data><Data name="camera:type"><value>fixed</value></Data><Data name="direction"><value>359</value></Data><Data name="man_made"><value>surveillance</value></Data><Data name="manufacturer"><value>Flock Safety</value></Data><Data name="manufacturer:wikidata"><value>Q108485435</value></Data><Data name="surveillance"><value>public</value></Data><Data name="surveillance:type"><value>ALPR</value></Data><Data name="surveillance:zone"><value>traffic</value></Data></ExtendedData><Point><coordinates>-122.3957159,37.7536429</coordinates></Point></Placemark><Placemark><ExtendedData><Data name="@id"><value>node/13963068603</value></Data><Data name="camera:type"><value>fixed</value></Data><Data name="direction"><value>352</value></Data><Data name="man_made"><value>surveillance</value></Data><Data name="manufacturer"><value>Flock Safety</value></Data><Data name="manufacturer:wikidata"><value>Q108485435</value></Data><Data name="surveillance"><value>public</value></Data><Data name="surveillance:type"><value>ALPR</value></Data><Data name="surveillance:zone"><value>traffic</value></Data></ExtendedData><Point><coordinates>-122.4760111,37.7266344</coordinates></Point></Placemark><Placemark><ExtendedData><Data name="@id"><value>node/13963073401</value></Data><Data name="camera:type"><value>fixed</value></Data><Data name="direction"><value>174</value></Data><Data name="man_made"><value>surveillance</value></Data><Data name="manufacturer"><value>Flock Safety</value></Data><Data name="manufacturer:wikidata"><value>Q108485435</value></Data><Data name="surveillance"><value>public</value></Data><Data name="surveillance:type"><value>ALPR</value></Data><Data name="surveillance:zone"><value>traffic</value></Data></ExtendedData><Point><coordinates>-122.476059,37.7275286</coordinates></Point></Placemark><Placemark><ExtendedData><Data name="@id"><value>node/13968835002</value></Data><Data name="camera:type"><value>fixed</value></Data><Data name="direction"><value>0</value></Data><Data name="man_made"><value>surveillance</value></Data><Data name="manufacturer"><value>Flock Safety</value></Data><Data name="manufacturer:wikidata"><value>Q108485435</value></Data><Data name="surveillance"><value>public</value></Data><Data name="surveillance:type"><value>ALPR</value></Data><Data name="surveillance:zone"><value>traffic</value></Data></ExtendedData><Point><coordinates>-122.4195259,37.7785347</coordinates></Point></Placemark><Placemark><ExtendedData><Data name="@id"><value>node/13971128001</value></Data><Data name="camera:mount"><value>street_lamp</value></Data><Data name="camera:type"><value>fixed</value></Data><Data name="direction"><value>179</value></Data><Data name="man_made"><value>surveillance</value></Data><Data name="manufacturer"><value>Flock Safety</value></Data><Data name="manufacturer:wikidata"><value>Q108485435</value></Data><Data name="surveillance"><value>public</value></Data><Data name="surveillance:type"><value>ALPR</value></Data><Data name="surveillance:zone"><value>traffic</value></Data></ExtendedData><Point><coordinates>-122.4476706,37.7195467</coordinates></Point></Placemark><Placemark><ExtendedData><Data name="@id"><value>node/13986670701</value></Data><Data name="camera:type"><value>fixed</value></Data><Data name="direction"><value>0</value></Data><Data name="man_made"><value>surveillance</value></Data><Data name="manufacturer"><value>Flock Safety</value></Data><Data name="manufacturer:wikidata"><value>Q108485435</value></Data><Data name="surveillance"><value>public</value></Data><Data name="surveillance:type"><value>ALPR</value></Data><Data name="surveillance:zone"><value>traffic</value></Data></ExtendedData><Point><coordinates>-122.5013085,37.7185834</coordinates></Point></Placemark><Placemark><ExtendedData><Data name="@id"><value>node/13996539401</value></Data><Data name="camera:type"><value>fixed</value></Data><Data name="direction"><value>106</value></Data><Data name="man_made"><value>surveillance</value></Data><Data name="manufacturer"><value>Flock Safety</value></Data><Data name="manufacturer:wikidata"><value>Q108485435</value></Data><Data name="surveillance"><value>public</value></Data><Data name="surveillance:type"><value>ALPR</value></Data><Data name="surveillance:zone"><value>traffic</value></Data></ExtendedData><Point><coordinates>-122.4463824,37.7919154</coordinates></Point></Placemark><Placemark><ExtendedData><Data name="@id"><value>node/14017249401</value></Data><Data name="camera:type"><value>fixed</value></Data><Data name="direction"><value>0</value></Data><Data name="man_made"><value>surveillance</value></Data><Data name="manufacturer"><value>Flock Safety</value></Data><Data name="manufacturer:wikidata"><value>Q108485435</value></Data><Data name="surveillance"><value>public</value></Data><Data name="surveillance:type"><value>ALPR</value></Data><Data name="surveillance:zone"><value>traffic</value></Data></ExtendedData><Point><coordinates>-122.4098068,37.7819954</coordinates></Point></Placemark><Placemark><ExtendedData><Data name="@id"><value>node/14017249402</value></Data><Data name="camera:type"><value>fixed</value></Data><Data name="direction"><value>0</value></Data><Data name="man_made"><value>surveillance</value></Data><Data name="manufacturer"><value>Motorola Solutions</value></Data><Data name="manufacturer:wikidata"><value>Q634815</value></Data><Data name="surveillance"><value>public</value></Data><Data name="surveillance:type"><value>ALPR</value></Data><Data name="surveillance:zone"><value>traffic</value></Data></ExtendedData><Point><coordinates>-122.409864,37.7818477</coordinates></Point></Placemark><Placemark><ExtendedData><Data name="@id"><value>node/14017252501</value></Data><Data name="camera:type"><value>fixed</value></Data><Data name="direction"><value>51</value></Data><Data name="man_made"><value>surveillance</value></Data><Data name="manufacturer"><value>Neology, Inc.</value></Data><Data name="surveillance"><value>public</value></Data><Data name="surveillance:type"><value>ALPR</value></Data><Data name="surveillance:zone"><value>traffic</value></Data></ExtendedData><Point><coordinates>-122.4098747,37.7818583</coordinates></Point></Placemark><Placemark><ExtendedData><Data name="@id"><value>node/14020853311</value></Data><Data name="camera:direction"><value>354</value></Data><Data name="camera:mount"><value>wall</value></Data><Data name="camera:type"><value>fixed</value></Data><Data name="man_made"><value>surveillance</value></Data><Data name="surveillance"><value>public</value></Data><Data name="surveillance:type"><value>camera</value></Data><Data name="surveillance:zone"><value>entrance</value></Data></ExtendedData><Point><coordinates>-122.3890183,37.7827583</coordinates></Point></Placemark><Placemark><ExtendedData><Data name="@id"><value>node/14020881720</value></Data><Data name="camera:direction"><value>139</value></Data><Data name="camera:mount"><value>wall</value></Data><Data name="camera:type"><value>dome</value></Data><Data name="man_made"><value>surveillance</value></Data><Data name="surveillance"><value>outdoor</value></Data><Data name="surveillance:type"><value>camera</value></Data><Data name="surveillance:zone"><value>entrance</value></Data></ExtendedData><Point><coordinates>-122.3887979,37.7825588</coordinates></Point></Placemark><Placemark><ExtendedData><Data name="@id"><value>node/14020885932</value></Data><Data name="camera:direction"><value>314</value></Data><Data name="camera:mount"><value>wall</value></Data><Data name="camera:type"><value>dome</value></Data><Data name="man_made"><value>surveillance</value></Data><Data name="surveillance"><value>outdoor</value></Data><Data name="surveillance:type"><value>camera</value></Data><Data name="surveillance:zone"><value>entrance</value></Data></ExtendedData><Point><coordinates>-122.3888178,37.7825718</coordinates></Point></Placemark><Placemark><ExtendedData><Data name="@id"><value>node/14020896073</value></Data><Data name="camera:direction"><value>43</value></Data><Data name="camera:mount"><value>wall</value></Data><Data name="camera:type"><value>dome</value></Data><Data name="man_made"><value>surveillance</value></Data><Data name="surveillance"><value>outdoor</value></Data><Data name="surveillance:type"><value>camera</value></Data><Data name="surveillance:zone"><value>entrance</value></Data></ExtendedData><Point><coordinates>-122.3892313,37.7818682</coordinates></Point></Placemark><Placemark><ExtendedData><Data name="@id"><value>node/14020904405</value></Data><Data name="camera:direction"><value>131</value></Data><Data name="camera:mount"><value>wall</value></Data><Data name="camera:type"><value>dome</value></Data><Data name="man_made"><value>surveillance</value></Data><Data name="surveillance"><value>outdoor</value></Data><Data name="surveillance:type"><value>camera</value></Data><Data name="surveillance:zone"><value>entrance</value></Data></ExtendedData><Point><coordinates>-122.389227,37.7818299</coordinates></Point></Placemark><Placemark><ExtendedData><Data name="@id"><value>node/14020906561</value></Data><Data name="camera:direction"><value>52</value></Data><Data name="camera:mount"><value>wall</value></Data><Data name="camera:type"><value>dome</value></Data><Data name="man_made"><value>surveillance</value></Data><Data name="surveillance"><value>public</value></Data><Data name="surveillance:type"><value>camera</value></Data><Data name="surveillance:zone"><value>street</value></Data></ExtendedData><Point><coordinates>-122.3905231,37.7817666</coordinates></Point></Placemark><Placemark><ExtendedData><Data name="@id"><value>node/14020909671</value></Data><Data name="camera:direction"><value>0</value></Data><Data name="camera:mount"><value>wall</value></Data><Data name="camera:type"><value>fixed</value></Data><Data name="level"><value>2</value></Data><Data name="man_made"><value>surveillance</value></Data><Data name="surveillance"><value>public</value></Data><Data name="surveillance:type"><value>camera</value></Data><Data name="surveillance:zone"><value>street</value></Data></ExtendedData><Point><coordinates>-122.3899224,37.7812915</coordinates></Point></Placemark><Placemark><ExtendedData><Data name="@id"><value>node/14020912603</value></Data><Data name="camera:direction"><value>340</value></Data><Data name="camera:mount"><value>wall</value></Data><Data name="camera:type"><value>fixed</value></Data><Data name="man_made"><value>surveillance</value></Data><Data name="surveillance"><value>outdoor</value></Data><Data name="surveillance:type"><value>camera</value></Data><Data name="surveillance:zone"><value>corridor</value></Data></ExtendedData><Point><coordinates>-122.3892433,37.7818778</coordinates></Point></Placemark><Placemark><ExtendedData><Data name="@id"><value>node/14020916874</value></Data><Data name="camera:direction"><value>85</value></Data><Data name="camera:mount"><value>wall</value></Data><Data name="camera:type"><value>fixed</value></Data><Data name="man_made"><value>surveillance</value></Data><Data name="surveillance"><value>outdoor</value></Data><Data name="surveillance:type"><value>camera</value></Data><Data name="surveillance:zone"><value>entrance</value></Data></ExtendedData><Point><coordinates>-122.3903724,37.7816476</coordinates></Point></Placemark><Placemark><ExtendedData><Data name="@id"><value>node/14020925603</value></Data><Data name="camera:direction"><value>174</value></Data><Data name="camera:mount"><value>wall</value></Data><Data name="camera:type"><value>fixed</value></Data><Data name="level"><value>2</value></Data><Data name="man_made"><value>surveillance</value></Data><Data name="surveillance"><value>public</value></Data><Data name="surveillance:type"><value>camera</value></Data><Data name="surveillance:zone"><value>street</value></Data></ExtendedData><Point><coordinates>-122.3899232,37.781265</coordinates></Point></Placemark><Placemark><ExtendedData><Data name="@id"><value>node/14020926671</value></Data><Data name="camera:direction"><value>223</value></Data><Data name="camera:mount"><value>wall</value></Data><Data name="camera:type"><value>dome</value></Data><Data name="man_made"><value>surveillance</value></Data><Data name="surveillance"><value>outdoor</value></Data><Data name="surveillance:type"><value>camera</value></Data><Data name="surveillance:zone"><value>entrance</value></Data></ExtendedData><Point><coordinates>-122.3901079,37.7816923</coordinates></Point></Placemark><Placemark><ExtendedData><Data name="@id"><value>node/14020927478</value></Data><Data name="camera:direction"><value>48</value></Data><Data name="camera:mount"><value>wall</value></Data><Data name="camera:type"><value>dome</value></Data><Data name="man_made"><value>surveillance</value></Data><Data name="surveillance"><value>public</value></Data><Data name="surveillance:type"><value>camera</value></Data><Data name="surveillance:zone"><value>street</value></Data></ExtendedData><Point><coordinates>-122.3909569,37.7821092</coordinates></Point></Placemark><Placemark><ExtendedData><Data name="@id"><value>node/14020927536</value></Data><Data name="camera:direction"><value>320</value></Data><Data name="camera:mount"><value>wall</value></Data><Data name="camera:type"><value>dome</value></Data><Data name="man_made"><value>surveillance</value></Data><Data name="surveillance"><value>public</value></Data><Data name="surveillance:type"><value>camera</value></Data><Data name="surveillance:zone"><value>street</value></Data></ExtendedData><Point><coordinates>-122.3910063,37.7821483</coordinates></Point></Placemark><Placemark><ExtendedData><Data name="@id"><value>node/14022847490</value></Data><Data name="camera:direction"><value>309</value></Data><Data name="camera:mount"><value>wall</value></Data><Data name="camera:type"><value>fixed</value></Data><Data name="man_made"><value>surveillance</value></Data><Data name="surveillance"><value>indoor</value></Data><Data name="surveillance:type"><value>camera</value></Data></ExtendedData><Point><coordinates>-122.3893837,37.7835141</coordinates></Point></Placemark><Placemark><ExtendedData><Data name="@id"><value>node/14022879192</value></Data><Data name="camera:direction"><value>136</value></Data><Data name="camera:mount"><value>wall</value></Data><Data name="camera:type"><value>doorbell</value></Data><Data name="man_made"><value>surveillance</value></Data><Data name="surveillance"><value>outdoor</value></Data><Data name="surveillance:type"><value>camera</value></Data><Data name="surveillance:zone"><value>entrance</value></Data></ExtendedData><Point><coordinates>-122.3888475,37.7845948</coordinates></Point></Placemark><Placemark><ExtendedData><Data name="@id"><value>node/14022885780</value></Data><Data name="camera:direction"><value>105</value></Data><Data name="camera:mount"><value>wall</value></Data><Data name="camera:type"><value>dome</value></Data><Data name="man_made"><value>surveillance</value></Data><Data name="surveillance"><value>public</value></Data><Data name="surveillance:type"><value>camera</value></Data><Data name="surveillance:zone"><value>entrance</value></Data></ExtendedData><Point><coordinates>-122.3883758,37.7843892</coordinates></Point></Placemark><Placemark><ExtendedData><Data name="@id"><value>node/14022886211</value></Data><Data name="camera:direction"><value>228</value></Data><Data name="camera:mount"><value>wall</value></Data><Data name="camera:type"><value>dome</value></Data><Data name="man_made"><value>surveillance</value></Data><Data name="surveillance"><value>outdoor</value></Data><Data name="surveillance:type"><value>camera</value></Data><Data name="surveillance:zone"><value>entrance</value></Data></ExtendedData><Point><coordinates>-122.3892521,37.7843258</coordinates></Point></Placemark><Placemark><ExtendedData><Data name="@id"><value>node/14022889818</value></Data><Data name="camera:direction"><value>185</value></Data><Data name="camera:mount"><value>wall</value></Data><Data name="camera:type"><value>dome</value></Data><Data name="man_made"><value>surveillance</value></Data><Data name="surveillance"><value>outdoor</value></Data><Data name="surveillance:type"><value>camera</value></Data><Data name="surveillance:zone"><value>entrance</value></Data></ExtendedData><Point><coordinates>-122.388575,37.783092</coordinates></Point></Placemark><Placemark><ExtendedData><Data name="@id"><value>node/14022891978</value></Data><Data name="camera:direction"><value>138</value></Data><Data name="camera:mount"><value>wall</value></Data><Data name="camera:type"><value>dome</value></Data><Data name="man_made"><value>surveillance</value></Data><Data name="surveillance"><value>outdoor</value></Data><Data name="surveillance:type"><value>camera</value></Data><Data name="surveillance:zone"><value>entrance</value></Data></ExtendedData><Point><coordinates>-122.3888094,37.783038</coordinates></Point></Placemark><Placemark><ExtendedData><Data name="@id"><value>node/14022892481</value></Data><Data name="camera:direction"><value>228</value></Data><Data name="camera:mount"><value>wall</value></Data><Data name="camera:type"><value>fixed</value></Data><Data name="man_made"><value>surveillance</value></Data><Data name="surveillance"><value>indoor</value></Data><Data name="surveillance:type"><value>camera</value></Data><Data name="surveillance:zone"><value>shop</value></Data></ExtendedData><Point><coordinates>-122.3888926,37.7830676</coordinates></Point></Placemark><Placemark><ExtendedData><Data name="@id"><value>node/14022892956</value></Data><Data name="camera:direction"><value>2</value></Data><Data name="camera:mount"><value>wall</value></Data><Data name="camera:type"><value>doorbell</value></Data><Data name="man_made"><value>surveillance</value></Data><Data name="surveillance"><value>outdoor</value></Data><Data name="surveillance:type"><value>camera</value></Data><Data name="surveillance:zone"><value>entrance</value></Data></ExtendedData><Point><coordinates>-122.3896442,37.7860424</coordinates></Point></Placemark><Placemark><ExtendedData><Data name="@id"><value>node/14022896438</value></Data><Data name="camera:direction"><value>179</value></Data><Data name="camera:mount"><value>wall</value></Data><Data name="camera:type"><value>fixed</value></Data><Data name="man_made"><value>surveillance</value></Data><Data name="surveillance"><value>outdoor</value></Data><Data name="surveillance:type"><value>camera</value></Data><Data name="surveillance:zone"><value>entrance</value></Data></ExtendedData><Point><coordinates>-122.388389,37.7840718</coordinates></Point></Placemark><Placemark><ExtendedData><Data name="@id"><value>node/14022898775</value></Data><Data name="camera:direction"><value>95</value></Data><Data name="camera:mount"><value>wall</value></Data><Data name="camera:type"><value>fixed</value></Data><Data name="man_made"><value>surveillance</value></Data><Data name="surveillance"><value>outdoor</value></Data><Data name="surveillance:type"><value>camera</value></Data><Data name="surveillance:zone"><value>entrance</value></Data></ExtendedData><Point><coordinates>-122.388564,37.7852103</coordinates></Point></Placemark><Placemark><ExtendedData><Data name="@id"><value>node/14022899149</value></Data><Data name="camera:direction"><value>68</value></Data><Data name="camera:mount"><value>wall</value></Data><Data name="camera:type"><value>fixed</value></Data><Data name="man_made"><value>surveillance</value></Data><Data name="surveillance"><value>outdoor</value></Data><Data name="surveillance:type"><value>camera</value></Data><Data name="surveillance:zone"><value>entrance</value></Data></ExtendedData><Point><coordinates>-122.3883734,37.7849701</coordinates></Point></Placemark><Placemark><ExtendedData><Data name="@id"><value>node/14022902822</value></Data><Data name="camera:direction"><value>337</value></Data><Data name="camera:mount"><value>wall</value></Data><Data name="camera:type"><value>fixed</value></Data><Data name="man_made"><value>surveillance</value></Data><Data name="surveillance"><value>outdoor</value></Data><Data name="surveillance:type"><value>camera</value></Data><Data name="surveillance:zone"><value>entrance</value></Data></ExtendedData><Point><coordinates>-122.3885729,37.7852172</coordinates></Point></Placemark><Placemark><ExtendedData><Data name="@id"><value>node/14022903173</value></Data><Data name="camera:direction"><value>229</value></Data><Data name="camera:mount"><value>wall</value></Data><Data name="camera:type"><value>fixed</value></Data><Data name="man_made"><value>surveillance</value></Data><Data name="surveillance"><value>outdoor</value></Data><Data name="surveillance:type"><value>camera</value></Data><Data name="surveillance:zone"><value>entrance</value></Data></ExtendedData><Point><coordinates>-122.3883189,37.7850101</coordinates></Point></Placemark><Placemark><ExtendedData><Data name="@id"><value>node/14022904950</value></Data><Data name="camera:direction"><value>227</value></Data><Data name="camera:mount"><value>wall</value></Data><Data name="camera:type"><value>fixed</value></Data><Data name="man_made"><value>surveillance</value></Data><Data name="surveillance"><value>outdoor</value></Data><Data name="surveillance:type"><value>camera</value></Data></ExtendedData><Point><coordinates>-122.3886133,37.7849997</coordinates></Point></Placemark><Placemark><ExtendedData><Data name="@id"><value>node/14022915397</value></Data><Data name="camera:direction"><value>47</value></Data><Data name="camera:mount"><value>wall</value></Data><Data name="camera:type"><value>dome</value></Data><Data name="man_made"><value>surveillance</value></Data><Data name="surveillance"><value>public</value></Data><Data name="surveillance:type"><value>camera</value></Data><Data name="surveillance:zone"><value>street</value></Data></ExtendedData><Point><coordinates>-122.3887666,37.7853678</coordinates></Point></Placemark><Placemark><ExtendedData><Data name="@id"><value>node/14022916360</value></Data><Data name="camera:direction"><value>341</value></Data><Data name="camera:mount"><value>wall</value></Data><Data name="camera:type"><value>fixed</value></Data><Data name="man_made"><value>surveillance</value></Data><Data name="surveillance"><value>outdoor</value></Data><Data name="surveillance:type"><value>camera</value></Data><Data name="surveillance:zone"><value>entrance</value></Data></ExtendedData><Point><coordinates>-122.3883365,37.7850334</coordinates></Point></Placemark><Placemark><ExtendedData><Data name="@id"><value>node/14022922023</value></Data><Data name="camera:direction"><value>246</value></Data><Data name="camera:mount"><value>wall</value></Data><Data name="camera:type"><value>fixed</value></Data><Data name="man_made"><value>surveillance</value></Data><Data name="surveillance"><value>outdoor</value></Data><Data name="surveillance:type"><value>camera</value></Data><Data name="surveillance:zone"><value>entrance</value></Data></ExtendedData><Point><coordinates>-122.3883896,37.7849707</coordinates></Point></Placemark><Placemark><ExtendedData><Data name="@id"><value>node/14022940442</value></Data><Data name="camera:direction"><value>94</value></Data><Data name="camera:mount"><value>wall</value></Data><Data name="camera:type"><value>fixed</value></Data><Data name="man_made"><value>surveillance</value></Data><Data name="surveillance"><value>public</value></Data><Data name="surveillance:type"><value>camera</value></Data><Data name="surveillance:zone"><value>street</value></Data></ExtendedData><Point><coordinates>-122.3896094,37.7860375</coordinates></Point></Placemark><Placemark><ExtendedData><Data name="@id"><value>node/14022943227</value></Data><Data name="camera:direction"><value>269</value></Data><Data name="camera:mount"><value>wall</value></Data><Data name="camera:type"><value>dome</value></Data><Data name="man_made"><value>surveillance</value></Data><Data name="surveillance"><value>outdoor</value></Data><Data name="surveillance:type"><value>camera</value></Data><Data name="surveillance:zone"><value>entrance</value></Data></ExtendedData><Point><coordinates>-122.3907814,37.7849734</coordinates></Point></Placemark><Placemark><ExtendedData><Data name="@id"><value>node/14022943876</value></Data><Data name="camera:direction"><value>319</value></Data><Data name="camera:mount"><value>wall</value></Data><Data name="camera:type"><value>dome</value></Data><Data name="man_made"><value>surveillance</value></Data><Data name="surveillance"><value>public</value></Data><Data name="surveillance:type"><value>camera</value></Data><Data name="surveillance:zone"><value>street</value></Data></ExtendedData><Point><coordinates>-122.3907575,37.7852001</coordinates></Point></Placemark><Placemark><ExtendedData><Data name="@id"><value>node/14022951260</value></Data><Data name="camera:direction"><value>231</value></Data><Data name="camera:mount"><value>wall</value></Data><Data name="camera:type"><value>dome</value></Data><Data name="man_made"><value>surveillance</value></Data><Data name="surveillance"><value>public</value></Data><Data name="surveillance:type"><value>camera</value></Data><Data name="surveillance:zone"><value>street</value></Data></ExtendedData><Point><coordinates>-122.3891388,37.7859766</coordinates></Point></Placemark><Placemark><ExtendedData><Data name="@id"><value>node/14022953803</value></Data><Data name="camera:direction"><value>321</value></Data><Data name="camera:mount"><value>wall</value></Data><Data name="camera:type"><value>dome</value></Data><Data name="man_made"><value>surveillance</value></Data><Data name="surveillance"><value>public</value></Data><Data name="surveillance:type"><value>camera</value></Data><Data name="surveillance:zone"><value>street</value></Data></ExtendedData><Point><coordinates>-122.3899043,37.7858437</coordinates></Point></Placemark><Placemark><ExtendedData><Data name="@id"><value>node/14022960303</value></Data><Data name="camera:direction"><value>319</value></Data><Data name="camera:mount"><value>wall</value></Data><Data name="camera:type"><value>dome</value></Data><Data name="man_made"><value>surveillance</value></Data><Data name="surveillance"><value>public</value></Data><Data name="surveillance:type"><value>camera</value></Data><Data name="surveillance:zone"><value>street</value></Data></ExtendedData><Point><coordinates>-122.3903131,37.7855234</coordinates></Point></Placemark><Placemark><ExtendedData><Data name="@id"><value>node/14023034466</value></Data><Data name="camera:direction"><value>179</value></Data><Data name="camera:mount"><value>wall</value></Data><Data name="camera:type"><value>doorbell</value></Data><Data name="man_made"><value>surveillance</value></Data><Data name="surveillance"><value>outdoor</value></Data><Data name="surveillance:type"><value>camera</value></Data><Data name="surveillance:zone"><value>entrance</value></Data></ExtendedData><Point><coordinates>-122.3898704,37.7837942</coordinates></Point></Placemark><Placemark><ExtendedData><Data name="@id"><value>node/14023037164</value></Data><Data name="camera:direction"><value>165</value></Data><Data name="camera:mount"><value>wall</value></Data><Data name="camera:type"><value>fixed</value></Data><Data name="man_made"><value>surveillance</value></Data><Data name="surveillance"><value>outdoor</value></Data><Data name="surveillance:type"><value>camera</value></Data></ExtendedData><Point><coordinates>-122.3898156,37.7850537</coordinates></Point></Placemark><Placemark><ExtendedData><Data name="@id"><value>node/14023043169</value></Data><Data name="camera:direction"><value>156</value></Data><Data name="camera:mount"><value>wall</value></Data><Data name="camera:type"><value>fixed</value></Data><Data name="man_made"><value>surveillance</value></Data><Data name="surveillance"><value>outdoor</value></Data><Data name="surveillance:type"><value>camera</value></Data><Data name="surveillance:zone"><value>entrance</value></Data></ExtendedData><Point><coordinates>-122.3900842,37.7843231</coordinates></Point></Placemark><Placemark><ExtendedData><Data name="@id"><value>node/14023064845</value></Data><Data name="camera:direction"><value>24</value></Data><Data name="camera:mount"><value>wall</value></Data><Data name="camera:type"><value>dome</value></Data><Data name="man_made"><value>surveillance</value></Data><Data name="surveillance"><value>outdoor</value></Data><Data name="surveillance:type"><value>camera</value></Data><Data name="surveillance:zone"><value>entrance</value></Data></ExtendedData><Point><coordinates>-122.3906433,37.784056</coordinates></Point></Placemark><Placemark><ExtendedData><Data name="@id"><value>node/14023068391</value></Data><Data name="camera:direction"><value>179</value></Data><Data name="camera:mount"><value>wall</value></Data><Data name="camera:type"><value>fixed</value></Data><Data name="man_made"><value>surveillance</value></Data><Data name="surveillance:type"><value>camera</value></Data></ExtendedData><Point><coordinates>-122.3915665,37.7840422</coordinates></Point></Placemark><Placemark><ExtendedData><Data name="@id"><value>node/14023069199</value></Data><Data name="camera:direction"><value>48</value></Data><Data name="camera:mount"><value>wall</value></Data><Data name="camera:type"><value>dome</value></Data><Data name="man_made"><value>surveillance</value></Data><Data name="surveillance"><value>outdoor</value></Data><Data name="surveillance:type"><value>camera</value></Data><Data name="surveillance:zone"><value>entrance</value></Data></ExtendedData><Point><coordinates>-122.39039,37.7838679</coordinates></Point></Placemark><Placemark><ExtendedData><Data name="@id"><value>node/14023080972</value></Data><Data name="camera:direction"><value>50</value></Data><Data name="camera:mount"><value>wall</value></Data><Data name="camera:type"><value>doorbell</value></Data><Data name="man_made"><value>surveillance</value></Data><Data name="surveillance"><value>outdoor</value></Data><Data name="surveillance:type"><value>camera</value></Data><Data name="surveillance:zone"><value>entrance</value></Data></ExtendedData><Point><coordinates>-122.3911329,37.7844688</coordinates></Point></Placemark><Placemark><ExtendedData><Data name="@id"><value>node/14023090297</value></Data><Data name="camera:direction"><value>231</value></Data><Data name="camera:mount"><value>wall</value></Data><Data name="camera:type"><value>dome</value></Data><Data name="man_made"><value>surveillance</value></Data><Data name="surveillance"><value>outdoor</value></Data><Data name="surveillance:type"><value>camera</value></Data><Data name="surveillance:zone"><value>entrance</value></Data></ExtendedData><Point><coordinates>-122.3922652,37.7822316</coordinates></Point></Placemark><Placemark><ExtendedData><Data name="@id"><value>node/14023091382</value></Data><Data name="camera:direction"><value>323</value></Data><Data name="camera:mount"><value>wall</value></Data><Data name="camera:type"><value>dome</value></Data><Data name="man_made"><value>surveillance</value></Data><Data name="surveillance"><value>public</value></Data><Data name="surveillance:type"><value>camera</value></Data><Data name="surveillance:zone"><value>street</value></Data></ExtendedData><Point><coordinates>-122.3926893,37.7836638</coordinates></Point></Placemark><Placemark><ExtendedData><Data name="@id"><value>node/14023096401</value></Data><Data name="camera:direction"><value>51</value></Data><Data name="camera:mount"><value>wall</value></Data><Data name="camera:type"><value>dome</value></Data><Data name="man_made"><value>surveillance</value></Data><Data name="surveillance"><value>public</value></Data><Data name="surveillance:type"><value>camera</value></Data><Data name="surveillance:zone"><value>street</value></Data></ExtendedData><Point><coordinates>-122.3909238,37.7842757</coordinates></Point></Placemark><Placemark><ExtendedData><Data name="@id"><value>node/14023096677</value></Data><Data name="camera:direction"><value>50</value></Data><Data name="camera:mount"><value>wall</value></Data><Data name="camera:type"><value>dome</value></Data><Data name="man_made"><value>surveillance</value></Data><Data name="surveillance"><value>outdoor</value></Data><Data name="surveillance:type"><value>camera</value></Data><Data name="surveillance:zone"><value>entrance</value></Data></ExtendedData><Point><coordinates>-122.3913335,37.7846202</coordinates></Point></Placemark><Placemark><ExtendedData><Data name="@id"><value>node/14023096934</value></Data><Data name="camera:direction"><value>223</value></Data><Data name="camera:mount"><value>wall</value></Data><Data name="camera:type"><value>dome</value></Data><Data name="man_made"><value>surveillance</value></Data><Data name="surveillance"><value>outdoor</value></Data><Data name="surveillance:type"><value>camera</value></Data><Data name="surveillance:zone"><value>entrance</value></Data></ExtendedData><Point><coordinates>-122.3915728,37.7838021</coordinates></Point></Placemark><Placemark><ExtendedData><Data name="@id"><value>node/14023118433</value></Data><Data name="camera:direction"><value>48</value></Data><Data name="camera:mount"><value>wall</value></Data><Data name="camera:type"><value>dome</value></Data><Data name="man_made"><value>surveillance</value></Data><Data name="surveillance"><value>public</value></Data><Data name="surveillance:type"><value>camera</value></Data><Data name="surveillance:zone"><value>street</value></Data></ExtendedData><Point><coordinates>-122.3919098,37.7840234</coordinates></Point></Placemark><Placemark><ExtendedData><Data name="@id"><value>node/14023123439</value></Data><Data name="camera:direction"><value>257</value></Data><Data name="camera:mount"><value>wall</value></Data><Data name="camera:type"><value>fixed</value></Data><Data name="man_made"><value>surveillance</value></Data><Data name="surveillance"><value>public</value></Data><Data name="surveillance:type"><value>camera</value></Data><Data name="surveillance:zone"><value>street</value></Data></ExtendedData><Point><coordinates>-122.3919219,37.7842691</coordinates></Point></Placemark><Placemark><ExtendedData><Data name="@id"><value>node/14023123473</value></Data><Data name="camera:direction"><value>229</value></Data><Data name="camera:mount"><value>wall</value></Data><Data name="camera:type"><value>dome</value></Data><Data name="man_made"><value>surveillance</value></Data><Data name="surveillance"><value>public</value></Data><Data name="surveillance:type"><value>camera</value></Data><Data name="surveillance:zone"><value>entrance</value></Data></ExtendedData><Point><coordinates>-122.3929346,37.7826916</coordinates></Point></Placemark><Placemark><ExtendedData><Data name="@id"><value>node/14023126465</value></Data><Data name="camera:direction"><value>277</value></Data><Data name="camera:mount"><value>wall</value></Data><Data name="camera:type"><value>fixed</value></Data><Data name="man_made"><value>surveillance</value></Data><Data name="surveillance"><value>outdoor</value></Data><Data name="surveillance:type"><value>camera</value></Data><Data name="surveillance:zone"><value>parking</value></Data></ExtendedData><Point><coordinates>-122.3915787,37.7841752</coordinates></Point></Placemark><Placemark><ExtendedData><Data name="@id"><value>node/14023130444</value></Data><Data name="camera:direction"><value>351</value></Data><Data name="camera:mount"><value>wall</value></Data><Data name="camera:type"><value>fixed</value></Data><Data name="man_made"><value>surveillance</value></Data><Data name="surveillance"><value>outdoor</value></Data><Data name="surveillance:type"><value>camera</value></Data><Data name="surveillance:zone"><value>parking</value></Data></ExtendedData><Point><coordinates>-122.3915633,37.7841871</coordinates></Point></Placemark><Placemark><ExtendedData><Data name="@id"><value>node/14023130454</value></Data><Data name="camera:direction"><value>145</value></Data><Data name="camera:mount"><value>wall</value></Data><Data name="camera:type"><value>dome</value></Data><Data name="man_made"><value>surveillance</value></Data><Data name="surveillance"><value>public</value></Data><Data name="surveillance:type"><value>camera</value></Data><Data name="surveillance:zone"><value>street</value></Data></ExtendedData><Point><coordinates>-122.3919796,37.7828721</coordinates></Point></Placemark><Placemark><ExtendedData><Data name="@id"><value>node/14023131454</value></Data><Data name="camera:direction"><value>343</value></Data><Data name="camera:mount"><value>wall</value></Data><Data name="camera:type"><value>fixed</value></Data><Data name="man_made"><value>surveillance</value></Data><Data name="surveillance"><value>outdoor</value></Data><Data name="surveillance:type"><value>camera</value></Data><Data name="surveillance:zone"><value>parking</value></Data></ExtendedData><Point><coordinates>-122.3914635,37.7841431</coordinates></Point></Placemark><Placemark><ExtendedData><Data name="@id"><value>node/14023136459</value></Data><Data name="camera:direction"><value>224</value></Data><Data name="camera:mount"><value>wall</value></Data><Data name="camera:type"><value>dome</value></Data><Data name="man_made"><value>surveillance</value></Data><Data name="surveillance"><value>outdoor</value></Data><Data name="surveillance:type"><value>camera</value></Data><Data name="surveillance:zone"><value>entrance</value></Data></ExtendedData><Point><coordinates>-122.3927225,37.7835517</coordinates></Point></Placemark><Placemark><ExtendedData><Data name="@id"><value>node/14023136586</value></Data><Data name="camera:direction"><value>323</value></Data><Data name="camera:mount"><value>wall</value></Data><Data name="camera:type"><value>dome</value></Data><Data name="man_made"><value>surveillance</value></Data><Data name="surveillance"><value>public</value></Data><Data name="surveillance:type"><value>camera</value></Data><Data name="surveillance:zone"><value>street</value></Data></ExtendedData><Point><coordinates>-122.3925842,37.7837482</coordinates></Point></Placemark><Placemark><ExtendedData><Data name="@id"><value>node/14023143022</value></Data><Data name="camera:direction"><value>323</value></Data><Data name="camera:mount"><value>wall</value></Data><Data name="camera:type"><value>dome</value></Data><Data name="man_made"><value>surveillance</value></Data><Data name="surveillance"><value>public</value></Data><Data name="surveillance:type"><value>camera</value></Data><Data name="surveillance:zone"><value>street</value></Data></ExtendedData><Point><coordinates>-122.3924841,37.7838285</coordinates></Point></Placemark><Placemark><ExtendedData><Data name="@id"><value>node/14023143051</value></Data><Data name="camera:direction"><value>223</value></Data><Data name="camera:mount"><value>wall</value></Data><Data name="camera:type"><value>dome</value></Data><Data name="man_made"><value>surveillance</value></Data><Data name="surveillance"><value>public</value></Data><Data name="surveillance:type"><value>camera</value></Data><Data name="surveillance:zone"><value>entrance</value></Data></ExtendedData><Point><coordinates>-122.3918551,37.7828947</coordinates></Point></Placemark><Placemark><ExtendedData><Data name="@id"><value>node/14023143061</value></Data><Data name="camera:direction"><value>270</value></Data><Data name="camera:mount"><value>wall</value></Data><Data name="camera:type"><value>fixed</value></Data><Data name="man_made"><value>surveillance</value></Data><Data name="surveillance"><value>public</value></Data><Data name="surveillance:type"><value>camera</value></Data><Data name="surveillance:zone"><value>street</value></Data></ExtendedData><Point><coordinates>-122.3922608,37.7825029</coordinates></Point></Placemark><Placemark><ExtendedData><Data name="@id"><value>node/14023143066</value></Data><Data name="camera:direction"><value>230</value></Data><Data name="camera:mount"><value>wall</value></Data><Data name="camera:type"><value>doorbell</value></Data><Data name="man_made"><value>surveillance</value></Data><Data name="surveillance"><value>public</value></Data><Data name="surveillance:type"><value>camera</value></Data><Data name="surveillance:zone"><value>entrance</value></Data></ExtendedData><Point><coordinates>-122.3927539,37.7825503</coordinates></Point></Placemark><Placemark><ExtendedData><Data name="@id"><value>node/14023145901</value></Data><Data name="camera:type"><value>fixed</value></Data><Data name="direction"><value>234</value></Data><Data name="man_made"><value>surveillance</value></Data><Data name="manufacturer"><value>Flock Safety</value></Data><Data name="manufacturer:wikidata"><value>Q108485435</value></Data><Data name="surveillance"><value>public</value></Data><Data name="surveillance:type"><value>ALPR</value></Data><Data name="surveillance:zone"><value>traffic</value></Data></ExtendedData><Point><coordinates>-122.4247795,37.8013865</coordinates></Point></Placemark><Placemark><ExtendedData><Data name="@id"><value>node/14023152421</value></Data><Data name="camera:direction"><value>320</value></Data><Data name="camera:mount"><value>wall</value></Data><Data name="camera:type"><value>dome</value></Data><Data name="man_made"><value>surveillance</value></Data><Data name="surveillance"><value>public</value></Data><Data name="surveillance:type"><value>camera</value></Data><Data name="surveillance:zone"><value>entrance</value></Data></ExtendedData><Point><coordinates>-122.392934,37.7827329</coordinates></Point></Placemark><Placemark><ExtendedData><Data name="@id"><value>node/14023154458</value></Data><Data name="camera:direction"><value>141</value></Data><Data name="camera:mount"><value>wall</value></Data><Data name="camera:type"><value>dome</value></Data><Data name="man_made"><value>surveillance</value></Data><Data name="surveillance"><value>public</value></Data><Data name="surveillance:type"><value>camera</value></Data><Data name="surveillance:zone"><value>entrance</value></Data></ExtendedData><Point><coordinates>-122.3921207,37.7827603</coordinates></Point></Placemark><Placemark><ExtendedData><Data name="@id"><value>node/14023157607</value></Data><Data name="camera:direction"><value>243</value></Data><Data name="camera:mount"><value>wall</value></Data><Data name="camera:type"><value>fixed</value></Data><Data name="man_made"><value>surveillance</value></Data><Data name="surveillance"><value>public</value></Data><Data name="surveillance:type"><value>camera</value></Data><Data name="surveillance:zone"><value>entrance</value></Data></ExtendedData><Point><coordinates>-122.3919584,37.7827444</coordinates></Point></Placemark><Placemark><ExtendedData><Data name="@id"><value>node/14023160534</value></Data><Data name="camera:direction"><value>302</value></Data><Data name="camera:mount"><value>wall</value></Data><Data name="camera:type"><value>dome</value></Data><Data name="man_made"><value>surveillance</value></Data><Data name="surveillance"><value>public</value></Data><Data name="surveillance:type"><value>camera</value></Data><Data name="surveillance:zone"><value>street</value></Data></ExtendedData><Point><coordinates>-122.391883,37.7828049</coordinates></Point></Placemark><Placemark><ExtendedData><Data name="@id"><value>node/14023164639</value></Data><Data name="camera:direction"><value>49</value></Data><Data name="camera:mount"><value>wall</value></Data><Data name="camera:type"><value>dome</value></Data><Data name="man_made"><value>surveillance</value></Data><Data name="surveillance"><value>public</value></Data><Data name="surveillance:type"><value>camera</value></Data><Data name="surveillance:zone"><value>street</value></Data></ExtendedData><Point><coordinates>-122.391975,37.7829066</coordinates></Point></Placemark><Placemark><ExtendedData><Data name="@id"><value>node/14023167221</value></Data><Data name="camera:direction"><value>229</value></Data><Data name="camera:mount"><value>wall</value></Data><Data name="camera:type"><value>dome</value></Data><Data name="man_made"><value>surveillance</value></Data><Data name="surveillance"><value>public</value></Data><Data name="surveillance:type"><value>camera</value></Data><Data name="surveillance:zone"><value>entrance</value></Data></ExtendedData><Point><coordinates>-122.3925894,37.7824211</coordinates></Point></Placemark><Placemark><ExtendedData><Data name="@id"><value>node/14023174252</value></Data><Data name="camera:direction"><value>42</value></Data><Data name="camera:mount"><value>wall</value></Data><Data name="camera:type"><value>dome</value></Data><Data name="level"><value>2</value></Data><Data name="man_made"><value>surveillance</value></Data><Data name="surveillance"><value>public</value></Data><Data name="surveillance:type"><value>camera</value></Data></ExtendedData><Point><coordinates>-122.3925432,37.7824601</coordinates></Point></Placemark><Placemark><ExtendedData><Data name="@id"><value>node/14023177301</value></Data><Data name="camera:direction"><value>103</value></Data><Data name="camera:mount"><value>wall</value></Data><Data name="camera:type"><value>fixed</value></Data><Data name="man_made"><value>surveillance</value></Data><Data name="surveillance"><value>outdoor</value></Data><Data name="surveillance:type"><value>camera</value></Data><Data name="surveillance:zone"><value>parking</value></Data></ExtendedData><Point><coordinates>-122.3922301,37.7825081</coordinates></Point></Placemark><Placemark><ExtendedData><Data name="@id"><value>node/14023179622</value></Data><Data name="camera:direction"><value>135</value></Data><Data name="camera:mount"><value>wall</value></Data><Data name="camera:type"><value>doorbell</value></Data><Data name="man_made"><value>surveillance</value></Data><Data name="surveillance"><value>outdoor</value></Data><Data name="surveillance:type"><value>camera</value></Data><Data name="surveillance:zone"><value>entrance</value></Data></ExtendedData><Point><coordinates>-122.3927197,37.7825324</coordinates></Point></Placemark><Placemark><ExtendedData><Data name="@id"><value>node/14024777801</value></Data><Data name="camera:mount"><value>pole</value></Data><Data name="camera:type"><value>fixed</value></Data><Data name="direction"><value>245</value></Data><Data name="image"><value>https://alpr.pictures/san-francisco/mason%20nbns%20north%20bluff%20parking.jpg</value></Data><Data name="man_made"><value>surveillance</value></Data><Data name="manufacturer"><value>Flock Safety</value></Data><Data name="manufacturer:wikidata"><value>Q108485435</value></Data><Data name="surveillance"><value>public</value></Data><Data name="surveillance:type"><value>ALPR</value></Data><Data name="surveillance:zone"><value>traffic</value></Data></ExtendedData><Point><coordinates>-122.4690661,37.806427</coordinates></Point></Placemark><Placemark><ExtendedData><Data name="@id"><value>node/14024968908</value></Data><Data name="camera:direction"><value>314</value></Data><Data name="camera:type"><value>fixed</value></Data><Data name="man_made"><value>surveillance</value></Data><Data name="surveillance"><value>public</value></Data><Data name="surveillance:type"><value>camera</value></Data><Data name="surveillance:zone"><value>entrance</value></Data></ExtendedData><Point><coordinates>-122.391184,37.7812913</coordinates></Point></Placemark><Placemark><ExtendedData><Data name="@id"><value>node/14024974341</value></Data><Data name="camera:direction"><value>343</value></Data><Data name="camera:mount"><value>wall</value></Data><Data name="camera:type"><value>dome</value></Data><Data name="man_made"><value>surveillance</value></Data><Data name="surveillance"><value>public</value></Data><Data name="surveillance:type"><value>camera</value></Data><Data name="surveillance:zone"><value>street</value></Data></ExtendedData><Point><coordinates>-122.3898114,37.7810065</coordinates></Point></Placemark><Placemark><ExtendedData><Data name="@id"><value>node/14024981434</value></Data><Data name="camera:direction"><value>274</value></Data><Data name="camera:mount"><value>wall</value></Data><Data name="camera:type"><value>dome</value></Data><Data name="man_made"><value>surveillance</value></Data><Data name="surveillance"><value>public</value></Data><Data name="surveillance:type"><value>camera</value></Data><Data name="surveillance:zone"><value>street</value></Data></ExtendedData><Point><coordinates>-122.3898466,37.7809786</coordinates></Point></Placemark><Placemark><ExtendedData><Data name="@id"><value>node/14024981435</value></Data><Data name="camera:direction"><value>135</value></Data><Data name="camera:mount"><value>wall</value></Data><Data name="camera:type"><value>dome</value></Data><Data name="man_made"><value>surveillance</value></Data><Data name="surveillance"><value>public</value></Data><Data name="surveillance:type"><value>camera</value></Data><Data name="surveillance:zone"><value>entrance</value></Data></ExtendedData><Point><coordinates>-122.3893781,37.7804717</coordinates></Point></Placemark><Placemark><ExtendedData><Data name="@id"><value>node/14024992336</value></Data><Data name="camera:direction"><value>48</value></Data><Data name="camera:mount"><value>wall</value></Data><Data name="camera:type"><value>dome</value></Data><Data name="man_made"><value>surveillance</value></Data><Data name="surveillance"><value>outdoor</value></Data><Data name="surveillance:type"><value>camera</value></Data><Data name="surveillance:zone"><value>entrance</value></Data></ExtendedData><Point><coordinates>-122.3890592,37.7806502</coordinates></Point></Placemark><Placemark><ExtendedData><Data name="@id"><value>node/14024996073</value></Data><Data name="camera:direction"><value>177</value></Data><Data name="camera:mount"><value>wall</value></Data><Data name="camera:type"><value>fixed</value></Data><Data name="man_made"><value>surveillance</value></Data><Data name="surveillance"><value>outdoor</value></Data><Data name="surveillance:type"><value>camera</value></Data><Data name="surveillance:zone"><value>entrance</value></Data></ExtendedData><Point><coordinates>-122.3902685,37.7805677</coordinates></Point></Placemark><Placemark><ExtendedData><Data name="@id"><value>node/14025051252</value></Data><Data name="camera:direction"><value>201</value></Data><Data name="camera:mount"><value>wall</value></Data><Data name="camera:type"><value>fixed</value></Data><Data name="man_made"><value>surveillance</value></Data><Data name="surveillance"><value>public</value></Data><Data name="surveillance:type"><value>camera</value></Data><Data name="surveillance:zone"><value>entrance</value></Data></ExtendedData><Point><coordinates>-122.3902841,37.7806217</coordinates></Point></Placemark><Placemark><ExtendedData><Data name="@id"><value>node/14025052136</value></Data><Data name="camera:direction"><value>232</value></Data><Data name="camera:mount"><value>wall</value></Data><Data name="camera:type"><value>dome</value></Data><Data name="man_made"><value>surveillance</value></Data><Data name="surveillance"><value>public</value></Data><Data name="surveillance:type"><value>camera</value></Data><Data name="surveillance:zone"><value>street</value></Data></ExtendedData><Point><coordinates>-122.3917691,37.7817438</coordinates></Point></Placemark><Placemark><ExtendedData><Data name="@id"><value>node/14025052139</value></Data><Data name="camera:direction"><value>34</value></Data><Data name="camera:mount"><value>wall</value></Data><Data name="camera:type"><value>fixed</value></Data><Data name="man_made"><value>surveillance</value></Data><Data name="surveillance"><value>public</value></Data><Data name="surveillance:type"><value>camera</value></Data><Data name="surveillance:zone"><value>street</value></Data></ExtendedData><Point><coordinates>-122.3902699,37.7806444</coordinates></Point></Placemark><Placemark><ExtendedData><Data name="@id"><value>node/14025054443</value></Data><Data name="camera:direction"><value>51</value></Data><Data name="camera:type"><value>fixed</value></Data><Data name="man_made"><value>surveillance</value></Data><Data name="surveillance"><value>public</value></Data><Data name="surveillance:type"><value>camera</value></Data><Data name="surveillance:zone"><value>street</value></Data></ExtendedData><Point><coordinates>-122.3902452,37.7810035</coordinates></Point></Placemark><Placemark><ExtendedData><Data name="@id"><value>node/14025057701</value></Data><Data name="camera:direction"><value>242</value></Data><Data name="camera:mount"><value>wall</value></Data><Data name="camera:type"><value>dome</value></Data><Data name="man_made"><value>surveillance</value></Data><Data name="surveillance"><value>public</value></Data><Data name="surveillance:type"><value>camera</value></Data><Data name="surveillance:zone"><value>entrance</value></Data></ExtendedData><Point><coordinates>-122.3916587,37.7817238</coordinates></Point></Placemark><Placemark><ExtendedData><Data name="@id"><value>node/14025058150</value></Data><Data name="camera:direction"><value>322</value></Data><Data name="camera:mount"><value>wall</value></Data><Data name="camera:type"><value>dome</value></Data><Data name="man_made"><value>surveillance</value></Data><Data name="surveillance"><value>outdoor</value></Data><Data name="surveillance:type"><value>camera</value></Data><Data name="surveillance:zone"><value>entrance</value></Data></ExtendedData><Point><coordinates>-122.3892785,37.7814164</coordinates></Point></Placemark><Placemark><ExtendedData><Data name="@id"><value>node/14025058885</value></Data><Data name="camera:direction"><value>311</value></Data><Data name="camera:type"><value>fixed</value></Data><Data name="man_made"><value>surveillance</value></Data><Data name="surveillance"><value>public</value></Data><Data name="surveillance:type"><value>camera</value></Data><Data name="surveillance:zone"><value>street</value></Data></ExtendedData><Point><coordinates>-122.3905856,37.7808089</coordinates></Point></Placemark><Placemark><ExtendedData><Data name="@id"><value>node/14025059122</value></Data><Data name="camera:direction"><value>311</value></Data><Data name="camera:mount"><value>wall</value></Data><Data name="camera:type"><value>dome</value></Data><Data name="man_made"><value>surveillance</value></Data><Data name="surveillance"><value>public</value></Data><Data name="surveillance:type"><value>camera</value></Data><Data name="surveillance:zone"><value>street</value></Data></ExtendedData><Point><coordinates>-122.3898963,37.7809391</coordinates></Point></Placemark><Placemark><ExtendedData><Data name="@id"><value>node/14025059127</value></Data><Data name="camera:direction"><value>227</value></Data><Data name="camera:mount"><value>wall</value></Data><Data name="camera:type"><value>dome</value></Data><Data name="man_made"><value>surveillance</value></Data><Data name="surveillance"><value>public</value></Data><Data name="surveillance:type"><value>camera</value></Data><Data name="surveillance:zone"><value>entrance</value></Data></ExtendedData><Point><coordinates>-122.3902317,37.7805393</coordinates></Point></Placemark><Placemark><ExtendedData><Data name="@id"><value>node/14025060370</value></Data><Data name="camera:direction"><value>231</value></Data><Data name="camera:type"><value>fixed</value></Data><Data name="man_made"><value>surveillance</value></Data><Data name="surveillance"><value>public</value></Data><Data name="surveillance:type"><value>camera</value></Data><Data name="surveillance:zone"><value>entrance</value></Data></ExtendedData><Point><coordinates>-122.390485,37.7808106</coordinates></Point></Placemark><Placemark><ExtendedData><Data name="@id"><value>node/14025068996</value></Data><Data name="camera:direction"><value>268</value></Data><Data name="camera:mount"><value>wall</value></Data><Data name="camera:type"><value>dome</value></Data><Data name="man_made"><value>surveillance</value></Data><Data name="surveillance"><value>outdoor</value></Data><Data name="surveillance:type"><value>camera</value></Data><Data name="surveillance:zone"><value>entrance</value></Data></ExtendedData><Point><coordinates>-122.3888375,37.7816445</coordinates></Point></Placemark><Placemark><ExtendedData><Data name="@id"><value>node/14025074001</value></Data><Data name="camera:mount"><value>street_lamp</value></Data><Data name="camera:type"><value>fixed</value></Data><Data name="direction"><value>269</value></Data><Data name="man_made"><value>surveillance</value></Data><Data name="manufacturer"><value>Flock Safety</value></Data><Data name="manufacturer:wikidata"><value>Q108485435</value></Data><Data name="surveillance"><value>public</value></Data><Data name="surveillance:type"><value>ALPR</value></Data><Data name="surveillance:zone"><value>traffic</value></Data></ExtendedData><Point><coordinates>-122.4759829,37.8078705</coordinates></Point></Placemark><Placemark><ExtendedData><Data name="@id"><value>node/14025086757</value></Data><Data name="camera:direction"><value>228</value></Data><Data name="camera:mount"><value>wall</value></Data><Data name="camera:type"><value>dome</value></Data><Data name="man_made"><value>surveillance</value></Data><Data name="surveillance"><value>outdoor</value></Data><Data name="surveillance:type"><value>camera</value></Data><Data name="surveillance:zone"><value>corridor</value></Data></ExtendedData><Point><coordinates>-122.3895574,37.7812186</coordinates></Point></Placemark><Placemark><ExtendedData><Data name="@id"><value>node/14025088300</value></Data><Data name="camera:direction"><value>137</value></Data><Data name="camera:mount"><value>wall</value></Data><Data name="camera:type"><value>dome</value></Data><Data name="man_made"><value>surveillance</value></Data><Data name="surveillance"><value>outdoor</value></Data><Data name="surveillance:type"><value>camera</value></Data><Data name="surveillance:zone"><value>entrance</value></Data></ExtendedData><Point><coordinates>-122.388949,37.7807221</coordinates></Point></Placemark><Placemark><ExtendedData><Data name="@id"><value>node/14025089170</value></Data><Data name="camera:direction"><value>106</value></Data><Data name="camera:mount"><value>wall</value></Data><Data name="camera:type"><value>dome</value></Data><Data name="man_made"><value>surveillance</value></Data><Data name="surveillance"><value>outdoor</value></Data><Data name="surveillance:type"><value>camera</value></Data><Data name="surveillance:zone"><value>entrance</value></Data></ExtendedData><Point><coordinates>-122.3886563,37.7813797</coordinates></Point></Placemark><Placemark><ExtendedData><Data name="@id"><value>node/14025094289</value></Data><Data name="camera:direction"><value>51</value></Data><Data name="camera:mount"><value>wall</value></Data><Data name="camera:type"><value>dome</value></Data><Data name="man_made"><value>surveillance</value></Data><Data name="surveillance"><value>public</value></Data><Data name="surveillance:type"><value>camera</value></Data><Data name="surveillance:zone"><value>street</value></Data></ExtendedData><Point><coordinates>-122.3916349,37.7813418</coordinates></Point></Placemark><Placemark><ExtendedData><Data name="@id"><value>node/14025098381</value></Data><Data name="camera:direction"><value>210</value></Data><Data name="camera:mount"><value>wall</value></Data><Data name="camera:type"><value>dome</value></Data><Data name="man_made"><value>surveillance</value></Data><Data name="surveillance"><value>public</value></Data><Data name="surveillance:type"><value>camera</value></Data><Data name="surveillance:zone"><value>street</value></Data></ExtendedData><Point><coordinates>-122.3919881,37.7809935</coordinates></Point></Placemark><Placemark><ExtendedData><Data name="@id"><value>node/14025106378</value></Data><Data name="camera:direction"><value>318</value></Data><Data name="camera:mount"><value>wall</value></Data><Data name="camera:type"><value>dome</value></Data><Data name="man_made"><value>surveillance</value></Data><Data name="surveillance"><value>outdoor</value></Data><Data name="surveillance:type"><value>camera</value></Data><Data name="surveillance:zone"><value>entrance;parking</value></Data></ExtendedData><Point><coordinates>-122.3917131,37.7803551</coordinates></Point></Placemark><Placemark><ExtendedData><Data name="@id"><value>node/14025151601</value></Data><Data name="camera:type"><value>fixed</value></Data><Data name="direction"><value>37</value></Data><Data name="man_made"><value>surveillance</value></Data><Data name="manufacturer"><value>Flock Safety</value></Data><Data name="manufacturer:wikidata"><value>Q108485435</value></Data><Data name="surveillance"><value>public</value></Data><Data name="surveillance:type"><value>ALPR</value></Data><Data name="surveillance:zone"><value>traffic</value></Data></ExtendedData><Point><coordinates>-122.3943694,37.7836798</coordinates></Point></Placemark><Placemark><ExtendedData><Data name="@id"><value>node/14025214235</value></Data><Data name="camera:direction"><value>341</value></Data><Data name="man_made"><value>surveillance</value></Data><Data name="surveillance:type"><value>camera</value></Data></ExtendedData><Point><coordinates>-122.4862186,37.7798532</coordinates></Point></Placemark><Placemark><ExtendedData><Data name="@id"><value>node/14025214254</value></Data><Data name="camera:direction"><value>53</value></Data><Data name="man_made"><value>surveillance</value></Data><Data name="surveillance:type"><value>camera</value></Data></ExtendedData><Point><coordinates>-122.4854461,37.7798973</coordinates></Point></Placemark><Placemark><ExtendedData><Data name="@id"><value>node/14025214256</value></Data><Data name="camera:direction"><value>55</value></Data><Data name="camera:type"><value>dome</value></Data><Data name="check_date"><value>2026-07-18</value></Data><Data name="man_made"><value>surveillance</value></Data><Data name="surveillance"><value>outdoor</value></Data><Data name="surveillance:type"><value>camera</value></Data></ExtendedData><Point><coordinates>-122.4839917,37.7799632</coordinates></Point></Placemark><Placemark><ExtendedData><Data name="@id"><value>node/14025214257</value></Data><Data name="camera:direction"><value>330</value></Data><Data name="man_made"><value>surveillance</value></Data><Data name="surveillance:type"><value>camera</value></Data></ExtendedData><Point><coordinates>-122.48558,37.7798906</coordinates></Point></Placemark><Placemark><ExtendedData><Data name="@id"><value>node/14025214260</value></Data><Data name="camera:direction"><value>238</value></Data><Data name="man_made"><value>surveillance</value></Data><Data name="surveillance:type"><value>camera</value></Data></ExtendedData><Point><coordinates>-122.4867491,37.7797428</coordinates></Point></Placemark><Placemark><ExtendedData><Data name="@id"><value>node/14025214262</value></Data><Data name="camera:direction"><value>335</value></Data><Data name="camera:type"><value>dome</value></Data><Data name="check_date"><value>2026-07-18</value></Data><Data name="man_made"><value>surveillance</value></Data><Data name="surveillance"><value>outdoor</value></Data><Data name="surveillance:type"><value>camera</value></Data></ExtendedData><Point><coordinates>-122.4839076,37.7799669</coordinates></Point></Placemark><Placemark><ExtendedData><Data name="@id"><value>node/14025214267</value></Data><Data name="camera:direction"><value>55</value></Data><Data name="camera:type"><value>dome</value></Data><Data name="check_date"><value>2026-07-18</value></Data><Data name="man_made"><value>surveillance</value></Data><Data name="surveillance"><value>outdoor</value></Data><Data name="surveillance:type"><value>camera</value></Data></ExtendedData><Point><coordinates>-122.4839018,37.7799672</coordinates></Point></Placemark><Placemark><ExtendedData><Data name="@id"><value>node/14025329437</value></Data><Data name="camera:direction"><value>214</value></Data><Data name="camera:mount"><value>building</value></Data><Data name="camera:type"><value>fixed</value></Data><Data name="man_made"><value>surveillance</value></Data><Data name="surveillance"><value>outdoor</value></Data><Data name="surveillance:type"><value>camera</value></Data><Data name="surveillance:zone"><value>street</value></Data></ExtendedData><Point><coordinates>-122.4764207,37.7806365</coordinates></Point></Placemark><Placemark><ExtendedData><Data name="@id"><value>node/14025329465</value></Data><Data name="camera:direction"><value>222</value></Data><Data name="camera:mount"><value>building</value></Data><Data name="camera:type"><value>fixed</value></Data><Data name="man_made"><value>surveillance</value></Data><Data name="surveillance"><value>outdoor</value></Data><Data name="surveillance:type"><value>camera</value></Data><Data name="surveillance:zone"><value>street</value></Data></ExtendedData><Point><coordinates>-122.4747073,37.7807236</coordinates></Point></Placemark><Placemark><ExtendedData><Data name="@id"><value>node/14025329467</value></Data><Data name="camera:direction"><value>128</value></Data><Data name="camera:mount"><value>building</value></Data><Data name="camera:type"><value>fixed</value></Data><Data name="man_made"><value>surveillance</value></Data><Data name="surveillance"><value>outdoor</value></Data><Data name="surveillance:type"><value>camera</value></Data><Data name="surveillance:zone"><value>street</value></Data></ExtendedData><Point><coordinates>-122.4764133,37.7806369</coordinates></Point></Placemark><Placemark><ExtendedData><Data name="@id"><value>node/14025329469</value></Data><Data name="camera:direction"><value>120;220</value></Data><Data name="camera:mount"><value>building</value></Data><Data name="camera:type"><value>fixed</value></Data><Data name="man_made"><value>surveillance</value></Data><Data name="surveillance:type"><value>camera</value></Data><Data name="surveillance:zone"><value>entrance</value></Data></ExtendedData><Point><coordinates>-122.4743499,37.7807358</coordinates></Point></Placemark><Placemark><ExtendedData><Data name="@id"><value>node/14025329471</value></Data><Data name="camera:direction"><value>141</value></Data><Data name="camera:mount"><value>building</value></Data><Data name="camera:type"><value>fixed</value></Data><Data name="man_made"><value>surveillance</value></Data><Data name="surveillance"><value>outdoor</value></Data><Data name="surveillance:type"><value>camera</value></Data><Data name="surveillance:zone"><value>street</value></Data></ExtendedData><Point><coordinates>-122.4748451,37.7807169</coordinates></Point></Placemark><Placemark><ExtendedData><Data name="@id"><value>node/14027529098</value></Data><Data name="camera:direction"><value>138</value></Data><Data name="camera:mount"><value>wall</value></Data><Data name="camera:type"><value>fixed</value></Data><Data name="man_made"><value>surveillance</value></Data><Data name="surveillance"><value>outdoor</value></Data><Data name="surveillance:type"><value>camera</value></Data></ExtendedData><Point><coordinates>-122.392058,37.7942936</coordinates></Point></Placemark><Placemark><ExtendedData><Data name="@id"><value>node/14027613962</value></Data><Data name="camera:direction"><value>226</value></Data><Data name="camera:mount"><value>wall</value></Data><Data name="camera:type"><value>dome</value></Data><Data name="man_made"><value>surveillance</value></Data><Data name="surveillance"><value>public</value></Data><Data name="surveillance:type"><value>camera</value></Data></ExtendedData><Point><coordinates>-122.3889294,37.7830186</coordinates></Point></Placemark><Placemark><ExtendedData><Data name="@id"><value>node/14027626750</value></Data><Data name="camera:direction"><value>326</value></Data><Data name="camera:mount"><value>wall</value></Data><Data name="camera:type"><value>dome</value></Data><Data name="man_made"><value>surveillance</value></Data><Data name="surveillance"><value>outdoor</value></Data><Data name="surveillance:type"><value>camera</value></Data><Data name="surveillance:zone"><value>corridor;entrance</value></Data></ExtendedData><Point><coordinates>-122.3893888,37.7795623</coordinates></Point></Placemark><Placemark><ExtendedData><Data name="@id"><value>node/14027645064</value></Data><Data name="camera:direction"><value>311</value></Data><Data name="camera:mount"><value>wall</value></Data><Data name="camera:type"><value>fixed</value></Data><Data name="man_made"><value>surveillance</value></Data><Data name="surveillance"><value>public</value></Data><Data name="surveillance:type"><value>camera</value></Data><Data name="surveillance:zone"><value>entrance</value></Data></ExtendedData><Point><coordinates>-122.3878069,37.7813112</coordinates></Point></Placemark><Placemark><ExtendedData><Data name="@id"><value>node/14027645371</value></Data><Data name="camera:direction"><value>256</value></Data><Data name="camera:mount"><value>wall</value></Data><Data name="camera:type"><value>fixed</value></Data><Data name="man_made"><value>surveillance</value></Data><Data name="surveillance"><value>public</value></Data><Data name="surveillance:type"><value>camera</value></Data><Data name="surveillance:zone"><value>entrance</value></Data></ExtendedData><Point><coordinates>-122.3877541,37.7813064</coordinates></Point></Placemark><Placemark><ExtendedData><Data name="@id"><value>node/14027660952</value></Data><Data name="camera:direction"><value>310</value></Data><Data name="camera:mount"><value>wall</value></Data><Data name="camera:type"><value>dome</value></Data><Data name="man_made"><value>surveillance</value></Data><Data name="surveillance"><value>public</value></Data><Data name="surveillance:type"><value>camera</value></Data><Data name="surveillance:zone"><value>entrance</value></Data></ExtendedData><Point><coordinates>-122.388733,37.7793048</coordinates></Point></Placemark><Placemark><ExtendedData><Data name="@id"><value>node/14027669366</value></Data><Data name="camera:direction"><value>113</value></Data><Data name="camera:mount"><value>wall</value></Data><Data name="camera:type"><value>fixed</value></Data><Data name="man_made"><value>surveillance</value></Data><Data name="surveillance"><value>public</value></Data><Data name="surveillance:type"><value>camera</value></Data><Data name="surveillance:zone"><value>entrance;street</value></Data></ExtendedData><Point><coordinates>-122.3901417,37.7801317</coordinates></Point></Placemark><Placemark><ExtendedData><Data name="@id"><value>node/14027671418</value></Data><Data name="camera:direction"><value>10</value></Data><Data name="camera:mount"><value>wall</value></Data><Data name="camera:type"><value>fixed</value></Data><Data name="man_made"><value>surveillance</value></Data><Data name="surveillance"><value>outdoor</value></Data><Data name="surveillance:type"><value>camera</value></Data><Data name="surveillance:zone"><value>corridor</value></Data></ExtendedData><Point><coordinates>-122.3878069,37.7797357</coordinates></Point></Placemark><Placemark><ExtendedData><Data name="@id"><value>node/14027671473</value></Data><Data name="camera:direction"><value>124</value></Data><Data name="camera:mount"><value>wall</value></Data><Data name="camera:type"><value>dome</value></Data><Data name="man_made"><value>surveillance</value></Data><Data name="surveillance"><value>public</value></Data><Data name="surveillance:type"><value>camera</value></Data><Data name="surveillance:zone"><value>street</value></Data></ExtendedData><Point><coordinates>-122.3907852,37.7792105</coordinates></Point></Placemark><Placemark><ExtendedData><Data name="@id"><value>node/14027671820</value></Data><Data name="camera:direction"><value>311</value></Data><Data name="camera:mount"><value>wall</value></Data><Data name="camera:type"><value>dome</value></Data><Data name="man_made"><value>surveillance</value></Data><Data name="surveillance"><value>public</value></Data><Data name="surveillance:type"><value>camera</value></Data><Data name="surveillance:zone"><value>entrance;street</value></Data></ExtendedData><Point><coordinates>-122.3893032,37.7797383</coordinates></Point></Placemark><Placemark><ExtendedData><Data name="@id"><value>node/14027674452</value></Data><Data name="camera:direction"><value>223</value></Data><Data name="camera:mount"><value>wall</value></Data><Data name="camera:type"><value>dome</value></Data><Data name="man_made"><value>surveillance</value></Data><Data name="surveillance"><value>public</value></Data><Data name="surveillance:type"><value>camera</value></Data><Data name="surveillance:zone"><value>entrance</value></Data></ExtendedData><Point><coordinates>-122.3894062,37.779624</coordinates></Point></Placemark><Placemark><ExtendedData><Data name="@id"><value>node/14027679914</value></Data><Data name="camera:direction"><value>90</value></Data><Data name="camera:mount"><value>wall</value></Data><Data name="camera:type"><value>fixed</value></Data><Data name="man_made"><value>surveillance</value></Data><Data name="surveillance"><value>public</value></Data><Data name="surveillance:type"><value>camera</value></Data><Data name="surveillance:zone"><value>street</value></Data></ExtendedData><Point><coordinates>-122.3916651,37.7785177</coordinates></Point></Placemark><Placemark><ExtendedData><Data name="@id"><value>node/14027684682</value></Data><Data name="camera:direction"><value>222</value></Data><Data name="camera:mount"><value>wall</value></Data><Data name="camera:type"><value>fixed</value></Data><Data name="man_made"><value>surveillance</value></Data><Data name="surveillance"><value>public</value></Data><Data name="surveillance:type"><value>camera</value></Data><Data name="surveillance:zone"><value>parking</value></Data></ExtendedData><Point><coordinates>-122.3879889,37.7800923</coordinates></Point></Placemark><Placemark><ExtendedData><Data name="@id"><value>node/14027686925</value></Data><Data name="camera:direction"><value>26</value></Data><Data name="camera:mount"><value>street_lamp</value></Data><Data name="camera:type"><value>fixed</value></Data><Data name="man_made"><value>surveillance</value></Data><Data name="manufacturer"><value>Flock Safety</value></Data><Data name="surveillance"><value>public</value></Data><Data name="surveillance:type"><value>ALPR</value></Data><Data name="surveillance:zone"><value>street</value></Data></ExtendedData><Point><coordinates>-122.3884331,37.7806918</coordinates></Point></Placemark><Placemark><ExtendedData><Data name="@id"><value>node/14027692843</value></Data><Data name="camera:direction"><value>180</value></Data><Data name="camera:mount"><value>wall</value></Data><Data name="camera:type"><value>fixed</value></Data><Data name="man_made"><value>surveillance</value></Data><Data name="surveillance"><value>public</value></Data><Data name="surveillance:type"><value>camera</value></Data><Data name="surveillance:zone"><value>street</value></Data></ExtendedData><Point><coordinates>-122.3904418,37.7794809</coordinates></Point></Placemark><Placemark><ExtendedData><Data name="@id"><value>node/14027716721</value></Data><Data name="camera:direction"><value>179</value></Data><Data name="camera:mount"><value>wall</value></Data><Data name="camera:type"><value>fixed</value></Data><Data name="man_made"><value>surveillance</value></Data><Data name="surveillance"><value>public</value></Data><Data name="surveillance:type"><value>camera</value></Data><Data name="surveillance:zone"><value>street</value></Data></ExtendedData><Point><coordinates>-122.3916765,37.7785086</coordinates></Point></Placemark><Placemark><ExtendedData><Data name="@id"><value>node/14027718469</value></Data><Data name="camera:direction"><value>127</value></Data><Data name="camera:mount"><value>wall</value></Data><Data name="camera:type"><value>dome</value></Data><Data name="man_made"><value>surveillance</value></Data><Data name="surveillance"><value>public</value></Data><Data name="surveillance:type"><value>camera</value></Data><Data name="surveillance:zone"><value>street</value></Data></ExtendedData><Point><coordinates>-122.3918123,37.778401</coordinates></Point></Placemark><Placemark><ExtendedData><Data name="@id"><value>node/14027726049</value></Data><Data name="camera:direction"><value>94</value></Data><Data name="camera:mount"><value>wall</value></Data><Data name="camera:type"><value>fixed</value></Data><Data name="man_made"><value>surveillance</value></Data><Data name="surveillance"><value>public</value></Data><Data name="surveillance:type"><value>camera</value></Data><Data name="surveillance:zone"><value>street</value></Data></ExtendedData><Point><coordinates>-122.3905668,37.7793829</coordinates></Point></Placemark><Placemark><ExtendedData><Data name="@id"><value>node/14027736513</value></Data><Data name="camera:direction"><value>341</value></Data><Data name="camera:mount"><value>wall</value></Data><Data name="camera:type"><value>dome</value></Data><Data name="man_made"><value>surveillance</value></Data><Data name="surveillance"><value>indoor</value></Data><Data name="surveillance:type"><value>camera</value></Data><Data name="surveillance:zone"><value>parking</value></Data></ExtendedData><Point><coordinates>-122.3905523,37.7825014</coordinates></Point></Placemark><Placemark><ExtendedData><Data name="@id"><value>node/14027767517</value></Data><Data name="camera:direction"><value>134</value></Data><Data name="camera:mount"><value>wall</value></Data><Data name="camera:type"><value>dome</value></Data><Data name="man_made"><value>surveillance</value></Data><Data name="surveillance"><value>outdoor</value></Data><Data name="surveillance:type"><value>camera</value></Data><Data name="surveillance:zone"><value>entrance</value></Data></ExtendedData><Point><coordinates>-122.3903071,37.7827978</coordinates></Point></Placemark><Placemark><ExtendedData><Data name="@id"><value>node/14028090801</value></Data><Data name="camera:type"><value>fixed</value></Data><Data name="direction"><value>210</value></Data><Data name="man_made"><value>surveillance</value></Data><Data name="manufacturer"><value>Flock Safety</value></Data><Data name="manufacturer:wikidata"><value>Q108485435</value></Data><Data name="surveillance"><value>public</value></Data><Data name="surveillance:type"><value>ALPR</value></Data><Data name="surveillance:zone"><value>traffic</value></Data></ExtendedData><Point><coordinates>-122.4121555,37.807198</coordinates></Point></Placemark><Placemark><ExtendedData><Data name="@id"><value>node/14028182828</value></Data><Data name="brand"><value>Flock Safety</value></Data><Data name="brand:wikidata"><value>Q108485435</value></Data><Data name="camera:mount"><value>pole</value></Data><Data name="camera:type"><value>fixed</value></Data><Data name="direction"><value>10</value></Data><Data name="man_made"><value>surveillance</value></Data><Data name="manufacturer"><value>Flock Safety</value></Data><Data name="manufacturer:wikidata"><value>Q108485435</value></Data><Data name="operator"><value>Total Wine</value></Data><Data name="operator:wikidata"><value>Q7828084</value></Data><Data name="surveillance"><value>traffic</value></Data><Data name="surveillance:type"><value>ALPR</value></Data><Data name="surveillance:zone"><value>traffic</value></Data></ExtendedData><Point><coordinates>-122.4139302,37.7687479</coordinates></Point></Placemark><Placemark><ExtendedData><Data name="@id"><value>node/14028182829</value></Data><Data name="brand"><value>Flock Safety</value></Data><Data name="brand:wikidata"><value>Q108485435</value></Data><Data name="camera:mount"><value>pole</value></Data><Data name="camera:type"><value>fixed</value></Data><Data name="direction"><value>260</value></Data><Data name="man_made"><value>surveillance</value></Data><Data name="manufacturer"><value>Flock Safety</value></Data><Data name="manufacturer:wikidata"><value>Q108485435</value></Data><Data name="operator"><value>Total Wine</value></Data><Data name="operator:wikidata"><value>Q7828084</value></Data><Data name="surveillance"><value>traffic</value></Data><Data name="surveillance:type"><value>ALPR</value></Data><Data name="surveillance:zone"><value>traffic</value></Data></ExtendedData><Point><coordinates>-122.4139949,37.7693643</coordinates></Point></Placemark><Placemark><ExtendedData><Data name="@id"><value>node/14029123469</value></Data><Data name="camera:direction"><value>263</value></Data><Data name="camera:mount"><value>wall</value></Data><Data name="camera:type"><value>fixed</value></Data><Data name="man_made"><value>surveillance</value></Data><Data name="surveillance"><value>public</value></Data><Data name="surveillance:type"><value>camera</value></Data><Data name="surveillance:zone"><value>street</value></Data></ExtendedData><Point><coordinates>-122.411899,37.7722303</coordinates></Point></Placemark><Placemark><ExtendedData><Data name="@id"><value>node/14029123470</value></Data><Data name="camera:direction"><value>187</value></Data><Data name="camera:mount"><value>wall</value></Data><Data name="camera:type"><value>fixed</value></Data><Data name="man_made"><value>surveillance</value></Data><Data name="surveillance"><value>public</value></Data><Data name="surveillance:type"><value>camera</value></Data><Data name="surveillance:zone"><value>street</value></Data></ExtendedData><Point><coordinates>-122.4118846,37.7722191</coordinates></Point></Placemark><Placemark><ExtendedData><Data name="@id"><value>node/14029124999</value></Data><Data name="camera:direction"><value>91</value></Data><Data name="camera:mount"><value>wall</value></Data><Data name="camera:type"><value>fixed</value></Data><Data name="man_made"><value>surveillance</value></Data><Data name="surveillance"><value>public</value></Data><Data name="surveillance:type"><value>camera</value></Data><Data name="surveillance:zone"><value>entrance;street</value></Data></ExtendedData><Point><coordinates>-122.411084,37.7728048</coordinates></Point></Placemark><Placemark><ExtendedData><Data name="@id"><value>node/14029126359</value></Data><Data name="camera:direction"><value>134</value></Data><Data name="camera:mount"><value>wall</value></Data><Data name="camera:type"><value>fixed</value></Data><Data name="man_made"><value>surveillance</value></Data><Data name="surveillance"><value>public</value></Data><Data name="surveillance:type"><value>camera</value></Data><Data name="surveillance:zone"><value>street</value></Data></ExtendedData><Point><coordinates>-122.4117745,37.7722652</coordinates></Point></Placemark><Placemark><ExtendedData><Data name="@id"><value>node/14029139122</value></Data><Data name="camera:direction"><value>237</value></Data><Data name="camera:mount"><value>wall</value></Data><Data name="camera:type"><value>doorbell</value></Data><Data name="man_made"><value>surveillance</value></Data><Data name="surveillance"><value>public</value></Data><Data name="surveillance:type"><value>camera</value></Data><Data name="surveillance:zone"><value>street</value></Data></ExtendedData><Point><coordinates>-122.411939,37.7722618</coordinates></Point></Placemark><Placemark><ExtendedData><Data name="@id"><value>node/14029145307</value></Data><Data name="camera:direction"><value>194</value></Data><Data name="camera:mount"><value>wall</value></Data><Data name="camera:type"><value>fixed</value></Data><Data name="man_made"><value>surveillance</value></Data><Data name="surveillance"><value>public</value></Data><Data name="surveillance:type"><value>camera</value></Data><Data name="surveillance:zone"><value>street</value></Data></ExtendedData><Point><coordinates>-122.4115568,37.7724364</coordinates></Point></Placemark><Placemark><ExtendedData><Data name="@id"><value>node/14029145308</value></Data><Data name="camera:direction"><value>95</value></Data><Data name="camera:mount"><value>wall</value></Data><Data name="camera:type"><value>fixed</value></Data><Data name="man_made"><value>surveillance</value></Data><Data name="surveillance"><value>public</value></Data><Data name="surveillance:type"><value>camera</value></Data><Data name="surveillance:zone"><value>street</value></Data></ExtendedData><Point><coordinates>-122.4115945,37.7724065</coordinates></Point></Placemark><Placemark><ExtendedData><Data name="@id"><value>node/14029154063</value></Data><Data name="camera:direction"><value>235</value></Data><Data name="camera:mount"><value>wall</value></Data><Data name="camera:type"><value>fixed</value></Data><Data name="man_made"><value>surveillance</value></Data><Data name="surveillance"><value>public</value></Data><Data name="surveillance:type"><value>camera</value></Data><Data name="surveillance:zone"><value>entrance</value></Data></ExtendedData><Point><coordinates>-122.4121338,37.7724047</coordinates></Point></Placemark><Placemark><ExtendedData><Data name="@id"><value>node/14029173224</value></Data><Data name="camera:direction"><value>181</value></Data><Data name="camera:mount"><value>wall</value></Data><Data name="camera:type"><value>fixed</value></Data><Data name="man_made"><value>surveillance</value></Data><Data name="surveillance"><value>public</value></Data><Data name="surveillance:type"><value>camera</value></Data><Data name="surveillance:zone"><value>entrance;street</value></Data></ExtendedData><Point><coordinates>-122.4112506,37.7726768</coordinates></Point></Placemark><Placemark><ExtendedData><Data name="@id"><value>node/14029193710</value></Data><Data name="camera:direction"><value>76</value></Data><Data name="camera:mount"><value>wall</value></Data><Data name="camera:type"><value>fixed</value></Data><Data name="man_made"><value>surveillance</value></Data><Data name="surveillance"><value>public</value></Data><Data name="surveillance:type"><value>camera</value></Data><Data name="surveillance:zone"><value>street</value></Data></ExtendedData><Point><coordinates>-122.4118483,37.7722069</coordinates></Point></Placemark><Placemark><ExtendedData><Data name="@id"><value>node/14029195473</value></Data><Data name="camera:direction"><value>316</value></Data><Data name="camera:mount"><value>wall</value></Data><Data name="camera:type"><value>dome</value></Data><Data name="man_made"><value>surveillance</value></Data><Data name="surveillance"><value>public</value></Data><Data name="surveillance:type"><value>camera</value></Data><Data name="surveillance:zone"><value>entrance;street</value></Data></ExtendedData><Point><coordinates>-122.411187,37.7726068</coordinates></Point></Placemark><Placemark><ExtendedData><Data name="@id"><value>node/14029199326</value></Data><Data name="camera:direction"><value>316</value></Data><Data name="camera:mount"><value>wall</value></Data><Data name="camera:type"><value>dome</value></Data><Data name="man_made"><value>surveillance</value></Data><Data name="surveillance"><value>public</value></Data><Data name="surveillance:type"><value>camera</value></Data><Data name="surveillance:zone"><value>entrance;street</value></Data></ExtendedData><Point><coordinates>-122.4112337,37.7725691</coordinates></Point></Placemark><Placemark><ExtendedData><Data name="@id"><value>node/14029205265</value></Data><Data name="camera:direction"><value>346</value></Data><Data name="camera:mount"><value>wall</value></Data><Data name="camera:type"><value>fixed</value></Data><Data name="man_made"><value>surveillance</value></Data><Data name="surveillance"><value>public</value></Data><Data name="surveillance:type"><value>camera</value></Data><Data name="surveillance:zone"><value>entrance;street</value></Data></ExtendedData><Point><coordinates>-122.4109141,37.7730303</coordinates></Point></Placemark><Placemark><ExtendedData><Data name="@id"><value>node/14029206721</value></Data><Data name="camera:direction"><value>0</value></Data><Data name="camera:mount"><value>wall</value></Data><Data name="camera:type"><value>fixed</value></Data><Data name="man_made"><value>surveillance</value></Data><Data name="surveillance"><value>public</value></Data><Data name="surveillance:type"><value>camera</value></Data><Data name="surveillance:zone"><value>street</value></Data></ExtendedData><Point><coordinates>-122.411086,37.7726793</coordinates></Point></Placemark><Placemark><ExtendedData><Data name="@id"><value>node/14029217985</value></Data><Data name="camera:direction"><value>91</value></Data><Data name="camera:mount"><value>wall</value></Data><Data name="camera:type"><value>fixed</value></Data><Data name="man_made"><value>surveillance</value></Data><Data name="surveillance"><value>public</value></Data><Data name="surveillance:type"><value>camera</value></Data><Data name="surveillance:zone"><value>entrance;street</value></Data></ExtendedData><Point><coordinates>-122.4109948,37.7730957</coordinates></Point></Placemark><Placemark><ExtendedData><Data name="@id"><value>node/14029219181</value></Data><Data name="camera:direction"><value>192</value></Data><Data name="camera:mount"><value>ceiling</value></Data><Data name="camera:type"><value>fixed</value></Data><Data name="man_made"><value>surveillance</value></Data><Data name="surveillance"><value>public</value></Data><Data name="surveillance:type"><value>camera</value></Data><Data name="surveillance:zone"><value>entrance;street</value></Data></ExtendedData><Point><coordinates>-122.4120697,37.7732408</coordinates></Point></Placemark><Placemark><ExtendedData><Data name="@id"><value>node/14029219182</value></Data><Data name="camera:direction"><value>158</value></Data><Data name="camera:mount"><value>ceiling</value></Data><Data name="camera:type"><value>fixed</value></Data><Data name="man_made"><value>surveillance</value></Data><Data name="surveillance"><value>public</value></Data><Data name="surveillance:type"><value>camera</value></Data><Data name="surveillance:zone"><value>entrance;street</value></Data></ExtendedData><Point><coordinates>-122.4120485,37.7732214</coordinates></Point></Placemark><Placemark><ExtendedData><Data name="@id"><value>node/14029220118</value></Data><Data name="camera:direction"><value>33</value></Data><Data name="camera:mount"><value>wall</value></Data><Data name="camera:type"><value>fixed</value></Data><Data name="man_made"><value>surveillance</value></Data><Data name="surveillance"><value>public</value></Data><Data name="surveillance:type"><value>camera</value></Data><Data name="surveillance:zone"><value>entrance;street</value></Data></ExtendedData><Point><coordinates>-122.4110129,37.7730944</coordinates></Point></Placemark><Placemark><ExtendedData><Data name="@id"><value>node/14029220127</value></Data><Data name="camera:direction"><value>14</value></Data><Data name="camera:mount"><value>ceiling</value></Data><Data name="camera:type"><value>fixed</value></Data><Data name="man_made"><value>surveillance</value></Data><Data name="surveillance"><value>public</value></Data><Data name="surveillance:type"><value>camera</value></Data><Data name="surveillance:zone"><value>entrance;street</value></Data></ExtendedData><Point><coordinates>-122.4120485,37.7732735</coordinates></Point></Placemark><Placemark><ExtendedData><Data name="@id"><value>node/14029225027</value></Data><Data name="camera:direction"><value>260</value></Data><Data name="camera:mount"><value>ceiling</value></Data><Data name="camera:type"><value>fixed</value></Data><Data name="man_made"><value>surveillance</value></Data><Data name="surveillance"><value>public</value></Data><Data name="surveillance:type"><value>camera</value></Data><Data name="surveillance:zone"><value>street</value></Data></ExtendedData><Point><coordinates>-122.4119339,37.7733694</coordinates></Point></Placemark><Placemark><ExtendedData><Data name="@id"><value>node/14029245842</value></Data><Data name="camera:direction"><value>35</value></Data><Data name="camera:mount"><value>ceiling</value></Data><Data name="camera:type"><value>fixed</value></Data><Data name="man_made"><value>surveillance</value></Data><Data name="surveillance"><value>public</value></Data><Data name="surveillance:type"><value>camera</value></Data><Data name="surveillance:zone"><value>street</value></Data></ExtendedData><Point><coordinates>-122.4122446,37.7731383</coordinates></Point></Placemark><Placemark><ExtendedData><Data name="@id"><value>node/14031412054</value></Data><Data name="camera:direction"><value>102</value></Data><Data name="camera:mount"><value>wall</value></Data><Data name="camera:type"><value>fixed</value></Data><Data name="man_made"><value>surveillance</value></Data><Data name="surveillance"><value>public</value></Data><Data name="surveillance:type"><value>camera</value></Data><Data name="surveillance:zone"><value>street</value></Data></ExtendedData><Point><coordinates>-122.390325,37.7865983</coordinates></Point></Placemark><Placemark><ExtendedData><Data name="@id"><value>node/14031451791</value></Data><Data name="camera:direction"><value>102</value></Data><Data name="camera:mount"><value>wall</value></Data><Data name="camera:type"><value>fixed</value></Data><Data name="man_made"><value>surveillance</value></Data><Data name="surveillance"><value>public</value></Data><Data name="surveillance:type"><value>camera</value></Data><Data name="surveillance:zone"><value>street</value></Data></ExtendedData><Point><coordinates>-122.3902243,37.7865379</coordinates></Point></Placemark><Placemark><ExtendedData><Data name="@id"><value>node/14031454217</value></Data><Data name="camera:direction"><value>92</value></Data><Data name="camera:mount"><value>wall</value></Data><Data name="camera:type"><value>fixed</value></Data><Data name="man_made"><value>surveillance</value></Data><Data name="surveillance"><value>public</value></Data><Data name="surveillance:type"><value>camera</value></Data><Data name="surveillance:zone"><value>street</value></Data></ExtendedData><Point><coordinates>-122.3902721,37.78657</coordinates></Point></Placemark><Placemark><ExtendedData><Data name="@id"><value>node/14031455141</value></Data><Data name="camera:direction"><value>4</value></Data><Data name="camera:mount"><value>wall</value></Data><Data name="camera:type"><value>fixed</value></Data><Data name="man_made"><value>surveillance</value></Data><Data name="surveillance"><value>public</value></Data><Data name="surveillance:type"><value>camera</value></Data><Data name="surveillance:zone"><value>street</value></Data></ExtendedData><Point><coordinates>-122.3903847,37.7866243</coordinates></Point></Placemark><Placemark><ExtendedData><Data name="@id"><value>node/14031472601</value></Data><Data name="camera:type"><value>fixed</value></Data><Data name="direction"><value>329</value></Data><Data name="man_made"><value>surveillance</value></Data><Data name="manufacturer"><value>Flock Safety</value></Data><Data name="manufacturer:wikidata"><value>Q108485435</value></Data><Data name="surveillance"><value>public</value></Data><Data name="surveillance:type"><value>ALPR</value></Data><Data name="surveillance:zone"><value>traffic</value></Data></ExtendedData><Point><coordinates>-122.4210378,37.7570075</coordinates></Point></Placemark><Placemark><ExtendedData><Data name="@id"><value>node/14031956177</value></Data><Data name="camera:direction"><value>154</value></Data><Data name="camera:mount"><value>wall</value></Data><Data name="camera:type"><value>fixed</value></Data><Data name="man_made"><value>surveillance</value></Data><Data name="surveillance"><value>public</value></Data><Data name="surveillance:type"><value>camera</value></Data><Data name="surveillance:zone"><value>entrance;street</value></Data></ExtendedData><Point><coordinates>-122.3946253,37.7840348</coordinates></Point></Placemark><Placemark><ExtendedData><Data name="@id"><value>node/14031973499</value></Data><Data name="camera:direction"><value>229</value></Data><Data name="camera:mount"><value>wall</value></Data><Data name="camera:type"><value>dome</value></Data><Data name="man_made"><value>surveillance</value></Data><Data name="surveillance"><value>public</value></Data><Data name="surveillance:type"><value>camera</value></Data><Data name="surveillance:zone"><value>street</value></Data></ExtendedData><Point><coordinates>-122.4009402,37.7890839</coordinates></Point></Placemark><Placemark><ExtendedData><Data name="@id"><value>node/14031981365</value></Data><Data name="camera:direction"><value>144</value></Data><Data name="camera:mount"><value>wall</value></Data><Data name="camera:type"><value>fixed</value></Data><Data name="man_made"><value>surveillance</value></Data><Data name="surveillance"><value>public</value></Data><Data name="surveillance:type"><value>camera</value></Data><Data name="surveillance:zone"><value>entrance;street</value></Data></ExtendedData><Point><coordinates>-122.4009083,37.7890883</coordinates></Point></Placemark><Placemark><ExtendedData><Data name="@id"><value>node/14031982380</value></Data><Data name="camera:direction"><value>263</value></Data><Data name="camera:mount"><value>wall</value></Data><Data name="camera:type"><value>fixed</value></Data><Data name="man_made"><value>surveillance</value></Data><Data name="surveillance"><value>public</value></Data><Data name="surveillance:type"><value>camera</value></Data><Data name="surveillance:zone"><value>parking</value></Data></ExtendedData><Point><coordinates>-122.3977205,37.7868348</coordinates></Point></Placemark><Placemark><ExtendedData><Data name="@id"><value>node/14031993857</value></Data><Data name="camera:direction"><value>324</value></Data><Data name="camera:mount"><value>wall</value></Data><Data name="camera:type"><value>dome</value></Data><Data name="man_made"><value>surveillance</value></Data><Data name="surveillance"><value>indoor</value></Data><Data name="surveillance:type"><value>camera</value></Data><Data name="surveillance:zone"><value>corridor;entrance</value></Data></ExtendedData><Point><coordinates>-122.3994976,37.7879947</coordinates></Point></Placemark><Placemark><ExtendedData><Data name="@id"><value>node/14031998869</value></Data><Data name="camera:direction"><value>219</value></Data><Data name="camera:mount"><value>wall</value></Data><Data name="camera:type"><value>dome</value></Data><Data name="man_made"><value>surveillance</value></Data><Data name="surveillance"><value>public</value></Data><Data name="surveillance:type"><value>camera</value></Data><Data name="surveillance:zone"><value>entrance;street</value></Data></ExtendedData><Point><coordinates>-122.398565,37.787181</coordinates></Point></Placemark><Placemark><ExtendedData><Data name="@id"><value>node/14031999943</value></Data><Data name="camera:direction"><value>309</value></Data><Data name="camera:mount"><value>wall</value></Data><Data name="camera:type"><value>dome</value></Data><Data name="man_made"><value>surveillance</value></Data><Data name="surveillance"><value>public</value></Data><Data name="surveillance:type"><value>camera</value></Data><Data name="surveillance:zone"><value>street</value></Data></ExtendedData><Point><coordinates>-122.3977884,37.7865831</coordinates></Point></Placemark><Placemark><ExtendedData><Data name="@id"><value>node/14032010964</value></Data><Data name="camera:direction"><value>318</value></Data><Data name="camera:mount"><value>wall</value></Data><Data name="camera:type"><value>dome</value></Data><Data name="man_made"><value>surveillance</value></Data><Data name="surveillance"><value>outdoor</value></Data><Data name="surveillance:type"><value>camera</value></Data><Data name="surveillance:zone"><value>entrance</value></Data></ExtendedData><Point><coordinates>-122.3971389,37.7861768</coordinates></Point></Placemark><Placemark><ExtendedData><Data name="@id"><value>node/14032012071</value></Data><Data name="camera:direction"><value>143</value></Data><Data name="camera:mount"><value>wall</value></Data><Data name="camera:type"><value>dome</value></Data><Data name="man_made"><value>surveillance</value></Data><Data name="surveillance"><value>outdoor</value></Data><Data name="surveillance:type"><value>camera</value></Data></ExtendedData><Point><coordinates>-122.3972791,37.7862168</coordinates></Point></Placemark><Placemark><ExtendedData><Data name="@id"><value>node/14032015021</value></Data><Data name="camera:direction"><value>289</value></Data><Data name="camera:mount"><value>wall</value></Data><Data name="camera:type"><value>fixed</value></Data><Data name="man_made"><value>surveillance</value></Data><Data name="surveillance"><value>public</value></Data><Data name="surveillance:type"><value>camera</value></Data><Data name="surveillance:zone"><value>street</value></Data></ExtendedData><Point><coordinates>-122.3977954,37.7865776</coordinates></Point></Placemark><Placemark><ExtendedData><Data name="@id"><value>node/14032022417</value></Data><Data name="camera:direction"><value>54</value></Data><Data name="camera:mount"><value>ceiling</value></Data><Data name="camera:type"><value>fixed</value></Data><Data name="man_made"><value>surveillance</value></Data><Data name="surveillance"><value>outdoor</value></Data><Data name="surveillance:type"><value>camera</value></Data><Data name="surveillance:zone"><value>entrance</value></Data></ExtendedData><Point><coordinates>-122.3967557,37.7857389</coordinates></Point></Placemark><Placemark><ExtendedData><Data name="@id"><value>node/14032024693</value></Data><Data name="camera:direction"><value>281</value></Data><Data name="camera:type"><value>fixed</value></Data><Data name="man_made"><value>surveillance</value></Data><Data name="surveillance"><value>public</value></Data><Data name="surveillance:type"><value>camera</value></Data><Data name="surveillance:zone"><value>street</value></Data></ExtendedData><Point><coordinates>-122.3976618,37.7864647</coordinates></Point></Placemark><Placemark><ExtendedData><Data name="@id"><value>node/14032033044</value></Data><Data name="camera:direction"><value>74</value></Data><Data name="camera:mount"><value>wall</value></Data><Data name="camera:type"><value>fixed</value></Data><Data name="man_made"><value>surveillance</value></Data><Data name="surveillance"><value>public</value></Data><Data name="surveillance:type"><value>camera</value></Data><Data name="surveillance:zone"><value>street</value></Data></ExtendedData><Point><coordinates>-122.397656,37.7864714</coordinates></Point></Placemark><Placemark><ExtendedData><Data name="@id"><value>node/14032037814</value></Data><Data name="camera:direction"><value>228</value></Data><Data name="camera:mount"><value>wall</value></Data><Data name="camera:type"><value>fixed</value></Data><Data name="man_made"><value>surveillance</value></Data><Data name="surveillance"><value>outdoor</value></Data><Data name="surveillance:type"><value>camera</value></Data><Data name="surveillance:zone"><value>entrance</value></Data></ExtendedData><Point><coordinates>-122.396909,37.7858855</coordinates></Point></Placemark><Placemark><ExtendedData><Data name="@id"><value>node/14032043268</value></Data><Data name="camera:direction"><value>306</value></Data><Data name="camera:mount"><value>wall</value></Data><Data name="camera:type"><value>fixed</value></Data><Data name="man_made"><value>surveillance</value></Data><Data name="surveillance"><value>public</value></Data><Data name="surveillance:type"><value>camera</value></Data><Data name="surveillance:zone"><value>entrance;street</value></Data></ExtendedData><Point><coordinates>-122.394645,37.784051</coordinates></Point></Placemark><Placemark><ExtendedData><Data name="@id"><value>node/14032044362</value></Data><Data name="camera:direction"><value>299</value></Data><Data name="camera:mount"><value>wall</value></Data><Data name="camera:type"><value>fixed</value></Data><Data name="man_made"><value>surveillance</value></Data><Data name="surveillance"><value>outdoor</value></Data><Data name="surveillance:type"><value>camera</value></Data><Data name="surveillance:zone"><value>entrance</value></Data></ExtendedData><Point><coordinates>-122.3937668,37.7833667</coordinates></Point></Placemark><Placemark><ExtendedData><Data name="@id"><value>node/14032046099</value></Data><Data name="camera:direction"><value>313</value></Data><Data name="camera:mount"><value>wall</value></Data><Data name="camera:type"><value>dome</value></Data><Data name="man_made"><value>surveillance</value></Data><Data name="surveillance"><value>public</value></Data><Data name="surveillance:type"><value>camera</value></Data><Data name="surveillance:zone"><value>street</value></Data></ExtendedData><Point><coordinates>-122.3947268,37.7820628</coordinates></Point></Placemark><Placemark><ExtendedData><Data name="@id"><value>node/14032046136</value></Data><Data name="camera:direction"><value>227</value></Data><Data name="camera:mount"><value>wall</value></Data><Data name="camera:type"><value>fixed</value></Data><Data name="man_made"><value>surveillance</value></Data><Data name="surveillance"><value>public</value></Data><Data name="surveillance:type"><value>camera</value></Data><Data name="surveillance:zone"><value>entrance;street</value></Data></ExtendedData><Point><coordinates>-122.3940207,37.7835516</coordinates></Point></Placemark><Placemark><ExtendedData><Data name="@id"><value>node/14032055480</value></Data><Data name="camera:direction"><value>42</value></Data><Data name="camera:mount"><value>wall</value></Data><Data name="camera:type"><value>fixed</value></Data><Data name="man_made"><value>surveillance</value></Data><Data name="surveillance"><value>public</value></Data><Data name="surveillance:type"><value>camera</value></Data><Data name="surveillance:zone"><value>entrance</value></Data></ExtendedData><Point><coordinates>-122.3943291,37.7826976</coordinates></Point></Placemark><Placemark><ExtendedData><Data name="@id"><value>node/14032056704</value></Data><Data name="camera:direction"><value>225</value></Data><Data name="camera:mount"><value>wall</value></Data><Data name="camera:type"><value>fixed</value></Data><Data name="man_made"><value>surveillance</value></Data><Data name="surveillance"><value>public</value></Data><Data name="surveillance:type"><value>camera</value></Data><Data name="surveillance:zone"><value>entrance</value></Data></ExtendedData><Point><coordinates>-122.3941424,37.7828449</coordinates></Point></Placemark><Placemark><ExtendedData><Data name="@id"><value>node/14032059634</value></Data><Data name="camera:direction"><value>306</value></Data><Data name="camera:mount"><value>wall</value></Data><Data name="camera:type"><value>fixed</value></Data><Data name="man_made"><value>surveillance</value></Data><Data name="surveillance"><value>public</value></Data><Data name="surveillance:type"><value>camera</value></Data><Data name="surveillance:zone"><value>entrance;street</value></Data></ExtendedData><Point><coordinates>-122.3945297,37.7839564</coordinates></Point></Placemark><Placemark><ExtendedData><Data name="@id"><value>node/14032060977</value></Data><Data name="camera:direction"><value>215</value></Data><Data name="camera:mount"><value>wall</value></Data><Data name="camera:type"><value>fixed</value></Data><Data name="man_made"><value>surveillance</value></Data><Data name="surveillance"><value>public</value></Data><Data name="surveillance:type"><value>camera</value></Data><Data name="surveillance:zone"><value>entrance</value></Data></ExtendedData><Point><coordinates>-122.394675,37.7824246</coordinates></Point></Placemark><Placemark><ExtendedData><Data name="@id"><value>node/14032063861</value></Data><Data name="camera:direction"><value>215</value></Data><Data name="camera:mount"><value>wall</value></Data><Data name="camera:type"><value>fixed</value></Data><Data name="man_made"><value>surveillance</value></Data><Data name="surveillance"><value>public</value></Data><Data name="surveillance:type"><value>camera</value></Data><Data name="surveillance:zone"><value>entrance</value></Data></ExtendedData><Point><coordinates>-122.3947259,37.782384</coordinates></Point></Placemark><Placemark><ExtendedData><Data name="@id"><value>node/14032063875</value></Data><Data name="camera:direction"><value>313</value></Data><Data name="camera:mount"><value>wall</value></Data><Data name="camera:type"><value>dome</value></Data><Data name="man_made"><value>surveillance</value></Data><Data name="surveillance"><value>public</value></Data><Data name="surveillance:type"><value>camera</value></Data><Data name="surveillance:zone"><value>street</value></Data></ExtendedData><Point><coordinates>-122.3948502,37.7819652</coordinates></Point></Placemark><Placemark><ExtendedData><Data name="@id"><value>node/14032063876</value></Data><Data name="camera:direction"><value>313</value></Data><Data name="camera:mount"><value>wall</value></Data><Data name="camera:type"><value>dome</value></Data><Data name="man_made"><value>surveillance</value></Data><Data name="surveillance"><value>public</value></Data><Data name="surveillance:type"><value>camera</value></Data><Data name="surveillance:zone"><value>street</value></Data></ExtendedData><Point><coordinates>-122.39481,37.7819971</coordinates></Point></Placemark><Placemark><ExtendedData><Data name="@id"><value>node/14032068703</value></Data><Data name="camera:direction"><value>317</value></Data><Data name="camera:mount"><value>wall</value></Data><Data name="camera:type"><value>dome</value></Data><Data name="man_made"><value>surveillance</value></Data><Data name="surveillance"><value>public</value></Data><Data name="surveillance:type"><value>camera</value></Data><Data name="surveillance:zone"><value>entrance;street</value></Data></ExtendedData><Point><coordinates>-122.3954452,37.7814949</coordinates></Point></Placemark><Placemark><ExtendedData><Data name="@id"><value>node/14032079807</value></Data><Data name="camera:direction"><value>317</value></Data><Data name="camera:mount"><value>wall</value></Data><Data name="camera:type"><value>dome</value></Data><Data name="man_made"><value>surveillance</value></Data><Data name="surveillance"><value>public</value></Data><Data name="surveillance:type"><value>camera</value></Data><Data name="surveillance:zone"><value>entrance;street</value></Data></ExtendedData><Point><coordinates>-122.3953727,37.7815512</coordinates></Point></Placemark><Placemark><ExtendedData><Data name="@id"><value>node/14032079808</value></Data><Data name="camera:direction"><value>241</value></Data><Data name="camera:mount"><value>wall</value></Data><Data name="camera:type"><value>fixed</value></Data><Data name="man_made"><value>surveillance</value></Data><Data name="surveillance"><value>public</value></Data><Data name="surveillance:type"><value>camera</value></Data><Data name="surveillance:zone"><value>street</value></Data></ExtendedData><Point><coordinates>-122.3951675,37.7817145</coordinates></Point></Placemark><Placemark><ExtendedData><Data name="@id"><value>node/14032080760</value></Data><Data name="camera:direction"><value>33</value></Data><Data name="camera:mount"><value>pole</value></Data><Data name="man_made"><value>surveillance</value></Data><Data name="surveillance"><value>public</value></Data><Data name="surveillance:type"><value>camera</value></Data><Data name="surveillance:zone"><value>Speed;street;traffic</value></Data></ExtendedData><Point><coordinates>-122.3949276,37.7818993</coordinates></Point></Placemark><Placemark><ExtendedData><Data name="@id"><value>node/14032081582</value></Data><Data name="camera:direction"><value>9</value></Data><Data name="camera:mount"><value>wall</value></Data><Data name="camera:type"><value>fixed</value></Data><Data name="man_made"><value>surveillance</value></Data><Data name="surveillance"><value>public</value></Data><Data name="surveillance:type"><value>camera</value></Data><Data name="surveillance:zone"><value>entrance;street</value></Data></ExtendedData><Point><coordinates>-122.3939047,37.7827115</coordinates></Point></Placemark><Placemark><ExtendedData><Data name="@id"><value>node/14032088571</value></Data><Data name="camera:direction"><value>313</value></Data><Data name="camera:mount"><value>wall</value></Data><Data name="camera:type"><value>dome</value></Data><Data name="man_made"><value>surveillance</value></Data><Data name="surveillance"><value>public</value></Data><Data name="surveillance:type"><value>camera</value></Data><Data name="surveillance:zone"><value>street</value></Data></ExtendedData><Point><coordinates>-122.394695,37.7820741</coordinates></Point></Placemark><Placemark><ExtendedData><Data name="@id"><value>node/14032089598</value></Data><Data name="camera:direction"><value>240</value></Data><Data name="camera:mount"><value>wall</value></Data><Data name="camera:type"><value>fixed</value></Data><Data name="man_made"><value>surveillance</value></Data><Data name="surveillance"><value>public</value></Data><Data name="surveillance:type"><value>camera</value></Data><Data name="surveillance:zone"><value>entrance</value></Data></ExtendedData><Point><coordinates>-122.3939847,37.7826488</coordinates></Point></Placemark><Placemark><ExtendedData><Data name="@id"><value>node/14032096662</value></Data><Data name="camera:direction"><value>54</value></Data><Data name="camera:mount"><value>wall</value></Data><Data name="camera:type"><value>dome</value></Data><Data name="man_made"><value>surveillance</value></Data><Data name="surveillance"><value>outdoor</value></Data><Data name="surveillance:type"><value>camera</value></Data><Data name="surveillance:zone"><value>entrance</value></Data></ExtendedData><Point><coordinates>-122.3925288,37.7819583</coordinates></Point></Placemark><Placemark><ExtendedData><Data name="@id"><value>node/14032108139</value></Data><Data name="camera:direction"><value>323</value></Data><Data name="camera:mount"><value>wall</value></Data><Data name="camera:type"><value>fixed</value></Data><Data name="man_made"><value>surveillance</value></Data><Data name="surveillance"><value>public</value></Data><Data name="surveillance:type"><value>camera</value></Data><Data name="surveillance:zone"><value>entrance</value></Data></ExtendedData><Point><coordinates>-122.3928375,37.7822214</coordinates></Point></Placemark><Placemark><ExtendedData><Data name="@id"><value>node/14032108284</value></Data><Data name="camera:direction"><value>5</value></Data><Data name="camera:mount"><value>wall</value></Data><Data name="camera:type"><value>fixed</value></Data><Data name="man_made"><value>surveillance</value></Data><Data name="surveillance"><value>public</value></Data><Data name="surveillance:type"><value>camera</value></Data><Data name="surveillance:zone"><value>entrance</value></Data></ExtendedData><Point><coordinates>-122.3927913,37.7822024</coordinates></Point></Placemark><Placemark><ExtendedData><Data name="@id"><value>node/14040606501</value></Data><Data name="camera:mount"><value>pole</value></Data><Data name="camera:type"><value>fixed</value></Data><Data name="direction"><value>260</value></Data><Data name="man_made"><value>surveillance</value></Data><Data name="manufacturer"><value>Flock Safety</value></Data><Data name="manufacturer:wikidata"><value>Q108485435</value></Data><Data name="surveillance"><value>public</value></Data><Data name="surveillance:type"><value>ALPR</value></Data><Data name="surveillance:zone"><value>traffic</value></Data></ExtendedData><Point><coordinates>-122.4779407,37.7275499</coordinates></Point></Placemark><Placemark><ExtendedData><Data name="@id"><value>node/14040606502</value></Data><Data name="camera:mount"><value>pole</value></Data><Data name="camera:type"><value>fixed</value></Data><Data name="direction"><value>29</value></Data><Data name="man_made"><value>surveillance</value></Data><Data name="manufacturer"><value>Flock Safety</value></Data><Data name="manufacturer:wikidata"><value>Q108485435</value></Data><Data name="surveillance"><value>public</value></Data><Data name="surveillance:type"><value>ALPR</value></Data><Data name="surveillance:zone"><value>traffic</value></Data></ExtendedData><Point><coordinates>-122.4781353,37.7261291</coordinates></Point></Placemark><Placemark><ExtendedData><Data name="@id"><value>node/14047645770</value></Data><Data name="camera:direction"><value>50</value></Data><Data name="camera:mount"><value>wall</value></Data><Data name="camera:type"><value>dome</value></Data><Data name="man_made"><value>surveillance</value></Data><Data name="surveillance"><value>public</value></Data><Data name="surveillance:type"><value>camera</value></Data><Data name="surveillance:zone"><value>entrance;street</value></Data></ExtendedData><Point><coordinates>-122.3926819,37.7795641</coordinates></Point></Placemark><Placemark><ExtendedData><Data name="@id"><value>node/14047645771</value></Data><Data name="camera:direction"><value>68</value></Data><Data name="camera:mount"><value>wall</value></Data><Data name="camera:type"><value>fixed</value></Data><Data name="man_made"><value>surveillance</value></Data><Data name="surveillance"><value>public</value></Data><Data name="surveillance:type"><value>camera</value></Data><Data name="surveillance:zone"><value>street</value></Data></ExtendedData><Point><coordinates>-122.3936349,37.7783483</coordinates></Point></Placemark><Placemark><ExtendedData><Data name="@id"><value>node/14047645776</value></Data><Data name="camera:direction"><value>321</value></Data><Data name="camera:mount"><value>wall</value></Data><Data name="camera:type"><value>dome</value></Data><Data name="man_made"><value>surveillance</value></Data><Data name="surveillance"><value>public</value></Data><Data name="surveillance:type"><value>camera</value></Data><Data name="surveillance:zone"><value>street</value></Data></ExtendedData><Point><coordinates>-122.3933704,37.7806827</coordinates></Point></Placemark><Placemark><ExtendedData><Data name="@id"><value>node/14047648935</value></Data><Data name="camera:direction"><value>130</value></Data><Data name="camera:mount"><value>wall</value></Data><Data name="camera:type"><value>dome</value></Data><Data name="man_made"><value>surveillance</value></Data><Data name="surveillance"><value>public</value></Data><Data name="surveillance:type"><value>camera</value></Data><Data name="surveillance:zone"><value>street</value></Data></ExtendedData><Point><coordinates>-122.3914072,37.780103</coordinates></Point></Placemark><Placemark><ExtendedData><Data name="@id"><value>node/14047663823</value></Data><Data name="camera:direction"><value>205</value></Data><Data name="camera:mount"><value>wall</value></Data><Data name="camera:type"><value>fixed</value></Data><Data name="man_made"><value>surveillance</value></Data><Data name="surveillance"><value>public</value></Data><Data name="surveillance:type"><value>camera</value></Data><Data name="surveillance:zone"><value>street</value></Data></ExtendedData><Point><coordinates>-122.3915041,37.780027</coordinates></Point></Placemark><Placemark><ExtendedData><Data name="@id"><value>node/14047663824</value></Data><Data name="camera:direction"><value>205</value></Data><Data name="camera:mount"><value>wall</value></Data><Data name="camera:type"><value>fixed</value></Data><Data name="man_made"><value>surveillance</value></Data><Data name="surveillance"><value>public</value></Data><Data name="surveillance:type"><value>camera</value></Data><Data name="surveillance:zone"><value>street</value></Data></ExtendedData><Point><coordinates>-122.3915693,37.7799758</coordinates></Point></Placemark><Placemark><ExtendedData><Data name="@id"><value>node/14047667274</value></Data><Data name="camera:direction"><value>188</value></Data><Data name="camera:mount"><value>wall</value></Data><Data name="camera:type"><value>fixed</value></Data><Data name="man_made"><value>surveillance</value></Data><Data name="surveillance"><value>public</value></Data><Data name="surveillance:type"><value>camera</value></Data><Data name="surveillance:zone"><value>street</value></Data></ExtendedData><Point><coordinates>-122.3934585,37.7784865</coordinates></Point></Placemark><Placemark><ExtendedData><Data name="@id"><value>node/14047667324</value></Data><Data name="camera:direction"><value>320</value></Data><Data name="camera:mount"><value>wall</value></Data><Data name="camera:type"><value>dome</value></Data><Data name="man_made"><value>surveillance</value></Data><Data name="surveillance"><value>public</value></Data><Data name="surveillance:type"><value>camera</value></Data><Data name="surveillance:zone"><value>entrance;street</value></Data></ExtendedData><Point><coordinates>-122.3915116,37.779704</coordinates></Point></Placemark><Placemark><ExtendedData><Data name="@id"><value>node/14047667351</value></Data><Data name="camera:direction"><value>47</value></Data><Data name="camera:mount"><value>wall</value></Data><Data name="camera:type"><value>dome</value></Data><Data name="man_made"><value>surveillance</value></Data><Data name="surveillance"><value>public</value></Data><Data name="surveillance:type"><value>camera</value></Data><Data name="surveillance:zone"><value>street</value></Data></ExtendedData><Point><coordinates>-122.3941401,37.7790256</coordinates></Point></Placemark><Placemark><ExtendedData><Data name="@id"><value>node/14047667352</value></Data><Data name="camera:direction"><value>59</value></Data><Data name="camera:mount"><value>wall</value></Data><Data name="camera:type"><value>fixed</value></Data><Data name="man_made"><value>surveillance</value></Data><Data name="surveillance"><value>public</value></Data><Data name="surveillance:type"><value>camera</value></Data><Data name="surveillance:zone"><value>entrance;street</value></Data></ExtendedData><Point><coordinates>-122.3941958,37.7798323</coordinates></Point></Placemark><Placemark><ExtendedData><Data name="@id"><value>node/14047667550</value></Data><Data name="camera:direction"><value>317</value></Data><Data name="camera:mount"><value>wall</value></Data><Data name="camera:type"><value>dome</value></Data><Data name="man_made"><value>surveillance</value></Data><Data name="surveillance"><value>public</value></Data><Data name="surveillance:type"><value>camera</value></Data><Data name="surveillance:zone"><value>entrance;street</value></Data></ExtendedData><Point><coordinates>-122.3908086,37.7802624</coordinates></Point></Placemark><Placemark><ExtendedData><Data name="@id"><value>node/14047667555</value></Data><Data name="camera:direction"><value>286</value></Data><Data name="camera:mount"><value>wall</value></Data><Data name="camera:type"><value>fixed</value></Data><Data name="man_made"><value>surveillance</value></Data><Data name="surveillance"><value>public</value></Data><Data name="surveillance:type"><value>camera</value></Data><Data name="surveillance:zone"><value>entrance;street</value></Data></ExtendedData><Point><coordinates>-122.3927011,37.7797371</coordinates></Point></Placemark><Placemark><ExtendedData><Data name="@id"><value>node/14047667560</value></Data><Data name="camera:direction"><value>51</value></Data><Data name="camera:mount"><value>wall</value></Data><Data name="camera:type"><value>fixed</value></Data><Data name="man_made"><value>surveillance</value></Data><Data name="surveillance"><value>public</value></Data><Data name="surveillance:type"><value>camera</value></Data><Data name="surveillance:zone"><value>corridor</value></Data></ExtendedData><Point><coordinates>-122.3937358,37.7783513</coordinates></Point></Placemark><Placemark><ExtendedData><Data name="@id"><value>node/14047678499</value></Data><Data name="camera:direction"><value>227</value></Data><Data name="camera:mount"><value>wall</value></Data><Data name="camera:type"><value>dome</value></Data><Data name="man_made"><value>surveillance</value></Data><Data name="surveillance"><value>public</value></Data><Data name="surveillance:type"><value>camera</value></Data><Data name="surveillance:zone"><value>entrance;street</value></Data></ExtendedData><Point><coordinates>-122.3927396,37.7797678</coordinates></Point></Placemark><Placemark><ExtendedData><Data name="@id"><value>node/14047686922</value></Data><Data name="camera:direction"><value>252</value></Data><Data name="camera:mount"><value>wall</value></Data><Data name="camera:type"><value>fixed</value></Data><Data name="man_made"><value>surveillance</value></Data><Data name="surveillance"><value>outdoor</value></Data><Data name="surveillance:type"><value>camera</value></Data><Data name="surveillance:zone"><value>corridor</value></Data></ExtendedData><Point><coordinates>-122.3930524,37.7798322</coordinates></Point></Placemark><Placemark><ExtendedData><Data name="@id"><value>node/14047686923</value></Data><Data name="camera:direction"><value>228</value></Data><Data name="camera:mount"><value>wall</value></Data><Data name="camera:type"><value>dome</value></Data><Data name="man_made"><value>surveillance</value></Data><Data name="surveillance"><value>public</value></Data><Data name="surveillance:type"><value>camera</value></Data><Data name="surveillance:zone"><value>street</value></Data></ExtendedData><Point><coordinates>-122.3937234,37.778842</coordinates></Point></Placemark><Placemark><ExtendedData><Data name="@id"><value>node/14047688787</value></Data><Data name="camera:direction"><value>47</value></Data><Data name="camera:mount"><value>wall</value></Data><Data name="camera:type"><value>dome</value></Data><Data name="man_made"><value>surveillance</value></Data><Data name="surveillance"><value>public</value></Data><Data name="surveillance:type"><value>camera</value></Data><Data name="surveillance:zone"><value>street</value></Data></ExtendedData><Point><coordinates>-122.3934733,37.7785123</coordinates></Point></Placemark><Placemark><ExtendedData><Data name="@id"><value>node/14047694302</value></Data><Data name="camera:direction"><value>47</value></Data><Data name="camera:mount"><value>wall</value></Data><Data name="camera:type"><value>dome</value></Data><Data name="man_made"><value>surveillance</value></Data><Data name="surveillance"><value>public</value></Data><Data name="surveillance:type"><value>camera</value></Data><Data name="surveillance:zone"><value>street</value></Data></ExtendedData><Point><coordinates>-122.3939086,37.7787736</coordinates></Point></Placemark><Placemark><ExtendedData><Data name="@id"><value>node/14047694303</value></Data><Data name="camera:direction"><value>47</value></Data><Data name="camera:mount"><value>wall</value></Data><Data name="camera:type"><value>dome</value></Data><Data name="man_made"><value>surveillance</value></Data><Data name="surveillance"><value>public</value></Data><Data name="surveillance:type"><value>camera</value></Data><Data name="surveillance:zone"><value>street</value></Data></ExtendedData><Point><coordinates>-122.3939211,37.7788247</coordinates></Point></Placemark><Placemark><ExtendedData><Data name="@id"><value>node/14047694304</value></Data><Data name="camera:direction"><value>235</value></Data><Data name="camera:mount"><value>wall</value></Data><Data name="camera:type"><value>dome</value></Data><Data name="man_made"><value>surveillance</value></Data><Data name="surveillance"><value>public</value></Data><Data name="surveillance:type"><value>camera</value></Data><Data name="surveillance:zone"><value>parking</value></Data></ExtendedData><Point><coordinates>-122.3942411,37.7788036</coordinates></Point></Placemark><Placemark><ExtendedData><Data name="@id"><value>node/14047694333</value></Data><Data name="camera:direction"><value>178</value></Data><Data name="camera:mount"><value>wall</value></Data><Data name="camera:type"><value>fixed</value></Data><Data name="man_made"><value>surveillance</value></Data><Data name="surveillance"><value>outdoor</value></Data><Data name="surveillance:type"><value>camera</value></Data><Data name="surveillance:zone"><value>parking</value></Data></ExtendedData><Point><coordinates>-122.3943975,37.7792074</coordinates></Point></Placemark><Placemark><ExtendedData><Data name="@id"><value>node/14047694424</value></Data><Data name="camera:direction"><value>287</value></Data><Data name="camera:mount"><value>wall</value></Data><Data name="camera:type"><value>fixed</value></Data><Data name="man_made"><value>surveillance</value></Data><Data name="surveillance"><value>public</value></Data><Data name="surveillance:type"><value>camera</value></Data><Data name="surveillance:zone"><value>corridor</value></Data></ExtendedData><Point><coordinates>-122.3936651,37.7783546</coordinates></Point></Placemark><Placemark><ExtendedData><Data name="@id"><value>node/14047695190</value></Data><Data name="camera:direction"><value>47</value></Data><Data name="camera:mount"><value>wall</value></Data><Data name="camera:type"><value>dome</value></Data><Data name="man_made"><value>surveillance</value></Data><Data name="surveillance"><value>public</value></Data><Data name="surveillance:type"><value>camera</value></Data><Data name="surveillance:zone"><value>street</value></Data></ExtendedData><Point><coordinates>-122.3942344,37.7791016</coordinates></Point></Placemark><Placemark><ExtendedData><Data name="@id"><value>node/14047695821</value></Data><Data name="camera:direction"><value>47</value></Data><Data name="camera:mount"><value>wall</value></Data><Data name="camera:type"><value>dome</value></Data><Data name="man_made"><value>surveillance</value></Data><Data name="surveillance"><value>public</value></Data><Data name="surveillance:type"><value>camera</value></Data><Data name="surveillance:zone"><value>street</value></Data></ExtendedData><Point><coordinates>-122.3939826,37.7789051</coordinates></Point></Placemark><Placemark><ExtendedData><Data name="@id"><value>node/14047699517</value></Data><Data name="camera:direction"><value>47</value></Data><Data name="camera:mount"><value>wall</value></Data><Data name="camera:type"><value>dome</value></Data><Data name="man_made"><value>surveillance</value></Data><Data name="surveillance"><value>public</value></Data><Data name="surveillance:type"><value>camera</value></Data><Data name="surveillance:zone"><value>street</value></Data></ExtendedData><Point><coordinates>-122.3936092,37.7786182</coordinates></Point></Placemark><Placemark><ExtendedData><Data name="@id"><value>node/14047699518</value></Data><Data name="camera:direction"><value>311</value></Data><Data name="camera:mount"><value>wall</value></Data><Data name="camera:type"><value>dome</value></Data><Data name="man_made"><value>surveillance</value></Data><Data name="surveillance"><value>public</value></Data><Data name="surveillance:type"><value>camera</value></Data><Data name="surveillance:zone"><value>corridor;parking;street</value></Data></ExtendedData><Point><coordinates>-122.3940777,37.7789644</coordinates></Point></Placemark><Placemark><ExtendedData><Data name="@id"><value>node/14047700470</value></Data><Data name="camera:direction"><value>47</value></Data><Data name="camera:mount"><value>wall</value></Data><Data name="camera:type"><value>dome</value></Data><Data name="man_made"><value>surveillance</value></Data><Data name="surveillance"><value>public</value></Data><Data name="surveillance:type"><value>camera</value></Data><Data name="surveillance:zone"><value>street</value></Data></ExtendedData><Point><coordinates>-122.3937166,37.778702</coordinates></Point></Placemark><Placemark><ExtendedData><Data name="@id"><value>node/14047700562</value></Data><Data name="camera:direction"><value>311</value></Data><Data name="camera:mount"><value>wall</value></Data><Data name="camera:type"><value>dome</value></Data><Data name="man_made"><value>surveillance</value></Data><Data name="surveillance"><value>public</value></Data><Data name="surveillance:type"><value>camera</value></Data><Data name="surveillance:zone"><value>corridor;parking;street</value></Data></ExtendedData><Point><coordinates>-122.3942401,37.7788343</coordinates></Point></Placemark><Placemark><ExtendedData><Data name="@id"><value>node/14047702926</value></Data><Data name="camera:direction"><value>47</value></Data><Data name="camera:mount"><value>wall</value></Data><Data name="camera:type"><value>dome</value></Data><Data name="man_made"><value>surveillance</value></Data><Data name="surveillance"><value>public</value></Data><Data name="surveillance:type"><value>camera</value></Data><Data name="surveillance:zone"><value>street</value></Data></ExtendedData><Point><coordinates>-122.3937706,37.778744</coordinates></Point></Placemark><Placemark><ExtendedData><Data name="@id"><value>node/14047702997</value></Data><Data name="camera:direction"><value>296</value></Data><Data name="camera:mount"><value>wall</value></Data><Data name="camera:type"><value>fixed</value></Data><Data name="man_made"><value>surveillance</value></Data><Data name="surveillance"><value>outdoor</value></Data><Data name="surveillance:type"><value>camera</value></Data><Data name="surveillance:zone"><value>parking</value></Data></ExtendedData><Point><coordinates>-122.3940324,37.7796728</coordinates></Point></Placemark><Placemark><ExtendedData><Data name="@id"><value>node/14047710660</value></Data><Data name="camera:direction"><value>242</value></Data><Data name="camera:mount"><value>wall</value></Data><Data name="camera:type"><value>fixed</value></Data><Data name="man_made"><value>surveillance</value></Data><Data name="surveillance"><value>public</value></Data><Data name="surveillance:type"><value>camera</value></Data><Data name="surveillance:zone"><value>street</value></Data></ExtendedData><Point><coordinates>-122.3945127,37.7797791</coordinates></Point></Placemark><Placemark><ExtendedData><Data name="@id"><value>node/14047711069</value></Data><Data name="camera:direction"><value>225</value></Data><Data name="camera:mount"><value>wall</value></Data><Data name="camera:type"><value>dome</value></Data><Data name="man_made"><value>surveillance</value></Data><Data name="surveillance"><value>public</value></Data><Data name="surveillance:type"><value>camera</value></Data><Data name="surveillance:zone"><value>entrance;street</value></Data></ExtendedData><Point><coordinates>-122.3940241,37.7790824</coordinates></Point></Placemark><Placemark><ExtendedData><Data name="@id"><value>node/14047711070</value></Data><Data name="camera:direction"><value>232</value></Data><Data name="camera:mount"><value>wall</value></Data><Data name="camera:type"><value>dome</value></Data><Data name="man_made"><value>surveillance</value></Data><Data name="surveillance"><value>public</value></Data><Data name="surveillance:type"><value>camera</value></Data><Data name="surveillance:zone"><value>entrance;street</value></Data></ExtendedData><Point><coordinates>-122.3939147,37.7799332</coordinates></Point></Placemark><Placemark><ExtendedData><Data name="@id"><value>node/14047716413</value></Data><Data name="camera:direction"><value>124</value></Data><Data name="camera:mount"><value>wall</value></Data><Data name="camera:type"><value>fixed</value></Data><Data name="man_made"><value>surveillance</value></Data><Data name="surveillance"><value>public</value></Data><Data name="surveillance:type"><value>camera</value></Data><Data name="surveillance:zone"><value>street</value></Data></ExtendedData><Point><coordinates>-122.3947896,37.7795457</coordinates></Point></Placemark><Placemark><ExtendedData><Data name="@id"><value>node/14052059201</value></Data><Data name="camera:mount"><value>street_lamp</value></Data><Data name="camera:type"><value>fixed</value></Data><Data name="direction"><value>110</value></Data><Data name="image"><value>https://alpr.pictures/san-francisco/winston%20ebns%20buckingham.jpg</value></Data><Data name="man_made"><value>surveillance</value></Data><Data name="manufacturer"><value>Flock Safety</value></Data><Data name="manufacturer:wikidata"><value>Q108485435</value></Data><Data name="surveillance"><value>public</value></Data><Data name="surveillance:type"><value>ALPR</value></Data><Data name="surveillance:zone"><value>traffic</value></Data></ExtendedData><Point><coordinates>-122.4797932,37.7286559</coordinates></Point></Placemark><Placemark><ExtendedData><Data name="@id"><value>node/14052437160</value></Data><Data name="camera:direction"><value>348</value></Data><Data name="camera:mount"><value>wall</value></Data><Data name="camera:type"><value>fixed</value></Data><Data name="man_made"><value>surveillance</value></Data><Data name="surveillance"><value>public</value></Data><Data name="surveillance:type"><value>camera</value></Data><Data name="surveillance:zone"><value>street</value></Data></ExtendedData><Point><coordinates>-122.3951478,37.7789969</coordinates></Point></Placemark><Placemark><ExtendedData><Data name="@id"><value>node/14052446018</value></Data><Data name="camera:direction"><value>222</value></Data><Data name="camera:mount"><value>wall</value></Data><Data name="camera:type"><value>fixed</value></Data><Data name="man_made"><value>surveillance</value></Data><Data name="surveillance"><value>public</value></Data><Data name="surveillance:type"><value>camera</value></Data><Data name="surveillance:zone"><value>corridor</value></Data></ExtendedData><Point><coordinates>-122.3949685,37.7784221</coordinates></Point></Placemark><Placemark><ExtendedData><Data name="@id"><value>node/14052449211</value></Data><Data name="camera:direction"><value>311</value></Data><Data name="camera:mount"><value>wall</value></Data><Data name="camera:type"><value>dome</value></Data><Data name="man_made"><value>surveillance</value></Data><Data name="surveillance"><value>public</value></Data><Data name="surveillance:type"><value>camera</value></Data><Data name="surveillance:zone"><value>street</value></Data></ExtendedData><Point><coordinates>-122.3949353,37.7794602</coordinates></Point></Placemark><Placemark><ExtendedData><Data name="@id"><value>node/14052451217</value></Data><Data name="camera:direction"><value>101</value></Data><Data name="camera:mount"><value>wall</value></Data><Data name="camera:type"><value>fixed</value></Data><Data name="man_made"><value>surveillance</value></Data><Data name="surveillance"><value>public</value></Data><Data name="surveillance:type"><value>camera</value></Data><Data name="surveillance:zone"><value>street</value></Data></ExtendedData><Point><coordinates>-122.3950421,37.778914</coordinates></Point></Placemark><Placemark><ExtendedData><Data name="@id"><value>node/14052451574</value></Data><Data name="camera:direction"><value>131</value></Data><Data name="camera:mount"><value>wall</value></Data><Data name="camera:type"><value>dome</value></Data><Data name="man_made"><value>surveillance</value></Data><Data name="surveillance"><value>outdoor</value></Data><Data name="surveillance:type"><value>camera</value></Data><Data name="surveillance:zone"><value>parking</value></Data></ExtendedData><Point><coordinates>-122.3946121,37.7778898</coordinates></Point></Placemark><Placemark><ExtendedData><Data name="@id"><value>node/14052475386</value></Data><Data name="camera:direction"><value>310</value></Data><Data name="camera:mount"><value>wall</value></Data><Data name="camera:type"><value>dome</value></Data><Data name="man_made"><value>surveillance</value></Data><Data name="surveillance"><value>public</value></Data><Data name="surveillance:type"><value>camera</value></Data><Data name="surveillance:zone"><value>street</value></Data></ExtendedData><Point><coordinates>-122.3945758,37.7786157</coordinates></Point></Placemark><Placemark><ExtendedData><Data name="@id"><value>node/14052476352</value></Data><Data name="camera:direction"><value>77</value></Data><Data name="camera:mount"><value>wall</value></Data><Data name="camera:type"><value>fixed</value></Data><Data name="man_made"><value>surveillance</value></Data><Data name="surveillance"><value>public</value></Data><Data name="surveillance:type"><value>camera</value></Data><Data name="surveillance:zone"><value>corridor;entrance</value></Data></ExtendedData><Point><coordinates>-122.3953207,37.7781414</coordinates></Point></Placemark><Placemark><ExtendedData><Data name="@id"><value>node/14052481024</value></Data><Data name="camera:direction"><value>67</value></Data><Data name="camera:mount"><value>wall</value></Data><Data name="camera:type"><value>fixed</value></Data><Data name="man_made"><value>surveillance</value></Data><Data name="surveillance"><value>public</value></Data><Data name="surveillance:type"><value>camera</value></Data><Data name="surveillance:zone"><value>parking;street</value></Data></ExtendedData><Point><coordinates>-122.3947189,37.7786608</coordinates></Point></Placemark><Placemark><ExtendedData><Data name="@id"><value>node/14052481939</value></Data><Data name="camera:direction"><value>153</value></Data><Data name="camera:mount"><value>wall</value></Data><Data name="camera:type"><value>fixed</value></Data><Data name="man_made"><value>surveillance</value></Data><Data name="surveillance"><value>public</value></Data><Data name="surveillance:type"><value>camera</value></Data><Data name="surveillance:zone"><value>entrance</value></Data></ExtendedData><Point><coordinates>-122.3955359,37.7776889</coordinates></Point></Placemark><Placemark><ExtendedData><Data name="@id"><value>node/14052481986</value></Data><Data name="camera:direction"><value>231</value></Data><Data name="camera:mount"><value>wall</value></Data><Data name="camera:type"><value>dome</value></Data><Data name="man_made"><value>surveillance</value></Data><Data name="surveillance"><value>outdoor</value></Data><Data name="surveillance:type"><value>camera</value></Data><Data name="surveillance:zone"><value>entrance</value></Data></ExtendedData><Point><coordinates>-122.3961639,37.7782483</coordinates></Point></Placemark><Placemark><ExtendedData><Data name="@id"><value>node/14052482019</value></Data><Data name="camera:direction"><value>210</value></Data><Data name="camera:mount"><value>wall</value></Data><Data name="camera:type"><value>fixed</value></Data><Data name="man_made"><value>surveillance</value></Data><Data name="surveillance"><value>public</value></Data><Data name="surveillance:type"><value>camera</value></Data><Data name="surveillance:zone"><value>corridor;entrance</value></Data></ExtendedData><Point><coordinates>-122.3952186,37.7782228</coordinates></Point></Placemark><Placemark><ExtendedData><Data name="@id"><value>node/14052485670</value></Data><Data name="camera:direction"><value>231</value></Data><Data name="camera:mount"><value>wall</value></Data><Data name="camera:type"><value>fixed</value></Data><Data name="man_made"><value>surveillance</value></Data><Data name="surveillance"><value>public</value></Data><Data name="surveillance:type"><value>camera</value></Data><Data name="surveillance:zone"><value>street</value></Data></ExtendedData><Point><coordinates>-122.3940731,37.7781752</coordinates></Point></Placemark><Placemark><ExtendedData><Data name="@id"><value>node/14052487700</value></Data><Data name="camera:direction"><value>135</value></Data><Data name="camera:mount"><value>wall</value></Data><Data name="camera:type"><value>fixed</value></Data><Data name="man_made"><value>surveillance</value></Data><Data name="surveillance"><value>public</value></Data><Data name="surveillance:type"><value>camera</value></Data><Data name="surveillance:zone"><value>entrance;street</value></Data></ExtendedData><Point><coordinates>-122.3938848,37.7781548</coordinates></Point></Placemark><Placemark><ExtendedData><Data name="@id"><value>node/14052490655</value></Data><Data name="camera:direction"><value>158</value></Data><Data name="camera:mount"><value>wall</value></Data><Data name="camera:type"><value>fixed</value></Data><Data name="man_made"><value>surveillance</value></Data><Data name="surveillance"><value>public</value></Data><Data name="surveillance:type"><value>camera</value></Data><Data name="surveillance:zone"><value>street</value></Data></ExtendedData><Point><coordinates>-122.3954807,37.7776448</coordinates></Point></Placemark><Placemark><ExtendedData><Data name="@id"><value>node/14052492740</value></Data><Data name="camera:direction"><value>224</value></Data><Data name="camera:mount"><value>wall</value></Data><Data name="camera:type"><value>fixed</value></Data><Data name="man_made"><value>surveillance</value></Data><Data name="surveillance"><value>public</value></Data><Data name="surveillance:type"><value>camera</value></Data><Data name="surveillance:zone"><value>street</value></Data></ExtendedData><Point><coordinates>-122.3971499,37.7789668</coordinates></Point></Placemark><Placemark><ExtendedData><Data name="@id"><value>node/14052495638</value></Data><Data name="camera:direction"><value>237</value></Data><Data name="camera:mount"><value>wall</value></Data><Data name="camera:type"><value>fixed</value></Data><Data name="man_made"><value>surveillance</value></Data><Data name="surveillance"><value>outdoor</value></Data><Data name="surveillance:type"><value>camera</value></Data><Data name="surveillance:zone"><value>entrance</value></Data></ExtendedData><Point><coordinates>-122.395534,37.7789096</coordinates></Point></Placemark><Placemark><ExtendedData><Data name="@id"><value>node/14052495664</value></Data><Data name="camera:direction"><value>333</value></Data><Data name="camera:mount"><value>wall</value></Data><Data name="camera:type"><value>fixed</value></Data><Data name="man_made"><value>surveillance</value></Data><Data name="surveillance"><value>public</value></Data><Data name="surveillance:type"><value>camera</value></Data><Data name="surveillance:zone"><value>street</value></Data></ExtendedData><Point><coordinates>-122.3959581,37.7797351</coordinates></Point></Placemark><Placemark><ExtendedData><Data name="@id"><value>node/14052498372</value></Data><Data name="camera:direction"><value>40</value></Data><Data name="camera:mount"><value>wall</value></Data><Data name="camera:type"><value>fixed</value></Data><Data name="man_made"><value>surveillance</value></Data><Data name="surveillance"><value>public</value></Data><Data name="surveillance:type"><value>camera</value></Data><Data name="surveillance:zone"><value>entrance;street</value></Data></ExtendedData><Point><coordinates>-122.3959762,37.7786265</coordinates></Point></Placemark><Placemark><ExtendedData><Data name="@id"><value>node/14052498466</value></Data><Data name="camera:direction"><value>228</value></Data><Data name="camera:mount"><value>wall</value></Data><Data name="camera:type"><value>dome</value></Data><Data name="man_made"><value>surveillance</value></Data><Data name="surveillance"><value>public</value></Data><Data name="surveillance:type"><value>camera</value></Data><Data name="surveillance:zone"><value>street</value></Data></ExtendedData><Point><coordinates>-122.3954398,37.7802029</coordinates></Point></Placemark><Placemark><ExtendedData><Data name="@id"><value>node/14052500199</value></Data><Data name="camera:direction"><value>133</value></Data><Data name="camera:mount"><value>wall</value></Data><Data name="camera:type"><value>dome</value></Data><Data name="man_made"><value>surveillance</value></Data><Data name="surveillance"><value>public</value></Data><Data name="surveillance:type"><value>camera</value></Data><Data name="surveillance:zone"><value>entrance;parking</value></Data></ExtendedData><Point><coordinates>-122.3966651,37.779162</coordinates></Point></Placemark><Placemark><ExtendedData><Data name="@id"><value>node/14052502507</value></Data><Data name="camera:direction"><value>227</value></Data><Data name="camera:mount"><value>wall</value></Data><Data name="camera:type"><value>fixed</value></Data><Data name="man_made"><value>surveillance</value></Data><Data name="surveillance"><value>public</value></Data><Data name="surveillance:type"><value>camera</value></Data><Data name="surveillance:zone"><value>entrance</value></Data></ExtendedData><Point><coordinates>-122.3953272,37.7790939</coordinates></Point></Placemark><Placemark><ExtendedData><Data name="@id"><value>node/14052510900</value></Data><Data name="camera:direction"><value>265</value></Data><Data name="camera:mount"><value>wall</value></Data><Data name="camera:type"><value>fixed</value></Data><Data name="man_made"><value>surveillance</value></Data><Data name="surveillance"><value>public</value></Data><Data name="surveillance:type"><value>camera</value></Data><Data name="surveillance:zone"><value>street</value></Data></ExtendedData><Point><coordinates>-122.3953123,37.7801016</coordinates></Point></Placemark><Placemark><ExtendedData><Data name="@id"><value>node/14052510976</value></Data><Data name="camera:direction"><value>334</value></Data><Data name="camera:mount"><value>wall</value></Data><Data name="camera:type"><value>fixed</value></Data><Data name="man_made"><value>surveillance</value></Data><Data name="surveillance"><value>public</value></Data><Data name="surveillance:type"><value>camera</value></Data><Data name="surveillance:zone"><value>entrance;street</value></Data></ExtendedData><Point><coordinates>-122.3962128,37.7806709</coordinates></Point></Placemark><Placemark><ExtendedData><Data name="@id"><value>node/14052511440</value></Data><Data name="camera:direction"><value>133</value></Data><Data name="camera:mount"><value>wall</value></Data><Data name="camera:type"><value>dome</value></Data><Data name="man_made"><value>surveillance</value></Data><Data name="surveillance"><value>public</value></Data><Data name="surveillance:type"><value>camera</value></Data><Data name="surveillance:zone"><value>entrance;parking</value></Data></ExtendedData><Point><coordinates>-122.39668,37.7791504</coordinates></Point></Placemark><Placemark><ExtendedData><Data name="@id"><value>node/14052512158</value></Data><Data name="camera:direction"><value>145</value></Data><Data name="camera:mount"><value>wall</value></Data><Data name="camera:type"><value>dome</value></Data><Data name="man_made"><value>surveillance</value></Data><Data name="surveillance"><value>public</value></Data><Data name="surveillance:type"><value>camera</value></Data><Data name="surveillance:zone"><value>street</value></Data></ExtendedData><Point><coordinates>-122.3959506,37.7797247</coordinates></Point></Placemark><Placemark><ExtendedData><Data name="@id"><value>node/14052519169</value></Data><Data name="camera:direction"><value>133</value></Data><Data name="camera:mount"><value>wall</value></Data><Data name="camera:type"><value>dome</value></Data><Data name="man_made"><value>surveillance</value></Data><Data name="surveillance"><value>public</value></Data><Data name="surveillance:type"><value>camera</value></Data><Data name="surveillance:zone"><value>entrance;parking</value></Data></ExtendedData><Point><coordinates>-122.3967681,37.7790816</coordinates></Point></Placemark><Placemark><ExtendedData><Data name="@id"><value>node/14052519632</value></Data><Data name="camera:direction"><value>47</value></Data><Data name="camera:mount"><value>wall</value></Data><Data name="camera:type"><value>dome</value></Data><Data name="man_made"><value>surveillance</value></Data><Data name="surveillance"><value>public</value></Data><Data name="surveillance:type"><value>camera</value></Data><Data name="surveillance:zone"><value>street</value></Data></ExtendedData><Point><coordinates>-122.3959519,37.7797302</coordinates></Point></Placemark><Placemark><ExtendedData><Data name="@id"><value>node/14052525543</value></Data><Data name="camera:direction"><value>70</value></Data><Data name="camera:mount"><value>wall</value></Data><Data name="camera:type"><value>fixed</value></Data><Data name="man_made"><value>surveillance</value></Data><Data name="surveillance"><value>outdoor</value></Data><Data name="surveillance:type"><value>camera</value></Data><Data name="surveillance:zone"><value>entrance</value></Data></ExtendedData><Point><coordinates>-122.3970276,37.7789074</coordinates></Point></Placemark><Placemark><ExtendedData><Data name="@id"><value>node/14052525551</value></Data><Data name="camera:direction"><value>31</value></Data><Data name="camera:mount"><value>wall</value></Data><Data name="camera:type"><value>dome</value></Data><Data name="man_made"><value>surveillance</value></Data><Data name="surveillance"><value>public</value></Data><Data name="surveillance:type"><value>camera</value></Data><Data name="surveillance:zone"><value>entrance;street</value></Data></ExtendedData><Point><coordinates>-122.395987,37.7804905</coordinates></Point></Placemark><Placemark><ExtendedData><Data name="@id"><value>node/14052525862</value></Data><Data name="camera:direction"><value>224</value></Data><Data name="camera:mount"><value>wall</value></Data><Data name="camera:type"><value>fixed</value></Data><Data name="man_made"><value>surveillance</value></Data><Data name="surveillance"><value>public</value></Data><Data name="surveillance:type"><value>camera</value></Data><Data name="surveillance:zone"><value>street</value></Data></ExtendedData><Point><coordinates>-122.3973885,37.7791565</coordinates></Point></Placemark><Placemark><ExtendedData><Data name="@id"><value>node/14052528802</value></Data><Data name="camera:direction"><value>48</value></Data><Data name="camera:mount"><value>wall</value></Data><Data name="camera:type"><value>fixed</value></Data><Data name="man_made"><value>surveillance</value></Data><Data name="surveillance"><value>public</value></Data><Data name="surveillance:type"><value>camera</value></Data><Data name="surveillance:zone"><value>street</value></Data></ExtendedData><Point><coordinates>-122.396306,37.7800023</coordinates></Point></Placemark><Placemark><ExtendedData><Data name="@id"><value>node/14052536666</value></Data><Data name="camera:direction"><value>167</value></Data><Data name="camera:mount"><value>wall</value></Data><Data name="camera:type"><value>fixed</value></Data><Data name="man_made"><value>surveillance</value></Data><Data name="surveillance"><value>public</value></Data><Data name="surveillance:type"><value>camera</value></Data><Data name="surveillance:zone"><value>entrance</value></Data></ExtendedData><Point><coordinates>-122.3955874,37.7803317</coordinates></Point></Placemark><Placemark><ExtendedData><Data name="@id"><value>node/14052540109</value></Data><Data name="camera:direction"><value>31</value></Data><Data name="camera:mount"><value>wall</value></Data><Data name="camera:type"><value>dome</value></Data><Data name="man_made"><value>surveillance</value></Data><Data name="surveillance"><value>public</value></Data><Data name="surveillance:type"><value>camera</value></Data><Data name="surveillance:zone"><value>entrance;street</value></Data></ExtendedData><Point><coordinates>-122.3960477,37.780539</coordinates></Point></Placemark><Placemark><ExtendedData><Data name="@id"><value>node/14052541744</value></Data><Data name="camera:direction"><value>182</value></Data><Data name="camera:mount"><value>wall</value></Data><Data name="camera:type"><value>fixed</value></Data><Data name="man_made"><value>surveillance</value></Data><Data name="surveillance"><value>public</value></Data><Data name="surveillance:type"><value>camera</value></Data><Data name="surveillance:zone"><value>street</value></Data></ExtendedData><Point><coordinates>-122.3950784,37.7799156</coordinates></Point></Placemark><Placemark><ExtendedData><Data name="@id"><value>node/14052541745</value></Data><Data name="camera:direction"><value>268</value></Data><Data name="camera:mount"><value>wall</value></Data><Data name="camera:type"><value>fixed</value></Data><Data name="man_made"><value>surveillance</value></Data><Data name="surveillance"><value>public</value></Data><Data name="surveillance:type"><value>camera</value></Data><Data name="surveillance:zone"><value>street</value></Data></ExtendedData><Point><coordinates>-122.3949342,37.779798</coordinates></Point></Placemark><Placemark><ExtendedData><Data name="@id"><value>node/14052545335</value></Data><Data name="camera:direction"><value>72</value></Data><Data name="camera:mount"><value>wall</value></Data><Data name="camera:type"><value>fixed</value></Data><Data name="man_made"><value>surveillance</value></Data><Data name="surveillance"><value>public</value></Data><Data name="surveillance:type"><value>camera</value></Data><Data name="surveillance:zone"><value>street</value></Data></ExtendedData><Point><coordinates>-122.3948986,37.7797973</coordinates></Point></Placemark><Placemark><ExtendedData><Data name="@id"><value>node/14052546301</value></Data><Data name="camera:direction"><value>191</value></Data><Data name="camera:mount"><value>wall</value></Data><Data name="camera:type"><value>fixed</value></Data><Data name="man_made"><value>surveillance</value></Data><Data name="surveillance"><value>public</value></Data><Data name="surveillance:type"><value>camera</value></Data><Data name="surveillance:zone"><value>street</value></Data></ExtendedData><Point><coordinates>-122.3952954,37.7800882</coordinates></Point></Placemark><Placemark><ExtendedData><Data name="@id"><value>node/14052546317</value></Data><Data name="camera:direction"><value>141</value></Data><Data name="camera:mount"><value>wall</value></Data><Data name="camera:type"><value>doorbell</value></Data><Data name="man_made"><value>surveillance</value></Data><Data name="surveillance"><value>public</value></Data><Data name="surveillance:type"><value>camera</value></Data><Data name="surveillance:zone"><value>entrance;street</value></Data></ExtendedData><Point><coordinates>-122.3946009,37.7800357</coordinates></Point></Placemark><Placemark><ExtendedData><Data name="@id"><value>node/14058968301</value></Data><Data name="camera:type"><value>fixed</value></Data><Data name="direction"><value>313</value></Data><Data name="man_made"><value>surveillance</value></Data><Data name="manufacturer"><value>Flock Safety</value></Data><Data name="manufacturer:wikidata"><value>Q108485435</value></Data><Data name="surveillance"><value>public</value></Data><Data name="surveillance:type"><value>ALPR</value></Data><Data name="surveillance:zone"><value>traffic</value></Data></ExtendedData><Point><coordinates>-122.4176933,37.770658</coordinates></Point></Placemark><Placemark><ExtendedData><Data name="@id"><value>node/14060546001</value></Data><Data name="camera:type"><value>fixed</value></Data><Data name="direction"><value>158</value></Data><Data name="man_made"><value>surveillance</value></Data><Data name="manufacturer"><value>Flock Safety</value></Data><Data name="manufacturer:wikidata"><value>Q108485435</value></Data><Data name="surveillance"><value>public</value></Data><Data name="surveillance:type"><value>ALPR</value></Data><Data name="surveillance:zone"><value>traffic</value></Data></ExtendedData><Point><coordinates>-122.4481365,37.7534153</coordinates></Point></Placemark><Placemark><ExtendedData><Data name="@id"><value>node/14060546301</value></Data><Data name="camera:type"><value>fixed</value></Data><Data name="direction"><value>17</value></Data><Data name="man_made"><value>surveillance</value></Data><Data name="manufacturer"><value>Flock Safety</value></Data><Data name="manufacturer:wikidata"><value>Q108485435</value></Data><Data name="surveillance"><value>public</value></Data><Data name="surveillance:type"><value>ALPR</value></Data><Data name="surveillance:zone"><value>traffic</value></Data></ExtendedData><Point><coordinates>-122.4485609,37.7511457</coordinates></Point></Placemark><Placemark><ExtendedData><Data name="@id"><value>node/14060555202</value></Data><Data name="camera:type"><value>fixed</value></Data><Data name="direction"><value>311</value></Data><Data name="man_made"><value>surveillance</value></Data><Data name="manufacturer"><value>Motorola Solutions</value></Data><Data name="manufacturer:wikidata"><value>Q634815</value></Data><Data name="surveillance"><value>public</value></Data><Data name="surveillance:type"><value>ALPR</value></Data><Data name="surveillance:zone"><value>traffic</value></Data></ExtendedData><Point><coordinates>-122.4249003,37.8037602</coordinates></Point></Placemark><Placemark><ExtendedData><Data name="@id"><value>node/14060774001</value></Data><Data name="camera:type"><value>fixed</value></Data><Data name="direction"><value>62</value></Data><Data name="man_made"><value>surveillance</value></Data><Data name="manufacturer"><value>Flock Safety</value></Data><Data name="manufacturer:wikidata"><value>Q108485435</value></Data><Data name="surveillance"><value>public</value></Data><Data name="surveillance:type"><value>ALPR</value></Data><Data name="surveillance:zone"><value>traffic</value></Data></ExtendedData><Point><coordinates>-122.4682458,37.7433462</coordinates></Point></Placemark><Placemark><ExtendedData><Data name="@id"><value>node/14065194175</value></Data><Data name="camera:direction"><value>217</value></Data><Data name="camera:mount"><value>wall</value></Data><Data name="camera:type"><value>dome</value></Data><Data name="man_made"><value>surveillance</value></Data><Data name="surveillance"><value>public</value></Data><Data name="surveillance:type"><value>camera</value></Data><Data name="surveillance:zone"><value>entrance;parking;street</value></Data></ExtendedData><Point><coordinates>-122.3888962,37.7886254</coordinates></Point></Placemark><Placemark><ExtendedData><Data name="@id"><value>node/14065232755</value></Data><Data name="camera:direction"><value>223</value></Data><Data name="camera:mount"><value>wall</value></Data><Data name="camera:type"><value>dome</value></Data><Data name="man_made"><value>surveillance</value></Data><Data name="surveillance"><value>outdoor</value></Data><Data name="surveillance:type"><value>camera</value></Data><Data name="surveillance:zone"><value>parking</value></Data></ExtendedData><Point><coordinates>-122.3898122,37.7867616</coordinates></Point></Placemark><Placemark><ExtendedData><Data name="@id"><value>node/14065252726</value></Data><Data name="camera:direction"><value>230</value></Data><Data name="camera:mount"><value>wall</value></Data><Data name="camera:type"><value>dome</value></Data><Data name="man_made"><value>surveillance</value></Data><Data name="surveillance"><value>public</value></Data><Data name="surveillance:type"><value>camera</value></Data><Data name="surveillance:zone"><value>entrance;street</value></Data></ExtendedData><Point><coordinates>-122.3889356,37.7872075</coordinates></Point></Placemark><Placemark><ExtendedData><Data name="@id"><value>node/14065252727</value></Data><Data name="camera:direction"><value>95</value></Data><Data name="camera:mount"><value>wall</value></Data><Data name="camera:type"><value>fixed</value></Data><Data name="man_made"><value>surveillance</value></Data><Data name="surveillance"><value>public</value></Data><Data name="surveillance:type"><value>camera</value></Data><Data name="surveillance:zone"><value>entrance;street</value></Data></ExtendedData><Point><coordinates>-122.3899786,37.7877279</coordinates></Point></Placemark><Placemark><ExtendedData><Data name="@id"><value>node/14065272325</value></Data><Data name="camera:direction"><value>63</value></Data><Data name="camera:mount"><value>wall</value></Data><Data name="camera:type"><value>dome</value></Data><Data name="man_made"><value>surveillance</value></Data><Data name="surveillance"><value>public</value></Data><Data name="surveillance:type"><value>camera</value></Data><Data name="surveillance:zone"><value>entrance;street</value></Data></ExtendedData><Point><coordinates>-122.3900794,37.7878065</coordinates></Point></Placemark><Placemark><ExtendedData><Data name="@id"><value>node/14065272513</value></Data><Data name="camera:direction"><value>311</value></Data><Data name="camera:mount"><value>wall</value></Data><Data name="camera:type"><value>dome</value></Data><Data name="man_made"><value>surveillance</value></Data><Data name="surveillance"><value>indoor</value></Data><Data name="surveillance:type"><value>camera</value></Data><Data name="surveillance:zone"><value>entrance</value></Data></ExtendedData><Point><coordinates>-122.3896555,37.7879558</coordinates></Point></Placemark><Placemark><ExtendedData><Data name="@id"><value>node/14065281138</value></Data><Data name="camera:direction"><value>339</value></Data><Data name="camera:type"><value>fixed</value></Data><Data name="man_made"><value>surveillance</value></Data><Data name="surveillance"><value>public</value></Data><Data name="surveillance:type"><value>camera</value></Data><Data name="surveillance:zone"><value>street</value></Data></ExtendedData><Point><coordinates>-122.3894126,37.7872577</coordinates></Point></Placemark><Placemark><ExtendedData><Data name="@id"><value>node/14065281169</value></Data><Data name="camera:direction"><value>181</value></Data><Data name="camera:mount"><value>wall</value></Data><Data name="camera:type"><value>fixed</value></Data><Data name="man_made"><value>surveillance</value></Data><Data name="surveillance"><value>outdoor</value></Data><Data name="surveillance:type"><value>camera</value></Data><Data name="surveillance:zone"><value>entrance;parking</value></Data></ExtendedData><Point><coordinates>-122.39037,37.7871346</coordinates></Point></Placemark><Placemark><ExtendedData><Data name="@id"><value>node/14065283247</value></Data><Data name="camera:direction"><value>54</value></Data><Data name="camera:mount"><value>wall</value></Data><Data name="camera:type"><value>dome</value></Data><Data name="man_made"><value>surveillance</value></Data><Data name="surveillance"><value>public</value></Data><Data name="surveillance:type"><value>camera</value></Data><Data name="surveillance:zone"><value>entrance;street</value></Data></ExtendedData><Point><coordinates>-122.3911322,37.7872586</coordinates></Point></Placemark><Placemark><ExtendedData><Data name="@id"><value>node/14065287013</value></Data><Data name="camera:direction"><value>324</value></Data><Data name="camera:mount"><value>wall</value></Data><Data name="camera:type"><value>dome</value></Data><Data name="man_made"><value>surveillance</value></Data><Data name="surveillance"><value>public</value></Data><Data name="surveillance:type"><value>camera</value></Data><Data name="surveillance:zone"><value>entrance;street</value></Data></ExtendedData><Point><coordinates>-122.3904817,37.7878501</coordinates></Point></Placemark><Placemark><ExtendedData><Data name="@id"><value>node/14065287822</value></Data><Data name="camera:direction"><value>332</value></Data><Data name="camera:mount"><value>pole</value></Data><Data name="camera:type"><value>fixed</value></Data><Data name="man_made"><value>surveillance</value></Data><Data name="surveillance"><value>public</value></Data><Data name="surveillance:type"><value>camera</value></Data><Data name="surveillance:zone"><value>street</value></Data></ExtendedData><Point><coordinates>-122.3896451,37.786429</coordinates></Point></Placemark><Placemark><ExtendedData><Data name="@id"><value>node/14065296639</value></Data><Data name="camera:direction"><value>181</value></Data><Data name="camera:mount"><value>wall</value></Data><Data name="camera:type"><value>fixed</value></Data><Data name="man_made"><value>surveillance</value></Data><Data name="surveillance"><value>outdoor</value></Data><Data name="surveillance:type"><value>camera</value></Data><Data name="surveillance:zone"><value>entrance;parking</value></Data></ExtendedData><Point><coordinates>-122.3905686,37.7872254</coordinates></Point></Placemark><Placemark><ExtendedData><Data name="@id"><value>node/14065300033</value></Data><Data name="camera:direction"><value>226</value></Data><Data name="camera:mount"><value>wall</value></Data><Data name="camera:type"><value>dome</value></Data><Data name="man_made"><value>surveillance</value></Data><Data name="surveillance"><value>public</value></Data><Data name="surveillance:type"><value>camera</value></Data><Data name="surveillance:zone"><value>entrance;street</value></Data></ExtendedData><Point><coordinates>-122.3909123,37.7873972</coordinates></Point></Placemark><Placemark><ExtendedData><Data name="@id"><value>node/14065300038</value></Data><Data name="camera:direction"><value>223</value></Data><Data name="camera:mount"><value>wall</value></Data><Data name="camera:type"><value>dome</value></Data><Data name="man_made"><value>surveillance</value></Data><Data name="surveillance"><value>outdoor</value></Data><Data name="surveillance:type"><value>camera</value></Data><Data name="surveillance:zone"><value>parking</value></Data></ExtendedData><Point><coordinates>-122.3901131,37.7869723</coordinates></Point></Placemark><Placemark><ExtendedData><Data name="@id"><value>node/14065304103</value></Data><Data name="camera:direction"><value>181</value></Data><Data name="camera:mount"><value>wall</value></Data><Data name="camera:type"><value>fixed</value></Data><Data name="man_made"><value>surveillance</value></Data><Data name="surveillance"><value>outdoor</value></Data><Data name="surveillance:type"><value>camera</value></Data><Data name="surveillance:zone"><value>entrance;parking</value></Data></ExtendedData><Point><coordinates>-122.3905077,37.7871952</coordinates></Point></Placemark><Placemark><ExtendedData><Data name="@id"><value>node/14080924101</value></Data><Data name="camera:mount"><value>pole</value></Data><Data name="camera:type"><value>fixed</value></Data><Data name="direction"><value>227</value></Data><Data name="man_made"><value>surveillance</value></Data><Data name="manufacturer"><value>Flock Safety</value></Data><Data name="manufacturer:wikidata"><value>Q108485435</value></Data><Data name="surveillance"><value>public</value></Data><Data name="surveillance:type"><value>ALPR</value></Data><Data name="surveillance:zone"><value>traffic</value></Data></ExtendedData><Point><coordinates>-122.4363537,37.7306097</coordinates></Point></Placemark><Placemark><ExtendedData><Data name="@id"><value>node/14081013001</value></Data><Data name="camera:type"><value>fixed</value></Data><Data name="direction"><value>139</value></Data><Data name="man_made"><value>surveillance</value></Data><Data name="manufacturer"><value>Flock Safety</value></Data><Data name="manufacturer:wikidata"><value>Q108485435</value></Data><Data name="surveillance"><value>public</value></Data><Data name="surveillance:type"><value>ALPR</value></Data><Data name="surveillance:zone"><value>traffic</value></Data></ExtendedData><Point><coordinates>-122.471513,37.7159066</coordinates></Point></Placemark><Placemark><ExtendedData><Data name="@id"><value>node/14088636470</value></Data><Data name="camera:direction"><value>313</value></Data><Data name="camera:mount"><value>wall</value></Data><Data name="camera:type"><value>dome</value></Data><Data name="man_made"><value>surveillance</value></Data><Data name="surveillance"><value>outdoor</value></Data><Data name="surveillance:type"><value>camera</value></Data><Data name="surveillance:zone"><value>corridor;entrance</value></Data></ExtendedData><Point><coordinates>-122.3896205,37.7894222</coordinates></Point></Placemark><Placemark><ExtendedData><Data name="@id"><value>node/14088651475</value></Data><Data name="camera:direction"><value>311</value></Data><Data name="camera:mount"><value>wall</value></Data><Data name="camera:type"><value>dome</value></Data><Data name="man_made"><value>surveillance</value></Data><Data name="surveillance"><value>outdoor</value></Data><Data name="surveillance:type"><value>camera</value></Data><Data name="surveillance:zone"><value>corridor;entrance</value></Data></ExtendedData><Point><coordinates>-122.3893481,37.7896538</coordinates></Point></Placemark><Placemark><ExtendedData><Data name="@id"><value>node/14088653038</value></Data><Data name="camera:direction"><value>289</value></Data><Data name="camera:mount"><value>wall</value></Data><Data name="camera:type"><value>fixed</value></Data><Data name="man_made"><value>surveillance</value></Data><Data name="surveillance"><value>public</value></Data><Data name="surveillance:type"><value>camera</value></Data><Data name="surveillance:zone"><value>entrance</value></Data></ExtendedData><Point><coordinates>-122.3880173,37.7895774</coordinates></Point></Placemark><Placemark><ExtendedData><Data name="@id"><value>node/14088669045</value></Data><Data name="camera:direction"><value>289</value></Data><Data name="camera:mount"><value>wall</value></Data><Data name="camera:type"><value>fixed</value></Data><Data name="man_made"><value>surveillance</value></Data><Data name="surveillance"><value>public</value></Data><Data name="surveillance:type"><value>camera</value></Data><Data name="surveillance:zone"><value>entrance</value></Data></ExtendedData><Point><coordinates>-122.3880466,37.7896423</coordinates></Point></Placemark><Placemark><ExtendedData><Data name="@id"><value>node/14088671798</value></Data><Data name="camera:direction"><value>43</value></Data><Data name="camera:mount"><value>wall</value></Data><Data name="camera:type"><value>dome</value></Data><Data name="man_made"><value>surveillance</value></Data><Data name="surveillance"><value>public</value></Data><Data name="surveillance:type"><value>camera</value></Data><Data name="surveillance:zone"><value>entrance;street</value></Data></ExtendedData><Point><coordinates>-122.3899062,37.789054</coordinates></Point></Placemark><Placemark><ExtendedData><Data name="@id"><value>node/14088682234</value></Data><Data name="camera:direction"><value>190</value></Data><Data name="camera:mount"><value>wall</value></Data><Data name="camera:type"><value>fixed</value></Data><Data name="man_made"><value>surveillance</value></Data><Data name="surveillance"><value>public</value></Data><Data name="surveillance:type"><value>camera</value></Data><Data name="surveillance:zone"><value>street</value></Data></ExtendedData><Point><coordinates>-122.3898615,37.7886791</coordinates></Point></Placemark><Placemark><ExtendedData><Data name="@id"><value>node/14088684401</value></Data><Data name="camera:type"><value>fixed</value></Data><Data name="direction"><value>244</value></Data><Data name="man_made"><value>surveillance</value></Data><Data name="manufacturer"><value>Flock Safety</value></Data><Data name="manufacturer:wikidata"><value>Q108485435</value></Data><Data name="surveillance"><value>public</value></Data><Data name="surveillance:type"><value>ALPR</value></Data><Data name="surveillance:zone"><value>traffic</value></Data></ExtendedData><Point><coordinates>-122.4245431,37.7985606</coordinates></Point></Placemark><Placemark><ExtendedData><Data name="@id"><value>node/14088696875</value></Data><Data name="camera:direction"><value>227</value></Data><Data name="camera:mount"><value>wall</value></Data><Data name="camera:type"><value>dome</value></Data><Data name="man_made"><value>surveillance</value></Data><Data name="surveillance"><value>public</value></Data><Data name="surveillance:type"><value>camera</value></Data><Data name="surveillance:zone"><value>entrance;street</value></Data></ExtendedData><Point><coordinates>-122.3902182,37.7896739</coordinates></Point></Placemark><Placemark><ExtendedData><Data name="@id"><value>node/14088697865</value></Data><Data name="camera:direction"><value>208</value></Data><Data name="camera:mount"><value>wall</value></Data><Data name="camera:type"><value>dome</value></Data><Data name="man_made"><value>surveillance</value></Data><Data name="surveillance"><value>public</value></Data><Data name="surveillance:type"><value>camera</value></Data><Data name="surveillance:zone"><value>entrance;street</value></Data></ExtendedData><Point><coordinates>-122.3904094,37.7897734</coordinates></Point></Placemark><Placemark><ExtendedData><Data name="@id"><value>node/14088701672</value></Data><Data name="camera:direction"><value>89</value></Data><Data name="camera:mount"><value>wall</value></Data><Data name="camera:type"><value>fixed</value></Data><Data name="man_made"><value>surveillance</value></Data><Data name="surveillance"><value>public</value></Data><Data name="surveillance:type"><value>camera</value></Data><Data name="surveillance:zone"><value>street</value></Data></ExtendedData><Point><coordinates>-122.3898555,37.7886838</coordinates></Point></Placemark><Placemark><ExtendedData><Data name="@id"><value>node/14088701673</value></Data><Data name="camera:direction"><value>192</value></Data><Data name="camera:mount"><value>ceiling</value></Data><Data name="camera:type"><value>fixed</value></Data><Data name="man_made"><value>surveillance</value></Data><Data name="surveillance"><value>public</value></Data><Data name="surveillance:type"><value>camera</value></Data><Data name="surveillance:zone"><value>entrance</value></Data></ExtendedData><Point><coordinates>-122.3878232,37.7891748</coordinates></Point></Placemark><Placemark><ExtendedData><Data name="@id"><value>node/14088706959</value></Data><Data name="camera:direction"><value>214</value></Data><Data name="camera:mount"><value>wall</value></Data><Data name="camera:type"><value>dome</value></Data><Data name="man_made"><value>surveillance</value></Data><Data name="surveillance"><value>public</value></Data><Data name="surveillance:type"><value>camera</value></Data><Data name="surveillance:zone"><value>entrance;street</value></Data></ExtendedData><Point><coordinates>-122.390877,37.7887766</coordinates></Point></Placemark><Placemark><ExtendedData><Data name="@id"><value>node/14088714080</value></Data><Data name="camera:direction"><value>172</value></Data><Data name="camera:mount"><value>wall</value></Data><Data name="camera:type"><value>fixed</value></Data><Data name="man_made"><value>surveillance</value></Data><Data name="surveillance"><value>public</value></Data><Data name="surveillance:type"><value>camera</value></Data><Data name="surveillance:zone"><value>entrance</value></Data></ExtendedData><Point><coordinates>-122.3879219,37.7893757</coordinates></Point></Placemark><Placemark><ExtendedData><Data name="@id"><value>node/14088722425</value></Data><Data name="camera:direction"><value>238</value></Data><Data name="camera:mount"><value>wall</value></Data><Data name="camera:type"><value>fixed</value></Data><Data name="man_made"><value>surveillance</value></Data><Data name="surveillance"><value>outdoor</value></Data><Data name="surveillance:type"><value>camera</value></Data><Data name="surveillance:zone"><value>corridor;entrance</value></Data></ExtendedData><Point><coordinates>-122.387377,37.7887961</coordinates></Point></Placemark><Placemark><ExtendedData><Data name="@id"><value>node/14090488488</value></Data><Data name="camera:direction"><value>176</value></Data><Data name="camera:mount"><value>wall</value></Data><Data name="camera:type"><value>fixed</value></Data><Data name="man_made"><value>surveillance</value></Data><Data name="surveillance"><value>public</value></Data><Data name="surveillance:type"><value>camera</value></Data><Data name="surveillance:zone"><value>entrance;street</value></Data></ExtendedData><Point><coordinates>-122.3973525,37.7803111</coordinates></Point></Placemark><Placemark><ExtendedData><Data name="@id"><value>node/14090510487</value></Data><Data name="camera:direction"><value>253</value></Data><Data name="camera:mount"><value>wall</value></Data><Data name="camera:type"><value>fixed</value></Data><Data name="man_made"><value>surveillance</value></Data><Data name="surveillance"><value>public</value></Data><Data name="surveillance:type"><value>camera</value></Data><Data name="surveillance:zone"><value>entrance</value></Data></ExtendedData><Point><coordinates>-122.3947053,37.7830058</coordinates></Point></Placemark><Placemark><ExtendedData><Data name="@id"><value>node/14090541079</value></Data><Data name="camera:direction"><value>6</value></Data><Data name="camera:mount"><value>wall</value></Data><Data name="camera:type"><value>fixed</value></Data><Data name="man_made"><value>surveillance</value></Data><Data name="surveillance"><value>public</value></Data><Data name="surveillance:type"><value>camera</value></Data><Data name="surveillance:zone"><value>street</value></Data></ExtendedData><Point><coordinates>-122.394784,37.7829437</coordinates></Point></Placemark><Placemark><ExtendedData><Data name="@id"><value>node/14090541986</value></Data><Data name="camera:direction"><value>138</value></Data><Data name="camera:mount"><value>wall</value></Data><Data name="camera:type"><value>dome</value></Data><Data name="man_made"><value>surveillance</value></Data><Data name="surveillance"><value>public</value></Data><Data name="surveillance:type"><value>camera</value></Data><Data name="surveillance:zone"><value>street</value></Data></ExtendedData><Point><coordinates>-122.397647,37.7800778</coordinates></Point></Placemark><Placemark><ExtendedData><Data name="@id"><value>node/14090553136</value></Data><Data name="camera:direction"><value>97</value></Data><Data name="camera:mount"><value>wall</value></Data><Data name="camera:type"><value>fixed</value></Data><Data name="man_made"><value>surveillance</value></Data><Data name="surveillance"><value>public</value></Data><Data name="surveillance:type"><value>camera</value></Data><Data name="surveillance:zone"><value>entrance;street</value></Data></ExtendedData><Point><coordinates>-122.3968113,37.7807391</coordinates></Point></Placemark><Placemark><ExtendedData><Data name="@id"><value>node/14090557089</value></Data><Data name="camera:direction"><value>104</value></Data><Data name="camera:mount"><value>wall</value></Data><Data name="camera:type"><value>fixed</value></Data><Data name="man_made"><value>surveillance</value></Data><Data name="surveillance"><value>public</value></Data><Data name="surveillance:type"><value>camera</value></Data><Data name="surveillance:zone"><value>entrance;street</value></Data></ExtendedData><Point><coordinates>-122.396434,37.7816304</coordinates></Point></Placemark><Placemark><ExtendedData><Data name="@id"><value>node/14090557090</value></Data><Data name="camera:direction"><value>12</value></Data><Data name="camera:mount"><value>wall</value></Data><Data name="camera:type"><value>fixed</value></Data><Data name="man_made"><value>surveillance</value></Data><Data name="surveillance"><value>public</value></Data><Data name="surveillance:type"><value>camera</value></Data><Data name="surveillance:zone"><value>street</value></Data></ExtendedData><Point><coordinates>-122.3959348,37.7820397</coordinates></Point></Placemark><Placemark><ExtendedData><Data name="@id"><value>node/14090558025</value></Data><Data name="camera:direction"><value>191</value></Data><Data name="camera:mount"><value>wall</value></Data><Data name="camera:type"><value>fixed</value></Data><Data name="man_made"><value>surveillance</value></Data><Data name="surveillance"><value>outdoor</value></Data><Data name="surveillance:type"><value>camera</value></Data></ExtendedData><Point><coordinates>-122.3979137,37.7800362</coordinates></Point></Placemark><Placemark><ExtendedData><Data name="@id"><value>node/14090558043</value></Data><Data name="camera:direction"><value>142</value></Data><Data name="camera:mount"><value>wall</value></Data><Data name="camera:type"><value>dome</value></Data><Data name="man_made"><value>surveillance</value></Data><Data name="surveillance"><value>public</value></Data><Data name="surveillance:type"><value>camera</value></Data><Data name="surveillance:zone"><value>entrance;street</value></Data></ExtendedData><Point><coordinates>-122.3946242,37.7832517</coordinates></Point></Placemark><Placemark><ExtendedData><Data name="@id"><value>node/14090558404</value></Data><Data name="camera:direction"><value>175</value></Data><Data name="camera:mount"><value>wall</value></Data><Data name="camera:type"><value>fixed</value></Data><Data name="man_made"><value>surveillance</value></Data><Data name="surveillance"><value>public</value></Data><Data name="surveillance:type"><value>camera</value></Data><Data name="surveillance:zone"><value>entrance;street</value></Data></ExtendedData><Point><coordinates>-122.3972047,37.780428</coordinates></Point></Placemark><Placemark><ExtendedData><Data name="@id"><value>node/14090561387</value></Data><Data name="camera:direction"><value>184</value></Data><Data name="camera:mount"><value>wall</value></Data><Data name="camera:type"><value>fixed</value></Data><Data name="man_made"><value>surveillance</value></Data><Data name="surveillance"><value>public</value></Data><Data name="surveillance:type"><value>camera</value></Data><Data name="surveillance:zone"><value>entrance;street</value></Data></ExtendedData><Point><coordinates>-122.3974845,37.7802065</coordinates></Point></Placemark><Placemark><ExtendedData><Data name="@id"><value>node/14090576099</value></Data><Data name="camera:direction"><value>138</value></Data><Data name="camera:mount"><value>wall</value></Data><Data name="camera:type"><value>dome</value></Data><Data name="man_made"><value>surveillance</value></Data><Data name="surveillance"><value>public</value></Data><Data name="surveillance:type"><value>camera</value></Data><Data name="surveillance:zone"><value>street</value></Data></ExtendedData><Point><coordinates>-122.397562,37.7801451</coordinates></Point></Placemark><Placemark><ExtendedData><Data name="@id"><value>node/14090578030</value></Data><Data name="camera:direction"><value>97</value></Data><Data name="camera:mount"><value>wall</value></Data><Data name="camera:type"><value>fixed</value></Data><Data name="man_made"><value>surveillance</value></Data><Data name="surveillance"><value>public</value></Data><Data name="surveillance:type"><value>camera</value></Data><Data name="surveillance:zone"><value>entrance;street</value></Data></ExtendedData><Point><coordinates>-122.3974686,37.7802192</coordinates></Point></Placemark><Placemark><ExtendedData><Data name="@id"><value>node/14090579550</value></Data><Data name="camera:direction"><value>176</value></Data><Data name="camera:mount"><value>wall</value></Data><Data name="camera:type"><value>fixed</value></Data><Data name="man_made"><value>surveillance</value></Data><Data name="surveillance"><value>public</value></Data><Data name="surveillance:type"><value>camera</value></Data><Data name="surveillance:zone"><value>entrance;street</value></Data></ExtendedData><Point><coordinates>-122.3970436,37.7805559</coordinates></Point></Placemark><Placemark><ExtendedData><Data name="@id"><value>node/14090581406</value></Data><Data name="camera:direction"><value>272</value></Data><Data name="camera:mount"><value>wall</value></Data><Data name="camera:type"><value>fixed</value></Data><Data name="man_made"><value>surveillance</value></Data><Data name="surveillance"><value>public</value></Data><Data name="surveillance:type"><value>camera</value></Data><Data name="surveillance:zone"><value>street</value></Data></ExtendedData><Point><coordinates>-122.3957467,37.7821871</coordinates></Point></Placemark><Placemark><ExtendedData><Data name="@id"><value>node/14090581407</value></Data><Data name="camera:direction"><value>300</value></Data><Data name="camera:mount"><value>wall</value></Data><Data name="camera:type"><value>dome</value></Data><Data name="man_made"><value>surveillance</value></Data><Data name="surveillance"><value>public</value></Data><Data name="surveillance:type"><value>camera</value></Data><Data name="surveillance:zone"><value>street</value></Data></ExtendedData><Point><coordinates>-122.3951121,37.7826848</coordinates></Point></Placemark><Placemark><ExtendedData><Data name="@id"><value>node/14090581408</value></Data><Data name="camera:direction"><value>300</value></Data><Data name="camera:mount"><value>wall</value></Data><Data name="camera:type"><value>dome</value></Data><Data name="man_made"><value>surveillance</value></Data><Data name="surveillance"><value>public</value></Data><Data name="surveillance:type"><value>camera</value></Data><Data name="surveillance:zone"><value>street</value></Data></ExtendedData><Point><coordinates>-122.3950803,37.7827099</coordinates></Point></Placemark><Placemark><ExtendedData><Data name="@id"><value>node/14090581552</value></Data><Data name="camera:direction"><value>83</value></Data><Data name="camera:mount"><value>wall</value></Data><Data name="camera:type"><value>fixed</value></Data><Data name="man_made"><value>surveillance</value></Data><Data name="surveillance"><value>public</value></Data><Data name="surveillance:type"><value>camera</value></Data></ExtendedData><Point><coordinates>-122.3963263,37.7811261</coordinates></Point></Placemark><Placemark><ExtendedData><Data name="@id"><value>node/14090581929</value></Data><Data name="camera:direction"><value>98</value></Data><Data name="camera:mount"><value>wall</value></Data><Data name="camera:type"><value>fixed</value></Data><Data name="man_made"><value>surveillance</value></Data><Data name="surveillance"><value>public</value></Data><Data name="surveillance:type"><value>camera</value></Data><Data name="surveillance:zone"><value>entrance;street</value></Data></ExtendedData><Point><coordinates>-122.397016,37.7805778</coordinates></Point></Placemark><Placemark><ExtendedData><Data name="@id"><value>node/14090581930</value></Data><Data name="camera:direction"><value>298</value></Data><Data name="camera:mount"><value>wall</value></Data><Data name="camera:type"><value>dome</value></Data><Data name="man_made"><value>surveillance</value></Data><Data name="surveillance"><value>public</value></Data><Data name="surveillance:type"><value>camera</value></Data><Data name="surveillance:zone"><value>entrance;street</value></Data></ExtendedData><Point><coordinates>-122.3956815,37.7822382</coordinates></Point></Placemark><Placemark><ExtendedData><Data name="@id"><value>node/14090581934</value></Data><Data name="camera:direction"><value>300</value></Data><Data name="camera:mount"><value>wall</value></Data><Data name="camera:type"><value>dome</value></Data><Data name="man_made"><value>surveillance</value></Data><Data name="surveillance"><value>public</value></Data><Data name="surveillance:type"><value>camera</value></Data><Data name="surveillance:zone"><value>street</value></Data></ExtendedData><Point><coordinates>-122.3949996,37.7827735</coordinates></Point></Placemark><Placemark><ExtendedData><Data name="@id"><value>node/14090587447</value></Data><Data name="camera:direction"><value>189</value></Data><Data name="camera:mount"><value>wall</value></Data><Data name="camera:type"><value>fixed</value></Data><Data name="man_made"><value>surveillance</value></Data><Data name="surveillance"><value>public</value></Data><Data name="surveillance:type"><value>camera</value></Data></ExtendedData><Point><coordinates>-122.3963049,37.7811433</coordinates></Point></Placemark><Placemark><ExtendedData><Data name="@id"><value>node/14090587514</value></Data><Data name="camera:direction"><value>24</value></Data><Data name="camera:mount"><value>wall</value></Data><Data name="camera:type"><value>fixed</value></Data><Data name="man_made"><value>surveillance</value></Data><Data name="surveillance"><value>public</value></Data><Data name="surveillance:type"><value>camera</value></Data><Data name="surveillance:zone"><value>entrance;street</value></Data></ExtendedData><Point><coordinates>-122.3964383,37.7816337</coordinates></Point></Placemark><Placemark><ExtendedData><Data name="@id"><value>node/14090595172</value></Data><Data name="camera:direction"><value>300</value></Data><Data name="camera:mount"><value>wall</value></Data><Data name="camera:type"><value>dome</value></Data><Data name="man_made"><value>surveillance</value></Data><Data name="surveillance"><value>public</value></Data><Data name="surveillance:type"><value>camera</value></Data><Data name="surveillance:zone"><value>street</value></Data></ExtendedData><Point><coordinates>-122.3953006,37.7825367</coordinates></Point></Placemark><Placemark><ExtendedData><Data name="@id"><value>node/14090595173</value></Data><Data name="camera:direction"><value>300</value></Data><Data name="camera:mount"><value>wall</value></Data><Data name="camera:type"><value>dome</value></Data><Data name="man_made"><value>surveillance</value></Data><Data name="surveillance"><value>public</value></Data><Data name="surveillance:type"><value>camera</value></Data><Data name="surveillance:zone"><value>street</value></Data></ExtendedData><Point><coordinates>-122.395265,37.7825646</coordinates></Point></Placemark><Placemark><ExtendedData><Data name="@id"><value>node/14090598140</value></Data><Data name="camera:direction"><value>316</value></Data><Data name="camera:mount"><value>wall</value></Data><Data name="camera:type"><value>dome</value></Data><Data name="man_made"><value>surveillance</value></Data><Data name="surveillance"><value>public</value></Data><Data name="surveillance:type"><value>camera</value></Data><Data name="surveillance:zone"><value>entrance;street</value></Data></ExtendedData><Point><coordinates>-122.394881,37.7828672</coordinates></Point></Placemark><Placemark><ExtendedData><Data name="@id"><value>node/14090599416</value></Data><Data name="camera:direction"><value>300</value></Data><Data name="camera:mount"><value>wall</value></Data><Data name="camera:type"><value>dome</value></Data><Data name="man_made"><value>surveillance</value></Data><Data name="surveillance"><value>public</value></Data><Data name="surveillance:type"><value>camera</value></Data><Data name="surveillance:zone"><value>street</value></Data></ExtendedData><Point><coordinates>-122.3951859,37.7826266</coordinates></Point></Placemark><Placemark><ExtendedData><Data name="@id"><value>node/14090602299</value></Data><Data name="camera:direction"><value>358</value></Data><Data name="camera:mount"><value>wall</value></Data><Data name="camera:type"><value>fixed</value></Data><Data name="man_made"><value>surveillance</value></Data><Data name="surveillance"><value>public</value></Data><Data name="surveillance:type"><value>camera</value></Data><Data name="surveillance:zone"><value>street</value></Data></ExtendedData><Point><coordinates>-122.3949928,37.7827789</coordinates></Point></Placemark><Placemark><ExtendedData><Data name="@id"><value>node/14090620304</value></Data><Data name="camera:direction"><value>314</value></Data><Data name="camera:mount"><value>wall</value></Data><Data name="camera:type"><value>dome</value></Data><Data name="man_made"><value>surveillance</value></Data><Data name="surveillance"><value>public</value></Data><Data name="surveillance:type"><value>camera</value></Data><Data name="surveillance:zone"><value>street</value></Data></ExtendedData><Point><coordinates>-122.3944882,37.7818652</coordinates></Point></Placemark><Placemark><ExtendedData><Data name="@id"><value>node/14091476903</value></Data><Data name="camera:type"><value>fixed</value></Data><Data name="direction"><value>142</value></Data><Data name="man_made"><value>surveillance</value></Data><Data name="manufacturer"><value>Flock Safety</value></Data><Data name="manufacturer:wikidata"><value>Q108485435</value></Data><Data name="surveillance"><value>public</value></Data><Data name="surveillance:type"><value>ALPR</value></Data><Data name="surveillance:zone"><value>traffic</value></Data></ExtendedData><Point><coordinates>-122.4192613,37.7601031</coordinates></Point></Placemark><Placemark><ExtendedData><Data name="@id"><value>node/14092744002</value></Data><Data name="camera:type"><value>fixed</value></Data><Data name="direction"><value>228</value></Data><Data name="man_made"><value>surveillance</value></Data><Data name="manufacturer"><value>Flock Safety</value></Data><Data name="manufacturer:wikidata"><value>Q108485435</value></Data><Data name="surveillance"><value>public</value></Data><Data name="surveillance:type"><value>ALPR</value></Data><Data name="surveillance:zone"><value>traffic</value></Data></ExtendedData><Point><coordinates>-122.4248382,37.7854782</coordinates></Point></Placemark><Placemark><ExtendedData><Data name="@id"><value>node/14095721001</value></Data><Data name="camera:type"><value>fixed</value></Data><Data name="direction"><value>331</value></Data><Data name="man_made"><value>surveillance</value></Data><Data name="manufacturer"><value>Flock Safety</value></Data><Data name="manufacturer:wikidata"><value>Q108485435</value></Data><Data name="operator"><value>San Francisco Police Department</value></Data><Data name="operator:type"><value>government</value></Data><Data name="operator:wikidata"><value>Q1320247</value></Data><Data name="surveillance"><value>public</value></Data><Data name="surveillance:type"><value>ALPR</value></Data><Data name="surveillance:zone"><value>traffic</value></Data></ExtendedData><Point><coordinates>-122.3888272,37.7659981</coordinates></Point></Placemark><Placemark><ExtendedData><Data name="@id"><value>node/14095732501</value></Data><Data name="camera:type"><value>fixed</value></Data><Data name="direction"><value>331</value></Data><Data name="man_made"><value>surveillance</value></Data><Data name="manufacturer"><value>Flock Safety</value></Data><Data name="manufacturer:wikidata"><value>Q108485435</value></Data><Data name="operator"><value>San Francisco Police Department</value></Data><Data name="operator:type"><value>government</value></Data><Data name="operator:wikidata"><value>Q1320247</value></Data><Data name="surveillance"><value>public</value></Data><Data name="surveillance:type"><value>ALPR</value></Data><Data name="surveillance:zone"><value>traffic</value></Data></ExtendedData><Point><coordinates>-122.3888272,37.7659981</coordinates></Point></Placemark><Placemark><ExtendedData><Data name="@id"><value>node/14098082301</value></Data><Data name="camera:type"><value>fixed</value></Data><Data name="direction"><value>0</value></Data><Data name="man_made"><value>surveillance</value></Data><Data name="manufacturer"><value>Leonardo</value></Data><Data name="manufacturer:wikidata"><value>Q910379</value></Data><Data name="surveillance"><value>public</value></Data><Data name="surveillance:type"><value>ALPR</value></Data><Data name="surveillance:zone"><value>traffic</value></Data></ExtendedData><Point><coordinates>-122.4215408,37.7625434</coordinates></Point></Placemark><Placemark><ExtendedData><Data name="@id"><value>node/14105454104</value></Data><Data name="camera:type"><value>fixed</value></Data><Data name="direction"><value>359</value></Data><Data name="man_made"><value>surveillance</value></Data><Data name="manufacturer"><value>Flock Safety</value></Data><Data name="manufacturer:wikidata"><value>Q108485435</value></Data><Data name="surveillance"><value>public</value></Data><Data name="surveillance:type"><value>ALPR</value></Data><Data name="surveillance:zone"><value>traffic</value></Data></ExtendedData><Point><coordinates>-122.4164161,37.7648066</coordinates></Point></Placemark><Placemark><ExtendedData><Data name="@id"><value>node/14105460901</value></Data><Data name="camera:mount"><value>street_lamp</value></Data><Data name="camera:type"><value>fixed</value></Data><Data name="direction"><value>359</value></Data><Data name="man_made"><value>surveillance</value></Data><Data name="manufacturer"><value>Flock Safety</value></Data><Data name="manufacturer:wikidata"><value>Q108485435</value></Data><Data name="surveillance"><value>public</value></Data><Data name="surveillance:type"><value>ALPR</value></Data><Data name="surveillance:zone"><value>traffic</value></Data></ExtendedData><Point><coordinates>-122.4152624,37.7656302</coordinates></Point></Placemark><Placemark><ExtendedData><Data name="@id"><value>node/14106457701</value></Data><Data name="camera:type"><value>fixed</value></Data><Data name="direction"><value>0</value></Data><Data name="man_made"><value>surveillance</value></Data><Data name="manufacturer"><value>Flock Safety</value></Data><Data name="manufacturer:wikidata"><value>Q108485435</value></Data><Data name="surveillance"><value>public</value></Data><Data name="surveillance:type"><value>ALPR</value></Data><Data name="surveillance:zone"><value>traffic</value></Data></ExtendedData><Point><coordinates>-122.4175725,37.7745485</coordinates></Point></Placemark><Placemark><ExtendedData><Data name="@id"><value>node/14106525501</value></Data><Data name="camera:type"><value>fixed</value></Data><Data name="direction"><value>0</value></Data><Data name="man_made"><value>surveillance</value></Data><Data name="manufacturer"><value>Flock Safety</value></Data><Data name="manufacturer:wikidata"><value>Q108485435</value></Data><Data name="surveillance"><value>public</value></Data><Data name="surveillance:type"><value>ALPR</value></Data><Data name="surveillance:zone"><value>traffic</value></Data></ExtendedData><Point><coordinates>-122.4177083,37.7735158</coordinates></Point></Placemark><Placemark><ExtendedData><Data name="@id"><value>node/14106526901</value></Data><Data name="camera:type"><value>fixed</value></Data><Data name="direction"><value>0</value></Data><Data name="man_made"><value>surveillance</value></Data><Data name="manufacturer"><value>Flock Safety</value></Data><Data name="manufacturer:wikidata"><value>Q108485435</value></Data><Data name="surveillance"><value>public</value></Data><Data name="surveillance:type"><value>ALPR</value></Data><Data name="surveillance:zone"><value>traffic</value></Data></ExtendedData><Point><coordinates>-122.4180502,37.7736232</coordinates></Point></Placemark><Placemark><ExtendedData><Data name="@id"><value>node/14106566310</value></Data><Data name="direction"><value>160</value></Data><Data name="man_made"><value>surveillance</value></Data><Data name="manufacturer"><value>Flock Safety</value></Data><Data name="manufacturer:wikidata"><value>Q108485435</value></Data><Data name="surveillance"><value>traffic</value></Data><Data name="surveillance:type"><value>ALPR</value></Data><Data name="surveillance:zone"><value>street</value></Data></ExtendedData><Point><coordinates>-122.4144693,37.778608</coordinates></Point></Placemark><Placemark><ExtendedData><Data name="@id"><value>node/14108529001</value></Data><Data name="camera:type"><value>fixed</value></Data><Data name="direction"><value>0</value></Data><Data name="man_made"><value>surveillance</value></Data><Data name="manufacturer"><value>Flock Safety</value></Data><Data name="manufacturer:wikidata"><value>Q108485435</value></Data><Data name="surveillance"><value>public</value></Data><Data name="surveillance:type"><value>ALPR</value></Data><Data name="surveillance:zone"><value>traffic</value></Data></ExtendedData><Point><coordinates>-122.4141975,37.7652389</coordinates></Point></Placemark><Placemark><ExtendedData><Data name="@id"><value>node/14108529002</value></Data><Data name="camera:type"><value>fixed</value></Data><Data name="direction"><value>0;36</value></Data><Data name="man_made"><value>surveillance</value></Data><Data name="manufacturer"><value>Flock Safety</value></Data><Data name="manufacturer:wikidata"><value>Q108485435</value></Data><Data name="surveillance"><value>public</value></Data><Data name="surveillance:type"><value>ALPR</value></Data><Data name="surveillance:zone"><value>traffic</value></Data></ExtendedData><Point><coordinates>-122.4141975,37.7652389</coordinates></Point></Placemark><Placemark><ExtendedData><Data name="@id"><value>node/14116285906</value></Data><Data name="camera:model"><value>Condor</value></Data><Data name="camera:type"><value>dome</value></Data><Data name="direction"><value>0-360</value></Data><Data name="man_made"><value>surveillance</value></Data><Data name="manufacturer"><value>Flock Safety</value></Data><Data name="manufacturer:wikidata"><value>Q108485435</value></Data><Data name="surveillance"><value>public</value></Data><Data name="surveillance:type"><value>camera</value></Data></ExtendedData><Point><coordinates>-122.4570543,37.8011795</coordinates></Point></Placemark><Placemark><name>Flock Falcon</name><ExtendedData><Data name="@id"><value>node/14116285907</value></Data><Data name="camera:type"><value>fixed</value></Data><Data name="direction"><value>313</value></Data><Data name="man_made"><value>surveillance</value></Data><Data name="manufacturer"><value>Flock Safety</value></Data><Data name="manufacturer:wikidata"><value>Q108485435</value></Data><Data name="name"><value>Flock Falcon</value></Data><Data name="surveillance"><value>public</value></Data><Data name="surveillance:type"><value>ALPR</value></Data><Data name="surveillance:zone"><value>traffic</value></Data></ExtendedData><Point><coordinates>-122.4067914,37.7980407</coordinates></Point></Placemark><Placemark><name>Flock Falcon</name><ExtendedData><Data name="@id"><value>node/14116293904</value></Data><Data name="camera:type"><value>fixed</value></Data><Data name="direction"><value>262</value></Data><Data name="man_made"><value>surveillance</value></Data><Data name="manufacturer"><value>Flock Safety</value></Data><Data name="manufacturer:wikidata"><value>Q108485435</value></Data><Data name="name"><value>Flock Falcon</value></Data><Data name="surveillance"><value>public</value></Data><Data name="surveillance:type"><value>ALPR</value></Data><Data name="surveillance:zone"><value>traffic</value></Data></ExtendedData><Point><coordinates>-122.4236614,37.795799</coordinates></Point></Placemark><Placemark><ExtendedData><Data name="@id"><value>node/14116295001</value></Data><Data name="camera:model"><value>Condor</value></Data><Data name="camera:type"><value>dome</value></Data><Data name="direction"><value>0-360</value></Data><Data name="man_made"><value>surveillance</value></Data><Data name="manufacturer"><value>Flock Safety</value></Data><Data name="manufacturer:wikidata"><value>Q108485435</value></Data><Data name="surveillance"><value>public</value></Data><Data name="surveillance:type"><value>camera</value></Data></ExtendedData><Point><coordinates>-122.3741395,37.8218066</coordinates></Point></Placemark><Placemark><ExtendedData><Data name="@id"><value>node/14129917401</value></Data><Data name="camera:mount"><value>street_lamp</value></Data><Data name="camera:type"><value>fixed</value></Data><Data name="direction"><value>258</value></Data><Data name="man_made"><value>surveillance</value></Data><Data name="manufacturer"><value>Flock Safety</value></Data><Data name="manufacturer:wikidata"><value>Q108485435</value></Data><Data name="surveillance"><value>public</value></Data><Data name="surveillance:type"><value>ALPR</value></Data><Data name="surveillance:zone"><value>traffic</value></Data></ExtendedData><Point><coordinates>-122.4445538,37.7920776</coordinates></Point></Placemark><Placemark><ExtendedData><Data name="@id"><value>node/14132225701</value></Data><Data name="camera:type"><value>fixed</value></Data><Data name="direction"><value>200</value></Data><Data name="man_made"><value>surveillance</value></Data><Data name="manufacturer"><value>Flock Safety</value></Data><Data name="manufacturer:wikidata"><value>Q108485435</value></Data><Data name="surveillance"><value>public</value></Data><Data name="surveillance:type"><value>ALPR</value></Data><Data name="surveillance:zone"><value>traffic</value></Data></ExtendedData><Point><coordinates>-122.4043147,37.7387901</coordinates></Point></Placemark><Placemark><ExtendedData><Data name="@id"><value>node/14132485301</value></Data><Data name="camera:mount"><value>pole</value></Data><Data name="camera:type"><value>fixed</value></Data><Data name="direction"><value>208</value></Data><Data name="man_made"><value>surveillance</value></Data><Data name="manufacturer"><value>Genetec</value></Data><Data name="manufacturer:wikidata"><value>Q30295174</value></Data><Data name="surveillance"><value>public</value></Data><Data name="surveillance:type"><value>ALPR</value></Data><Data name="surveillance:zone"><value>traffic</value></Data></ExtendedData><Point><coordinates>-122.395107,37.784406</coordinates></Point></Placemark><Placemark><ExtendedData><Data name="@id"><value>node/14133873401</value></Data><Data name="camera:mount"><value>pole</value></Data><Data name="camera:type"><value>fixed</value></Data><Data name="direction"><value>359</value></Data><Data name="man_made"><value>surveillance</value></Data><Data name="manufacturer"><value>Flock Safety</value></Data><Data name="manufacturer:wikidata"><value>Q108485435</value></Data><Data name="surveillance"><value>public</value></Data><Data name="surveillance:type"><value>ALPR</value></Data><Data name="surveillance:zone"><value>traffic</value></Data></ExtendedData><Point><coordinates>-122.4135119,37.7782288</coordinates></Point></Placemark><Placemark><ExtendedData><Data name="@id"><value>node/14133882701</value></Data><Data name="camera:type"><value>fixed</value></Data><Data name="direction"><value>202</value></Data><Data name="man_made"><value>surveillance</value></Data><Data name="manufacturer"><value>Flock Safety</value></Data><Data name="manufacturer:wikidata"><value>Q108485435</value></Data><Data name="operator"><value>Simon Property Group</value></Data><Data name="operator:type"><value>private</value></Data><Data name="operator:wikidata"><value>Q2287759</value></Data><Data name="surveillance"><value>public</value></Data><Data name="surveillance:type"><value>ALPR</value></Data><Data name="surveillance:zone"><value>traffic</value></Data></ExtendedData><Point><coordinates>-122.4135119,37.7782288</coordinates></Point></Placemark><Placemark><ExtendedData><Data name="@id"><value>node/14135192803</value></Data><Data name="direction"><value>330</value></Data><Data name="fixme"><value>position_estimated</value></Data><Data name="man_made"><value>surveillance</value></Data><Data name="operator"><value>San Francisco Police Department</value></Data><Data name="operator:wikidata"><value>Q1320247</value></Data><Data name="surveillance"><value>traffic</value></Data><Data name="surveillance:type"><value>ALPR</value></Data><Data name="surveillance:zone"><value>traffic</value></Data></ExtendedData><Point><coordinates>-122.4224775,37.7748342</coordinates></Point></Placemark><Placemark><ExtendedData><Data name="@id"><value>node/14141619701</value></Data><Data name="camera:type"><value>fixed</value></Data><Data name="direction"><value>148</value></Data><Data name="man_made"><value>surveillance</value></Data><Data name="manufacturer"><value>Leonardo</value></Data><Data name="manufacturer:wikidata"><value>Q910379</value></Data><Data name="surveillance"><value>public</value></Data><Data name="surveillance:type"><value>ALPR</value></Data><Data name="surveillance:zone"><value>traffic</value></Data></ExtendedData><Point><coordinates>-122.4240977,37.7388002</coordinates></Point></Placemark><Placemark><ExtendedData><Data name="@id"><value>node/14142151201</value></Data><Data name="camera:type"><value>fixed</value></Data><Data name="direction"><value>0</value></Data><Data name="man_made"><value>surveillance</value></Data><Data name="manufacturer"><value>Flock Safety</value></Data><Data name="manufacturer:wikidata"><value>Q108485435</value></Data><Data name="surveillance"><value>public</value></Data><Data name="surveillance:type"><value>ALPR</value></Data><Data name="surveillance:zone"><value>traffic</value></Data></ExtendedData><Point><coordinates>-122.4207856,37.7744448</coordinates></Point></Placemark><Placemark><ExtendedData><Data name="@id"><value>node/14158014501</value></Data><Data name="camera:type"><value>fixed</value></Data><Data name="direction"><value>168</value></Data><Data name="man_made"><value>surveillance</value></Data><Data name="manufacturer"><value>Flock Safety</value></Data><Data name="manufacturer:wikidata"><value>Q108485435</value></Data><Data name="surveillance"><value>public</value></Data><Data name="surveillance:type"><value>ALPR</value></Data><Data name="surveillance:zone"><value>traffic</value></Data></ExtendedData><Point><coordinates>-122.4268861,37.7679376</coordinates></Point></Placemark><Placemark><ExtendedData><Data name="@id"><value>node/14161932501</value></Data><Data name="camera:type"><value>fixed</value></Data><Data name="direction"><value>283</value></Data><Data name="man_made"><value>surveillance</value></Data><Data name="manufacturer"><value>Flock Safety</value></Data><Data name="manufacturer:wikidata"><value>Q108485435</value></Data><Data name="surveillance"><value>public</value></Data><Data name="surveillance:type"><value>ALPR</value></Data><Data name="surveillance:zone"><value>traffic</value></Data></ExtendedData><Point><coordinates>-122.4378495,37.7967497</coordinates></Point></Placemark><Placemark><ExtendedData><Data name="@id"><value>node/14162743704</value></Data><Data name="camera:type"><value>fixed</value></Data><Data name="direction"><value>135</value></Data><Data name="man_made"><value>surveillance</value></Data><Data name="manufacturer"><value>Flock Safety</value></Data><Data name="manufacturer:wikidata"><value>Q108485435</value></Data><Data name="surveillance"><value>public</value></Data><Data name="surveillance:type"><value>ALPR</value></Data><Data name="surveillance:zone"><value>traffic</value></Data></ExtendedData><Point><coordinates>-122.4136276,37.7809622</coordinates></Point></Placemark><Placemark><ExtendedData><Data name="@id"><value>node/14173727501</value></Data><Data name="camera:type"><value>fixed</value></Data><Data name="direction"><value>166</value></Data><Data name="man_made"><value>surveillance</value></Data><Data name="manufacturer"><value>Flock Safety</value></Data><Data name="manufacturer:wikidata"><value>Q108485435</value></Data><Data name="surveillance"><value>public</value></Data><Data name="surveillance:type"><value>ALPR</value></Data><Data name="surveillance:zone"><value>traffic</value></Data></ExtendedData><Point><coordinates>-122.4760113,37.7257854</coordinates></Point></Placemark><Placemark><ExtendedData><Data name="@id"><value>node/14184093001</value></Data><Data name="camera:type"><value>fixed</value></Data><Data name="direction"><value>90</value></Data><Data name="image"><value>https://alpr.pictures/san-francisco/state%20ebns%20garage.jpg</value></Data><Data name="man_made"><value>surveillance</value></Data><Data name="manufacturer"><value>Flock Safety</value></Data><Data name="manufacturer:wikidata"><value>Q108485435</value></Data><Data name="surveillance"><value>public</value></Data><Data name="surveillance:type"><value>ALPR</value></Data><Data name="surveillance:zone"><value>traffic</value></Data></ExtendedData><Point><coordinates>-122.4818963,37.7240401</coordinates></Point></Placemark><Placemark><ExtendedData><Data name="@id"><value>node/14184093101</value></Data><Data name="camera:type"><value>dome</value></Data><Data name="direction"><value>0-360</value></Data><Data name="man_made"><value>surveillance</value></Data><Data name="surveillance"><value>public</value></Data><Data name="surveillance:type"><value>camera</value></Data></ExtendedData><Point><coordinates>-122.4839664,37.7269553</coordinates></Point></Placemark><Placemark><ExtendedData><Data name="@id"><value>node/14184093102</value></Data><Data name="camera:direction"><value>0-360</value></Data><Data name="camera:type"><value>dome</value></Data><Data name="direction"><value>0-360</value></Data><Data name="image"><value>https://alpr.pictures/san-francisco/great%20hwy%20sjo%20fulton.jpg</value></Data><Data name="man_made"><value>surveillance</value></Data><Data name="manufacturer"><value>Flock Safety</value></Data><Data name="manufacturer:wikidata"><value>Q108485435</value></Data><Data name="surveillance"><value>public</value></Data><Data name="surveillance:type"><value>camera</value></Data></ExtendedData><Point><coordinates>-122.5110979,37.7703651</coordinates></Point></Placemark><Placemark><ExtendedData><Data name="@id"><value>node/14184093103</value></Data><Data name="camera:type"><value>fixed</value></Data><Data name="direction"><value>35;150;70;300</value></Data><Data name="man_made"><value>surveillance</value></Data><Data name="surveillance"><value>public</value></Data><Data name="surveillance:type"><value>camera</value></Data><Data name="surveillance:zone"><value>traffic</value></Data></ExtendedData><Point><coordinates>-122.4757439,37.8043006</coordinates></Point></Placemark><Placemark><ExtendedData><Data name="@id"><value>node/14184093201</value></Data><Data name="camera:type"><value>dome</value></Data><Data name="direction"><value>0-360</value></Data><Data name="man_made"><value>surveillance</value></Data><Data name="surveillance"><value>public</value></Data><Data name="surveillance:type"><value>camera</value></Data></ExtendedData><Point><coordinates>-122.4819988,37.7259885</coordinates></Point></Placemark><Placemark><ExtendedData><Data name="@id"><value>node/14184093202</value></Data><Data name="camera:type"><value>fixed</value></Data><Data name="direction"><value>85</value></Data><Data name="man_made"><value>surveillance</value></Data><Data name="surveillance"><value>public</value></Data><Data name="surveillance:type"><value>camera</value></Data><Data name="surveillance:zone"><value>traffic</value></Data></ExtendedData><Point><coordinates>-122.4831056,37.7905686</coordinates></Point></Placemark><Placemark><ExtendedData><Data name="@id"><value>node/14184093302</value></Data><Data name="camera:type"><value>fixed</value></Data><Data name="direction"><value>175;295</value></Data><Data name="image"><value>https://alpr.pictures/san-francisco/bowley%20jso%20gibson.jpg</value></Data><Data name="man_made"><value>surveillance</value></Data><Data name="surveillance"><value>public</value></Data><Data name="surveillance:type"><value>ALPR</value></Data><Data name="surveillance:zone"><value>traffic</value></Data></ExtendedData><Point><coordinates>-122.4822853,37.7904248</coordinates></Point></Placemark><Placemark><ExtendedData><Data name="@id"><value>node/14184094201</value></Data><Data name="camera:type"><value>dome</value></Data><Data name="direction"><value>0-360</value></Data><Data name="man_made"><value>surveillance</value></Data><Data name="surveillance"><value>public</value></Data><Data name="surveillance:type"><value>camera</value></Data></ExtendedData><Point><coordinates>-122.4508388,37.8020059</coordinates></Point></Placemark><Placemark><ExtendedData><Data name="@id"><value>node/14185946201</value></Data><Data name="camera:type"><value>fixed</value></Data><Data name="direction"><value>0</value></Data><Data name="man_made"><value>surveillance</value></Data><Data name="manufacturer"><value>Flock Safety</value></Data><Data name="manufacturer:wikidata"><value>Q108485435</value></Data><Data name="surveillance"><value>public</value></Data><Data name="surveillance:type"><value>ALPR</value></Data><Data name="surveillance:zone"><value>traffic</value></Data></ExtendedData><Point><coordinates>-122.4566398,37.7432853</coordinates></Point></Placemark><Placemark><ExtendedData><Data name="@id"><value>node/14197450102</value></Data><Data name="camera:type"><value>fixed</value></Data><Data name="direction"><value>182</value></Data><Data name="man_made"><value>surveillance</value></Data><Data name="manufacturer"><value>Flock Safety</value></Data><Data name="manufacturer:wikidata"><value>Q108485435</value></Data><Data name="surveillance"><value>public</value></Data><Data name="surveillance:type"><value>ALPR</value></Data><Data name="surveillance:zone"><value>traffic</value></Data></ExtendedData><Point><coordinates>-122.4235338,37.7592338</coordinates></Point></Placemark><Placemark><ExtendedData><Data name="@id"><value>node/14197451501</value></Data><Data name="camera:type"><value>fixed</value></Data><Data name="direction"><value>26</value></Data><Data name="man_made"><value>surveillance</value></Data><Data name="manufacturer"><value>Motorola Solutions</value></Data><Data name="manufacturer:wikidata"><value>Q634815</value></Data><Data name="surveillance"><value>public</value></Data><Data name="surveillance:type"><value>ALPR</value></Data><Data name="surveillance:zone"><value>traffic</value></Data></ExtendedData><Point><coordinates>-122.4231052,37.742733</coordinates></Point></Placemark><Placemark><ExtendedData><Data name="@id"><value>node/14197451601</value></Data><Data name="camera:type"><value>fixed</value></Data><Data name="direction"><value>194</value></Data><Data name="man_made"><value>surveillance</value></Data><Data name="manufacturer"><value>Motorola Solutions</value></Data><Data name="manufacturer:wikidata"><value>Q634815</value></Data><Data name="surveillance"><value>public</value></Data><Data name="surveillance:type"><value>ALPR</value></Data><Data name="surveillance:zone"><value>traffic</value></Data></ExtendedData><Point><coordinates>-122.4228334,37.7433675</coordinates></Point></Placemark><Placemark><ExtendedData><Data name="@id"><value>node/14213736613</value></Data><Data name="camera:type"><value>fixed</value></Data><Data name="direction"><value>105</value></Data><Data name="man_made"><value>surveillance</value></Data><Data name="manufacturer"><value>Flock Safety</value></Data><Data name="manufacturer:wikidata"><value>Q108485435</value></Data><Data name="operator"><value>San Francisco Police Department</value></Data><Data name="operator:wikidata"><value>Q1320247</value></Data><Data name="surveillance"><value>public</value></Data><Data name="surveillance:type"><value>ALPR</value></Data><Data name="surveillance:zone"><value>traffic</value></Data></ExtendedData><Point><coordinates>-122.3987525,37.7439285</coordinates></Point></Placemark><Placemark><ExtendedData><Data name="@id"><value>node/14219844101</value></Data><Data name="camera:type"><value>fixed</value></Data><Data name="direction"><value>0</value></Data><Data name="man_made"><value>surveillance</value></Data><Data name="manufacturer"><value>Flock Safety</value></Data><Data name="manufacturer:wikidata"><value>Q108485435</value></Data><Data name="surveillance"><value>public</value></Data><Data name="surveillance:type"><value>ALPR</value></Data><Data name="surveillance:zone"><value>traffic</value></Data></ExtendedData><Point><coordinates>-122.436885,37.7387128</coordinates></Point></Placemark></Document></kml>