{
  "type": "FeatureCollection",
  "generator": "overpass-turbo",
  "copyright": "The data included in this document is from www.openstreetmap.org. The data is made available under ODbL.",
  "timestamp": "2026-10-01T14:34:17Z",
  "features": [
    {
      "type": "Feature",
      "properties": {
        "@id": "node/1392953862",
        "camera:direction": "277",
        "camera:mount": "wall",
        "camera:type": "dome",
        "man_made": "surveillance",
        "surveillance": "outdoor",
        "surveillance:type": "camera",
        "surveillance:zone": "entrance"
      },
      "geometry": {
        "type": "Point",
        "coordinates": [
          -122.3886816,
          37.7842526
        ]
      },
      "id": "node/1392953862"
    },
    {
      "type": "Feature",
      "properties": {
        "@id": "node/1607241531",
        "camera:direction": "240",
        "camera:mount": "wall",
        "camera:type": "fixed",
        "man_made": "surveillance",
        "surveillance": "public",
        "surveillance:type": "camera",
        "surveillance:zone": "entrance"
      },
      "geometry": {
        "type": "Point",
        "coordinates": [
          -122.3941002,
          37.7825584
        ]
      },
      "id": "node/1607241531"
    },
    {
      "type": "Feature",
      "properties": {
        "@id": "node/2634186259",
        "camera:direction": "N",
        "camera:mount": "wall",
        "camera:type": "dome",
        "man_made": "surveillance",
        "surveillance": "public",
        "surveillance:type": "camera",
        "surveillance:zone": "street"
      },
      "geometry": {
        "type": "Point",
        "coordinates": [
          -122.4284284,
          37.7856589
        ]
      },
      "id": "node/2634186259"
    },
    {
      "type": "Feature",
      "properties": {
        "@id": "node/2801071364",
        "camera:direction": "89",
        "camera:mount": "wall",
        "camera:type": "fixed",
        "man_made": "surveillance",
        "manufacturer:wikidata": "Q5297222",
        "surveillance": "public",
        "surveillance:type": "camera"
      },
      "geometry": {
        "type": "Point",
        "coordinates": [
          -122.4704442,
          37.7749251
        ]
      },
      "id": "node/2801071364"
    },
    {
      "type": "Feature",
      "properties": {
        "@id": "node/3201045669",
        "amenity": "parking_entrance",
        "camera:direction": "237",
        "camera:mount": "wall",
        "camera:type": "dome",
        "man_made": "surveillance",
        "parking": "underground",
        "surveillance": "public",
        "surveillance:type": "camera",
        "surveillance:zone": "entrance;street"
      },
      "geometry": {
        "type": "Point",
        "coordinates": [
          -122.390151,
          37.7895667
        ]
      },
      "id": "node/3201045669"
    },
    {
      "type": "Feature",
      "properties": {
        "@id": "node/4034036876",
        "camera:mount": "pole",
        "camera:type": "fixed",
        "direction": "100",
        "image": "https://alpr.pictures/san-francisco/lincoln%20ebfs%2018th.jpg",
        "man_made": "surveillance",
        "manufacturer": "Flock Safety",
        "manufacturer:wikidata": "Q108485435",
        "operator": "San Francisco Police Department",
        "operator:wikidata": "Q1320247",
        "surveillance": "public",
        "surveillance:type": "ALPR",
        "surveillance:zone": "traffic"
      },
      "geometry": {
        "type": "Point",
        "coordinates": [
          -122.4760181,
          37.7655162
        ]
      },
      "id": "node/4034036876"
    },
    {
      "type": "Feature",
      "properties": {
        "@id": "node/10612927301",
        "camera:direction": "178",
        "camera:mount": "wall",
        "man_made": "surveillance",
        "surveillance": "outdoor",
        "surveillance:type": "camera",
        "surveillance:zone": "parking"
      },
      "geometry": {
        "type": "Point",
        "coordinates": [
          -122.4776933,
          37.7650798
        ]
      },
      "id": "node/10612927301"
    },
    {
      "type": "Feature",
      "properties": {
        "@id": "node/10671986862",
        "camera:direction": "266",
        "camera:type": "dome",
        "man_made": "surveillance",
        "surveillance": "public",
        "surveillance:type": "camera",
        "surveillance:zone": "street"
      },
      "geometry": {
        "type": "Point",
        "coordinates": [
          -122.4781631,
          37.7800545
        ]
      },
      "id": "node/10671986862"
    },
    {
      "type": "Feature",
      "properties": {
        "@id": "node/10681921355",
        "camera:mount": "wall",
        "camera:type": "fixed",
        "direction": "SE",
        "man_made": "surveillance",
        "surveillance": "outdoor",
        "surveillance:type": "camera",
        "surveillance:zone": "street"
      },
      "geometry": {
        "type": "Point",
        "coordinates": [
          -122.4748051,
          37.7747463
        ]
      },
      "id": "node/10681921355"
    },
    {
      "type": "Feature",
      "properties": {
        "@id": "node/10681921356",
        "camera:mount": "wall",
        "camera:type": "fixed",
        "direction": "NW",
        "man_made": "surveillance",
        "surveillance": "outdoor",
        "surveillance:type": "camera",
        "surveillance:zone": "street"
      },
      "geometry": {
        "type": "Point",
        "coordinates": [
          -122.4748305,
          37.7747612
        ]
      },
      "id": "node/10681921356"
    },
    {
      "type": "Feature",
      "properties": {
        "@id": "node/10681921357",
        "camera:mount": "wall",
        "camera:type": "fixed",
        "direction": "SW",
        "man_made": "surveillance",
        "surveillance": "outdoor",
        "surveillance:type": "camera",
        "surveillance:zone": "street"
      },
      "geometry": {
        "type": "Point",
        "coordinates": [
          -122.4745574,
          37.774608
        ]
      },
      "id": "node/10681921357"
    },
    {
      "type": "Feature",
      "properties": {
        "@id": "node/10681921358",
        "camera:mount": "wall",
        "camera:type": "fixed",
        "direction": "SW",
        "man_made": "surveillance",
        "surveillance": "outdoor",
        "surveillance:type": "camera",
        "surveillance:zone": "street"
      },
      "geometry": {
        "type": "Point",
        "coordinates": [
          -122.474556,
          37.7745914
        ]
      },
      "id": "node/10681921358"
    },
    {
      "type": "Feature",
      "properties": {
        "@id": "node/10681921362",
        "camera:mount": "wall",
        "camera:type": "fixed",
        "direction": "ESE",
        "man_made": "surveillance",
        "surveillance": "outdoor",
        "surveillance:type": "camera",
        "surveillance:zone": "entrance"
      },
      "geometry": {
        "type": "Point",
        "coordinates": [
          -122.4747103,
          37.7734183
        ]
      },
      "id": "node/10681921362"
    },
    {
      "type": "Feature",
      "properties": {
        "@id": "node/10681921363",
        "camera:mount": "wall",
        "camera:type": "fixed",
        "direction": "SE",
        "man_made": "surveillance",
        "surveillance": "outdoor",
        "surveillance:type": "camera",
        "surveillance:zone": "entrance"
      },
      "geometry": {
        "type": "Point",
        "coordinates": [
          -122.4747055,
          37.7734436
        ]
      },
      "id": "node/10681921363"
    },
    {
      "type": "Feature",
      "properties": {
        "@id": "node/10681921364",
        "camera:mount": "wall",
        "camera:type": "fixed",
        "direction": "ESE",
        "man_made": "surveillance",
        "surveillance": "outdoor",
        "surveillance:type": "camera",
        "surveillance:zone": "street"
      },
      "geometry": {
        "type": "Point",
        "coordinates": [
          -122.4747132,
          37.7734796
        ]
      },
      "id": "node/10681921364"
    },
    {
      "type": "Feature",
      "properties": {
        "@id": "node/10681921365",
        "camera:mount": "wall",
        "camera:type": "fixed",
        "direction": "NNW",
        "man_made": "surveillance",
        "surveillance": "outdoor",
        "surveillance:type": "camera",
        "surveillance:zone": "street"
      },
      "geometry": {
        "type": "Point",
        "coordinates": [
          -122.4747162,
          37.7735042
        ]
      },
      "id": "node/10681921365"
    },
    {
      "type": "Feature",
      "properties": {
        "@id": "node/10681979480",
        "camera:mount": "wall",
        "camera:type": "fixed",
        "direction": "E",
        "man_made": "surveillance",
        "surveillance": "outdoor",
        "surveillance:type": "camera",
        "surveillance:zone": "street"
      },
      "geometry": {
        "type": "Point",
        "coordinates": [
          -122.4739269,
          37.7778829
        ]
      },
      "id": "node/10681979480"
    },
    {
      "type": "Feature",
      "properties": {
        "@id": "node/10681979484",
        "camera:mount": "wall",
        "camera:type": "dome",
        "direction": "E",
        "man_made": "surveillance",
        "surveillance": "outdoor",
        "surveillance:type": "camera",
        "surveillance:zone": "entrance"
      },
      "geometry": {
        "type": "Point",
        "coordinates": [
          -122.4739854,
          37.7790429
        ]
      },
      "id": "node/10681979484"
    },
    {
      "type": "Feature",
      "properties": {
        "@id": "node/10681979485",
        "camera:mount": "wall",
        "camera:type": "fixed",
        "direction": "E",
        "man_made": "surveillance",
        "surveillance": "outdoor",
        "surveillance:type": "camera",
        "surveillance:zone": "street"
      },
      "geometry": {
        "type": "Point",
        "coordinates": [
          -122.4740285,
          37.7793434
        ]
      },
      "id": "node/10681979485"
    },
    {
      "type": "Feature",
      "properties": {
        "@id": "node/10681979486",
        "camera:mount": "wall",
        "camera:type": "door",
        "direction": "E",
        "man_made": "surveillance",
        "surveillance": "outdoor",
        "surveillance:type": "camera",
        "surveillance:zone": "entrance"
      },
      "geometry": {
        "type": "Point",
        "coordinates": [
          -122.4740827,
          37.7800071
        ]
      },
      "id": "node/10681979486"
    },
    {
      "type": "Feature",
      "properties": {
        "@id": "node/10684063289",
        "camera:mount": "wall",
        "direction": "ENE",
        "man_made": "surveillance",
        "surveillance": "outdoor",
        "surveillance:type": "camera",
        "surveillance:zone": "street"
      },
      "geometry": {
        "type": "Point",
        "coordinates": [
          -122.4773853,
          37.7765195
        ]
      },
      "id": "node/10684063289"
    },
    {
      "type": "Feature",
      "properties": {
        "@id": "node/10684063290",
        "camera:mount": "wall",
        "camera:type": "door",
        "direction": "N",
        "man_made": "surveillance",
        "surveillance": "outdoor",
        "surveillance:type": "camera",
        "surveillance:zone": "entrance"
      },
      "geometry": {
        "type": "Point",
        "coordinates": [
          -122.477204,
          37.7764886
        ]
      },
      "id": "node/10684063290"
    },
    {
      "type": "Feature",
      "properties": {
        "@id": "node/10684063291",
        "camera:mount": "wall",
        "camera:type": "fixed",
        "direction": "N",
        "man_made": "surveillance",
        "surveillance": "outdoor",
        "surveillance:type": "camera",
        "surveillance:zone": "entrance"
      },
      "geometry": {
        "type": "Point",
        "coordinates": [
          -122.4774778,
          37.7765027
        ]
      },
      "id": "node/10684063291"
    },
    {
      "type": "Feature",
      "properties": {
        "@id": "node/10691449145",
        "camera:mount": "pole",
        "camera:type": "panning",
        "direction": "S",
        "man_made": "surveillance",
        "surveillance": "outdoor",
        "surveillance:type": "camera",
        "surveillance:zone": "parking"
      },
      "geometry": {
        "type": "Point",
        "coordinates": [
          -122.4757155,
          37.8067081
        ]
      },
      "id": "node/10691449145"
    },
    {
      "type": "Feature",
      "properties": {
        "@id": "node/10691449146",
        "camera:mount": "pole",
        "camera:type": "panning",
        "direction": "E",
        "man_made": "surveillance",
        "surveillance": "outdoor",
        "surveillance:type": "camera",
        "surveillance:zone": "traffic"
      },
      "geometry": {
        "type": "Point",
        "coordinates": [
          -122.475609,
          37.8067756
        ]
      },
      "id": "node/10691449146"
    },
    {
      "type": "Feature",
      "properties": {
        "@id": "node/10698147308",
        "camera:mount": "wall",
        "camera:type": "fixed",
        "direction": "SW",
        "man_made": "surveillance",
        "surveillance": "outdoor",
        "surveillance:type": "camera",
        "surveillance:zone": "street"
      },
      "geometry": {
        "type": "Point",
        "coordinates": [
          -122.4702027,
          37.7755974
        ]
      },
      "id": "node/10698147308"
    },
    {
      "type": "Feature",
      "properties": {
        "@id": "node/10698162385",
        "camera:mount": "wall",
        "camera:type": "fixed",
        "direction": "NW",
        "man_made": "surveillance",
        "surveillance": "outdoor",
        "surveillance:type": "camera",
        "surveillance:zone": "entrance"
      },
      "geometry": {
        "type": "Point",
        "coordinates": [
          -122.4695206,
          37.7768742
        ]
      },
      "id": "node/10698162385"
    },
    {
      "type": "Feature",
      "properties": {
        "@id": "node/10698162386",
        "camera:mount": "wall",
        "camera:type": "fixed",
        "direction": "SE",
        "man_made": "surveillance",
        "surveillance": "outdoor",
        "surveillance:type": "camera",
        "surveillance:zone": "entrance"
      },
      "geometry": {
        "type": "Point",
        "coordinates": [
          -122.4695099,
          37.7768651
        ]
      },
      "id": "node/10698162386"
    },
    {
      "type": "Feature",
      "properties": {
        "@id": "node/10698162387",
        "camera:mount": "wall",
        "camera:type": "fixed",
        "direction": "NE",
        "man_made": "surveillance",
        "surveillance": "outdoor",
        "surveillance:type": "camera",
        "surveillance:zone": "entrance"
      },
      "geometry": {
        "type": "Point",
        "coordinates": [
          -122.4695059,
          37.7768124
        ]
      },
      "id": "node/10698162387"
    },
    {
      "type": "Feature",
      "properties": {
        "@id": "node/10702587425",
        "camera:mount": "wall",
        "camera:type": "fixed",
        "direction": "NE",
        "man_made": "surveillance",
        "surveillance": "outdoor",
        "surveillance:type": "camera",
        "surveillance:zone": "entrance"
      },
      "geometry": {
        "type": "Point",
        "coordinates": [
          -122.4643493,
          37.777118
        ]
      },
      "id": "node/10702587425"
    },
    {
      "type": "Feature",
      "properties": {
        "@id": "node/10702606294",
        "camera:direction": "78",
        "camera:mount": "wall",
        "camera:type": "fixed",
        "direction": "E",
        "man_made": "surveillance",
        "surveillance": "outdoor",
        "surveillance:type": "camera",
        "surveillance:zone": "street"
      },
      "geometry": {
        "type": "Point",
        "coordinates": [
          -122.4340736,
          37.7839863
        ]
      },
      "id": "node/10702606294"
    },
    {
      "type": "Feature",
      "properties": {
        "@id": "node/10702606295",
        "camera:direction": "171",
        "camera:mount": "wall",
        "camera:type": "fixed",
        "man_made": "surveillance",
        "surveillance": "outdoor",
        "surveillance:type": "camera",
        "surveillance:zone": "entrance"
      },
      "geometry": {
        "type": "Point",
        "coordinates": [
          -122.4340808,
          37.7839719
        ]
      },
      "id": "node/10702606295"
    },
    {
      "type": "Feature",
      "properties": {
        "@id": "node/10705377779",
        "camera:direction": "178",
        "camera:mount": "wall",
        "camera:type": "dome",
        "man_made": "surveillance",
        "surveillance": "outdoor",
        "surveillance:type": "camera",
        "surveillance:zone": "entrance"
      },
      "geometry": {
        "type": "Point",
        "coordinates": [
          -122.4766353,
          37.7637623
        ]
      },
      "id": "node/10705377779"
    },
    {
      "type": "Feature",
      "properties": {
        "@id": "node/10705377780",
        "camera:direction": "267",
        "camera:mount": "wall",
        "camera:type": "dome",
        "man_made": "surveillance",
        "surveillance": "outdoor",
        "surveillance:type": "camera"
      },
      "geometry": {
        "type": "Point",
        "coordinates": [
          -122.4767327,
          37.7639448
        ]
      },
      "id": "node/10705377780"
    },
    {
      "type": "Feature",
      "properties": {
        "@id": "node/10705431681",
        "camera:direction": "158",
        "camera:type": "dome",
        "man_made": "surveillance",
        "surveillance": "outdoor",
        "surveillance:type": "camera",
        "surveillance:zone": "street"
      },
      "geometry": {
        "type": "Point",
        "coordinates": [
          -122.4774891,
          37.7650895
        ]
      },
      "id": "node/10705431681"
    },
    {
      "type": "Feature",
      "properties": {
        "@id": "node/10705431682",
        "camera:direction": "359",
        "camera:type": "dome",
        "man_made": "surveillance",
        "surveillance": "outdoor",
        "surveillance:type": "camera",
        "surveillance:zone": "street"
      },
      "geometry": {
        "type": "Point",
        "coordinates": [
          -122.4774766,
          37.7651
        ]
      },
      "id": "node/10705431682"
    },
    {
      "type": "Feature",
      "properties": {
        "@id": "node/10705431683",
        "camera:direction": "183",
        "camera:type": "dome",
        "man_made": "surveillance",
        "surveillance": "outdoor",
        "surveillance:type": "camera",
        "surveillance:zone": "street"
      },
      "geometry": {
        "type": "Point",
        "coordinates": [
          -122.4774768,
          37.7651421
        ]
      },
      "id": "node/10705431683"
    },
    {
      "type": "Feature",
      "properties": {
        "@id": "node/10705431684",
        "camera:direction": "182",
        "camera:type": "dome",
        "man_made": "surveillance",
        "surveillance": "outdoor",
        "surveillance:type": "camera",
        "surveillance:zone": "entrance"
      },
      "geometry": {
        "type": "Point",
        "coordinates": [
          -122.4774938,
          37.7652706
        ]
      },
      "id": "node/10705431684"
    },
    {
      "type": "Feature",
      "properties": {
        "@id": "node/10705431685",
        "camera:direction": "174",
        "camera:type": "dome",
        "man_made": "surveillance",
        "surveillance": "outdoor",
        "surveillance:type": "camera",
        "surveillance:zone": "street"
      },
      "geometry": {
        "type": "Point",
        "coordinates": [
          -122.4774897,
          37.7653043
        ]
      },
      "id": "node/10705431685"
    },
    {
      "type": "Feature",
      "properties": {
        "@id": "node/10705431687",
        "camera:direction": "263",
        "camera:type": "dome",
        "man_made": "surveillance",
        "surveillance": "outdoor",
        "surveillance:type": "camera",
        "surveillance:zone": "street"
      },
      "geometry": {
        "type": "Point",
        "coordinates": [
          -122.4775029,
          37.7653106
        ]
      },
      "id": "node/10705431687"
    },
    {
      "type": "Feature",
      "properties": {
        "@id": "node/10705431688",
        "camera:direction": "84",
        "camera:type": "dome",
        "man_made": "surveillance",
        "surveillance": "outdoor",
        "surveillance:type": "camera",
        "surveillance:zone": "entrance"
      },
      "geometry": {
        "type": "Point",
        "coordinates": [
          -122.4777028,
          37.7653049
        ]
      },
      "id": "node/10705431688"
    },
    {
      "type": "Feature",
      "properties": {
        "@id": "node/10705431690",
        "camera:direction": "355",
        "camera:mount": "pole",
        "camera:type": "fixed",
        "man_made": "surveillance",
        "surveillance": "outdoor",
        "surveillance:type": "camera",
        "surveillance:zone": "traffic"
      },
      "geometry": {
        "type": "Point",
        "coordinates": [
          -122.4773959,
          37.76535
        ]
      },
      "id": "node/10705431690"
    },
    {
      "type": "Feature",
      "properties": {
        "@id": "node/10708012496",
        "camera:direction": "204",
        "camera:mount": "ceiling",
        "camera:type": "dome",
        "man_made": "surveillance",
        "surveillance:type": "camera"
      },
      "geometry": {
        "type": "Point",
        "coordinates": [
          -122.4378923,
          37.807238
        ]
      },
      "id": "node/10708012496"
    },
    {
      "type": "Feature",
      "properties": {
        "@id": "node/10708012497",
        "camera:direction": "129",
        "camera:mount": "ceiling",
        "camera:type": "dome",
        "man_made": "surveillance",
        "surveillance:type": "camera"
      },
      "geometry": {
        "type": "Point",
        "coordinates": [
          -122.4378753,
          37.8072382
        ]
      },
      "id": "node/10708012497"
    },
    {
      "type": "Feature",
      "properties": {
        "@id": "node/10708012498",
        "camera:direction": "135",
        "camera:mount": "ceiling",
        "camera:type": "dome",
        "man_made": "surveillance",
        "surveillance:type": "camera"
      },
      "geometry": {
        "type": "Point",
        "coordinates": [
          -122.4377783,
          37.8072537
        ]
      },
      "id": "node/10708012498"
    },
    {
      "type": "Feature",
      "properties": {
        "@id": "node/10720135505",
        "camera:direction": "267",
        "camera:mount": "pole",
        "camera:type": "fixed",
        "man_made": "surveillance",
        "surveillance": "public",
        "surveillance:type": "camera",
        "surveillance:zone": "traffic"
      },
      "geometry": {
        "type": "Point",
        "coordinates": [
          -122.4721298,
          37.7806023
        ]
      },
      "id": "node/10720135505"
    },
    {
      "type": "Feature",
      "properties": {
        "@id": "node/10720135506",
        "camera:mount": "pole",
        "camera:type": "fixed",
        "direction": "325",
        "man_made": "surveillance",
        "manufacturer": "Flock Safety",
        "manufacturer:wikidata": "Q108485435",
        "operator": "San Francisco Police Department",
        "operator:wikidata": "Q1320247",
        "surveillance": "public",
        "surveillance:type": "ALPR",
        "surveillance:zone": "traffic"
      },
      "geometry": {
        "type": "Point",
        "coordinates": [
          -122.472182,
          37.7808408
        ]
      },
      "id": "node/10720135506"
    },
    {
      "type": "Feature",
      "properties": {
        "@id": "node/10720135508",
        "camera:direction": "86",
        "camera:mount": "pole",
        "camera:type": "fixed",
        "man_made": "surveillance",
        "surveillance": "public",
        "surveillance:type": "camera",
        "surveillance:zone": "traffic"
      },
      "geometry": {
        "type": "Point",
        "coordinates": [
          -122.4725192,
          37.7807268
        ]
      },
      "id": "node/10720135508"
    },
    {
      "type": "Feature",
      "properties": {
        "@id": "node/10728597626",
        "camera:direction": "335",
        "camera:type": "dome",
        "check_date": "2026-07-18",
        "man_made": "surveillance",
        "surveillance": "outdoor",
        "surveillance:type": "camera"
      },
      "geometry": {
        "type": "Point",
        "coordinates": [
          -122.4839976,
          37.7799633
        ]
      },
      "id": "node/10728597626"
    },
    {
      "type": "Feature",
      "properties": {
        "@id": "node/10728597634",
        "camera:direction": "266",
        "camera:mount": "fence",
        "camera:type": "dome",
        "man_made": "surveillance",
        "surveillance": "outdoor",
        "surveillance:type": "camera",
        "surveillance:zone": "street"
      },
      "geometry": {
        "type": "Point",
        "coordinates": [
          -122.4835179,
          37.7797244
        ]
      },
      "id": "node/10728597634"
    },
    {
      "type": "Feature",
      "properties": {
        "@id": "node/10728615650",
        "camera:direction": "188",
        "camera:mount": "wall",
        "camera:type": "dome",
        "man_made": "surveillance",
        "surveillance": "outdoor",
        "surveillance:type": "camera",
        "surveillance:zone": "entrance"
      },
      "geometry": {
        "type": "Point",
        "coordinates": [
          -122.4867849,
          37.7803059
        ]
      },
      "id": "node/10728615650"
    },
    {
      "type": "Feature",
      "properties": {
        "@id": "node/10728628302",
        "camera:direction": "358",
        "camera:mount": "wall",
        "camera:type": "fixed",
        "man_made": "surveillance",
        "surveillance": "public",
        "surveillance:type": "camera",
        "surveillance:zone": "entrance"
      },
      "geometry": {
        "type": "Point",
        "coordinates": [
          -122.4848388,
          37.7796785
        ]
      },
      "id": "node/10728628302"
    },
    {
      "type": "Feature",
      "properties": {
        "@id": "node/10728628707",
        "camera:direction": "270",
        "camera:type": "fixed",
        "disused:*": "yes",
        "man_made": "surveillance",
        "surveillance": "public",
        "surveillance:type": "camera",
        "surveillance:zone": "entrance"
      },
      "geometry": {
        "type": "Point",
        "coordinates": [
          -122.4848537,
          37.7799169
        ]
      },
      "id": "node/10728628707"
    },
    {
      "type": "Feature",
      "properties": {
        "@id": "node/10728628708",
        "camera:direction": "86",
        "camera:type": "fixed",
        "check_date": "2026-07-18",
        "man_made": "surveillance",
        "surveillance": "public",
        "surveillance:type": "camera",
        "surveillance:zone": "entrance"
      },
      "geometry": {
        "type": "Point",
        "coordinates": [
          -122.4850068,
          37.779908
        ]
      },
      "id": "node/10728628708"
    },
    {
      "type": "Feature",
      "properties": {
        "@id": "node/10733847381",
        "camera:direction": "332",
        "camera:mount": "wall",
        "camera:type": "dome",
        "man_made": "surveillance",
        "surveillance": "outdoor",
        "surveillance:type": "camera"
      },
      "geometry": {
        "type": "Point",
        "coordinates": [
          -122.4807958,
          37.7694282
        ]
      },
      "id": "node/10733847381"
    },
    {
      "type": "Feature",
      "properties": {
        "@id": "node/10733847382",
        "camera:direction": "63",
        "camera:mount": "wall",
        "camera:type": "dome",
        "man_made": "surveillance",
        "surveillance": "outdoor",
        "surveillance:type": "camera"
      },
      "geometry": {
        "type": "Point",
        "coordinates": [
          -122.4808803,
          37.7693159
        ]
      },
      "id": "node/10733847382"
    },
    {
      "type": "Feature",
      "properties": {
        "@id": "node/10733847383",
        "camera:direction": "333",
        "camera:mount": "wall",
        "camera:type": "dome",
        "man_made": "surveillance",
        "surveillance": "outdoor",
        "surveillance:type": "camera"
      },
      "geometry": {
        "type": "Point",
        "coordinates": [
          -122.4810249,
          37.7693306
        ]
      },
      "id": "node/10733847383"
    },
    {
      "type": "Feature",
      "properties": {
        "@id": "node/10742483079",
        "camera:direction": "137",
        "camera:mount": "pole",
        "camera:type": "dome",
        "man_made": "surveillance",
        "surveillance": "outdoor",
        "surveillance:type": "camera"
      },
      "geometry": {
        "type": "Point",
        "coordinates": [
          -122.4598284,
          37.7698848
        ]
      },
      "id": "node/10742483079"
    },
    {
      "type": "Feature",
      "properties": {
        "@id": "node/10744215627",
        "camera:direction": "186",
        "camera:mount": "wall",
        "camera:type": "fixed",
        "man_made": "surveillance",
        "surveillance": "outdoor",
        "surveillance:type": "camera",
        "surveillance:zone": "entrance"
      },
      "geometry": {
        "type": "Point",
        "coordinates": [
          -122.4791086,
          37.7749318
        ]
      },
      "id": "node/10744215627"
    },
    {
      "type": "Feature",
      "properties": {
        "@id": "node/10744252164",
        "camera:direction": "153",
        "camera:mount": "ceiling",
        "camera:type": "fixed",
        "man_made": "surveillance",
        "surveillance": "public",
        "surveillance:type": "camera",
        "surveillance:zone": "street"
      },
      "geometry": {
        "type": "Point",
        "coordinates": [
          -122.4774317,
          37.7811555
        ]
      },
      "id": "node/10744252164"
    },
    {
      "type": "Feature",
      "properties": {
        "@id": "node/10744252166",
        "camera:direction": "269",
        "camera:mount": "wall",
        "camera:type": "dome",
        "man_made": "surveillance",
        "surveillance": "public",
        "surveillance:type": "camera",
        "surveillance:zone": "entrance"
      },
      "geometry": {
        "type": "Point",
        "coordinates": [
          -122.4771575,
          37.780777
        ]
      },
      "id": "node/10744252166"
    },
    {
      "type": "Feature",
      "properties": {
        "@id": "node/10744252167",
        "camera:direction": "170",
        "camera:mount": "wall",
        "camera:type": "fixed",
        "man_made": "surveillance",
        "surveillance": "public",
        "surveillance:type": "camera",
        "surveillance:zone": "street"
      },
      "geometry": {
        "type": "Point",
        "coordinates": [
          -122.4774381,
          37.7813916
        ]
      },
      "id": "node/10744252167"
    },
    {
      "type": "Feature",
      "properties": {
        "@id": "node/10744252168",
        "camera:direction": "5",
        "camera:mount": "wall",
        "camera:type": "fixed",
        "man_made": "surveillance",
        "surveillance": "public",
        "surveillance:type": "camera",
        "surveillance:zone": "street"
      },
      "geometry": {
        "type": "Point",
        "coordinates": [
          -122.4774365,
          37.7813072
        ]
      },
      "id": "node/10744252168"
    },
    {
      "type": "Feature",
      "properties": {
        "@id": "node/10744252170",
        "camera:direction": "86",
        "camera:mount": "ceiling",
        "camera:type": "fixed",
        "man_made": "surveillance",
        "surveillance": "public",
        "surveillance:type": "camera",
        "surveillance:zone": "street"
      },
      "geometry": {
        "type": "Point",
        "coordinates": [
          -122.4774705,
          37.7811141
        ]
      },
      "id": "node/10744252170"
    },
    {
      "type": "Feature",
      "properties": {
        "@id": "node/10744312764",
        "camera:direction": "304",
        "camera:mount": "wall",
        "man_made": "surveillance",
        "surveillance": "public",
        "surveillance:type": "camera",
        "surveillance:zone": "street"
      },
      "geometry": {
        "type": "Point",
        "coordinates": [
          -122.4755579,
          37.7823381
        ]
      },
      "id": "node/10744312764"
    },
    {
      "type": "Feature",
      "properties": {
        "@id": "node/10744312765",
        "camera:direction": "37",
        "camera:mount": "wall",
        "man_made": "surveillance",
        "surveillance": "public",
        "surveillance:type": "camera",
        "surveillance:zone": "street"
      },
      "geometry": {
        "type": "Point",
        "coordinates": [
          -122.4756317,
          37.7823357
        ]
      },
      "id": "node/10744312765"
    },
    {
      "type": "Feature",
      "properties": {
        "@id": "node/10744390959",
        "camera:direction": "155",
        "camera:mount": "wall",
        "camera:type": "fixed",
        "man_made": "surveillance",
        "surveillance": "public",
        "surveillance:type": "camera",
        "surveillance:zone": "street"
      },
      "geometry": {
        "type": "Point",
        "coordinates": [
          -122.4786943,
          37.7840426
        ]
      },
      "id": "node/10744390959"
    },
    {
      "type": "Feature",
      "properties": {
        "@id": "node/10744390960",
        "camera:direction": "32",
        "camera:mount": "wall",
        "camera:type": "fixed",
        "man_made": "surveillance",
        "surveillance": "public",
        "surveillance:type": "camera",
        "surveillance:zone": "street"
      },
      "geometry": {
        "type": "Point",
        "coordinates": [
          -122.4786911,
          37.7839977
        ]
      },
      "id": "node/10744390960"
    },
    {
      "type": "Feature",
      "properties": {
        "@id": "node/10746955726",
        "camera:direction": "268",
        "camera:mount": "wall",
        "camera:type": "dome",
        "man_made": "surveillance",
        "surveillance": "outdoor",
        "surveillance:type": "camera",
        "surveillance:zone": "playground"
      },
      "geometry": {
        "type": "Point",
        "coordinates": [
          -122.4238817,
          37.7852204
        ]
      },
      "id": "node/10746955726"
    },
    {
      "type": "Feature",
      "properties": {
        "@id": "node/10746955730",
        "camera:direction": "328",
        "camera:mount": "wall",
        "man_made": "surveillance",
        "surveillance": "public",
        "surveillance:type": "camera",
        "surveillance:zone": "street"
      },
      "geometry": {
        "type": "Point",
        "coordinates": [
          -122.4243703,
          37.785086
        ]
      },
      "id": "node/10746955730"
    },
    {
      "type": "Feature",
      "properties": {
        "@id": "node/10746955733",
        "camera:direction": "289",
        "camera:mount": "wall",
        "camera:type": "dome",
        "man_made": "surveillance",
        "surveillance": "public",
        "surveillance:type": "camera",
        "surveillance:zone": "street"
      },
      "geometry": {
        "type": "Point",
        "coordinates": [
          -122.4244334,
          37.7849833
        ]
      },
      "id": "node/10746955733"
    },
    {
      "type": "Feature",
      "properties": {
        "@id": "node/10746955734",
        "camera:direction": "260",
        "camera:mount": "pole",
        "man_made": "surveillance",
        "surveillance": "public",
        "surveillance:type": "camera"
      },
      "geometry": {
        "type": "Point",
        "coordinates": [
          -122.4241835,
          37.7850907
        ]
      },
      "id": "node/10746955734"
    },
    {
      "type": "Feature",
      "properties": {
        "@id": "node/10746955735",
        "camera:direction": "173",
        "camera:mount": "pole",
        "man_made": "surveillance",
        "surveillance": "public",
        "surveillance:type": "camera"
      },
      "geometry": {
        "type": "Point",
        "coordinates": [
          -122.4241709,
          37.7850846
        ]
      },
      "id": "node/10746955735"
    },
    {
      "type": "Feature",
      "properties": {
        "@id": "node/10746955738",
        "camera:direction": "314",
        "camera:mount": "pole",
        "man_made": "surveillance",
        "surveillance": "public",
        "surveillance:type": "camera",
        "surveillance:zone": "public_transport"
      },
      "geometry": {
        "type": "Point",
        "coordinates": [
          -122.424051,
          37.7849992
        ]
      },
      "id": "node/10746955738"
    },
    {
      "type": "Feature",
      "properties": {
        "@id": "node/10746955739",
        "camera:direction": "127",
        "camera:mount": "pole",
        "man_made": "surveillance",
        "surveillance": "public",
        "surveillance:type": "camera",
        "surveillance:zone": "street"
      },
      "geometry": {
        "type": "Point",
        "coordinates": [
          -122.4240403,
          37.7849949
        ]
      },
      "id": "node/10746955739"
    },
    {
      "type": "Feature",
      "properties": {
        "@id": "node/10746955740",
        "camera:direction": "350",
        "camera:mount": "pole",
        "camera:type": "fixed",
        "man_made": "surveillance",
        "surveillance": "public",
        "surveillance:type": "camera",
        "surveillance:zone": "stairs"
      },
      "geometry": {
        "type": "Point",
        "coordinates": [
          -122.4239399,
          37.7848706
        ]
      },
      "id": "node/10746955740"
    },
    {
      "type": "Feature",
      "properties": {
        "@id": "node/10746955741",
        "camera:direction": "171",
        "camera:mount": "pole",
        "camera:type": "fixed",
        "man_made": "surveillance",
        "surveillance": "public",
        "surveillance:type": "camera",
        "surveillance:zone": "parking"
      },
      "geometry": {
        "type": "Point",
        "coordinates": [
          -122.4239403,
          37.7848613
        ]
      },
      "id": "node/10746955741"
    },
    {
      "type": "Feature",
      "properties": {
        "@id": "node/10757719234",
        "camera:direction": "356",
        "camera:mount": "wall",
        "camera:type": "dome",
        "man_made": "surveillance",
        "surveillance": "outdoor",
        "surveillance:type": "camera",
        "surveillance:zone": "entrance"
      },
      "geometry": {
        "type": "Point",
        "coordinates": [
          -122.4841671,
          37.77524
        ]
      },
      "id": "node/10757719234"
    },
    {
      "type": "Feature",
      "properties": {
        "@id": "node/10757719235",
        "camera:direction": "356",
        "camera:mount": "wall",
        "camera:type": "dome",
        "man_made": "surveillance",
        "surveillance": "outdoor",
        "surveillance:type": "camera",
        "surveillance:zone": "entrance"
      },
      "geometry": {
        "type": "Point",
        "coordinates": [
          -122.4840825,
          37.7752479
        ]
      },
      "id": "node/10757719235"
    },
    {
      "type": "Feature",
      "properties": {
        "@id": "node/10783380178",
        "camera:direction": "38",
        "camera:mount": "wall",
        "camera:type": "dome",
        "man_made": "surveillance",
        "surveillance": "public",
        "surveillance:type": "camera",
        "surveillance:zone": "street"
      },
      "geometry": {
        "type": "Point",
        "coordinates": [
          -122.4784283,
          37.7802089
        ]
      },
      "id": "node/10783380178"
    },
    {
      "type": "Feature",
      "properties": {
        "@id": "node/10783380180",
        "camera:direction": "87",
        "camera:mount": "wall",
        "camera:type": "dome",
        "man_made": "surveillance",
        "surveillance": "public",
        "surveillance:type": "camera",
        "surveillance:zone": "street"
      },
      "geometry": {
        "type": "Point",
        "coordinates": [
          -122.4782092,
          37.7772668
        ]
      },
      "id": "node/10783380180"
    },
    {
      "type": "Feature",
      "properties": {
        "@id": "node/10783380182",
        "camera:direction": "86",
        "camera:mount": "doorbell",
        "camera:type": "door",
        "man_made": "surveillance",
        "surveillance": "public",
        "surveillance:type": "camera",
        "surveillance:zone": "entrance"
      },
      "geometry": {
        "type": "Point",
        "coordinates": [
          -122.4783792,
          37.7795099
        ]
      },
      "id": "node/10783380182"
    },
    {
      "type": "Feature",
      "properties": {
        "@id": "node/10783380184",
        "camera:direction": "177",
        "camera:mount": "wall",
        "man_made": "surveillance",
        "surveillance": "outdoor",
        "surveillance:type": "camera",
        "surveillance:zone": "entrance"
      },
      "geometry": {
        "type": "Point",
        "coordinates": [
          -122.4783672,
          37.7795417
        ]
      },
      "id": "node/10783380184"
    },
    {
      "type": "Feature",
      "properties": {
        "@id": "node/10783380185",
        "camera:direction": "267",
        "camera:type": "dome",
        "man_made": "surveillance",
        "surveillance": "public",
        "surveillance:type": "camera",
        "surveillance:zone": "street"
      },
      "geometry": {
        "type": "Point",
        "coordinates": [
          -122.4781742,
          37.7801575
        ]
      },
      "id": "node/10783380185"
    },
    {
      "type": "Feature",
      "properties": {
        "@id": "node/10783380186",
        "camera:direction": "177",
        "camera:mount": "wall",
        "camera:type": "dome",
        "man_made": "surveillance",
        "surveillance": "public",
        "surveillance:type": "camera",
        "surveillance:zone": "street"
      },
      "geometry": {
        "type": "Point",
        "coordinates": [
          -122.4784579,
          37.780545
        ]
      },
      "id": "node/10783380186"
    },
    {
      "type": "Feature",
      "properties": {
        "@id": "node/10783380187",
        "camera:direction": "178",
        "camera:mount": "wall",
        "camera:type": "dome",
        "man_made": "surveillance",
        "surveillance": "public",
        "surveillance:type": "camera",
        "surveillance:zone": "street"
      },
      "geometry": {
        "type": "Point",
        "coordinates": [
          -122.4808221,
          37.7804459
        ]
      },
      "id": "node/10783380187"
    },
    {
      "type": "Feature",
      "properties": {
        "@id": "node/10783380188",
        "camera:direction": "203",
        "camera:mount": "wall",
        "man_made": "surveillance",
        "surveillance": "public",
        "surveillance:type": "camera",
        "surveillance:zone": "street"
      },
      "geometry": {
        "type": "Point",
        "coordinates": [
          -122.4805901,
          37.7804527
        ]
      },
      "id": "node/10783380188"
    },
    {
      "type": "Feature",
      "properties": {
        "@id": "node/10783380189",
        "camera:direction": "275",
        "camera:mount": "wall",
        "camera:type": "fixed",
        "man_made": "surveillance",
        "surveillance": "public",
        "surveillance:type": "camera",
        "surveillance:zone": "street"
      },
      "geometry": {
        "type": "Point",
        "coordinates": [
          -122.4789686,
          37.7801962
        ]
      },
      "id": "node/10783380189"
    },
    {
      "type": "Feature",
      "properties": {
        "@id": "node/10783380191",
        "camera:direction": "237",
        "camera:mount": "wall",
        "man_made": "surveillance",
        "surveillance": "public",
        "surveillance:type": "camera",
        "surveillance:zone": "street"
      },
      "geometry": {
        "type": "Point",
        "coordinates": [
          -122.4800445,
          37.7804775
        ]
      },
      "id": "node/10783380191"
    },
    {
      "type": "Feature",
      "properties": {
        "@id": "node/10783380192",
        "camera:direction": "141",
        "camera:mount": "wall",
        "man_made": "surveillance",
        "surveillance": "public",
        "surveillance:type": "camera",
        "surveillance:zone": "street"
      },
      "geometry": {
        "type": "Point",
        "coordinates": [
          -122.4805912,
          37.7805539
        ]
      },
      "id": "node/10783380192"
    },
    {
      "type": "Feature",
      "properties": {
        "@id": "node/10783380196",
        "camera:direction": "168",
        "camera:type": "fixed",
        "man_made": "surveillance",
        "surveillance": "public",
        "surveillance:type": "camera",
        "surveillance:zone": "entrance"
      },
      "geometry": {
        "type": "Point",
        "coordinates": [
          -122.4782106,
          37.7773048
        ]
      },
      "id": "node/10783380196"
    },
    {
      "type": "Feature",
      "properties": {
        "@id": "node/10783380197",
        "camera:direction": "14",
        "camera:mount": "wall",
        "man_made": "surveillance",
        "surveillance": "public",
        "surveillance:type": "camera",
        "surveillance:zone": "street"
      },
      "geometry": {
        "type": "Point",
        "coordinates": [
          -122.4805831,
          37.7804619
        ]
      },
      "id": "node/10783380197"
    },
    {
      "type": "Feature",
      "properties": {
        "@id": "node/10784788025",
        "camera:direction": "268",
        "camera:type": "door",
        "man_made": "surveillance",
        "surveillance": "public",
        "surveillance:type": "camera",
        "surveillance:zone": "entrance"
      },
      "geometry": {
        "type": "Point",
        "coordinates": [
          -122.4800574,
          37.7763928
        ]
      },
      "id": "node/10784788025"
    },
    {
      "type": "Feature",
      "properties": {
        "@id": "node/10784973453",
        "camera:direction": "176",
        "camera:mount": "wall",
        "camera:type": "dome",
        "man_made": "surveillance",
        "surveillance": "public",
        "surveillance:type": "camera",
        "surveillance:zone": "street"
      },
      "geometry": {
        "type": "Point",
        "coordinates": [
          -122.4581991,
          37.7814777
        ]
      },
      "id": "node/10784973453"
    },
    {
      "type": "Feature",
      "properties": {
        "@id": "node/10785047732",
        "camera:direction": "212",
        "camera:mount": "pole",
        "camera:type": "fixed",
        "man_made": "surveillance",
        "surveillance": "outdoor",
        "surveillance:type": "camera"
      },
      "geometry": {
        "type": "Point",
        "coordinates": [
          -122.4584025,
          37.7810926
        ]
      },
      "id": "node/10785047732"
    },
    {
      "type": "Feature",
      "properties": {
        "@id": "node/10785047735",
        "camera:direction": "0",
        "camera:mount": "pole",
        "camera:type": "fixed",
        "man_made": "surveillance",
        "surveillance": "outdoor",
        "surveillance:type": "camera"
      },
      "geometry": {
        "type": "Point",
        "coordinates": [
          -122.4585817,
          37.7807347
        ]
      },
      "id": "node/10785047735"
    },
    {
      "type": "Feature",
      "properties": {
        "@id": "node/10785048102",
        "camera:direction": "225",
        "camera:mount": "wall",
        "camera:type": "fixed",
        "man_made": "surveillance",
        "surveillance": "outdoor",
        "surveillance:type": "camera",
        "surveillance:zone": "street"
      },
      "geometry": {
        "type": "Point",
        "coordinates": [
          -122.4586625,
          37.7806509
        ]
      },
      "id": "node/10785048102"
    },
    {
      "type": "Feature",
      "properties": {
        "@id": "node/10785201863",
        "camera:direction": "144",
        "camera:mount": "wall",
        "camera:type": "fixed",
        "man_made": "surveillance",
        "surveillance": "public",
        "surveillance:type": "camera",
        "surveillance:zone": "street"
      },
      "geometry": {
        "type": "Point",
        "coordinates": [
          -122.4586363,
          37.7754934
        ]
      },
      "id": "node/10785201863"
    },
    {
      "type": "Feature",
      "properties": {
        "@id": "node/10785201864",
        "camera:direction": "312",
        "camera:mount": "wall",
        "camera:type": "fixed",
        "man_made": "surveillance",
        "surveillance": "public",
        "surveillance:type": "camera",
        "surveillance:zone": "street"
      },
      "geometry": {
        "type": "Point",
        "coordinates": [
          -122.4586404,
          37.7754962
        ]
      },
      "id": "node/10785201864"
    },
    {
      "type": "Feature",
      "properties": {
        "@id": "node/10785201865",
        "camera:direction": "49",
        "camera:mount": "wall",
        "camera:type": "fixed",
        "man_made": "surveillance",
        "surveillance": "public",
        "surveillance:type": "camera",
        "surveillance:zone": "street"
      },
      "geometry": {
        "type": "Point",
        "coordinates": [
          -122.4589296,
          37.7754859
        ]
      },
      "id": "node/10785201865"
    },
    {
      "type": "Feature",
      "properties": {
        "@id": "node/10785201866",
        "camera:direction": "155",
        "camera:mount": "wall",
        "camera:type": "fixed",
        "man_made": "surveillance",
        "surveillance": "indoor",
        "surveillance:type": "camera",
        "surveillance:zone": "entrance"
      },
      "geometry": {
        "type": "Point",
        "coordinates": [
          -122.4587897,
          37.7754884
        ]
      },
      "id": "node/10785201866"
    },
    {
      "type": "Feature",
      "properties": {
        "@id": "node/10785201867",
        "camera:direction": "327",
        "camera:mount": "wall",
        "camera:type": "fixed",
        "man_made": "surveillance",
        "surveillance": "outdoor",
        "surveillance:type": "camera",
        "surveillance:zone": "parking"
      },
      "geometry": {
        "type": "Point",
        "coordinates": [
          -122.4589258,
          37.7753439
        ]
      },
      "id": "node/10785201867"
    },
    {
      "type": "Feature",
      "properties": {
        "@id": "node/10785201868",
        "camera:direction": "308",
        "camera:type": "fixed",
        "man_made": "surveillance",
        "surveillance": "public",
        "surveillance:type": "camera",
        "surveillance:zone": "street"
      },
      "geometry": {
        "type": "Point",
        "coordinates": [
          -122.4600506,
          37.7754325
        ]
      },
      "id": "node/10785201868"
    },
    {
      "type": "Feature",
      "properties": {
        "@id": "node/10785201869",
        "camera:direction": "335",
        "camera:mount": "wall",
        "camera:type": "fixed",
        "man_made": "surveillance",
        "surveillance": "public",
        "surveillance:type": "camera",
        "surveillance:zone": "street"
      },
      "geometry": {
        "type": "Point",
        "coordinates": [
          -122.4615738,
          37.7752798
        ]
      },
      "id": "node/10785201869"
    },
    {
      "type": "Feature",
      "properties": {
        "@id": "node/10785201870",
        "camera:direction": "357",
        "camera:mount": "wall",
        "camera:type": "fixed",
        "man_made": "surveillance",
        "surveillance": "public",
        "surveillance:type": "camera",
        "surveillance:zone": "street"
      },
      "geometry": {
        "type": "Point",
        "coordinates": [
          -122.4623239,
          37.775317
        ]
      },
      "id": "node/10785201870"
    },
    {
      "type": "Feature",
      "properties": {
        "@id": "node/10785201871",
        "camera:direction": "272",
        "camera:mount": "wall",
        "camera:type": "fixed",
        "man_made": "surveillance",
        "surveillance": "outdoor",
        "surveillance:type": "camera",
        "surveillance:zone": "entrance"
      },
      "geometry": {
        "type": "Point",
        "coordinates": [
          -122.4622933,
          37.7753183
        ]
      },
      "id": "node/10785201871"
    },
    {
      "type": "Feature",
      "properties": {
        "@id": "node/10785201872",
        "camera:direction": "262",
        "camera:mount": "wall",
        "camera:type": "fixed",
        "man_made": "surveillance",
        "surveillance": "public",
        "surveillance:type": "camera",
        "surveillance:zone": "street"
      },
      "geometry": {
        "type": "Point",
        "coordinates": [
          -122.4625328,
          37.7755356
        ]
      },
      "id": "node/10785201872"
    },
    {
      "type": "Feature",
      "properties": {
        "@id": "node/10785201873",
        "camera:direction": "358",
        "camera:mount": "wall",
        "camera:type": "door",
        "man_made": "surveillance",
        "manufacturer": "Ring",
        "surveillance": "public",
        "surveillance:type": "camera",
        "surveillance:zone": "entrance"
      },
      "geometry": {
        "type": "Point",
        "coordinates": [
          -122.4633159,
          37.7752999
        ]
      },
      "id": "node/10785201873"
    },
    {
      "type": "Feature",
      "properties": {
        "@id": "node/10785201874",
        "camera:direction": "30",
        "camera:type": "fixed",
        "man_made": "surveillance",
        "manufacturer": "Ring",
        "surveillance": "public",
        "surveillance:type": "camera",
        "surveillance:zone": "street"
      },
      "geometry": {
        "type": "Point",
        "coordinates": [
          -122.4634753,
          37.7752903
        ]
      },
      "id": "node/10785201874"
    },
    {
      "type": "Feature",
      "properties": {
        "@id": "node/10785201875",
        "camera:direction": "7",
        "camera:type": "fixed",
        "man_made": "surveillance",
        "manufacturer": "Ring",
        "surveillance": "public",
        "surveillance:type": "camera",
        "surveillance:zone": "street"
      },
      "geometry": {
        "type": "Point",
        "coordinates": [
          -122.4635125,
          37.7752895
        ]
      },
      "id": "node/10785201875"
    },
    {
      "type": "Feature",
      "properties": {
        "@id": "node/10785201876",
        "camera:direction": "54",
        "camera:mount": "wall",
        "camera:type": "fixed",
        "man_made": "surveillance",
        "surveillance": "public",
        "surveillance:type": "camera",
        "surveillance:zone": "street"
      },
      "geometry": {
        "type": "Point",
        "coordinates": [
          -122.4647671,
          37.7752236
        ]
      },
      "id": "node/10785201876"
    },
    {
      "type": "Feature",
      "properties": {
        "@id": "node/10788492873",
        "camera:direction": "268",
        "camera:mount": "wall",
        "camera:type": "dome",
        "man_made": "surveillance",
        "surveillance": "public",
        "surveillance:type": "camera",
        "surveillance:zone": "street"
      },
      "geometry": {
        "type": "Point",
        "coordinates": [
          -122.4802239,
          37.7786329
        ]
      },
      "id": "node/10788492873"
    },
    {
      "type": "Feature",
      "properties": {
        "@id": "node/10788492874",
        "camera:direction": "268",
        "camera:mount": "wall",
        "camera:type": "dome",
        "man_made": "surveillance",
        "surveillance": "public",
        "surveillance:type": "camera",
        "surveillance:zone": "street"
      },
      "geometry": {
        "type": "Point",
        "coordinates": [
          -122.4802205,
          37.7785686
        ]
      },
      "id": "node/10788492874"
    },
    {
      "type": "Feature",
      "properties": {
        "@id": "node/10788496697",
        "camera:direction": "303",
        "camera:mount": "wall",
        "camera:type": "fixed",
        "man_made": "surveillance",
        "surveillance": "public",
        "surveillance:type": "camera",
        "surveillance:zone": "street"
      },
      "geometry": {
        "type": "Point",
        "coordinates": [
          -122.4812644,
          37.7636402
        ]
      },
      "id": "node/10788496697"
    },
    {
      "type": "Feature",
      "properties": {
        "@id": "node/10788496698",
        "camera:direction": "217",
        "camera:mount": "wall",
        "camera:type": "fixed",
        "man_made": "surveillance",
        "surveillance": "public",
        "surveillance:type": "camera",
        "surveillance:zone": "street"
      },
      "geometry": {
        "type": "Point",
        "coordinates": [
          -122.4812662,
          37.7637031
        ]
      },
      "id": "node/10788496698"
    },
    {
      "type": "Feature",
      "properties": {
        "@id": "node/10788496699",
        "camera:direction": "266",
        "camera:mount": "wall",
        "camera:type": "dome",
        "level": "1",
        "man_made": "surveillance",
        "surveillance": "public",
        "surveillance:type": "camera",
        "surveillance:zone": "street"
      },
      "geometry": {
        "type": "Point",
        "coordinates": [
          -122.4812732,
          37.7636309
        ]
      },
      "id": "node/10788496699"
    },
    {
      "type": "Feature",
      "properties": {
        "@id": "node/10788496700",
        "camera:direction": "268",
        "camera:mount": "wall",
        "camera:type": "dome",
        "level": "1",
        "man_made": "surveillance",
        "surveillance": "public",
        "surveillance:type": "camera",
        "surveillance:zone": "street"
      },
      "geometry": {
        "type": "Point",
        "coordinates": [
          -122.4812853,
          37.7635328
        ]
      },
      "id": "node/10788496700"
    },
    {
      "type": "Feature",
      "properties": {
        "@id": "node/10788496701",
        "camera:direction": "351",
        "camera:type": "fixed",
        "level": "1",
        "man_made": "surveillance",
        "surveillance": "public",
        "surveillance:type": "camera",
        "surveillance:zone": "street"
      },
      "geometry": {
        "type": "Point",
        "coordinates": [
          -122.481292,
          37.7635017
        ]
      },
      "id": "node/10788496701"
    },
    {
      "type": "Feature",
      "properties": {
        "@id": "node/10788556306",
        "camera:direction": "311",
        "camera:mount": "wall",
        "camera:type": "fixed",
        "level": "1",
        "man_made": "surveillance",
        "surveillance": "public",
        "surveillance:type": "camera",
        "surveillance:zone": "street"
      },
      "geometry": {
        "type": "Point",
        "coordinates": [
          -122.4802214,
          37.7631634
        ]
      },
      "id": "node/10788556306"
    },
    {
      "type": "Feature",
      "properties": {
        "@id": "node/10788556307",
        "camera:direction": "215",
        "camera:mount": "wall",
        "camera:type": "fixed",
        "level": "1",
        "man_made": "surveillance",
        "surveillance": "public",
        "surveillance:type": "camera",
        "surveillance:zone": "street"
      },
      "geometry": {
        "type": "Point",
        "coordinates": [
          -122.4802291,
          37.7632772
        ]
      },
      "id": "node/10788556307"
    },
    {
      "type": "Feature",
      "properties": {
        "@id": "node/10788556308",
        "camera:direction": "0-88;177-360",
        "camera:mount": "wall",
        "camera:type": "fixed",
        "level": "1",
        "man_made": "surveillance",
        "manufacturer": "Avigilon",
        "surveillance": "public",
        "surveillance:type": "camera",
        "surveillance:zone": "street"
      },
      "geometry": {
        "type": "Point",
        "coordinates": [
          -122.4802291,
          37.7633217
        ]
      },
      "id": "node/10788556308"
    },
    {
      "type": "Feature",
      "properties": {
        "@id": "node/10788556311",
        "camera:direction": "265",
        "camera:mount": "wall",
        "camera:type": "dome",
        "level": "1",
        "man_made": "surveillance",
        "surveillance": "public",
        "surveillance:type": "camera",
        "surveillance:zone": "street"
      },
      "geometry": {
        "type": "Point",
        "coordinates": [
          -122.4802201,
          37.7631685
        ]
      },
      "id": "node/10788556311"
    },
    {
      "type": "Feature",
      "properties": {
        "@id": "node/10789049088",
        "camera:direction": "333",
        "camera:mount": "wall",
        "camera:type": "fixed",
        "man_made": "surveillance",
        "surveillance": "public",
        "surveillance:type": "camera"
      },
      "geometry": {
        "type": "Point",
        "coordinates": [
          -122.4772691,
          37.7213707
        ]
      },
      "id": "node/10789049088"
    },
    {
      "type": "Feature",
      "properties": {
        "@id": "node/10789049089",
        "camera:direction": "69",
        "camera:mount": "wall",
        "camera:type": "fixed",
        "man_made": "surveillance",
        "surveillance": "public",
        "surveillance:type": "camera"
      },
      "geometry": {
        "type": "Point",
        "coordinates": [
          -122.4773207,
          37.7213849
        ]
      },
      "id": "node/10789049089"
    },
    {
      "type": "Feature",
      "properties": {
        "@id": "node/10790849305",
        "camera:direction": "266",
        "camera:mount": "wall",
        "camera:type": "dome",
        "man_made": "surveillance",
        "surveillance": "public",
        "surveillance:type": "camera",
        "surveillance:zone": "street"
      },
      "geometry": {
        "type": "Point",
        "coordinates": [
          -122.4800986,
          37.7769635
        ]
      },
      "id": "node/10790849305"
    },
    {
      "type": "Feature",
      "properties": {
        "@id": "node/10790849306",
        "camera:direction": "67",
        "camera:mount": "wall",
        "camera:type": "fixed",
        "man_made": "surveillance",
        "surveillance": "public",
        "surveillance:type": "camera",
        "surveillance:zone": "street"
      },
      "geometry": {
        "type": "Point",
        "coordinates": [
          -122.4803847,
          37.7770617
        ]
      },
      "id": "node/10790849306"
    },
    {
      "type": "Feature",
      "properties": {
        "@id": "node/10790849307",
        "camera:direction": "120",
        "camera:mount": "fence",
        "camera:type": "fixed",
        "man_made": "surveillance",
        "surveillance": "public",
        "surveillance:type": "camera",
        "surveillance:zone": "street"
      },
      "geometry": {
        "type": "Point",
        "coordinates": [
          -122.4803646,
          37.7771533
        ]
      },
      "id": "node/10790849307"
    },
    {
      "type": "Feature",
      "properties": {
        "@id": "node/10790849308",
        "camera:direction": "67",
        "camera:mount": "ceiling",
        "camera:type": "dome",
        "man_made": "surveillance",
        "surveillance": "public",
        "surveillance:type": "camera",
        "surveillance:zone": "entrance"
      },
      "geometry": {
        "type": "Point",
        "coordinates": [
          -122.4803574,
          37.7769275
        ]
      },
      "id": "node/10790849308"
    },
    {
      "type": "Feature",
      "properties": {
        "@id": "node/10790849309",
        "camera:direction": "213",
        "camera:mount": "ceiling",
        "camera:type": "dome",
        "man_made": "surveillance",
        "surveillance": "public",
        "surveillance:type": "camera",
        "surveillance:zone": "entrance"
      },
      "geometry": {
        "type": "Point",
        "coordinates": [
          -122.4800946,
          37.7770766
        ]
      },
      "id": "node/10790849309"
    },
    {
      "type": "Feature",
      "properties": {
        "@id": "node/10790849310",
        "camera:direction": "146",
        "camera:mount": "wall",
        "camera:type": "fixed",
        "man_made": "surveillance",
        "surveillance": "public",
        "surveillance:type": "camera",
        "surveillance:zone": "entrance"
      },
      "geometry": {
        "type": "Point",
        "coordinates": [
          -122.4804039,
          37.7772126
        ]
      },
      "id": "node/10790849310"
    },
    {
      "type": "Feature",
      "properties": {
        "@id": "node/10790849311",
        "camera:direction": "176",
        "camera:mount": "wall",
        "camera:type": "fixed",
        "man_made": "surveillance",
        "surveillance": "outdoor",
        "surveillance:type": "camera",
        "surveillance:zone": "entrance"
      },
      "geometry": {
        "type": "Point",
        "coordinates": [
          -122.4804039,
          37.7774571
        ]
      },
      "id": "node/10790849311"
    },
    {
      "type": "Feature",
      "properties": {
        "@id": "node/10790849312",
        "camera:direction": "265",
        "camera:type": "fixed",
        "man_made": "surveillance",
        "surveillance": "public",
        "surveillance:type": "camera",
        "surveillance:zone": "entrance"
      },
      "geometry": {
        "type": "Point",
        "coordinates": [
          -122.4801134,
          37.7774197
        ]
      },
      "id": "node/10790849312"
    },
    {
      "type": "Feature",
      "properties": {
        "@id": "node/10790849313",
        "camera:direction": "89",
        "camera:mount": "wall",
        "camera:type": "dome",
        "man_made": "surveillance",
        "surveillance": "public",
        "surveillance:type": "camera",
        "surveillance:zone": "street"
      },
      "geometry": {
        "type": "Point",
        "coordinates": [
          -122.4803999,
          37.7775529
        ]
      },
      "id": "node/10790849313"
    },
    {
      "type": "Feature",
      "properties": {
        "@id": "node/10790849314",
        "camera:direction": "359",
        "camera:mount": "wall",
        "camera:type": "fixed",
        "man_made": "surveillance",
        "surveillance": "public",
        "surveillance:type": "camera",
        "surveillance:zone": "entrance"
      },
      "geometry": {
        "type": "Point",
        "coordinates": [
          -122.4804004,
          37.7775776
        ]
      },
      "id": "node/10790849314"
    },
    {
      "type": "Feature",
      "properties": {
        "@id": "node/10790849315",
        "camera:direction": "4",
        "camera:mount": "wall",
        "camera:type": "fixed",
        "man_made": "surveillance",
        "surveillance": "public",
        "surveillance:type": "camera",
        "surveillance:zone": "entrance"
      },
      "geometry": {
        "type": "Point",
        "coordinates": [
          -122.4804066,
          37.7776098
        ]
      },
      "id": "node/10790849315"
    },
    {
      "type": "Feature",
      "properties": {
        "@id": "node/10790849316",
        "camera:direction": "266",
        "camera:mount": "wall",
        "camera:type": "door",
        "level": "1",
        "man_made": "surveillance",
        "surveillance": "public",
        "surveillance:type": "camera",
        "surveillance:zone": "entrance"
      },
      "geometry": {
        "type": "Point",
        "coordinates": [
          -122.4801371,
          37.7774854
        ]
      },
      "id": "node/10790849316"
    },
    {
      "type": "Feature",
      "properties": {
        "@id": "node/10790849317",
        "camera:direction": "87",
        "camera:type": "fixed",
        "level": "1",
        "man_made": "surveillance",
        "surveillance": "public",
        "surveillance:type": "camera",
        "surveillance:zone": "street"
      },
      "geometry": {
        "type": "Point",
        "coordinates": [
          -122.4804017,
          37.7775907
        ]
      },
      "id": "node/10790849317"
    },
    {
      "type": "Feature",
      "properties": {
        "@id": "node/10790849318",
        "camera:direction": "177",
        "camera:mount": "ceiling",
        "camera:type": "fixed",
        "level": "2",
        "man_made": "surveillance",
        "surveillance": "outdoor",
        "surveillance:type": "camera",
        "surveillance:zone": "entrance"
      },
      "geometry": {
        "type": "Point",
        "coordinates": [
          -122.4801335,
          37.7775501
        ]
      },
      "id": "node/10790849318"
    },
    {
      "type": "Feature",
      "properties": {
        "@id": "node/10790849319",
        "camera:direction": "265",
        "camera:type": "door",
        "level": "0",
        "man_made": "surveillance",
        "surveillance": "outdoor",
        "surveillance:type": "camera",
        "surveillance:zone": "entrance"
      },
      "geometry": {
        "type": "Point",
        "coordinates": [
          -122.4801505,
          37.7778055
        ]
      },
      "id": "node/10790849319"
    },
    {
      "type": "Feature",
      "properties": {
        "@id": "node/10790849320",
        "camera:direction": "155",
        "camera:type": "fixed",
        "level": "0",
        "man_made": "surveillance",
        "surveillance": "outdoor",
        "surveillance:type": "camera",
        "surveillance:zone": "entrance"
      },
      "geometry": {
        "type": "Point",
        "coordinates": [
          -122.4804147,
          37.7781571
        ]
      },
      "id": "node/10790849320"
    },
    {
      "type": "Feature",
      "properties": {
        "@id": "node/10790849321",
        "camera:direction": "85",
        "camera:type": "fixed",
        "level": "1",
        "man_made": "surveillance",
        "surveillance": "public",
        "surveillance:type": "camera",
        "surveillance:zone": "street"
      },
      "geometry": {
        "type": "Point",
        "coordinates": [
          -122.4804196,
          37.7781316
        ]
      },
      "id": "node/10790849321"
    },
    {
      "type": "Feature",
      "properties": {
        "@id": "node/10790849322",
        "camera:direction": "147",
        "camera:type": "fixed",
        "level": "1",
        "man_made": "surveillance",
        "surveillance": "public",
        "surveillance:type": "camera",
        "surveillance:zone": "street"
      },
      "geometry": {
        "type": "Point",
        "coordinates": [
          -122.4804214,
          37.7781636
        ]
      },
      "id": "node/10790849322"
    },
    {
      "type": "Feature",
      "properties": {
        "@id": "node/10790894152",
        "camera:direction": "358",
        "camera:type": "fixed",
        "level": "1",
        "man_made": "surveillance",
        "surveillance": "public",
        "surveillance:type": "camera",
        "surveillance:zone": "entrance"
      },
      "geometry": {
        "type": "Point",
        "coordinates": [
          -122.4823085,
          37.7800409
        ]
      },
      "id": "node/10790894152"
    },
    {
      "type": "Feature",
      "properties": {
        "@id": "node/10790894153",
        "camera:direction": "357",
        "camera:type": "fixed",
        "level": "1",
        "man_made": "surveillance",
        "surveillance": "public",
        "surveillance:type": "camera",
        "surveillance:zone": "entrance"
      },
      "geometry": {
        "type": "Point",
        "coordinates": [
          -122.4823764,
          37.7800412
        ]
      },
      "id": "node/10790894153"
    },
    {
      "type": "Feature",
      "properties": {
        "@id": "node/10790904251",
        "camera:direction": "3",
        "camera:mount": "wall",
        "camera:type": "fixed",
        "level": "1",
        "man_made": "surveillance",
        "surveillance": "public",
        "surveillance:type": "camera",
        "surveillance:zone": "entrance"
      },
      "geometry": {
        "type": "Point",
        "coordinates": [
          -122.4825951,
          37.7785358
        ]
      },
      "id": "node/10790904251"
    },
    {
      "type": "Feature",
      "properties": {
        "@id": "node/10790904252",
        "camera:direction": "176",
        "camera:mount": "wall",
        "level": "1",
        "man_made": "surveillance",
        "surveillance": "public",
        "surveillance:type": "camera",
        "surveillance:zone": "entrance"
      },
      "geometry": {
        "type": "Point",
        "coordinates": [
          -122.4826027,
          37.7785701
        ]
      },
      "id": "node/10790904252"
    },
    {
      "type": "Feature",
      "properties": {
        "@id": "node/10791225831",
        "camera:direction": "143",
        "camera:mount": "wall",
        "camera:type": "fixed",
        "man_made": "surveillance",
        "surveillance": "outdoor",
        "surveillance:type": "camera",
        "surveillance:zone": "entrance"
      },
      "geometry": {
        "type": "Point",
        "coordinates": [
          -122.5099932,
          37.773935
        ]
      },
      "id": "node/10791225831"
    },
    {
      "type": "Feature",
      "properties": {
        "@id": "node/10794112873",
        "camera:direction": "192",
        "camera:mount": "wall",
        "camera:type": "fixed",
        "man_made": "surveillance",
        "surveillance": "public",
        "surveillance:type": "camera",
        "surveillance:zone": "street"
      },
      "geometry": {
        "type": "Point",
        "coordinates": [
          -122.4793116,
          37.7809196
        ]
      },
      "id": "node/10794112873"
    },
    {
      "type": "Feature",
      "properties": {
        "@id": "node/10794112874",
        "camera:direction": "206",
        "camera:mount": "wall",
        "camera:type": "fixed",
        "man_made": "surveillance",
        "surveillance": "public",
        "surveillance:type": "camera",
        "surveillance:zone": "street"
      },
      "geometry": {
        "type": "Point",
        "coordinates": [
          -122.4793072,
          37.7808375
        ]
      },
      "id": "node/10794112874"
    },
    {
      "type": "Feature",
      "properties": {
        "@id": "node/10794112875",
        "camera:direction": "303",
        "camera:mount": "ceiling",
        "camera:type": "fixed",
        "man_made": "surveillance",
        "surveillance": "public",
        "surveillance:type": "camera",
        "surveillance:zone": "street"
      },
      "geometry": {
        "type": "Point",
        "coordinates": [
          -122.4793127,
          37.7807871
        ]
      },
      "id": "node/10794112875"
    },
    {
      "type": "Feature",
      "properties": {
        "@id": "node/10794112876",
        "camera:direction": "185",
        "camera:mount": "wall",
        "camera:type": "fixed",
        "man_made": "surveillance",
        "surveillance": "public",
        "surveillance:type": "camera",
        "surveillance:zone": "street"
      },
      "geometry": {
        "type": "Point",
        "coordinates": [
          -122.4792986,
          37.780688
        ]
      },
      "id": "node/10794112876"
    },
    {
      "type": "Feature",
      "properties": {
        "@id": "node/10794112882",
        "camera:direction": "356",
        "camera:mount": "wall",
        "camera:type": "door",
        "man_made": "surveillance",
        "surveillance": "public",
        "surveillance:type": "camera",
        "surveillance:zone": "street"
      },
      "geometry": {
        "type": "Point",
        "coordinates": [
          -122.4776563,
          37.7802552
        ]
      },
      "id": "node/10794112882"
    },
    {
      "type": "Feature",
      "properties": {
        "@id": "node/10794112890",
        "camera:direction": "179",
        "camera:mount": "wall",
        "camera:type": "dome",
        "man_made": "surveillance",
        "surveillance": "public",
        "surveillance:type": "camera",
        "surveillance:zone": "street"
      },
      "geometry": {
        "type": "Point",
        "coordinates": [
          -122.4749809,
          37.7807006
        ]
      },
      "id": "node/10794112890"
    },
    {
      "type": "Feature",
      "properties": {
        "@id": "node/10794112891",
        "camera:direction": "267",
        "camera:mount": "wall",
        "camera:type": "dome",
        "man_made": "surveillance",
        "surveillance": "public",
        "surveillance:type": "camera",
        "surveillance:zone": "street"
      },
      "geometry": {
        "type": "Point",
        "coordinates": [
          -122.4750063,
          37.7807648
        ]
      },
      "id": "node/10794112891"
    },
    {
      "type": "Feature",
      "properties": {
        "@id": "node/10794112892",
        "camera:direction": "269",
        "camera:mount": "wall",
        "camera:type": "dome",
        "man_made": "surveillance",
        "surveillance": "public",
        "surveillance:type": "camera",
        "surveillance:zone": "street"
      },
      "geometry": {
        "type": "Point",
        "coordinates": [
          -122.4750095,
          37.7809246
        ]
      },
      "id": "node/10794112892"
    },
    {
      "type": "Feature",
      "properties": {
        "@id": "node/10794116981",
        "camera:direction": "266",
        "camera:mount": "ceiling",
        "camera:type": "dome",
        "man_made": "surveillance",
        "surveillance": "public",
        "surveillance:type": "camera",
        "surveillance:zone": "entrance"
      },
      "geometry": {
        "type": "Point",
        "coordinates": [
          -122.4759116,
          37.778398
        ]
      },
      "id": "node/10794116981"
    },
    {
      "type": "Feature",
      "properties": {
        "@id": "node/10794116982",
        "camera:direction": "267",
        "camera:mount": "ceiling",
        "camera:type": "dome",
        "man_made": "surveillance",
        "surveillance": "public",
        "surveillance:type": "camera",
        "surveillance:zone": "entrance"
      },
      "geometry": {
        "type": "Point",
        "coordinates": [
          -122.4759123,
          37.7784375
        ]
      },
      "id": "node/10794116982"
    },
    {
      "type": "Feature",
      "properties": {
        "@id": "node/10794116983",
        "camera:direction": "266",
        "camera:mount": "wall",
        "camera:type": "dome",
        "man_made": "surveillance",
        "surveillance": "public",
        "surveillance:type": "camera",
        "surveillance:zone": "entrance"
      },
      "geometry": {
        "type": "Point",
        "coordinates": [
          -122.4757807,
          37.7784739
        ]
      },
      "id": "node/10794116983"
    },
    {
      "type": "Feature",
      "properties": {
        "@id": "node/10794116984",
        "camera:direction": "267",
        "camera:mount": "wall",
        "camera:type": "dome",
        "man_made": "surveillance",
        "surveillance": "public",
        "surveillance:type": "camera",
        "surveillance:zone": "entrance"
      },
      "geometry": {
        "type": "Point",
        "coordinates": [
          -122.4757036,
          37.7784725
        ]
      },
      "id": "node/10794116984"
    },
    {
      "type": "Feature",
      "properties": {
        "@id": "node/10795947220",
        "camera:direction": "124",
        "camera:mount": "wall",
        "camera:type": "fixed",
        "man_made": "surveillance",
        "surveillance": "public",
        "surveillance:type": "camera",
        "surveillance:zone": "entrance"
      },
      "geometry": {
        "type": "Point",
        "coordinates": [
          -122.4317123,
          37.7842481
        ]
      },
      "id": "node/10795947220"
    },
    {
      "type": "Feature",
      "properties": {
        "@id": "node/10795947221",
        "camera:direction": "79",
        "camera:mount": "wall",
        "camera:type": "dome",
        "man_made": "surveillance",
        "surveillance": "public",
        "surveillance:type": "camera",
        "surveillance:zone": "entrance"
      },
      "geometry": {
        "type": "Point",
        "coordinates": [
          -122.4316998,
          37.7842111
        ]
      },
      "id": "node/10795947221"
    },
    {
      "type": "Feature",
      "properties": {
        "@id": "node/10796023316",
        "camera:direction": "S",
        "camera:type": "dome",
        "man_made": "surveillance",
        "surveillance": "outdoor",
        "surveillance:type": "camera",
        "surveillance:zone": "parking"
      },
      "geometry": {
        "type": "Point",
        "coordinates": [
          -122.428949,
          37.7855706
        ]
      },
      "id": "node/10796023316"
    },
    {
      "type": "Feature",
      "properties": {
        "@id": "node/10796025058",
        "camera:direction": "S",
        "camera:mount": "wall",
        "camera:type": "dome",
        "man_made": "surveillance",
        "surveillance": "outdoor",
        "surveillance:type": "camera",
        "surveillance:zone": "parking"
      },
      "geometry": {
        "type": "Point",
        "coordinates": [
          -122.428517,
          37.7864258
        ]
      },
      "id": "node/10796025058"
    },
    {
      "type": "Feature",
      "properties": {
        "@id": "node/10796040780",
        "camera:direction": "332",
        "camera:mount": "wall",
        "camera:type": "fixed",
        "man_made": "surveillance",
        "surveillance": "outdoor",
        "surveillance:type": "camera",
        "surveillance:zone": "parking"
      },
      "geometry": {
        "type": "Point",
        "coordinates": [
          -122.4311997,
          37.7830245
        ]
      },
      "id": "node/10796040780"
    },
    {
      "type": "Feature",
      "properties": {
        "@id": "node/10796040781",
        "camera:direction": "352",
        "camera:mount": "wall",
        "camera:type": "dome",
        "man_made": "surveillance",
        "surveillance": "outdoor",
        "surveillance:type": "camera",
        "surveillance:zone": "parking"
      },
      "geometry": {
        "type": "Point",
        "coordinates": [
          -122.431214,
          37.7830207
        ]
      },
      "id": "node/10796040781"
    },
    {
      "type": "Feature",
      "properties": {
        "@id": "node/10796040782",
        "camera:direction": "350",
        "camera:mount": "wall",
        "camera:type": "fixed",
        "man_made": "surveillance",
        "surveillance": "outdoor",
        "surveillance:type": "camera",
        "surveillance:zone": "parking"
      },
      "geometry": {
        "type": "Point",
        "coordinates": [
          -122.4312316,
          37.7830195
        ]
      },
      "id": "node/10796040782"
    },
    {
      "type": "Feature",
      "properties": {
        "@id": "node/10796040783",
        "camera:direction": "21",
        "camera:mount": "ceiling",
        "camera:type": "dome",
        "man_made": "surveillance",
        "surveillance": "outdoor",
        "surveillance:type": "camera",
        "surveillance:zone": "entrance"
      },
      "geometry": {
        "type": "Point",
        "coordinates": [
          -122.4324225,
          37.782546
        ]
      },
      "id": "node/10796040783"
    },
    {
      "type": "Feature",
      "properties": {
        "@id": "node/10796045525",
        "camera:direction": "171",
        "camera:mount": "wall",
        "camera:type": "dome",
        "man_made": "surveillance",
        "surveillance": "public",
        "surveillance:type": "camera",
        "surveillance:zone": "street"
      },
      "geometry": {
        "type": "Point",
        "coordinates": [
          -122.4293617,
          37.7866845
        ]
      },
      "id": "node/10796045525"
    },
    {
      "type": "Feature",
      "properties": {
        "@id": "node/10796045526",
        "camera:direction": "333",
        "camera:mount": "wall",
        "camera:type": "fixed",
        "man_made": "surveillance",
        "surveillance": "public",
        "surveillance:type": "camera",
        "surveillance:zone": "entrance"
      },
      "geometry": {
        "type": "Point",
        "coordinates": [
          -122.4292549,
          37.7864583
        ]
      },
      "id": "node/10796045526"
    },
    {
      "type": "Feature",
      "properties": {
        "@id": "node/10796045527",
        "camera:direction": "160",
        "camera:mount": "wall",
        "camera:type": "fixed",
        "man_made": "surveillance",
        "surveillance": "outdoor",
        "surveillance:type": "camera",
        "surveillance:zone": "entrance"
      },
      "geometry": {
        "type": "Point",
        "coordinates": [
          -122.4292772,
          37.7864832
        ]
      },
      "id": "node/10796045527"
    },
    {
      "type": "Feature",
      "properties": {
        "@id": "node/10796045528",
        "camera:direction": "170",
        "camera:mount": "wall",
        "camera:type": "dome",
        "man_made": "surveillance",
        "surveillance": "public",
        "surveillance:type": "camera",
        "surveillance:zone": "street"
      },
      "geometry": {
        "type": "Point",
        "coordinates": [
          -122.4296371,
          37.7866449
        ]
      },
      "id": "node/10796045528"
    },
    {
      "type": "Feature",
      "properties": {
        "@id": "node/10796045529",
        "camera:direction": "140",
        "camera:mount": "wall",
        "camera:type": "dome",
        "man_made": "surveillance",
        "surveillance": "public",
        "surveillance:type": "camera",
        "surveillance:zone": "street"
      },
      "geometry": {
        "type": "Point",
        "coordinates": [
          -122.4301482,
          37.7865963
        ]
      },
      "id": "node/10796045529"
    },
    {
      "type": "Feature",
      "properties": {
        "@id": "node/10796045530",
        "camera:direction": "171",
        "camera:mount": "wall",
        "camera:type": "dome",
        "man_made": "surveillance",
        "surveillance": "public",
        "surveillance:type": "camera",
        "surveillance:zone": "entrance"
      },
      "geometry": {
        "type": "Point",
        "coordinates": [
          -122.4294765,
          37.7866894
        ]
      },
      "id": "node/10796045530"
    },
    {
      "type": "Feature",
      "properties": {
        "@id": "node/10796045532",
        "camera:direction": "32",
        "camera:mount": "wall",
        "camera:type": "fixed",
        "man_made": "surveillance",
        "surveillance": "public",
        "surveillance:type": "camera",
        "surveillance:zone": "street"
      },
      "geometry": {
        "type": "Point",
        "coordinates": [
          -122.4300256,
          37.7861662
        ]
      },
      "id": "node/10796045532"
    },
    {
      "type": "Feature",
      "properties": {
        "@id": "node/10796045533",
        "camera:direction": "257",
        "camera:mount": "wall",
        "camera:type": "fixed",
        "man_made": "surveillance",
        "surveillance": "public",
        "surveillance:type": "camera",
        "surveillance:zone": "street"
      },
      "geometry": {
        "type": "Point",
        "coordinates": [
          -122.4297871,
          37.7861262
        ]
      },
      "id": "node/10796045533"
    },
    {
      "type": "Feature",
      "properties": {
        "@id": "node/10796045534",
        "camera:direction": "220",
        "camera:mount": "wall",
        "camera:type": "fixed",
        "man_made": "surveillance",
        "surveillance": "public",
        "surveillance:type": "camera",
        "surveillance:zone": "street"
      },
      "geometry": {
        "type": "Point",
        "coordinates": [
          -122.4298138,
          37.7860605
        ]
      },
      "id": "node/10796045534"
    },
    {
      "type": "Feature",
      "properties": {
        "@id": "node/10796045535",
        "camera:direction": "31",
        "camera:mount": "ceiling",
        "camera:type": "dome",
        "man_made": "surveillance",
        "surveillance": "public",
        "surveillance:type": "camera",
        "surveillance:zone": "street"
      },
      "geometry": {
        "type": "Point",
        "coordinates": [
          -122.4299568,
          37.7857284
        ]
      },
      "id": "node/10796045535"
    },
    {
      "type": "Feature",
      "properties": {
        "@id": "node/10796045536",
        "camera:direction": "129",
        "camera:mount": "pole",
        "camera:type": "dome",
        "man_made": "surveillance",
        "surveillance": "public",
        "surveillance:type": "camera",
        "surveillance:zone": "street"
      },
      "geometry": {
        "type": "Point",
        "coordinates": [
          -122.4299527,
          37.7856608
        ]
      },
      "id": "node/10796045536"
    },
    {
      "type": "Feature",
      "properties": {
        "@id": "node/10797495287",
        "camera:direction": "212",
        "camera:mount": "wall",
        "camera:type": "fixed",
        "man_made": "surveillance",
        "surveillance": "public",
        "surveillance:type": "camera",
        "surveillance:zone": "street"
      },
      "geometry": {
        "type": "Point",
        "coordinates": [
          -122.4856688,
          37.779607
        ]
      },
      "id": "node/10797495287"
    },
    {
      "type": "Feature",
      "properties": {
        "@id": "node/10797495288",
        "camera:direction": "305",
        "camera:mount": "wall",
        "camera:type": "fixed",
        "man_made": "surveillance",
        "surveillance": "public",
        "surveillance:type": "camera",
        "surveillance:zone": "street"
      },
      "geometry": {
        "type": "Point",
        "coordinates": [
          -122.4856646,
          37.7795414
        ]
      },
      "id": "node/10797495288"
    },
    {
      "type": "Feature",
      "properties": {
        "@id": "node/10797495289",
        "camera:direction": "144",
        "camera:mount": "pole",
        "camera:type": "fixed",
        "man_made": "surveillance",
        "surveillance": "outdoor",
        "surveillance:type": "camera",
        "surveillance:zone": "parking"
      },
      "geometry": {
        "type": "Point",
        "coordinates": [
          -122.4856596,
          37.7795337
        ]
      },
      "id": "node/10797495289"
    },
    {
      "type": "Feature",
      "properties": {
        "@id": "node/10797495291",
        "camera:direction": "297",
        "camera:mount": "wall",
        "camera:type": "fixed",
        "man_made": "surveillance",
        "surveillance": "public",
        "surveillance:type": "camera",
        "surveillance:zone": "street"
      },
      "geometry": {
        "type": "Point",
        "coordinates": [
          -122.4856134,
          37.779304
        ]
      },
      "id": "node/10797495291"
    },
    {
      "type": "Feature",
      "properties": {
        "@id": "node/10797495292",
        "camera:direction": "90",
        "camera:mount": "wall",
        "camera:type": "dome",
        "man_made": "surveillance",
        "surveillance": "public",
        "surveillance:type": "camera",
        "surveillance:zone": "street"
      },
      "geometry": {
        "type": "Point",
        "coordinates": [
          -122.4858645,
          37.7790896
        ]
      },
      "id": "node/10797495292"
    },
    {
      "type": "Feature",
      "properties": {
        "@id": "node/10797495294",
        "camera:direction": "165",
        "camera:mount": "wall",
        "camera:type": "fixed",
        "man_made": "surveillance",
        "surveillance": "public",
        "surveillance:type": "camera",
        "surveillance:zone": "street"
      },
      "geometry": {
        "type": "Point",
        "coordinates": [
          -122.485869,
          37.7791546
        ]
      },
      "id": "node/10797495294"
    },
    {
      "type": "Feature",
      "properties": {
        "@id": "node/10802159099",
        "camera:direction": "91",
        "camera:mount": "wall",
        "camera:type": "fixed",
        "man_made": "surveillance",
        "surveillance": "public",
        "surveillance:type": "camera",
        "surveillance:zone": "street"
      },
      "geometry": {
        "type": "Point",
        "coordinates": [
          -122.4095762,
          37.7882456
        ]
      },
      "id": "node/10802159099"
    },
    {
      "type": "Feature",
      "properties": {
        "@id": "node/10802159100",
        "camera:direction": "255",
        "camera:mount": "wall",
        "camera:type": "fixed",
        "man_made": "surveillance",
        "surveillance": "public",
        "surveillance:type": "camera",
        "surveillance:zone": "street"
      },
      "geometry": {
        "type": "Point",
        "coordinates": [
          -122.4095216,
          37.7882561
        ]
      },
      "id": "node/10802159100"
    },
    {
      "type": "Feature",
      "properties": {
        "@id": "node/10802159101",
        "camera:direction": "174",
        "camera:mount": "wall",
        "camera:type": "dome",
        "man_made": "surveillance",
        "surveillance": "public",
        "surveillance:type": "camera",
        "surveillance:zone": "street"
      },
      "geometry": {
        "type": "Point",
        "coordinates": [
          -122.4097683,
          37.7882212
        ]
      },
      "id": "node/10802159101"
    },
    {
      "type": "Feature",
      "properties": {
        "@id": "node/10802159104",
        "camera:direction": "308",
        "camera:mount": "wall",
        "man_made": "surveillance",
        "surveillance": "public",
        "surveillance:type": "camera",
        "surveillance:zone": "street"
      },
      "geometry": {
        "type": "Point",
        "coordinates": [
          -122.4099847,
          37.7882011
        ]
      },
      "id": "node/10802159104"
    },
    {
      "type": "Feature",
      "properties": {
        "@id": "node/10802194805",
        "camera:direction": "189",
        "camera:mount": "wall",
        "man_made": "surveillance",
        "surveillance": "public",
        "surveillance:type": "camera",
        "surveillance:zone": "street"
      },
      "geometry": {
        "type": "Point",
        "coordinates": [
          -122.4100585,
          37.7885657
        ]
      },
      "id": "node/10802194805"
    },
    {
      "type": "Feature",
      "properties": {
        "@id": "node/10802194806",
        "camera:direction": "83",
        "camera:mount": "wall",
        "camera:type": "dome",
        "man_made": "surveillance",
        "surveillance": "public",
        "surveillance:type": "camera",
        "surveillance:zone": "street"
      },
      "geometry": {
        "type": "Point",
        "coordinates": [
          -122.4102609,
          37.7884371
        ]
      },
      "id": "node/10802194806"
    },
    {
      "type": "Feature",
      "properties": {
        "@id": "node/10802452144",
        "camera:direction": "263",
        "camera:mount": "wall",
        "camera:type": "dome",
        "man_made": "surveillance",
        "surveillance": "public",
        "surveillance:type": "camera",
        "surveillance:zone": "entrance"
      },
      "geometry": {
        "type": "Point",
        "coordinates": [
          -122.409892,
          37.7879921
        ]
      },
      "id": "node/10802452144"
    },
    {
      "type": "Feature",
      "properties": {
        "@id": "node/10802452145",
        "camera:direction": "82",
        "camera:mount": "wall",
        "camera:type": "dome",
        "man_made": "surveillance",
        "surveillance": "public",
        "surveillance:type": "camera",
        "surveillance:zone": "entrance"
      },
      "geometry": {
        "type": "Point",
        "coordinates": [
          -122.4096127,
          37.7880276
        ]
      },
      "id": "node/10802452145"
    },
    {
      "type": "Feature",
      "properties": {
        "@id": "node/10802452146",
        "camera:direction": "260",
        "camera:mount": "wall",
        "camera:type": "dome",
        "man_made": "surveillance",
        "surveillance": "outdoor",
        "surveillance:type": "camera",
        "surveillance:zone": "entrance"
      },
      "geometry": {
        "type": "Point",
        "coordinates": [
          -122.409631,
          37.7880216
        ]
      },
      "id": "node/10802452146"
    },
    {
      "type": "Feature",
      "properties": {
        "@id": "node/10802452148",
        "camera:direction": "5",
        "camera:type": "fixed",
        "man_made": "surveillance",
        "surveillance": "public",
        "surveillance:type": "camera"
      },
      "geometry": {
        "type": "Point",
        "coordinates": [
          -122.4080822,
          37.7880065
        ]
      },
      "id": "node/10802452148"
    },
    {
      "type": "Feature",
      "properties": {
        "@id": "node/10802452149",
        "camera:direction": "5",
        "camera:type": "fixed",
        "man_made": "surveillance",
        "surveillance": "public",
        "surveillance:type": "camera"
      },
      "geometry": {
        "type": "Point",
        "coordinates": [
          -122.4080747,
          37.7879354
        ]
      },
      "id": "node/10802452149"
    },
    {
      "type": "Feature",
      "properties": {
        "@id": "node/10802452150",
        "camera:direction": "172",
        "camera:type": "dome",
        "man_made": "surveillance",
        "surveillance": "public",
        "surveillance:type": "camera",
        "surveillance:zone": "street"
      },
      "geometry": {
        "type": "Point",
        "coordinates": [
          -122.4078752,
          37.788445
        ]
      },
      "id": "node/10802452150"
    },
    {
      "type": "Feature",
      "properties": {
        "@id": "node/10802452155",
        "camera:direction": "100",
        "camera:mount": "wall",
        "camera:type": "dome",
        "man_made": "surveillance",
        "surveillance": "public",
        "surveillance:type": "camera"
      },
      "geometry": {
        "type": "Point",
        "coordinates": [
          -122.4080021,
          37.7877992
        ]
      },
      "id": "node/10802452155"
    },
    {
      "type": "Feature",
      "properties": {
        "@id": "node/10802452156",
        "camera:direction": "129",
        "camera:mount": "wall",
        "camera:type": "fixed",
        "man_made": "surveillance",
        "surveillance": "public",
        "surveillance:type": "camera"
      },
      "geometry": {
        "type": "Point",
        "coordinates": [
          -122.4080046,
          37.7877899
        ]
      },
      "id": "node/10802452156"
    },
    {
      "type": "Feature",
      "properties": {
        "@id": "node/10802452157",
        "camera:direction": "112",
        "camera:mount": "wall",
        "camera:type": "dome",
        "man_made": "surveillance",
        "surveillance": "public",
        "surveillance:type": "camera"
      },
      "geometry": {
        "type": "Point",
        "coordinates": [
          -122.4080346,
          37.7876983
        ]
      },
      "id": "node/10802452157"
    },
    {
      "type": "Feature",
      "properties": {
        "@id": "node/10802452159",
        "camera:direction": "267",
        "camera:mount": "pole",
        "camera:type": "fixed",
        "man_made": "surveillance",
        "surveillance": "public",
        "surveillance:type": "camera"
      },
      "geometry": {
        "type": "Point",
        "coordinates": [
          -122.4076079,
          37.7876934
        ]
      },
      "id": "node/10802452159"
    },
    {
      "type": "Feature",
      "properties": {
        "@id": "node/10802452160",
        "camera:direction": "79",
        "camera:mount": "pole",
        "camera:type": "fixed",
        "man_made": "surveillance",
        "surveillance": "public",
        "surveillance:type": "camera"
      },
      "geometry": {
        "type": "Point",
        "coordinates": [
          -122.4073447,
          37.7877236
        ]
      },
      "id": "node/10802452160"
    },
    {
      "type": "Feature",
      "properties": {
        "@id": "node/10805585977",
        "camera:direction": "51",
        "camera:type": "dome",
        "man_made": "surveillance",
        "surveillance": "public",
        "surveillance:type": "camera",
        "surveillance:zone": "outdoor"
      },
      "geometry": {
        "type": "Point",
        "coordinates": [
          -122.3929915,
          37.7979891
        ]
      },
      "id": "node/10805585977"
    },
    {
      "type": "Feature",
      "properties": {
        "@id": "node/10805597209",
        "camera:direction": "144",
        "camera:mount": "wall",
        "camera:type": "dome",
        "level": "0",
        "man_made": "surveillance",
        "surveillance": "public",
        "surveillance:type": "camera",
        "surveillance:zone": "entrance"
      },
      "geometry": {
        "type": "Point",
        "coordinates": [
          -122.3941338,
          37.7959548
        ]
      },
      "id": "node/10805597209"
    },
    {
      "type": "Feature",
      "properties": {
        "@id": "node/10805597210",
        "camera:direction": "233",
        "camera:mount": "pole",
        "camera:type": "dome",
        "level": "0",
        "man_made": "surveillance",
        "surveillance": "public",
        "surveillance:type": "camera",
        "surveillance:zone": "outdoor"
      },
      "geometry": {
        "type": "Point",
        "coordinates": [
          -122.3941505,
          37.7959541
        ]
      },
      "id": "node/10805597210"
    },
    {
      "type": "Feature",
      "properties": {
        "@id": "node/10805597211",
        "camera:direction": "234",
        "camera:mount": "pole",
        "camera:type": "dome",
        "level": "0",
        "man_made": "surveillance",
        "surveillance": "public",
        "surveillance:type": "camera",
        "surveillance:zone": "outdoor"
      },
      "geometry": {
        "type": "Point",
        "coordinates": [
          -122.3942929,
          37.7961228
        ]
      },
      "id": "node/10805597211"
    },
    {
      "type": "Feature",
      "properties": {
        "@id": "node/10805597213",
        "camera:direction": "321",
        "camera:type": "dome",
        "level": "0",
        "man_made": "surveillance",
        "surveillance": "public",
        "surveillance:type": "camera",
        "surveillance:zone": "entrance"
      },
      "geometry": {
        "type": "Point",
        "coordinates": [
          -122.3941703,
          37.7962325
        ]
      },
      "id": "node/10805597213"
    },
    {
      "type": "Feature",
      "properties": {
        "@id": "node/10805597219",
        "camera:direction": "143",
        "camera:mount": "wall",
        "camera:type": "dome",
        "man_made": "surveillance",
        "surveillance": "public",
        "surveillance:type": "camera"
      },
      "geometry": {
        "type": "Point",
        "coordinates": [
          -122.3948429,
          37.7967529
        ]
      },
      "id": "node/10805597219"
    },
    {
      "type": "Feature",
      "properties": {
        "@id": "node/10805597220",
        "camera:direction": "144",
        "camera:mount": "wall",
        "camera:type": "dome",
        "man_made": "surveillance",
        "surveillance": "public",
        "surveillance:type": "camera"
      },
      "geometry": {
        "type": "Point",
        "coordinates": [
          -122.3945761,
          37.7968953
        ]
      },
      "id": "node/10805597220"
    },
    {
      "type": "Feature",
      "properties": {
        "@id": "node/10815354119",
        "camera:direction": "199",
        "camera:mount": "pole",
        "camera:type": "fixed",
        "man_made": "surveillance",
        "surveillance": "outdoor",
        "surveillance:type": "camera"
      },
      "geometry": {
        "type": "Point",
        "coordinates": [
          -122.4771485,
          37.8102846
        ]
      },
      "id": "node/10815354119"
    },
    {
      "type": "Feature",
      "properties": {
        "@id": "node/10815359932",
        "camera:direction": "183",
        "camera:mount": "pole",
        "camera:type": "fixed",
        "man_made": "surveillance",
        "surveillance": "public",
        "surveillance:type": "camera",
        "surveillance:zone": "outdoor"
      },
      "geometry": {
        "type": "Point",
        "coordinates": [
          -122.475053,
          37.8078332
        ]
      },
      "id": "node/10815359932"
    },
    {
      "type": "Feature",
      "properties": {
        "@id": "node/10815359933",
        "camera:direction": "288",
        "camera:mount": "pole",
        "camera:type": "fixed",
        "man_made": "surveillance",
        "surveillance": "public",
        "surveillance:type": "camera",
        "surveillance:zone": "outdoor"
      },
      "geometry": {
        "type": "Point",
        "coordinates": [
          -122.4750544,
          37.8078311
        ]
      },
      "id": "node/10815359933"
    },
    {
      "type": "Feature",
      "properties": {
        "@id": "node/10815359935",
        "camera:direction": "186",
        "camera:mount": "pole",
        "camera:type": "fixed",
        "man_made": "surveillance",
        "surveillance": "public",
        "surveillance:type": "camera",
        "surveillance:zone": "parking"
      },
      "geometry": {
        "type": "Point",
        "coordinates": [
          -122.4745075,
          37.8079018
        ]
      },
      "id": "node/10815359935"
    },
    {
      "type": "Feature",
      "properties": {
        "@id": "node/10830894147",
        "camera:direction": "24",
        "camera:mount": "wall",
        "man_made": "surveillance",
        "surveillance": "public",
        "surveillance:type": "camera",
        "surveillance:zone": "street"
      },
      "geometry": {
        "type": "Point",
        "coordinates": [
          -122.4817881,
          37.7822714
        ]
      },
      "id": "node/10830894147"
    },
    {
      "type": "Feature",
      "properties": {
        "@id": "node/10830894148",
        "camera:direction": "201",
        "camera:mount": "wall",
        "man_made": "surveillance",
        "surveillance": "public",
        "surveillance:type": "camera",
        "surveillance:zone": "street"
      },
      "geometry": {
        "type": "Point",
        "coordinates": [
          -122.4817905,
          37.7822668
        ]
      },
      "id": "node/10830894148"
    },
    {
      "type": "Feature",
      "properties": {
        "@id": "node/10832552644",
        "camera:direction": "140",
        "camera:mount": "ceiling",
        "man_made": "surveillance",
        "surveillance": "public",
        "surveillance:type": "camera",
        "surveillance:zone": "entrance"
      },
      "geometry": {
        "type": "Point",
        "coordinates": [
          -122.4664775,
          37.7644806
        ]
      },
      "id": "node/10832552644"
    },
    {
      "type": "Feature",
      "properties": {
        "@id": "node/10832552645",
        "camera:direction": "41",
        "camera:mount": "wall",
        "camera:type": "dome",
        "man_made": "surveillance",
        "surveillance": "public",
        "surveillance:type": "camera",
        "surveillance:zone": "entrance"
      },
      "geometry": {
        "type": "Point",
        "coordinates": [
          -122.4664887,
          37.7646288
        ]
      },
      "id": "node/10832552645"
    },
    {
      "type": "Feature",
      "properties": {
        "@id": "node/10832552646",
        "camera:direction": "126",
        "camera:mount": "wall",
        "camera:type": "dome",
        "man_made": "surveillance",
        "surveillance": "public",
        "surveillance:type": "camera",
        "surveillance:zone": "entrance"
      },
      "geometry": {
        "type": "Point",
        "coordinates": [
          -122.4664896,
          37.764691
        ]
      },
      "id": "node/10832552646"
    },
    {
      "type": "Feature",
      "properties": {
        "@id": "node/10857020222",
        "camera:direction": "217",
        "camera:mount": "wall",
        "man_made": "surveillance",
        "surveillance": "public",
        "surveillance:type": "camera",
        "surveillance:zone": "street"
      },
      "geometry": {
        "type": "Point",
        "coordinates": [
          -122.482292,
          37.7775421
        ]
      },
      "id": "node/10857020222"
    },
    {
      "type": "Feature",
      "properties": {
        "@id": "node/10857020223",
        "camera:direction": "305",
        "camera:mount": "wall",
        "man_made": "surveillance",
        "surveillance": "public",
        "surveillance:type": "camera",
        "surveillance:zone": "street"
      },
      "geometry": {
        "type": "Point",
        "coordinates": [
          -122.4822861,
          37.7774924
        ]
      },
      "id": "node/10857020223"
    },
    {
      "type": "Feature",
      "properties": {
        "@id": "node/10857020224",
        "camera:direction": "316",
        "camera:mount": "ceiling",
        "camera:type": "dome",
        "man_made": "surveillance",
        "surveillance": "public",
        "surveillance:type": "camera",
        "surveillance:zone": "street"
      },
      "geometry": {
        "type": "Point",
        "coordinates": [
          -122.4822675,
          37.777277
        ]
      },
      "id": "node/10857020224"
    },
    {
      "type": "Feature",
      "properties": {
        "@id": "node/10857020225",
        "camera:direction": "267",
        "camera:mount": "wall",
        "camera:type": "door",
        "man_made": "surveillance",
        "manufacturer": "Ring",
        "surveillance": "public",
        "surveillance:type": "camera",
        "surveillance:zone": "entrance"
      },
      "geometry": {
        "type": "Point",
        "coordinates": [
          -122.4822154,
          37.7771317
        ]
      },
      "id": "node/10857020225"
    },
    {
      "type": "Feature",
      "properties": {
        "@id": "node/10857020226",
        "camera:direction": "267",
        "camera:mount": "wall",
        "camera:type": "dome",
        "man_made": "surveillance",
        "surveillance": "public",
        "surveillance:type": "camera",
        "surveillance:zone": "street"
      },
      "geometry": {
        "type": "Point",
        "coordinates": [
          -122.4822632,
          37.7771218
        ]
      },
      "id": "node/10857020226"
    },
    {
      "type": "Feature",
      "properties": {
        "@id": "node/10857020228",
        "camera:direction": "317",
        "camera:mount": "ceiling",
        "camera:type": "dome",
        "man_made": "surveillance",
        "surveillance": "public",
        "surveillance:type": "camera",
        "surveillance:zone": "entrance"
      },
      "geometry": {
        "type": "Point",
        "coordinates": [
          -122.482262,
          37.7770859
        ]
      },
      "id": "node/10857020228"
    },
    {
      "type": "Feature",
      "properties": {
        "@id": "node/10857020229",
        "camera:direction": "268",
        "camera:mount": "wall",
        "camera:type": "fixed",
        "man_made": "surveillance",
        "manufacturer": "Ring",
        "surveillance": "public",
        "surveillance:type": "camera",
        "surveillance:zone": "entrance"
      },
      "geometry": {
        "type": "Point",
        "coordinates": [
          -122.4822653,
          37.7770939
        ]
      },
      "id": "node/10857020229"
    },
    {
      "type": "Feature",
      "properties": {
        "@id": "node/10857020230",
        "camera:direction": "47",
        "camera:mount": "wall",
        "camera:type": "fixed",
        "man_made": "surveillance",
        "surveillance": "public",
        "surveillance:type": "camera",
        "surveillance:zone": "street"
      },
      "geometry": {
        "type": "Point",
        "coordinates": [
          -122.4824906,
          37.7770384
        ]
      },
      "id": "node/10857020230"
    },
    {
      "type": "Feature",
      "properties": {
        "@id": "node/10869399694",
        "camera:direction": "226",
        "camera:mount": "wall",
        "camera:type": "dome",
        "man_made": "surveillance",
        "surveillance": "public",
        "surveillance:type": "camera",
        "surveillance:zone": "street"
      },
      "geometry": {
        "type": "Point",
        "coordinates": [
          -122.481291,
          37.7632536
        ]
      },
      "id": "node/10869399694"
    },
    {
      "type": "Feature",
      "properties": {
        "@id": "node/10869399696",
        "camera:direction": "357",
        "camera:mount": "wall",
        "camera:type": "dome",
        "man_made": "surveillance",
        "surveillance": "public",
        "surveillance:type": "camera",
        "surveillance:zone": "street"
      },
      "geometry": {
        "type": "Point",
        "coordinates": [
          -122.4811522,
          37.7632802
        ]
      },
      "id": "node/10869399696"
    },
    {
      "type": "Feature",
      "properties": {
        "@id": "node/10869399702",
        "camera:direction": "355",
        "camera:mount": "wall",
        "camera:type": "dome",
        "man_made": "surveillance",
        "surveillance": "public",
        "surveillance:type": "camera",
        "surveillance:zone": "street"
      },
      "geometry": {
        "type": "Point",
        "coordinates": [
          -122.4809962,
          37.7632915
        ]
      },
      "id": "node/10869399702"
    },
    {
      "type": "Feature",
      "properties": {
        "@id": "node/10872159003",
        "camera:direction": "177",
        "camera:mount": "wall",
        "camera:type": "dome",
        "man_made": "surveillance",
        "surveillance": "public",
        "surveillance:type": "camera",
        "surveillance:zone": "street"
      },
      "geometry": {
        "type": "Point",
        "coordinates": [
          -122.4773311,
          37.7748676
        ]
      },
      "id": "node/10872159003"
    },
    {
      "type": "Feature",
      "properties": {
        "@id": "node/10876289644",
        "camera:direction": "S",
        "camera:mount": "wall",
        "man_made": "surveillance",
        "surveillance": "public",
        "surveillance:type": "camera"
      },
      "geometry": {
        "type": "Point",
        "coordinates": [
          -122.3708068,
          37.819248
        ]
      },
      "id": "node/10876289644"
    },
    {
      "type": "Feature",
      "properties": {
        "@id": "node/10876289651",
        "camera:direction": "NW",
        "camera:mount": "wall",
        "camera:type": "fixed",
        "man_made": "surveillance",
        "surveillance": "public",
        "surveillance:type": "camera"
      },
      "geometry": {
        "type": "Point",
        "coordinates": [
          -122.3708627,
          37.8192924
        ]
      },
      "id": "node/10876289651"
    },
    {
      "type": "Feature",
      "properties": {
        "@id": "node/10897723836",
        "camera:direction": "178",
        "camera:mount": "wall",
        "camera:type": "dome",
        "man_made": "surveillance",
        "surveillance": "public",
        "surveillance:type": "camera",
        "surveillance:zone": "street"
      },
      "geometry": {
        "type": "Point",
        "coordinates": [
          -122.4985154,
          37.7757633
        ]
      },
      "id": "node/10897723836"
    },
    {
      "type": "Feature",
      "properties": {
        "@id": "node/10897723838",
        "camera:direction": "87",
        "camera:mount": "wall",
        "camera:type": "dome",
        "man_made": "surveillance",
        "surveillance": "public",
        "surveillance:type": "camera",
        "surveillance:zone": "street"
      },
      "geometry": {
        "type": "Point",
        "coordinates": [
          -122.4984954,
          37.7755474
        ]
      },
      "id": "node/10897723838"
    },
    {
      "type": "Feature",
      "properties": {
        "@id": "node/10897723839",
        "camera:direction": "357",
        "camera:mount": "wall",
        "camera:type": "dome",
        "man_made": "surveillance",
        "surveillance": "public",
        "surveillance:type": "camera",
        "surveillance:zone": "street"
      },
      "geometry": {
        "type": "Point",
        "coordinates": [
          -122.49852,
          37.7755538
        ]
      },
      "id": "node/10897723839"
    },
    {
      "type": "Feature",
      "properties": {
        "@id": "node/10897723842",
        "camera:direction": "178",
        "camera:mount": "ceiling",
        "camera:type": "dome",
        "man_made": "surveillance",
        "surveillance:type": "camera",
        "surveillance:zone": "street"
      },
      "geometry": {
        "type": "Point",
        "coordinates": [
          -122.497839,
          37.7757969
        ]
      },
      "id": "node/10897723842"
    },
    {
      "type": "Feature",
      "properties": {
        "@id": "node/10897723843",
        "camera:direction": "86",
        "camera:mount": "wall",
        "camera:type": "dome",
        "man_made": "surveillance",
        "surveillance": "public",
        "surveillance:type": "camera",
        "surveillance:zone": "street"
      },
      "geometry": {
        "type": "Point",
        "coordinates": [
          -122.4985064,
          37.7757712
        ]
      },
      "id": "node/10897723843"
    },
    {
      "type": "Feature",
      "properties": {
        "@id": "node/10932511871",
        "camera:direction": "144",
        "camera:type": "dome",
        "man_made": "surveillance",
        "surveillance": "outdoor",
        "surveillance:type": "camera"
      },
      "geometry": {
        "type": "Point",
        "coordinates": [
          -122.4965525,
          37.7772709
        ]
      },
      "id": "node/10932511871"
    },
    {
      "type": "Feature",
      "properties": {
        "@id": "node/10932511877",
        "camera:direction": "87",
        "camera:type": "dome",
        "man_made": "surveillance",
        "surveillance": "outdoor",
        "surveillance:type": "camera"
      },
      "geometry": {
        "type": "Point",
        "coordinates": [
          -122.4970178,
          37.7766722
        ]
      },
      "id": "node/10932511877"
    },
    {
      "type": "Feature",
      "properties": {
        "@id": "node/10969916964",
        "camera:direction": "87",
        "camera:mount": "wall",
        "camera:type": "door",
        "man_made": "surveillance",
        "surveillance": "outdoor",
        "surveillance:type": "camera",
        "surveillance:zone": "entrance"
      },
      "geometry": {
        "type": "Point",
        "coordinates": [
          -122.4655784,
          37.77916
        ]
      },
      "id": "node/10969916964"
    },
    {
      "type": "Feature",
      "properties": {
        "@id": "node/10969975322",
        "camera:direction": "16",
        "camera:mount": "wall",
        "camera:type": "dome",
        "man_made": "surveillance",
        "surveillance": "public",
        "surveillance:type": "camera",
        "surveillance:zone": "street"
      },
      "geometry": {
        "type": "Point",
        "coordinates": [
          -122.4697408,
          37.7805252
        ]
      },
      "id": "node/10969975322"
    },
    {
      "type": "Feature",
      "properties": {
        "@id": "node/10969975323",
        "camera:direction": "346",
        "camera:mount": "wall",
        "camera:type": "fixed",
        "man_made": "surveillance",
        "surveillance": "public",
        "surveillance:type": "camera",
        "surveillance:zone": "street"
      },
      "geometry": {
        "type": "Point",
        "coordinates": [
          -122.4695079,
          37.7805159
        ]
      },
      "id": "node/10969975323"
    },
    {
      "type": "Feature",
      "properties": {
        "@id": "node/11009320679",
        "camera:direction": "44",
        "camera:mount": "doorbell",
        "camera:type": "door",
        "man_made": "surveillance",
        "surveillance": "public",
        "surveillance:type": "camera",
        "surveillance:zone": "entrance"
      },
      "geometry": {
        "type": "Point",
        "coordinates": [
          -122.4712319,
          37.7862619
        ]
      },
      "id": "node/11009320679"
    },
    {
      "type": "Feature",
      "properties": {
        "@id": "node/11009320699",
        "camera:direction": "87",
        "camera:type": "fixed",
        "man_made": "surveillance",
        "surveillance": "public",
        "surveillance:type": "camera",
        "surveillance:zone": "entrance"
      },
      "geometry": {
        "type": "Point",
        "coordinates": [
          -122.47125,
          37.7866558
        ]
      },
      "id": "node/11009320699"
    },
    {
      "type": "Feature",
      "properties": {
        "@id": "node/11009374814",
        "camera:direction": "80",
        "camera:type": "fixed",
        "man_made": "surveillance",
        "surveillance": "outdoor",
        "surveillance:type": "camera",
        "surveillance:zone": "entrance"
      },
      "geometry": {
        "type": "Point",
        "coordinates": [
          -122.4716759,
          37.7866728
        ]
      },
      "id": "node/11009374814"
    },
    {
      "type": "Feature",
      "properties": {
        "@id": "node/11009374815",
        "camera:direction": "278",
        "camera:type": "fixed",
        "man_made": "surveillance",
        "surveillance": "outdoor",
        "surveillance:type": "camera",
        "surveillance:zone": "entrance"
      },
      "geometry": {
        "type": "Point",
        "coordinates": [
          -122.4715807,
          37.7866794
        ]
      },
      "id": "node/11009374815"
    },
    {
      "type": "Feature",
      "properties": {
        "@id": "node/11009374816",
        "camera:direction": "79",
        "camera:type": "fixed",
        "man_made": "surveillance",
        "surveillance": "outdoor",
        "surveillance:type": "camera",
        "surveillance:zone": "entrance"
      },
      "geometry": {
        "type": "Point",
        "coordinates": [
          -122.4715711,
          37.7866787
        ]
      },
      "id": "node/11009374816"
    },
    {
      "type": "Feature",
      "properties": {
        "@id": "node/11308484399",
        "camera:direction": "267",
        "camera:type": "dome",
        "man_made": "surveillance",
        "surveillance": "outdoor",
        "surveillance:type": "camera",
        "surveillance:zone": "street"
      },
      "geometry": {
        "type": "Point",
        "coordinates": [
          -122.4715684,
          37.7639275
        ]
      },
      "id": "node/11308484399"
    },
    {
      "type": "Feature",
      "properties": {
        "@id": "node/11374592690",
        "camera:direction": "127",
        "camera:mount": "wall",
        "camera:type": "dome",
        "man_made": "surveillance",
        "surveillance": "public",
        "surveillance:type": "camera",
        "surveillance:zone": "entrance"
      },
      "geometry": {
        "type": "Point",
        "coordinates": [
          -122.4650698,
          37.7746062
        ]
      },
      "id": "node/11374592690"
    },
    {
      "type": "Feature",
      "properties": {
        "@id": "node/11374592716",
        "camera:direction": "91",
        "camera:mount": "wall",
        "camera:type": "dome",
        "man_made": "surveillance",
        "surveillance": "outdoor",
        "surveillance:type": "camera"
      },
      "geometry": {
        "type": "Point",
        "coordinates": [
          -122.4654172,
          37.7746604
        ]
      },
      "id": "node/11374592716"
    },
    {
      "type": "Feature",
      "properties": {
        "@id": "node/11374592728",
        "camera:direction": "357",
        "camera:mount": "wall",
        "camera:type": "dome",
        "man_made": "surveillance",
        "surveillance": "outdoor",
        "surveillance:type": "camera",
        "surveillance:zone": "parking"
      },
      "geometry": {
        "type": "Point",
        "coordinates": [
          -122.4654163,
          37.7746629
        ]
      },
      "id": "node/11374592728"
    },
    {
      "type": "Feature",
      "properties": {
        "@id": "node/11390824846",
        "camera:direction": "82",
        "camera:mount": "ceiling",
        "camera:type": "fixed",
        "man_made": "surveillance",
        "surveillance": "outdoor",
        "surveillance:type": "camera"
      },
      "geometry": {
        "type": "Point",
        "coordinates": [
          -122.4096072,
          37.8088396
        ]
      },
      "id": "node/11390824846"
    },
    {
      "type": "Feature",
      "properties": {
        "@id": "node/11509744709",
        "camera:direction": "97",
        "camera:mount": "wall",
        "camera:type": "fixed",
        "man_made": "surveillance",
        "surveillance": "public",
        "surveillance:type": "camera",
        "surveillance:zone": "street"
      },
      "geometry": {
        "type": "Point",
        "coordinates": [
          -122.5021288,
          37.7569602
        ]
      },
      "id": "node/11509744709"
    },
    {
      "type": "Feature",
      "properties": {
        "@id": "node/11509744710",
        "camera:direction": "259",
        "camera:mount": "wall",
        "camera:type": "fixed",
        "man_made": "surveillance",
        "surveillance": "public",
        "surveillance:type": "camera",
        "surveillance:zone": "street"
      },
      "geometry": {
        "type": "Point",
        "coordinates": [
          -122.5018947,
          37.7569712
        ]
      },
      "id": "node/11509744710"
    },
    {
      "type": "Feature",
      "properties": {
        "@id": "node/11590449610",
        "camera:direction": "208",
        "camera:mount": "pole",
        "camera:type": "fixed",
        "man_made": "surveillance",
        "surveillance": "public",
        "surveillance:type": "camera"
      },
      "geometry": {
        "type": "Point",
        "coordinates": [
          -122.4006543,
          37.7713607
        ]
      },
      "id": "node/11590449610"
    },
    {
      "type": "Feature",
      "properties": {
        "@id": "node/11593177066",
        "camera:direction": "195",
        "camera:mount": "pole",
        "man_made": "surveillance",
        "surveillance": "outdoor",
        "surveillance:type": "camera",
        "surveillance:zone": "parking"
      },
      "geometry": {
        "type": "Point",
        "coordinates": [
          -122.4547222,
          37.7813581
        ]
      },
      "id": "node/11593177066"
    },
    {
      "type": "Feature",
      "properties": {
        "@id": "node/11593218970",
        "camera:direction": "171",
        "camera:mount": "wall",
        "camera:type": "dome",
        "man_made": "surveillance",
        "surveillance": "public",
        "surveillance:type": "camera",
        "surveillance:zone": "street"
      },
      "geometry": {
        "type": "Point",
        "coordinates": [
          -122.4554006,
          37.7816147
        ]
      },
      "id": "node/11593218970"
    },
    {
      "type": "Feature",
      "properties": {
        "@id": "node/11593218971",
        "camera:direction": "267",
        "camera:mount": "wall",
        "camera:type": "dome",
        "man_made": "surveillance",
        "surveillance": "public",
        "surveillance:type": "camera",
        "surveillance:zone": "street"
      },
      "geometry": {
        "type": "Point",
        "coordinates": [
          -122.4554163,
          37.7816275
        ]
      },
      "id": "node/11593218971"
    },
    {
      "type": "Feature",
      "properties": {
        "@id": "node/11711830527",
        "camera:direction": "260",
        "camera:mount": "wall",
        "camera:type": "fixed",
        "man_made": "surveillance",
        "surveillance": "public",
        "surveillance:type": "camera"
      },
      "geometry": {
        "type": "Point",
        "coordinates": [
          -122.3935488,
          37.7796388
        ]
      },
      "id": "node/11711830527"
    },
    {
      "type": "Feature",
      "properties": {
        "@id": "node/11711830528",
        "camera:direction": "182",
        "camera:mount": "wall",
        "camera:type": "fixed",
        "man_made": "surveillance",
        "surveillance": "public",
        "surveillance:type": "camera"
      },
      "geometry": {
        "type": "Point",
        "coordinates": [
          -122.3935344,
          37.7796319
        ]
      },
      "id": "node/11711830528"
    },
    {
      "type": "Feature",
      "properties": {
        "@id": "node/11711830531",
        "camera:direction": "187",
        "camera:mount": "wall",
        "camera:type": "fixed",
        "man_made": "surveillance",
        "surveillance": "public",
        "surveillance:type": "camera"
      },
      "geometry": {
        "type": "Point",
        "coordinates": [
          -122.3934921,
          37.7795907
        ]
      },
      "id": "node/11711830531"
    },
    {
      "type": "Feature",
      "properties": {
        "@id": "node/11711830532",
        "camera:direction": "253",
        "camera:mount": "wall",
        "camera:type": "fixed",
        "man_made": "surveillance",
        "surveillance": "public",
        "surveillance:type": "camera"
      },
      "geometry": {
        "type": "Point",
        "coordinates": [
          -122.3934586,
          37.7795654
        ]
      },
      "id": "node/11711830532"
    },
    {
      "type": "Feature",
      "properties": {
        "@id": "node/11837783162",
        "camera:direction": "144",
        "camera:mount": "doorbell",
        "camera:type": "door",
        "man_made": "surveillance",
        "surveillance": "public",
        "surveillance:type": "camera",
        "surveillance:zone": "entrance"
      },
      "geometry": {
        "type": "Point",
        "coordinates": [
          -122.4311483,
          37.7401328
        ]
      },
      "id": "node/11837783162"
    },
    {
      "type": "Feature",
      "properties": {
        "@id": "node/11837783163",
        "camera:direction": "26",
        "camera:mount": "wall",
        "camera:type": "fixed",
        "man_made": "surveillance",
        "surveillance": "public",
        "surveillance:type": "camera",
        "surveillance:zone": "public"
      },
      "geometry": {
        "type": "Point",
        "coordinates": [
          -122.4310254,
          37.7401306
        ]
      },
      "id": "node/11837783163"
    },
    {
      "type": "Feature",
      "properties": {
        "@id": "node/11837783164",
        "camera:direction": "248",
        "camera:mount": "wall",
        "camera:type": "fixed",
        "man_made": "surveillance",
        "surveillance": "public",
        "surveillance:type": "camera",
        "surveillance:zone": "public"
      },
      "geometry": {
        "type": "Point",
        "coordinates": [
          -122.4309948,
          37.7401486
        ]
      },
      "id": "node/11837783164"
    },
    {
      "type": "Feature",
      "properties": {
        "@id": "node/11837783165",
        "camera:direction": "323",
        "camera:mount": "wall",
        "camera:type": "fixed",
        "man_made": "surveillance",
        "surveillance": "outdoor",
        "surveillance:type": "camera",
        "surveillance:zone": "entrance"
      },
      "geometry": {
        "type": "Point",
        "coordinates": [
          -122.4309404,
          37.7401017
        ]
      },
      "id": "node/11837783165"
    },
    {
      "type": "Feature",
      "properties": {
        "@id": "node/11882721093",
        "camera:mount": "pole",
        "camera:type": "fixed",
        "direction": "4",
        "man_made": "surveillance",
        "manufacturer": "Flock Safety",
        "manufacturer:wikidata": "Q108485435",
        "operator": "San Francisco Police Department",
        "operator:wikidata": "Q1320247",
        "surveillance": "public",
        "surveillance:type": "ALPR",
        "surveillance:zone": "traffic"
      },
      "geometry": {
        "type": "Point",
        "coordinates": [
          -122.4050433,
          37.7430753
        ]
      },
      "id": "node/11882721093"
    },
    {
      "type": "Feature",
      "properties": {
        "@id": "node/11897445095",
        "camera:mount": "pole",
        "camera:type": "fixed",
        "direction": "60",
        "man_made": "surveillance",
        "manufacturer": "Flock Safety",
        "manufacturer:wikidata": "Q108485435",
        "operator": "San Francisco Police Department",
        "operator:wikidata": "Q1320247",
        "surveillance": "public",
        "surveillance:type": "ALPR",
        "surveillance:zone": "traffic"
      },
      "geometry": {
        "type": "Point",
        "coordinates": [
          -122.3980695,
          37.7797241
        ]
      },
      "id": "node/11897445095"
    },
    {
      "type": "Feature",
      "properties": {
        "@id": "node/11897445096",
        "camera:mount": "pole",
        "camera:type": "fixed",
        "direction": "30",
        "man_made": "surveillance",
        "manufacturer": "Flock Safety",
        "manufacturer:wikidata": "Q108485435",
        "operator": "San Francisco Police Department",
        "operator:wikidata": "Q1320247",
        "surveillance": "public",
        "surveillance:type": "ALPR",
        "surveillance:zone": "traffic"
      },
      "geometry": {
        "type": "Point",
        "coordinates": [
          -122.3978879,
          37.7795978
        ]
      },
      "id": "node/11897445096"
    },
    {
      "type": "Feature",
      "properties": {
        "@id": "node/11897802140",
        "brand": "Flock Safety",
        "brand:wikidata": "Q108485435",
        "camera:mount": "pole",
        "camera:type": "fixed",
        "direction": "306",
        "man_made": "surveillance",
        "operator": "San Francisco Police Department",
        "operator:wikidata": "Q1320247",
        "surveillance": "traffic",
        "surveillance:type": "ALPR",
        "surveillance:zone": "traffic"
      },
      "geometry": {
        "type": "Point",
        "coordinates": [
          -122.4011129,
          37.7217852
        ]
      },
      "id": "node/11897802140"
    },
    {
      "type": "Feature",
      "properties": {
        "@id": "node/11911033541",
        "camera:mount": "pole",
        "camera:type": "fixed",
        "direction": "25",
        "man_made": "surveillance",
        "manufacturer": "Flock Safety",
        "manufacturer:wikidata": "Q108485435",
        "operator": "San Francisco Police Department",
        "operator:wikidata": "Q1320247",
        "surveillance": "public",
        "surveillance:type": "ALPR",
        "surveillance:zone": "traffic"
      },
      "geometry": {
        "type": "Point",
        "coordinates": [
          -122.3985878,
          37.7766014
        ]
      },
      "id": "node/11911033541"
    },
    {
      "type": "Feature",
      "properties": {
        "@id": "node/11911033542",
        "camera:mount": "pole",
        "camera:type": "fixed",
        "direction": "205",
        "man_made": "surveillance",
        "manufacturer": "Flock Safety",
        "manufacturer:wikidata": "Q108485435",
        "operator": "San Francisco Police Department",
        "operator:wikidata": "Q1320247",
        "surveillance": "public",
        "surveillance:type": "ALPR",
        "surveillance:zone": "traffic"
      },
      "geometry": {
        "type": "Point",
        "coordinates": [
          -122.3989822,
          37.7765469
        ]
      },
      "id": "node/11911033542"
    },
    {
      "type": "Feature",
      "properties": {
        "@id": "node/11925965768",
        "camera:mount": "pole",
        "camera:type": "fixed",
        "direction": "85",
        "man_made": "surveillance",
        "manufacturer": "Flock Safety",
        "manufacturer:wikidata": "Q108485435",
        "operator": "San Francisco Police Department",
        "operator:wikidata": "Q1320247",
        "surveillance": "public",
        "surveillance:type": "ALPR",
        "surveillance:zone": "traffic"
      },
      "geometry": {
        "type": "Point",
        "coordinates": [
          -122.4048142,
          37.7745026
        ]
      },
      "id": "node/11925965768"
    },
    {
      "type": "Feature",
      "properties": {
        "@id": "node/11925983469",
        "camera:mount": "pole",
        "camera:type": "fixed",
        "direction": "290",
        "man_made": "surveillance",
        "manufacturer": "Flock Safety",
        "manufacturer:wikidata": "Q108485435",
        "operator": "San Francisco Police Department",
        "operator:wikidata": "Q1320247",
        "surveillance": "public",
        "surveillance:type": "ALPR",
        "surveillance:zone": "traffic"
      },
      "geometry": {
        "type": "Point",
        "coordinates": [
          -122.4010293,
          37.774971
        ]
      },
      "id": "node/11925983469"
    },
    {
      "type": "Feature",
      "properties": {
        "@id": "node/11943429347",
        "brand": "Flock Safety",
        "brand:wikidata": "Q108485435",
        "camera:mount": "pole",
        "camera:type": "fixed",
        "direction": "346",
        "man_made": "surveillance",
        "operator": "San Francisco Police Department",
        "operator:wikidata": "Q1320247",
        "surveillance": "traffic",
        "surveillance:type": "ALPR",
        "surveillance:zone": "traffic"
      },
      "geometry": {
        "type": "Point",
        "coordinates": [
          -122.4763365,
          37.7544077
        ]
      },
      "id": "node/11943429347"
    },
    {
      "type": "Feature",
      "properties": {
        "@id": "node/11943429348",
        "brand": "Flock Safety",
        "brand:wikidata": "Q108485435",
        "camera:mount": "pole",
        "camera:type": "fixed",
        "direction": "159",
        "man_made": "surveillance",
        "operator": "San Francisco Police Department",
        "operator:wikidata": "Q1320247",
        "surveillance": "traffic",
        "surveillance:type": "ALPR",
        "surveillance:zone": "traffic"
      },
      "geometry": {
        "type": "Point",
        "coordinates": [
          -122.4765789,
          37.7541159
        ]
      },
      "id": "node/11943429348"
    },
    {
      "type": "Feature",
      "properties": {
        "@id": "node/11943429356",
        "camera:direction": "156",
        "camera:mount": "wall",
        "camera:type": "fixed",
        "man_made": "surveillance",
        "surveillance": "public",
        "surveillance:type": "camera"
      },
      "geometry": {
        "type": "Point",
        "coordinates": [
          -122.5060537,
          37.7601617
        ]
      },
      "id": "node/11943429356"
    },
    {
      "type": "Feature",
      "properties": {
        "@id": "node/11943429357",
        "camera:direction": "24",
        "camera:mount": "wall",
        "camera:type": "fixed",
        "man_made": "surveillance",
        "surveillance": "public",
        "surveillance:type": "camera"
      },
      "geometry": {
        "type": "Point",
        "coordinates": [
          -122.5060561,
          37.7601762
        ]
      },
      "id": "node/11943429357"
    },
    {
      "type": "Feature",
      "properties": {
        "@id": "node/11943429358",
        "camera:direction": "152",
        "camera:mount": "wall",
        "camera:type": "fixed",
        "man_made": "surveillance",
        "surveillance": "public",
        "surveillance:type": "camera"
      },
      "geometry": {
        "type": "Point",
        "coordinates": [
          -122.5060608,
          37.7602892
        ]
      },
      "id": "node/11943429358"
    },
    {
      "type": "Feature",
      "properties": {
        "@id": "node/11974401130",
        "camera:mount": "pole",
        "camera:type": "fixed",
        "direction": "50",
        "man_made": "surveillance",
        "manufacturer": "Flock Safety",
        "manufacturer:wikidata": "Q108485435",
        "operator": "San Francisco Police Department",
        "operator:wikidata": "Q1320247",
        "surveillance": "public",
        "surveillance:type": "ALPR",
        "surveillance:zone": "traffic"
      },
      "geometry": {
        "type": "Point",
        "coordinates": [
          -122.4250223,
          37.8050504
        ]
      },
      "id": "node/11974401130"
    },
    {
      "type": "Feature",
      "properties": {
        "@id": "node/11974401131",
        "camera:mount": "pole",
        "camera:type": "fixed",
        "direction": "320",
        "man_made": "surveillance",
        "manufacturer": "Flock Safety",
        "manufacturer:wikidata": "Q108485435",
        "operator": "San Francisco Police Department",
        "operator:wikidata": "Q1320247",
        "surveillance": "public",
        "surveillance:type": "ALPR",
        "surveillance:zone": "traffic"
      },
      "geometry": {
        "type": "Point",
        "coordinates": [
          -122.4250315,
          37.8045031
        ]
      },
      "id": "node/11974401131"
    },
    {
      "type": "Feature",
      "properties": {
        "@id": "node/11974401133",
        "camera:mount": "pole",
        "camera:type": "fixed",
        "direction": "240",
        "man_made": "surveillance",
        "manufacturer": "Flock Safety",
        "manufacturer:wikidata": "Q108485435",
        "operator": "San Francisco Police Department",
        "operator:wikidata": "Q1320247",
        "surveillance": "public",
        "surveillance:type": "ALPR",
        "surveillance:zone": "traffic"
      },
      "geometry": {
        "type": "Point",
        "coordinates": [
          -122.4215143,
          37.8056675
        ]
      },
      "id": "node/11974401133"
    },
    {
      "type": "Feature",
      "properties": {
        "@id": "node/11976799861",
        "camera:mount": "pole",
        "camera:type": "fixed",
        "direction": "30",
        "man_made": "surveillance",
        "manufacturer": "Flock Safety",
        "manufacturer:wikidata": "Q108485435",
        "operator": "San Francisco Police Department",
        "operator:wikidata": "Q1320247",
        "surveillance": "public",
        "surveillance:type": "ALPR",
        "surveillance:zone": "traffic"
      },
      "geometry": {
        "type": "Point",
        "coordinates": [
          -122.3915198,
          37.7780759
        ]
      },
      "id": "node/11976799861"
    },
    {
      "type": "Feature",
      "properties": {
        "@id": "node/11976799863",
        "brand": "Flock Safety",
        "brand:wikidata": "Q108485435",
        "camera:mount": "pole",
        "camera:type": "fixed",
        "direction": "246",
        "man_made": "surveillance",
        "operator": "San Francisco Police Department",
        "operator:wikidata": "Q1320247",
        "surveillance": "traffic",
        "surveillance:type": "ALPR",
        "surveillance:zone": "traffic"
      },
      "geometry": {
        "type": "Point",
        "coordinates": [
          -122.3913406,
          37.7668893
        ]
      },
      "id": "node/11976799863"
    },
    {
      "type": "Feature",
      "properties": {
        "@id": "node/11976799864",
        "camera:direction": "13",
        "camera:mount": "pole",
        "camera:type": "fixed",
        "man_made": "surveillance",
        "surveillance": "public",
        "surveillance:type": "camera"
      },
      "geometry": {
        "type": "Point",
        "coordinates": [
          -122.3909984,
          37.7667005
        ]
      },
      "id": "node/11976799864"
    },
    {
      "type": "Feature",
      "properties": {
        "@id": "node/11976847177",
        "camera:direction": "19",
        "camera:mount": "wall",
        "camera:type": "fixed",
        "man_made": "surveillance",
        "surveillance:type": "camera"
      },
      "geometry": {
        "type": "Point",
        "coordinates": [
          -122.3873342,
          37.7759064
        ]
      },
      "id": "node/11976847177"
    },
    {
      "type": "Feature",
      "properties": {
        "@id": "node/11976847197",
        "camera:direction": "175",
        "camera:mount": "pole",
        "camera:type": "fixed",
        "man_made": "surveillance",
        "surveillance:type": "camera"
      },
      "geometry": {
        "type": "Point",
        "coordinates": [
          -122.3890163,
          37.7754657
        ]
      },
      "id": "node/11976847197"
    },
    {
      "type": "Feature",
      "properties": {
        "@id": "node/11976847211",
        "camera:direction": "177",
        "camera:mount": "pole",
        "camera:type": "fixed",
        "man_made": "surveillance",
        "surveillance:type": "camera"
      },
      "geometry": {
        "type": "Point",
        "coordinates": [
          -122.3881497,
          37.7755126
        ]
      },
      "id": "node/11976847211"
    },
    {
      "type": "Feature",
      "properties": {
        "@id": "node/11982126197",
        "camera:mount": "pole",
        "camera:type": "fixed",
        "direction": "340",
        "man_made": "surveillance",
        "manufacturer": "Flock Safety",
        "manufacturer:wikidata": "Q108485435",
        "operator": "San Francisco Police Department",
        "operator:wikidata": "Q1320247",
        "surveillance": "public",
        "surveillance:type": "ALPR",
        "surveillance:zone": "traffic"
      },
      "geometry": {
        "type": "Point",
        "coordinates": [
          -122.3922513,
          37.7643409
        ]
      },
      "id": "node/11982126197"
    },
    {
      "type": "Feature",
      "properties": {
        "@id": "node/11984257157",
        "camera:direction": "284",
        "camera:mount": "wall",
        "camera:type": "fixed",
        "man_made": "surveillance",
        "surveillance": "public",
        "surveillance:type": "camera"
      },
      "geometry": {
        "type": "Point",
        "coordinates": [
          -122.3961029,
          37.7799853
        ]
      },
      "id": "node/11984257157"
    },
    {
      "type": "Feature",
      "properties": {
        "@id": "node/11984257158",
        "camera:direction": "226",
        "camera:mount": "wall",
        "camera:type": "fixed",
        "man_made": "surveillance",
        "surveillance": "public",
        "surveillance:type": "camera"
      },
      "geometry": {
        "type": "Point",
        "coordinates": [
          -122.3963493,
          37.7801841
        ]
      },
      "id": "node/11984257158"
    },
    {
      "type": "Feature",
      "properties": {
        "@id": "node/11984257160",
        "camera:direction": "226",
        "camera:mount": "wall",
        "camera:type": "fixed",
        "man_made": "surveillance",
        "surveillance": "public",
        "surveillance:type": "camera"
      },
      "geometry": {
        "type": "Point",
        "coordinates": [
          -122.3964633,
          37.7802618
        ]
      },
      "id": "node/11984257160"
    },
    {
      "type": "Feature",
      "properties": {
        "@id": "node/11984257161",
        "camera:direction": "225",
        "camera:mount": "wall",
        "camera:type": "fixed",
        "man_made": "surveillance",
        "surveillance": "public",
        "surveillance:type": "camera",
        "surveillance:zone": "entrance"
      },
      "geometry": {
        "type": "Point",
        "coordinates": [
          -122.396671,
          37.7804264
        ]
      },
      "id": "node/11984257161"
    },
    {
      "type": "Feature",
      "properties": {
        "@id": "node/11984257162",
        "camera:direction": "313",
        "camera:mount": "wall",
        "camera:type": "fixed",
        "man_made": "surveillance",
        "surveillance": "public",
        "surveillance:type": "camera"
      },
      "geometry": {
        "type": "Point",
        "coordinates": [
          -122.3967305,
          37.7804944
        ]
      },
      "id": "node/11984257162"
    },
    {
      "type": "Feature",
      "properties": {
        "@id": "node/11984257163",
        "camera:direction": "80",
        "camera:mount": "wall",
        "camera:type": "panning",
        "man_made": "surveillance",
        "surveillance": "public",
        "surveillance:type": "camera",
        "surveillance:zone": "entrance;street"
      },
      "geometry": {
        "type": "Point",
        "coordinates": [
          -122.3969103,
          37.7806598
        ]
      },
      "id": "node/11984257163"
    },
    {
      "type": "Feature",
      "properties": {
        "@id": "node/11984257164",
        "camera:direction": "310",
        "camera:mount": "wall",
        "camera:type": "fixed",
        "man_made": "surveillance",
        "surveillance": "public",
        "surveillance:type": "camera"
      },
      "geometry": {
        "type": "Point",
        "coordinates": [
          -122.3965634,
          37.7806279
        ]
      },
      "id": "node/11984257164"
    },
    {
      "type": "Feature",
      "properties": {
        "@id": "node/11984257165",
        "camera:direction": "253",
        "camera:mount": "wall",
        "camera:type": "fixed",
        "man_made": "surveillance",
        "surveillance": "public",
        "surveillance:type": "camera"
      },
      "geometry": {
        "type": "Point",
        "coordinates": [
          -122.3964935,
          37.7806827
        ]
      },
      "id": "node/11984257165"
    },
    {
      "type": "Feature",
      "properties": {
        "@id": "node/11984257166",
        "camera:direction": "9",
        "camera:mount": "wall",
        "camera:type": "fixed",
        "man_made": "surveillance",
        "surveillance": "public",
        "surveillance:type": "camera"
      },
      "geometry": {
        "type": "Point",
        "coordinates": [
          -122.3965453,
          37.7806438
        ]
      },
      "id": "node/11984257166"
    },
    {
      "type": "Feature",
      "properties": {
        "@id": "node/11984257167",
        "camera:direction": "115",
        "camera:mount": "wall",
        "camera:type": "fixed",
        "man_made": "surveillance",
        "surveillance": "public",
        "surveillance:type": "camera"
      },
      "geometry": {
        "type": "Point",
        "coordinates": [
          -122.3967154,
          37.7808189
        ]
      },
      "id": "node/11984257167"
    },
    {
      "type": "Feature",
      "properties": {
        "@id": "node/11984289370",
        "camera:direction": "83",
        "camera:mount": "wall",
        "camera:type": "fixed",
        "man_made": "surveillance",
        "surveillance": "public",
        "surveillance:type": "camera"
      },
      "geometry": {
        "type": "Point",
        "coordinates": [
          -122.396598,
          37.7809085
        ]
      },
      "id": "node/11984289370"
    },
    {
      "type": "Feature",
      "properties": {
        "@id": "node/11984289371",
        "camera:direction": "189",
        "camera:mount": "wall",
        "camera:type": "fixed",
        "man_made": "surveillance",
        "surveillance": "public",
        "surveillance:type": "camera"
      },
      "geometry": {
        "type": "Point",
        "coordinates": [
          -122.3965145,
          37.7809788
        ]
      },
      "id": "node/11984289371"
    },
    {
      "type": "Feature",
      "properties": {
        "@id": "node/11984289372",
        "camera:direction": "224",
        "camera:mount": "wall",
        "camera:type": "fixed",
        "man_made": "surveillance",
        "surveillance:type": "camera"
      },
      "geometry": {
        "type": "Point",
        "coordinates": [
          -122.4042469,
          37.7857842
        ]
      },
      "id": "node/11984289372"
    },
    {
      "type": "Feature",
      "properties": {
        "@id": "node/11984289375",
        "camera:direction": "310",
        "camera:mount": "wall",
        "camera:type": "fixed",
        "man_made": "surveillance",
        "surveillance": "public",
        "surveillance:type": "camera"
      },
      "geometry": {
        "type": "Point",
        "coordinates": [
          -122.3967493,
          37.7829226
        ]
      },
      "id": "node/11984289375"
    },
    {
      "type": "Feature",
      "properties": {
        "@id": "node/11984289376",
        "camera:direction": "282",
        "camera:mount": "wall",
        "camera:type": "fixed",
        "man_made": "surveillance",
        "surveillance": "public",
        "surveillance:type": "camera"
      },
      "geometry": {
        "type": "Point",
        "coordinates": [
          -122.3967679,
          37.7839218
        ]
      },
      "id": "node/11984289376"
    },
    {
      "type": "Feature",
      "properties": {
        "@id": "node/11984289379",
        "camera:direction": "89",
        "camera:mount": "wall",
        "camera:type": "fixed",
        "man_made": "surveillance",
        "surveillance": "public",
        "surveillance:type": "camera"
      },
      "geometry": {
        "type": "Point",
        "coordinates": [
          -122.3972784,
          37.784122
        ]
      },
      "id": "node/11984289379"
    },
    {
      "type": "Feature",
      "properties": {
        "@id": "node/11984289382",
        "camera:mount": "pole",
        "camera:type": "fixed",
        "direction": "208",
        "man_made": "surveillance",
        "manufacturer": "Flock Safety",
        "manufacturer:wikidata": "Q108485435",
        "operator": "San Francisco Police Department",
        "operator:wikidata": "Q1320247",
        "surveillance": "public",
        "surveillance:type": "ALPR",
        "surveillance:zone": "traffic"
      },
      "geometry": {
        "type": "Point",
        "coordinates": [
          -122.4022111,
          37.7837988
        ]
      },
      "id": "node/11984289382"
    },
    {
      "type": "Feature",
      "properties": {
        "@id": "node/11984289383",
        "camera:mount": "pole",
        "camera:type": "fixed",
        "direction": "239",
        "man_made": "surveillance",
        "manufacturer": "Flock Safety",
        "manufacturer:wikidata": "Q108485435",
        "operator": "San Francisco Police Department",
        "operator:wikidata": "Q1320247",
        "surveillance": "public",
        "surveillance:type": "ALPR",
        "surveillance:zone": "traffic"
      },
      "geometry": {
        "type": "Point",
        "coordinates": [
          -122.4020331,
          37.78369
        ]
      },
      "id": "node/11984289383"
    },
    {
      "type": "Feature",
      "properties": {
        "@id": "node/11984289385",
        "camera:direction": "139",
        "camera:mount": "wall",
        "camera:type": "fixed",
        "man_made": "surveillance",
        "surveillance:type": "camera"
      },
      "geometry": {
        "type": "Point",
        "coordinates": [
          -122.4051974,
          37.7853942
        ]
      },
      "id": "node/11984289385"
    },
    {
      "type": "Feature",
      "properties": {
        "@id": "node/11984289400",
        "camera:direction": "324",
        "camera:mount": "wall",
        "camera:type": "fixed",
        "man_made": "surveillance",
        "surveillance:type": "camera"
      },
      "geometry": {
        "type": "Point",
        "coordinates": [
          -122.4013001,
          37.7854539
        ]
      },
      "id": "node/11984289400"
    },
    {
      "type": "Feature",
      "properties": {
        "@id": "node/11984289420",
        "camera:mount": "pole",
        "camera:type": "fixed",
        "direction": "330",
        "man_made": "surveillance",
        "manufacturer": "Flock Safety",
        "manufacturer:wikidata": "Q108485435",
        "operator": "San Francisco Police Department",
        "operator:wikidata": "Q1320247",
        "surveillance": "public",
        "surveillance:type": "ALPR",
        "surveillance:zone": "traffic"
      },
      "geometry": {
        "type": "Point",
        "coordinates": [
          -122.3994223,
          37.7840268
        ]
      },
      "id": "node/11984289420"
    },
    {
      "type": "Feature",
      "properties": {
        "@id": "node/11984289423",
        "camera:direction": "313",
        "camera:mount": "wall",
        "camera:type": "fixed",
        "man_made": "surveillance",
        "surveillance": "public",
        "surveillance:type": "camera"
      },
      "geometry": {
        "type": "Point",
        "coordinates": [
          -122.3961348,
          37.779446
        ]
      },
      "id": "node/11984289423"
    },
    {
      "type": "Feature",
      "properties": {
        "@id": "node/11986480195",
        "camera:direction": "45",
        "camera:mount": "pole",
        "camera:type": "fixed",
        "man_made": "surveillance",
        "surveillance": "outdoor",
        "surveillance:type": "camera"
      },
      "geometry": {
        "type": "Point",
        "coordinates": [
          -122.3965308,
          37.7747542
        ]
      },
      "id": "node/11986480195"
    },
    {
      "type": "Feature",
      "properties": {
        "@id": "node/11986480196",
        "camera:direction": "228",
        "camera:mount": "pole",
        "camera:type": "fixed",
        "man_made": "surveillance",
        "surveillance": "outdoor",
        "surveillance:type": "camera"
      },
      "geometry": {
        "type": "Point",
        "coordinates": [
          -122.3965407,
          37.7747425
        ]
      },
      "id": "node/11986480196"
    },
    {
      "type": "Feature",
      "properties": {
        "@id": "node/11986480197",
        "camera:direction": "207",
        "camera:mount": "ceiling",
        "camera:type": "fixed",
        "man_made": "surveillance",
        "surveillance": "outdoor",
        "surveillance:type": "camera"
      },
      "geometry": {
        "type": "Point",
        "coordinates": [
          -122.3946628,
          37.7762396
        ]
      },
      "id": "node/11986480197"
    },
    {
      "type": "Feature",
      "properties": {
        "@id": "node/11986480198",
        "camera:direction": "247",
        "camera:mount": "ceiling",
        "camera:type": "fixed",
        "man_made": "surveillance",
        "surveillance": "outdoor",
        "surveillance:type": "camera"
      },
      "geometry": {
        "type": "Point",
        "coordinates": [
          -122.3946442,
          37.7762222
        ]
      },
      "id": "node/11986480198"
    },
    {
      "type": "Feature",
      "properties": {
        "@id": "node/11986480199",
        "camera:direction": "256",
        "camera:mount": "ceiling",
        "camera:type": "fixed",
        "man_made": "surveillance",
        "surveillance": "outdoor",
        "surveillance:type": "camera"
      },
      "geometry": {
        "type": "Point",
        "coordinates": [
          -122.3947355,
          37.7762997
        ]
      },
      "id": "node/11986480199"
    },
    {
      "type": "Feature",
      "properties": {
        "@id": "node/11986480200",
        "camera:direction": "199",
        "camera:mount": "ceiling",
        "camera:type": "fixed",
        "man_made": "surveillance",
        "surveillance": "outdoor",
        "surveillance:type": "camera"
      },
      "geometry": {
        "type": "Point",
        "coordinates": [
          -122.3947552,
          37.776317
        ]
      },
      "id": "node/11986480200"
    },
    {
      "type": "Feature",
      "properties": {
        "@id": "node/11986480201",
        "camera:direction": "125",
        "camera:mount": "wall",
        "camera:type": "fixed",
        "man_made": "surveillance",
        "surveillance": "indoor",
        "surveillance:type": "camera"
      },
      "geometry": {
        "type": "Point",
        "coordinates": [
          -122.3951471,
          37.7766771
        ]
      },
      "id": "node/11986480201"
    },
    {
      "type": "Feature",
      "properties": {
        "@id": "node/11986480202",
        "camera:direction": "50",
        "camera:mount": "wall",
        "camera:type": "fixed",
        "man_made": "surveillance",
        "surveillance": "indoor",
        "surveillance:type": "camera"
      },
      "geometry": {
        "type": "Point",
        "coordinates": [
          -122.3951471,
          37.7766562
        ]
      },
      "id": "node/11986480202"
    },
    {
      "type": "Feature",
      "properties": {
        "@id": "node/11986480203",
        "camera:direction": "42",
        "camera:mount": "wall",
        "camera:type": "fixed",
        "man_made": "surveillance",
        "surveillance": "indoor",
        "surveillance:type": "camera"
      },
      "geometry": {
        "type": "Point",
        "coordinates": [
          -122.3949607,
          37.7765035
        ]
      },
      "id": "node/11986480203"
    },
    {
      "type": "Feature",
      "properties": {
        "@id": "node/11986480204",
        "camera:direction": "44",
        "camera:mount": "wall",
        "camera:type": "fixed",
        "man_made": "surveillance",
        "surveillance": "indoor",
        "surveillance:type": "camera"
      },
      "geometry": {
        "type": "Point",
        "coordinates": [
          -122.3949258,
          37.7764701
        ]
      },
      "id": "node/11986480204"
    },
    {
      "type": "Feature",
      "properties": {
        "@id": "node/11986480205",
        "camera:direction": "44",
        "camera:mount": "wall",
        "camera:type": "fixed",
        "man_made": "surveillance",
        "surveillance": "indoor",
        "surveillance:type": "camera"
      },
      "geometry": {
        "type": "Point",
        "coordinates": [
          -122.3948712,
          37.7764318
        ]
      },
      "id": "node/11986480205"
    },
    {
      "type": "Feature",
      "properties": {
        "@id": "node/11986480206",
        "camera:direction": "45",
        "camera:mount": "wall",
        "camera:type": "fixed",
        "man_made": "surveillance",
        "surveillance": "indoor",
        "surveillance:type": "camera"
      },
      "geometry": {
        "type": "Point",
        "coordinates": [
          -122.3947963,
          37.7763713
        ]
      },
      "id": "node/11986480206"
    },
    {
      "type": "Feature",
      "properties": {
        "@id": "node/11997740470",
        "camera:direction": "202",
        "camera:mount": "post",
        "camera:type": "fixed",
        "man_made": "surveillance",
        "surveillance": "public",
        "surveillance:type": "camera",
        "surveillance:zone": "park"
      },
      "geometry": {
        "type": "Point",
        "coordinates": [
          -122.4289515,
          37.7513011
        ]
      },
      "id": "node/11997740470"
    },
    {
      "type": "Feature",
      "properties": {
        "@id": "node/12001925652",
        "camera:direction": "257",
        "camera:mount": "wall",
        "camera:type": "fixed",
        "man_made": "surveillance",
        "surveillance": "public",
        "surveillance:type": "camera"
      },
      "geometry": {
        "type": "Point",
        "coordinates": [
          -122.392244,
          37.7943724
        ]
      },
      "id": "node/12001925652"
    },
    {
      "type": "Feature",
      "properties": {
        "@id": "node/12001925659",
        "camera:direction": "324",
        "camera:mount": "ceiling",
        "camera:type": "fixed",
        "man_made": "surveillance",
        "surveillance": "outdoor",
        "surveillance:type": "camera"
      },
      "geometry": {
        "type": "Point",
        "coordinates": [
          -122.3936079,
          37.7960989
        ]
      },
      "id": "node/12001925659"
    },
    {
      "type": "Feature",
      "properties": {
        "@id": "node/12001925660",
        "camera:direction": "145",
        "camera:mount": "ceiling",
        "camera:type": "fixed",
        "man_made": "surveillance",
        "surveillance": "outdoor",
        "surveillance:type": "camera"
      },
      "geometry": {
        "type": "Point",
        "coordinates": [
          -122.393639,
          37.7961367
        ]
      },
      "id": "node/12001925660"
    },
    {
      "type": "Feature",
      "properties": {
        "@id": "node/12001976880",
        "camera:direction": "294",
        "camera:mount": "wall",
        "camera:type": "fixed",
        "man_made": "surveillance",
        "surveillance": "public",
        "surveillance:type": "camera"
      },
      "geometry": {
        "type": "Point",
        "coordinates": [
          -122.394452,
          37.7803529
        ]
      },
      "id": "node/12001976880"
    },
    {
      "type": "Feature",
      "properties": {
        "@id": "node/12001976881",
        "camera:direction": "159",
        "camera:mount": "wall",
        "camera:type": "fixed",
        "man_made": "surveillance",
        "surveillance": "public",
        "surveillance:type": "camera"
      },
      "geometry": {
        "type": "Point",
        "coordinates": [
          -122.3944475,
          37.7803458
        ]
      },
      "id": "node/12001976881"
    },
    {
      "type": "Feature",
      "properties": {
        "@id": "node/12001976884",
        "camera:direction": "226",
        "camera:mount": "wall",
        "camera:type": "fixed",
        "man_made": "surveillance",
        "surveillance": "outdoor",
        "surveillance:type": "camera",
        "surveillance:zone": "parking"
      },
      "geometry": {
        "type": "Point",
        "coordinates": [
          -122.3935514,
          37.7801699
        ]
      },
      "id": "node/12001976884"
    },
    {
      "type": "Feature",
      "properties": {
        "@id": "node/12001976885",
        "camera:direction": "159",
        "camera:mount": "wall",
        "camera:type": "fixed",
        "man_made": "surveillance",
        "surveillance": "outdoor",
        "surveillance:type": "camera"
      },
      "geometry": {
        "type": "Point",
        "coordinates": [
          -122.3937509,
          37.7803335
        ]
      },
      "id": "node/12001976885"
    },
    {
      "type": "Feature",
      "properties": {
        "@id": "node/12001976890",
        "camera:direction": "232",
        "camera:mount": "wall",
        "camera:type": "fixed",
        "man_made": "surveillance",
        "surveillance": "public",
        "surveillance:type": "camera"
      },
      "geometry": {
        "type": "Point",
        "coordinates": [
          -122.3935529,
          37.7805433
        ]
      },
      "id": "node/12001976890"
    },
    {
      "type": "Feature",
      "properties": {
        "@id": "node/12001976891",
        "camera:direction": "122",
        "camera:mount": "wall",
        "camera:type": "fixed",
        "man_made": "surveillance",
        "surveillance": "public",
        "surveillance:type": "camera"
      },
      "geometry": {
        "type": "Point",
        "coordinates": [
          -122.3935125,
          37.781139
        ]
      },
      "id": "node/12001976891"
    },
    {
      "type": "Feature",
      "properties": {
        "@id": "node/12001976895",
        "camera:direction": "184",
        "camera:mount": "wall",
        "camera:type": "fixed",
        "man_made": "surveillance",
        "surveillance": "public",
        "surveillance:type": "camera"
      },
      "geometry": {
        "type": "Point",
        "coordinates": [
          -122.3935208,
          37.7813125
        ]
      },
      "id": "node/12001976895"
    },
    {
      "type": "Feature",
      "properties": {
        "@id": "node/12001976927",
        "camera:direction": "182",
        "camera:mount": "pole",
        "camera:type": "fixed",
        "man_made": "surveillance",
        "surveillance": "public",
        "surveillance:type": "camera"
      },
      "geometry": {
        "type": "Point",
        "coordinates": [
          -122.3880776,
          37.7869694
        ]
      },
      "id": "node/12001976927"
    },
    {
      "type": "Feature",
      "properties": {
        "@id": "node/12001976928",
        "camera:direction": "3",
        "camera:mount": "pole",
        "camera:type": "fixed",
        "man_made": "surveillance",
        "surveillance": "public",
        "surveillance:type": "camera"
      },
      "geometry": {
        "type": "Point",
        "coordinates": [
          -122.3876857,
          37.7872182
        ]
      },
      "id": "node/12001976928"
    },
    {
      "type": "Feature",
      "properties": {
        "@id": "node/12001976946",
        "camera:direction": "128",
        "camera:mount": "wall",
        "camera:type": "fixed",
        "man_made": "surveillance",
        "surveillance": "public",
        "surveillance:type": "camera"
      },
      "geometry": {
        "type": "Point",
        "coordinates": [
          -122.3894923,
          37.790009
        ]
      },
      "id": "node/12001976946"
    },
    {
      "type": "Feature",
      "properties": {
        "@id": "node/12008496243",
        "camera:direction": "170",
        "camera:mount": "wall",
        "camera:type": "fixed",
        "man_made": "surveillance",
        "surveillance": "public",
        "surveillance:type": "camera"
      },
      "geometry": {
        "type": "Point",
        "coordinates": [
          -122.4048526,
          37.7780354
        ]
      },
      "id": "node/12008496243"
    },
    {
      "type": "Feature",
      "properties": {
        "@id": "node/12008496244",
        "camera:direction": "270",
        "camera:mount": "wall",
        "camera:type": "fixed",
        "man_made": "surveillance",
        "surveillance": "public",
        "surveillance:type": "camera"
      },
      "geometry": {
        "type": "Point",
        "coordinates": [
          -122.4047667,
          37.7779797
        ]
      },
      "id": "node/12008496244"
    },
    {
      "type": "Feature",
      "properties": {
        "@id": "node/12023102939",
        "camera:mount": "pole",
        "camera:type": "fixed",
        "direction": "300",
        "man_made": "surveillance",
        "manufacturer": "Flock Safety",
        "manufacturer:wikidata": "Q108485435",
        "operator": "San Francisco Police Department",
        "operator:wikidata": "Q1320247",
        "surveillance": "public",
        "surveillance:type": "ALPR",
        "surveillance:zone": "traffic"
      },
      "geometry": {
        "type": "Point",
        "coordinates": [
          -122.4172715,
          37.8053136
        ]
      },
      "id": "node/12023102939"
    },
    {
      "type": "Feature",
      "properties": {
        "@id": "node/12023102941",
        "camera:direction": "303",
        "camera:mount": "wall",
        "camera:type": "fixed",
        "man_made": "surveillance",
        "surveillance": "public",
        "surveillance:type": "camera"
      },
      "geometry": {
        "type": "Point",
        "coordinates": [
          -122.4066703,
          37.7979876
        ]
      },
      "id": "node/12023102941"
    },
    {
      "type": "Feature",
      "properties": {
        "@id": "node/12023102943",
        "camera:mount": "pole",
        "camera:type": "fixed",
        "direction": "119",
        "man_made": "surveillance",
        "manufacturer": "Flock Safety",
        "manufacturer:wikidata": "Q108485435",
        "operator": "San Francisco Police Department",
        "operator:wikidata": "Q1320247",
        "surveillance": "public",
        "surveillance:type": "ALPR",
        "surveillance:zone": "traffic"
      },
      "geometry": {
        "type": "Point",
        "coordinates": [
          -122.4069473,
          37.7979127
        ]
      },
      "id": "node/12023102943"
    },
    {
      "type": "Feature",
      "properties": {
        "@id": "node/12138287840",
        "camera:direction": "169",
        "camera:type": "dome",
        "man_made": "surveillance",
        "surveillance": "public",
        "surveillance:type": "camera",
        "surveillance:zone": "street"
      },
      "geometry": {
        "type": "Point",
        "coordinates": [
          -122.4407113,
          37.7776191
        ]
      },
      "id": "node/12138287840"
    },
    {
      "type": "Feature",
      "properties": {
        "@id": "node/12152934857",
        "camera:direction": "226",
        "camera:mount": "pole",
        "camera:type": "fixed",
        "man_made": "surveillance",
        "surveillance": "public",
        "surveillance:type": "camera"
      },
      "geometry": {
        "type": "Point",
        "coordinates": [
          -122.3921967,
          37.7749851
        ]
      },
      "id": "node/12152934857"
    },
    {
      "type": "Feature",
      "properties": {
        "@id": "node/12152934858",
        "camera:direction": "45",
        "camera:mount": "pole",
        "camera:type": "fixed",
        "man_made": "surveillance",
        "surveillance": "public",
        "surveillance:type": "camera"
      },
      "geometry": {
        "type": "Point",
        "coordinates": [
          -122.3923452,
          37.774854
        ]
      },
      "id": "node/12152934858"
    },
    {
      "type": "Feature",
      "properties": {
        "@id": "node/12191923962",
        "camera:direction": "225",
        "camera:mount": "pole",
        "camera:type": "fixed",
        "image": "https://alpr.pictures/san-francisco/lincoln%20wbns%20merchant.jpg",
        "man_made": "surveillance",
        "manufacturer": "Pelco",
        "manufacturer:wikidata": "Q17143655",
        "surveillance": "public",
        "surveillance:type": "ALPR",
        "surveillance:zone": "traffic"
      },
      "geometry": {
        "type": "Point",
        "coordinates": [
          -122.4741757,
          37.80658
        ]
      },
      "id": "node/12191923962"
    },
    {
      "type": "Feature",
      "properties": {
        "@id": "node/12191923963",
        "camera:direction": "60",
        "camera:mount": "pole",
        "camera:type": "fixed",
        "image": "https://alpr.pictures/san-francisco/lincoln%20ebfs%20merchant.jpg",
        "man_made": "surveillance",
        "manufacturer": "Pelco",
        "manufacturer:wikidata": "Q17143655",
        "surveillance": "public",
        "surveillance:type": "ALPR",
        "surveillance:zone": "traffic"
      },
      "geometry": {
        "type": "Point",
        "coordinates": [
          -122.4749577,
          37.8060612
        ]
      },
      "id": "node/12191923963"
    },
    {
      "type": "Feature",
      "properties": {
        "@id": "node/12247231002",
        "camera:mount": "pole",
        "camera:type": "fixed",
        "direction": "120",
        "man_made": "surveillance",
        "manufacturer": "Flock Safety",
        "manufacturer:wikidata": "Q108485435",
        "operator": "San Francisco Police Department",
        "operator:wikidata": "Q1320247",
        "surveillance": "public",
        "surveillance:type": "ALPR",
        "surveillance:zone": "traffic"
      },
      "geometry": {
        "type": "Point",
        "coordinates": [
          -122.3965103,
          37.7781717
        ]
      },
      "id": "node/12247231002"
    },
    {
      "type": "Feature",
      "properties": {
        "@id": "node/12256477756",
        "camera:direction": "267",
        "camera:type": "door",
        "level": "0",
        "man_made": "surveillance",
        "manufacturer": "ring",
        "manufacturer:wikidata": "Q5297222",
        "surveillance": "public",
        "surveillance:type": "camera",
        "surveillance:zone": "entrance"
      },
      "geometry": {
        "type": "Point",
        "coordinates": [
          -122.4780737,
          37.7786249
        ]
      },
      "id": "node/12256477756"
    },
    {
      "type": "Feature",
      "properties": {
        "@id": "node/12256477757",
        "camera:direction": "266",
        "camera:mount": "wall",
        "camera:type": "door",
        "level": "1",
        "man_made": "surveillance",
        "surveillance": "public",
        "surveillance:type": "camera",
        "surveillance:zone": "entrance"
      },
      "geometry": {
        "type": "Point",
        "coordinates": [
          -122.4780697,
          37.7786679
        ]
      },
      "id": "node/12256477757"
    },
    {
      "type": "Feature",
      "properties": {
        "@id": "node/12256477758",
        "camera:direction": "254",
        "camera:type": "fixed",
        "level": "1",
        "man_made": "surveillance",
        "surveillance": "public",
        "surveillance:type": "camera",
        "surveillance:zone": "entrance"
      },
      "geometry": {
        "type": "Point",
        "coordinates": [
          -122.478065,
          37.778691
        ]
      },
      "id": "node/12256477758"
    },
    {
      "type": "Feature",
      "properties": {
        "@id": "node/12256477759",
        "camera:direction": "357",
        "camera:mount": "wall",
        "camera:type": "fixed",
        "level": "1",
        "man_made": "surveillance",
        "surveillance": "public",
        "surveillance:type": "camera",
        "surveillance:zone": "street"
      },
      "geometry": {
        "type": "Point",
        "coordinates": [
          -122.4775894,
          37.7802482
        ]
      },
      "id": "node/12256477759"
    },
    {
      "type": "Feature",
      "properties": {
        "@id": "node/12256477760",
        "camera:direction": "318",
        "camera:mount": "ceiling",
        "camera:type": "fixed",
        "level": "1",
        "man_made": "surveillance",
        "surveillance": "indoor",
        "surveillance:type": "camera",
        "surveillance:zone": "entrance"
      },
      "geometry": {
        "type": "Point",
        "coordinates": [
          -122.4775973,
          37.7802299
        ]
      },
      "id": "node/12256477760"
    },
    {
      "type": "Feature",
      "properties": {
        "@id": "node/12269476896",
        "camera:mount": "pole",
        "camera:type": "fixed",
        "direction": "301",
        "man_made": "surveillance",
        "manufacturer": "Genetec",
        "operator": "Impark",
        "operator:wikidata": "Q6006077",
        "surveillance": "outdoor",
        "surveillance:type": "ALPR",
        "surveillance:zone": "traffic"
      },
      "geometry": {
        "type": "Point",
        "coordinates": [
          -122.3874032,
          37.7870395
        ]
      },
      "id": "node/12269476896"
    },
    {
      "type": "Feature",
      "properties": {
        "@id": "node/12313079564",
        "brand": "Flock Safety",
        "brand:wikidata": "Q108485435",
        "camera:mount": "pole",
        "camera:type": "fixed",
        "direction": "70",
        "man_made": "surveillance",
        "operator": "San Francisco Police Department",
        "operator:wikidata": "Q1320247",
        "surveillance": "public",
        "surveillance:type": "ALPR",
        "surveillance:zone": "traffic"
      },
      "geometry": {
        "type": "Point",
        "coordinates": [
          -122.3970774,
          37.7496009
        ]
      },
      "id": "node/12313079564"
    },
    {
      "type": "Feature",
      "properties": {
        "@id": "node/12336505699",
        "brand": "Flock Safety",
        "brand:wikidata": "Q108485435",
        "camera:mount": "pole",
        "camera:type": "fixed",
        "direction": "150",
        "man_made": "surveillance",
        "operator": "San Francisco Police Department",
        "operator:wikidata": "Q1320247",
        "surveillance": "traffic",
        "surveillance:type": "ALPR",
        "surveillance:zone": "traffic"
      },
      "geometry": {
        "type": "Point",
        "coordinates": [
          -122.4076597,
          37.7649945
        ]
      },
      "id": "node/12336505699"
    },
    {
      "type": "Feature",
      "properties": {
        "@id": "node/12336505700",
        "brand": "Flock Safety",
        "brand:wikidata": "Q108485435",
        "camera:mount": "pole",
        "camera:type": "fixed",
        "direction": "70",
        "man_made": "surveillance",
        "operator": "San Francisco Police Department",
        "operator:wikidata": "Q1320247",
        "surveillance": "traffic",
        "surveillance:type": "ALPR",
        "surveillance:zone": "traffic"
      },
      "geometry": {
        "type": "Point",
        "coordinates": [
          -122.4094808,
          37.7655912
        ]
      },
      "id": "node/12336505700"
    },
    {
      "type": "Feature",
      "properties": {
        "@id": "node/12336515140",
        "brand": "Flock Safety",
        "brand:wikidata": "Q108485435",
        "camera:mount": "pole",
        "camera:type": "fixed",
        "direction": "150",
        "man_made": "surveillance",
        "operator": "San Francisco Police Department",
        "operator:wikidata": "Q1320247",
        "surveillance": "traffic",
        "surveillance:type": "ALPR",
        "surveillance:zone": "traffic"
      },
      "geometry": {
        "type": "Point",
        "coordinates": [
          -122.4664019,
          37.7636661
        ]
      },
      "id": "node/12336515140"
    },
    {
      "type": "Feature",
      "properties": {
        "@id": "node/12336519291",
        "brand": "Flock Safety",
        "brand:wikidata": "Q108485435",
        "camera:mount": "pole",
        "camera:type": "fixed",
        "direction": "340",
        "man_made": "surveillance",
        "operator": "San Francisco Police Department",
        "operator:wikidata": "Q1320247",
        "surveillance": "traffic",
        "surveillance:type": "ALPR",
        "surveillance:zone": "traffic"
      },
      "geometry": {
        "type": "Point",
        "coordinates": [
          -122.4746402,
          37.7268348
        ]
      },
      "id": "node/12336519291"
    },
    {
      "type": "Feature",
      "properties": {
        "@id": "node/12336533501",
        "brand": "Flock Safety",
        "brand:wikidata": "Q108485435",
        "camera:mount": "pole",
        "camera:type": "fixed",
        "direction": "250",
        "man_made": "surveillance",
        "operator": "San Francisco Police Department",
        "operator:wikidata": "Q1320247",
        "surveillance": "traffic",
        "surveillance:type": "ALPR",
        "surveillance:zone": "traffic"
      },
      "geometry": {
        "type": "Point",
        "coordinates": [
          -122.3970642,
          37.7665156
        ]
      },
      "id": "node/12336533501"
    },
    {
      "type": "Feature",
      "properties": {
        "@id": "node/12336533503",
        "brand": "Flock Safety",
        "brand:wikidata": "Q108485435",
        "camera:mount": "pole",
        "camera:type": "fixed",
        "direction": "160",
        "man_made": "surveillance",
        "operator": "San Francisco Police Department",
        "operator:wikidata": "Q1320247",
        "surveillance": "traffic",
        "surveillance:type": "ALPR",
        "surveillance:zone": "traffic"
      },
      "geometry": {
        "type": "Point",
        "coordinates": [
          -122.3950654,
          37.7663949
        ]
      },
      "id": "node/12336533503"
    },
    {
      "type": "Feature",
      "properties": {
        "@id": "node/12336533506",
        "camera:mount": "pole",
        "camera:type": "fixed",
        "direction": "70",
        "man_made": "surveillance",
        "manufacturer": "Flock Safety",
        "manufacturer:wikidata": "Q108485435",
        "operator": "San Francisco Police Department",
        "operator:wikidata": "Q1320247",
        "surveillance": "public",
        "surveillance:type": "ALPR",
        "surveillance:zone": "traffic"
      },
      "geometry": {
        "type": "Point",
        "coordinates": [
          -122.417199,
          37.7651364
        ]
      },
      "id": "node/12336533506"
    },
    {
      "type": "Feature",
      "properties": {
        "@id": "node/12336533507",
        "brand": "Flock Safety",
        "brand:wikidata": "Q108485435",
        "camera:mount": "pole",
        "camera:type": "fixed",
        "direction": "70",
        "man_made": "surveillance",
        "operator": "San Francisco Police Department",
        "operator:wikidata": "Q1320247",
        "surveillance": "traffic",
        "surveillance:type": "ALPR",
        "surveillance:zone": "traffic"
      },
      "geometry": {
        "type": "Point",
        "coordinates": [
          -122.386548,
          37.7669701
        ]
      },
      "id": "node/12336533507"
    },
    {
      "type": "Feature",
      "properties": {
        "@id": "node/12336533509",
        "brand": "Flock Safety",
        "brand:wikidata": "Q108485435",
        "camera:mount": "pole",
        "camera:type": "fixed",
        "direction": "250",
        "man_made": "surveillance",
        "operator": "San Francisco Police Department",
        "operator:wikidata": "Q1320247",
        "surveillance": "traffic",
        "surveillance:type": "ALPR",
        "surveillance:zone": "traffic"
      },
      "geometry": {
        "type": "Point",
        "coordinates": [
          -122.3934911,
          37.7628506
        ]
      },
      "id": "node/12336533509"
    },
    {
      "type": "Feature",
      "properties": {
        "@id": "node/12336533510",
        "brand": "Flock Safety",
        "brand:wikidata": "Q108485435",
        "camera:mount": "pole",
        "camera:type": "fixed",
        "direction": "150",
        "man_made": "surveillance",
        "operator": "San Francisco Police Department",
        "operator:wikidata": "Q1320247",
        "surveillance": "traffic",
        "surveillance:type": "ALPR",
        "surveillance:zone": "traffic"
      },
      "geometry": {
        "type": "Point",
        "coordinates": [
          -122.4361244,
          37.7997004
        ]
      },
      "id": "node/12336533510"
    },
    {
      "type": "Feature",
      "properties": {
        "@id": "node/12336615701",
        "brand": "Flock Safety",
        "brand:wikidata": "Q108485435",
        "camera:mount": "pole",
        "camera:type": "fixed",
        "direction": "220",
        "man_made": "surveillance",
        "operator": "San Francisco Police Department",
        "operator:wikidata": "Q1320247",
        "surveillance": "traffic",
        "surveillance:type": "ALPR",
        "surveillance:zone": "traffic"
      },
      "geometry": {
        "type": "Point",
        "coordinates": [
          -122.435455,
          37.7626935
        ]
      },
      "id": "node/12336615701"
    },
    {
      "type": "Feature",
      "properties": {
        "@id": "node/12336658451",
        "brand": "Flock Safety",
        "brand:wikidata": "Q108485435",
        "camera:mount": "pole",
        "camera:type": "fixed",
        "direction": "250",
        "man_made": "surveillance",
        "operator": "San Francisco Police Department",
        "operator:wikidata": "Q1320247",
        "surveillance": "traffic",
        "surveillance:type": "ALPR",
        "surveillance:zone": "traffic"
      },
      "geometry": {
        "type": "Point",
        "coordinates": [
          -122.4279239,
          37.7613863
        ]
      },
      "id": "node/12336658451"
    },
    {
      "type": "Feature",
      "properties": {
        "@id": "node/12338344312",
        "brand": "Flock Safety",
        "brand:wikidata": "Q108485435",
        "camera:mount": "pole",
        "camera:type": "fixed",
        "direction": "330",
        "man_made": "surveillance",
        "operator": "San Francisco Police Department",
        "operator:wikidata": "Q1320247",
        "surveillance": "traffic",
        "surveillance:type": "ALPR",
        "surveillance:zone": "traffic"
      },
      "geometry": {
        "type": "Point",
        "coordinates": [
          -122.4074502,
          37.7659163
        ]
      },
      "id": "node/12338344312"
    },
    {
      "type": "Feature",
      "properties": {
        "@id": "node/12338344313",
        "brand": "Flock Safety",
        "brand:wikidata": "Q108485435",
        "camera:mount": "pole",
        "camera:type": "fixed",
        "direction": "245",
        "man_made": "surveillance",
        "operator": "San Francisco Police Department",
        "operator:wikidata": "Q1320247",
        "surveillance": "traffic",
        "surveillance:type": "ALPR",
        "surveillance:zone": "traffic"
      },
      "geometry": {
        "type": "Point",
        "coordinates": [
          -122.4221741,
          37.7649901
        ]
      },
      "id": "node/12338344313"
    },
    {
      "type": "Feature",
      "properties": {
        "@id": "node/12338344314",
        "brand": "Flock Safety",
        "brand:wikidata": "Q108485435",
        "camera:mount": "pole",
        "camera:type": "fixed",
        "direction": "150",
        "man_made": "surveillance",
        "operator": "San Francisco Police Department",
        "operator:wikidata": "Q1320247",
        "surveillance": "traffic",
        "surveillance:type": "ALPR",
        "surveillance:zone": "traffic"
      },
      "geometry": {
        "type": "Point",
        "coordinates": [
          -122.4352875,
          37.7624158
        ]
      },
      "id": "node/12338344314"
    },
    {
      "type": "Feature",
      "properties": {
        "@id": "node/12338974526",
        "brand": "Flock Safety",
        "brand:wikidata": "Q108485435",
        "camera:mount": "pole",
        "camera:type": "fixed",
        "direction": "345",
        "image": "https://alpr.pictures/san-francisco/crossover%20nbfs%20lincoln.jpg",
        "man_made": "surveillance",
        "operator": "San Francisco Police Department",
        "operator:wikidata": "Q1320247",
        "surveillance": "traffic",
        "surveillance:type": "ALPR",
        "surveillance:zone": "traffic"
      },
      "geometry": {
        "type": "Point",
        "coordinates": [
          -122.4772151,
          37.765624
        ]
      },
      "id": "node/12338974526"
    },
    {
      "type": "Feature",
      "properties": {
        "@id": "node/12338996742",
        "brand": "Flock Safety",
        "brand:wikidata": "Q108485435",
        "camera:mount": "pole",
        "camera:type": "fixed",
        "direction": "370",
        "man_made": "surveillance",
        "operator": "San Francisco Police Department",
        "operator:wikidata": "Q1320247",
        "surveillance": "traffic",
        "surveillance:type": "ALPR",
        "surveillance:zone": "traffic"
      },
      "geometry": {
        "type": "Point",
        "coordinates": [
          -122.3911086,
          37.7332916
        ]
      },
      "id": "node/12338996742"
    },
    {
      "type": "Feature",
      "properties": {
        "@id": "node/12338996743",
        "brand": "Flock Safety",
        "brand:wikidata": "Q108485435",
        "camera:mount": "pole",
        "camera:type": "fixed",
        "direction": "190",
        "man_made": "surveillance",
        "operator": "San Francisco Police Department",
        "operator:wikidata": "Q1320247",
        "surveillance": "traffic",
        "surveillance:type": "ALPR",
        "surveillance:zone": "traffic"
      },
      "geometry": {
        "type": "Point",
        "coordinates": [
          -122.391445,
          37.7331749
        ]
      },
      "id": "node/12338996743"
    },
    {
      "type": "Feature",
      "properties": {
        "@id": "node/12345117085",
        "camera:mount": "pole",
        "camera:type": "fixed",
        "direction": "320",
        "man_made": "surveillance",
        "manufacturer": "Flock Safety",
        "manufacturer:wikidata": "Q108485435",
        "operator": "San Francisco Police Department",
        "operator:wikidata": "Q1320247",
        "surveillance": "public",
        "surveillance:type": "ALPR",
        "surveillance:zone": "traffic"
      },
      "geometry": {
        "type": "Point",
        "coordinates": [
          -122.4007138,
          37.7237095
        ]
      },
      "id": "node/12345117085"
    },
    {
      "type": "Feature",
      "properties": {
        "@id": "node/12351957744",
        "camera:direction": "207",
        "camera:mount": "building",
        "camera:type": "fixed",
        "man_made": "surveillance",
        "surveillance": "public",
        "surveillance:type": "camera",
        "surveillance:zone": "street"
      },
      "geometry": {
        "type": "Point",
        "coordinates": [
          -122.4334773,
          37.7876698
        ]
      },
      "id": "node/12351957744"
    },
    {
      "type": "Feature",
      "properties": {
        "@id": "node/12352009467",
        "camera:direction": "W",
        "camera:mount": "building",
        "camera:type": "dome",
        "man_made": "surveillance",
        "surveillance": "public",
        "surveillance:type": "camera",
        "surveillance:zone": "street"
      },
      "geometry": {
        "type": "Point",
        "coordinates": [
          -122.4337411,
          37.7905487
        ]
      },
      "id": "node/12352009467"
    },
    {
      "type": "Feature",
      "properties": {
        "@id": "node/12353575484",
        "brand": "Flock Safety",
        "brand:wikidata": "Q108485435",
        "camera:mount": "pole",
        "camera:type": "fixed",
        "direction": "280",
        "man_made": "surveillance",
        "operator": "San Francisco Police Department",
        "operator:wikidata": "Q1320247",
        "surveillance": "traffic",
        "surveillance:type": "ALPR",
        "surveillance:zone": "traffic"
      },
      "geometry": {
        "type": "Point",
        "coordinates": [
          -122.3897649,
          37.7603493
        ]
      },
      "id": "node/12353575484"
    },
    {
      "type": "Feature",
      "properties": {
        "@id": "node/12372333251",
        "camera:mount": "pole",
        "camera:type": "fixed",
        "direction": "156",
        "man_made": "surveillance",
        "manufacturer": "Flock Safety",
        "manufacturer:wikidata": "Q108485435",
        "operator": "San Francisco Police Department",
        "operator:wikidata": "Q1320247",
        "surveillance": "public",
        "surveillance:type": "ALPR",
        "surveillance:zone": "traffic"
      },
      "geometry": {
        "type": "Point",
        "coordinates": [
          -122.4002393,
          37.7813992
        ]
      },
      "id": "node/12372333251"
    },
    {
      "type": "Feature",
      "properties": {
        "@id": "node/12374382414",
        "brand": "Flock Safety",
        "brand:wikidata": "Q108485435",
        "camera:mount": "pole",
        "camera:type": "fixed",
        "direction": "25",
        "man_made": "surveillance",
        "operator": "San Francisco Police Department",
        "operator:wikidata": "Q1320247",
        "surveillance": "traffic",
        "surveillance:type": "ALPR",
        "surveillance:zone": "traffic"
      },
      "geometry": {
        "type": "Point",
        "coordinates": [
          -122.3827264,
          37.7304
        ]
      },
      "id": "node/12374382414"
    },
    {
      "type": "Feature",
      "properties": {
        "@id": "node/12374382822",
        "brand": "Flock Safety",
        "brand:wikidata": "Q108485435",
        "camera:mount": "pole",
        "camera:type": "fixed",
        "direction": "180",
        "man_made": "surveillance",
        "operator": "San Francisco Police Department",
        "operator:wikidata": "Q1320247",
        "surveillance": "traffic",
        "surveillance:type": "ALPR",
        "surveillance:zone": "traffic"
      },
      "geometry": {
        "type": "Point",
        "coordinates": [
          -122.3830191,
          37.7303191
        ]
      },
      "id": "node/12374382822"
    },
    {
      "type": "Feature",
      "properties": {
        "@id": "node/12374386014",
        "brand": "Flock Safety",
        "brand:wikidata": "Q108485435",
        "camera:mount": "pole",
        "camera:type": "fixed",
        "direction": "90",
        "man_made": "surveillance",
        "operator": "San Francisco Police Department",
        "operator:wikidata": "Q1320247",
        "surveillance": "traffic",
        "surveillance:type": "ALPR",
        "surveillance:zone": "traffic"
      },
      "geometry": {
        "type": "Point",
        "coordinates": [
          -122.3827746,
          37.7302177
        ]
      },
      "id": "node/12374386014"
    },
    {
      "type": "Feature",
      "properties": {
        "@id": "node/12389297213",
        "brand": "Flock Safety",
        "brand:wikidata": "Q108485435",
        "camera:mount": "pole",
        "camera:type": "fixed",
        "direction": "335",
        "man_made": "surveillance",
        "operator": "San Francisco Police Department",
        "operator:wikidata": "Q1320247",
        "surveillance": "traffic",
        "surveillance:type": "ALPR",
        "surveillance:zone": "traffic"
      },
      "geometry": {
        "type": "Point",
        "coordinates": [
          -122.4207212,
          37.7744172
        ]
      },
      "id": "node/12389297213"
    },
    {
      "type": "Feature",
      "properties": {
        "@id": "node/12389297214",
        "brand": "Flock Safety",
        "brand:wikidata": "Q108485435",
        "camera:mount": "pole",
        "camera:type": "fixed",
        "direction": "30",
        "man_made": "surveillance",
        "operator": "San Francisco Police Department",
        "operator:wikidata": "Q1320247",
        "surveillance": "traffic",
        "surveillance:type": "ALPR",
        "surveillance:zone": "traffic"
      },
      "geometry": {
        "type": "Point",
        "coordinates": [
          -122.4224811,
          37.7724036
        ]
      },
      "id": "node/12389297214"
    },
    {
      "type": "Feature",
      "properties": {
        "@id": "node/12389297215",
        "brand": "Flock Safety",
        "brand:wikidata": "Q108485435",
        "camera:mount": "pole",
        "camera:type": "fixed",
        "direction": "215",
        "man_made": "surveillance",
        "manufacturer": "Flock Safety",
        "manufacturer:wikidata": "Q108485435",
        "operator": "San Francisco Police Department",
        "operator:wikidata": "Q1320247",
        "surveillance": "public",
        "surveillance:type": "ALPR",
        "surveillance:zone": "traffic"
      },
      "geometry": {
        "type": "Point",
        "coordinates": [
          -122.4236468,
          37.7718766
        ]
      },
      "id": "node/12389297215"
    },
    {
      "type": "Feature",
      "properties": {
        "@id": "node/12389297216",
        "brand": "Flock Safety",
        "brand:wikidata": "Q108485435",
        "camera:mount": "pole",
        "camera:type": "fixed",
        "direction": "320",
        "man_made": "surveillance",
        "manufacturer": "Flock Safety",
        "manufacturer:wikidata": "Q108485435",
        "operator": "San Francisco Police Department",
        "operator:wikidata": "Q1320247",
        "surveillance": "public",
        "surveillance:type": "ALPR",
        "surveillance:zone": "traffic"
      },
      "geometry": {
        "type": "Point",
        "coordinates": [
          -122.4234202,
          37.7721325
        ]
      },
      "id": "node/12389297216"
    },
    {
      "type": "Feature",
      "properties": {
        "@id": "node/12389301198",
        "brand": "Flock Safety",
        "brand:wikidata": "Q108485435",
        "camera:mount": "pole",
        "camera:type": "fixed",
        "direction": "295",
        "man_made": "surveillance",
        "operator": "San Francisco Police Department",
        "operator:wikidata": "Q1320247",
        "surveillance": "public",
        "surveillance:type": "ALPR",
        "surveillance:zone": "traffic"
      },
      "geometry": {
        "type": "Point",
        "coordinates": [
          -122.3917009,
          37.774587
        ]
      },
      "id": "node/12389301198"
    },
    {
      "type": "Feature",
      "properties": {
        "@id": "node/12398980562",
        "brand": "Flock Safety",
        "brand:wikidata": "Q108485435",
        "camera:mount": "pole",
        "camera:type": "fixed",
        "direction": "210",
        "man_made": "surveillance",
        "operator": "San Francisco Police Department",
        "operator:wikidata": "Q1320247",
        "surveillance": "traffic",
        "surveillance:type": "ALPR",
        "surveillance:zone": "traffic"
      },
      "geometry": {
        "type": "Point",
        "coordinates": [
          -122.4087531,
          37.7737448
        ]
      },
      "id": "node/12398980562"
    },
    {
      "type": "Feature",
      "properties": {
        "@id": "node/12398980563",
        "brand": "Flock Safety",
        "brand:wikidata": "Q108485435",
        "camera:mount": "pole",
        "camera:type": "fixed",
        "direction": "295",
        "man_made": "surveillance",
        "operator": "San Francisco Police Department",
        "operator:wikidata": "Q1320247",
        "surveillance": "traffic",
        "surveillance:type": "ALPR",
        "surveillance:zone": "traffic"
      },
      "geometry": {
        "type": "Point",
        "coordinates": [
          -122.4101334,
          37.7726998
        ]
      },
      "id": "node/12398980563"
    },
    {
      "type": "Feature",
      "properties": {
        "@id": "node/12398980564",
        "brand": "Flock Safety",
        "brand:wikidata": "Q108485435",
        "camera:mount": "pole",
        "camera:type": "fixed",
        "direction": "210",
        "man_made": "surveillance",
        "operator": "San Francisco Police Department",
        "operator:wikidata": "Q1320247",
        "surveillance": "traffic",
        "surveillance:type": "ALPR",
        "surveillance:zone": "traffic"
      },
      "geometry": {
        "type": "Point",
        "coordinates": [
          -122.4102889,
          37.772528
        ]
      },
      "id": "node/12398980564"
    },
    {
      "type": "Feature",
      "properties": {
        "@id": "node/12398980565",
        "camera:mount": "pole",
        "camera:type": "fixed",
        "direction": "15",
        "man_made": "surveillance",
        "manufacturer": "Flock Safety",
        "manufacturer:wikidata": "Q108485435",
        "operator": "San Francisco Police Department",
        "operator:wikidata": "Q1320247",
        "surveillance": "public",
        "surveillance:type": "ALPR",
        "surveillance:zone": "traffic"
      },
      "geometry": {
        "type": "Point",
        "coordinates": [
          -122.4083461,
          37.7713405
        ]
      },
      "id": "node/12398980565"
    },
    {
      "type": "Feature",
      "properties": {
        "@id": "node/12403013005",
        "camera:direction": "85",
        "camera:mount": "wall",
        "camera:type": "fixed",
        "man_made": "surveillance",
        "manufacturer:wikidata": "Q5297222",
        "surveillance": "public",
        "surveillance:type": "camera",
        "surveillance:zone": "street"
      },
      "geometry": {
        "type": "Point",
        "coordinates": [
          -122.4802837,
          37.7761452
        ]
      },
      "id": "node/12403013005"
    },
    {
      "type": "Feature",
      "properties": {
        "@id": "node/12403013007",
        "camera:direction": "85",
        "camera:mount": "doorbell",
        "camera:type": "fixed",
        "man_made": "surveillance",
        "surveillance": "public",
        "surveillance:type": "camera",
        "surveillance:zone": "street"
      },
      "geometry": {
        "type": "Point",
        "coordinates": [
          -122.480288,
          37.7762968
        ]
      },
      "id": "node/12403013007"
    },
    {
      "type": "Feature",
      "properties": {
        "@id": "node/12403013012",
        "camera:direction": "273",
        "camera:mount": "wall",
        "camera:type": "dome",
        "man_made": "surveillance",
        "surveillance": "public",
        "surveillance:type": "camera",
        "surveillance:zone": "street"
      },
      "geometry": {
        "type": "Point",
        "coordinates": [
          -122.4802141,
          37.7789903
        ]
      },
      "id": "node/12403013012"
    },
    {
      "type": "Feature",
      "properties": {
        "@id": "node/12403623012",
        "camera:direction": "56",
        "camera:mount": "pole",
        "camera:type": "fixed",
        "man_made": "surveillance",
        "surveillance": "public",
        "surveillance:type": "camera"
      },
      "geometry": {
        "type": "Point",
        "coordinates": [
          -122.3935611,
          37.7757663
        ]
      },
      "id": "node/12403623012"
    },
    {
      "type": "Feature",
      "properties": {
        "@id": "node/12403623013",
        "camera:direction": "323",
        "camera:mount": "pole",
        "camera:type": "fixed",
        "man_made": "surveillance",
        "surveillance": "public",
        "surveillance:type": "camera"
      },
      "geometry": {
        "type": "Point",
        "coordinates": [
          -122.3933558,
          37.7756396
        ]
      },
      "id": "node/12403623013"
    },
    {
      "type": "Feature",
      "properties": {
        "@id": "node/12403623014",
        "camera:direction": "238",
        "camera:mount": "pole",
        "camera:type": "fixed",
        "man_made": "surveillance",
        "surveillance": "public",
        "surveillance:type": "camera"
      },
      "geometry": {
        "type": "Point",
        "coordinates": [
          -122.3931932,
          37.7757815
        ]
      },
      "id": "node/12403623014"
    },
    {
      "type": "Feature",
      "properties": {
        "@id": "node/12403623018",
        "camera:direction": "60",
        "camera:mount": "pole",
        "camera:type": "fixed",
        "man_made": "surveillance",
        "surveillance": "public",
        "surveillance:type": "camera"
      },
      "geometry": {
        "type": "Point",
        "coordinates": [
          -122.3918463,
          37.7743253
        ]
      },
      "id": "node/12403623018"
    },
    {
      "type": "Feature",
      "properties": {
        "@id": "node/12403623019",
        "camera:direction": "234",
        "camera:mount": "pole",
        "camera:type": "fixed",
        "man_made": "surveillance",
        "surveillance": "public",
        "surveillance:type": "camera"
      },
      "geometry": {
        "type": "Point",
        "coordinates": [
          -122.3914744,
          37.7743599
        ]
      },
      "id": "node/12403623019"
    },
    {
      "type": "Feature",
      "properties": {
        "@id": "node/12403623028",
        "camera:mount": "pole",
        "camera:type": "fixed",
        "direction": "290",
        "man_made": "surveillance",
        "manufacturer": "Flock Safety",
        "manufacturer:wikidata": "Q108485435",
        "operator": "San Francisco Police Department",
        "operator:wikidata": "Q1320247",
        "surveillance": "public",
        "surveillance:type": "ALPR",
        "surveillance:zone": "traffic"
      },
      "geometry": {
        "type": "Point",
        "coordinates": [
          -122.3943865,
          37.7767485
        ]
      },
      "id": "node/12403623028"
    },
    {
      "type": "Feature",
      "properties": {
        "@id": "node/12405725341",
        "camera:direction": "43",
        "camera:mount": "building",
        "camera:type": "dome",
        "man_made": "surveillance",
        "surveillance": "outdoor",
        "surveillance:type": "camera"
      },
      "geometry": {
        "type": "Point",
        "coordinates": [
          -122.4398743,
          37.7827755
        ]
      },
      "id": "node/12405725341"
    },
    {
      "type": "Feature",
      "properties": {
        "@id": "node/12408682017",
        "brand": "Flock Safety",
        "brand:wikidata": "Q108485435",
        "camera:mount": "pole",
        "camera:type": "fixed",
        "direction": "155",
        "man_made": "surveillance",
        "operator": "San Francisco Police Department",
        "operator:wikidata": "Q1320247",
        "surveillance": "traffic",
        "surveillance:type": "ALPR",
        "surveillance:zone": "traffic"
      },
      "geometry": {
        "type": "Point",
        "coordinates": [
          -122.3932571,
          37.7575663
        ]
      },
      "id": "node/12408682017"
    },
    {
      "type": "Feature",
      "properties": {
        "@id": "node/12408893989",
        "brand": "Flock Safety",
        "brand:wikidata": "Q108485435",
        "camera:mount": "pole",
        "camera:type": "fixed",
        "direction": "175",
        "man_made": "surveillance",
        "operator": "San Francisco Police Department",
        "operator:wikidata": "Q1320247",
        "surveillance": "public",
        "surveillance:type": "ALPR",
        "surveillance:zone": "traffic"
      },
      "geometry": {
        "type": "Point",
        "coordinates": [
          -122.3960563,
          37.721902
        ]
      },
      "id": "node/12408893989"
    },
    {
      "type": "Feature",
      "properties": {
        "@id": "node/12408893990",
        "brand": "Flock Safety",
        "brand:wikidata": "Q108485435",
        "camera:mount": "pole",
        "camera:type": "fixed",
        "direction": "260",
        "man_made": "surveillance",
        "operator": "San Francisco Police Department",
        "operator:wikidata": "Q1320247",
        "surveillance": "public",
        "surveillance:type": "ALPR",
        "surveillance:zone": "traffic"
      },
      "geometry": {
        "type": "Point",
        "coordinates": [
          -122.3927747,
          37.7293893
        ]
      },
      "id": "node/12408893990"
    },
    {
      "type": "Feature",
      "properties": {
        "@id": "node/12413897808",
        "camera:direction": "S",
        "camera:mount": "wall",
        "camera:type": "dome",
        "man_made": "surveillance",
        "surveillance": "public",
        "surveillance:type": "camera",
        "surveillance:zone": "street"
      },
      "geometry": {
        "type": "Point",
        "coordinates": [
          -122.4379207,
          37.7779511
        ]
      },
      "id": "node/12413897808"
    },
    {
      "type": "Feature",
      "properties": {
        "@id": "node/12413897811",
        "camera:direction": "S",
        "camera:mount": "wall",
        "camera:type": "dome",
        "man_made": "surveillance",
        "surveillance": "public",
        "surveillance:type": "camera",
        "surveillance:zone": "street"
      },
      "geometry": {
        "type": "Point",
        "coordinates": [
          -122.4382636,
          37.7779069
        ]
      },
      "id": "node/12413897811"
    },
    {
      "type": "Feature",
      "properties": {
        "@id": "node/12452553849",
        "brand": "Flock Safety",
        "brand:wikidata": "Q108485435",
        "camera:mount": "pole",
        "camera:type": "fixed",
        "direction": "155",
        "man_made": "surveillance",
        "operator": "San Francisco Police Department",
        "operator:wikidata": "Q1320247",
        "surveillance": "traffic",
        "surveillance:type": "ALPR",
        "surveillance:zone": "traffic"
      },
      "geometry": {
        "type": "Point",
        "coordinates": [
          -122.4179535,
          37.768656
        ]
      },
      "id": "node/12452553849"
    },
    {
      "type": "Feature",
      "properties": {
        "@id": "node/12452553850",
        "brand": "Flock Safety",
        "brand:wikidata": "Q108485435",
        "camera:mount": "pole",
        "camera:type": "fixed",
        "direction": "315",
        "man_made": "surveillance",
        "operator": "San Francisco Police Department",
        "operator:wikidata": "Q1320247",
        "surveillance": "traffic",
        "surveillance:type": "ALPR",
        "surveillance:zone": "traffic"
      },
      "geometry": {
        "type": "Point",
        "coordinates": [
          -122.4057907,
          37.7506058
        ]
      },
      "id": "node/12452553850"
    },
    {
      "type": "Feature",
      "properties": {
        "@id": "node/12454338769",
        "camera:direction": "58",
        "camera:mount": "wall",
        "camera:type": "panning",
        "man_made": "surveillance",
        "surveillance": "public",
        "surveillance:type": "camera",
        "surveillance:zone": "street"
      },
      "geometry": {
        "type": "Point",
        "coordinates": [
          -122.4759897,
          37.7764553
        ]
      },
      "id": "node/12454338769"
    },
    {
      "type": "Feature",
      "properties": {
        "@id": "node/12454338770",
        "camera:direction": "236",
        "camera:mount": "tree",
        "camera:type": "fixed",
        "man_made": "surveillance",
        "manufacturer:wikidata": "Q60740820",
        "surveillance": "public",
        "surveillance:type": "camera",
        "surveillance:zone": "street"
      },
      "geometry": {
        "type": "Point",
        "coordinates": [
          -122.4760091,
          37.7764028
        ]
      },
      "id": "node/12454338770"
    },
    {
      "type": "Feature",
      "properties": {
        "@id": "node/12461769827",
        "brand": "Flock Safety",
        "brand:wikidata": "Q108485435",
        "camera:mount": "pole",
        "camera:type": "fixed",
        "direction": "15",
        "man_made": "surveillance",
        "operator": "San Francisco Police Department",
        "operator:wikidata": "Q1320247",
        "surveillance": "traffic",
        "surveillance:type": "ALPR",
        "surveillance:zone": "traffic"
      },
      "geometry": {
        "type": "Point",
        "coordinates": [
          -122.4183556,
          37.7730692
        ]
      },
      "id": "node/12461769827"
    },
    {
      "type": "Feature",
      "properties": {
        "@id": "node/12487347397",
        "camera:mount": "pole",
        "camera:type": "fixed",
        "direction": "185",
        "man_made": "surveillance",
        "manufacturer": "Flock Safety",
        "manufacturer:wikidata": "Q108485435",
        "operator": "San Francisco Police Department",
        "operator:wikidata": "Q1320247",
        "surveillance": "public",
        "surveillance:type": "ALPR",
        "surveillance:zone": "traffic"
      },
      "geometry": {
        "type": "Point",
        "coordinates": [
          -122.3795317,
          37.7342118
        ]
      },
      "id": "node/12487347397"
    },
    {
      "type": "Feature",
      "properties": {
        "@id": "node/12487347398",
        "camera:mount": "pole",
        "camera:type": "fixed",
        "direction": "185",
        "man_made": "surveillance",
        "manufacturer": "Flock Safety",
        "manufacturer:wikidata": "Q108485435",
        "operator": "San Francisco Police Department",
        "operator:wikidata": "Q1320247",
        "surveillance": "public",
        "surveillance:type": "ALPR",
        "surveillance:zone": "traffic"
      },
      "geometry": {
        "type": "Point",
        "coordinates": [
          -122.3793886,
          37.7368414
        ]
      },
      "id": "node/12487347398"
    },
    {
      "type": "Feature",
      "properties": {
        "@id": "node/12487347399",
        "camera:mount": "pole",
        "camera:type": "fixed",
        "direction": "290",
        "man_made": "surveillance",
        "manufacturer": "Flock Safety",
        "manufacturer:wikidata": "Q108485435",
        "operator": "San Francisco Police Department",
        "operator:wikidata": "Q1320247",
        "surveillance": "public",
        "surveillance:type": "ALPR",
        "surveillance:zone": "traffic"
      },
      "geometry": {
        "type": "Point",
        "coordinates": [
          -122.3799264,
          37.7382432
        ]
      },
      "id": "node/12487347399"
    },
    {
      "type": "Feature",
      "properties": {
        "@id": "node/12487347400",
        "camera:mount": "pole",
        "camera:type": "fixed",
        "direction": "130",
        "man_made": "surveillance",
        "manufacturer": "Flock Safety",
        "manufacturer:wikidata": "Q108485435",
        "operator": "San Francisco Police Department",
        "operator:wikidata": "Q1320247",
        "surveillance": "public",
        "surveillance:type": "ALPR",
        "surveillance:zone": "traffic"
      },
      "geometry": {
        "type": "Point",
        "coordinates": [
          -122.3875346,
          37.7425043
        ]
      },
      "id": "node/12487347400"
    },
    {
      "type": "Feature",
      "properties": {
        "@id": "node/12487417401",
        "camera:mount": "pole",
        "camera:type": "fixed",
        "direction": "180",
        "man_made": "surveillance",
        "manufacturer": "Flock Safety",
        "manufacturer:wikidata": "Q108485435",
        "operator": "San Francisco Police Department",
        "operator:wikidata": "Q1320247",
        "surveillance": "public",
        "surveillance:type": "ALPR",
        "surveillance:zone": "traffic"
      },
      "geometry": {
        "type": "Point",
        "coordinates": [
          -122.3881048,
          37.7427335
        ]
      },
      "id": "node/12487417401"
    },
    {
      "type": "Feature",
      "properties": {
        "@id": "node/12487417402",
        "camera:mount": "pole",
        "camera:type": "fixed",
        "direction": "350",
        "man_made": "surveillance",
        "manufacturer": "Flock Safety",
        "manufacturer:wikidata": "Q108485435",
        "operator": "San Francisco Police Department",
        "operator:wikidata": "Q1320247",
        "surveillance": "public",
        "surveillance:type": "ALPR",
        "surveillance:zone": "traffic"
      },
      "geometry": {
        "type": "Point",
        "coordinates": [
          -122.3875875,
          37.7433607
        ]
      },
      "id": "node/12487417402"
    },
    {
      "type": "Feature",
      "properties": {
        "@id": "node/12487417403",
        "camera:mount": "pole",
        "camera:type": "fixed",
        "direction": "90",
        "man_made": "surveillance",
        "manufacturer": "Flock Safety",
        "manufacturer:wikidata": "Q108485435",
        "operator": "San Francisco Police Department",
        "operator:wikidata": "Q1320247",
        "surveillance": "public",
        "surveillance:type": "ALPR",
        "surveillance:zone": "traffic"
      },
      "geometry": {
        "type": "Point",
        "coordinates": [
          -122.3959657,
          37.747149
        ]
      },
      "id": "node/12487417403"
    },
    {
      "type": "Feature",
      "properties": {
        "@id": "node/12487417404",
        "camera:mount": "pole",
        "camera:type": "fixed",
        "direction": "315",
        "man_made": "surveillance",
        "manufacturer": "Flock Safety",
        "manufacturer:wikidata": "Q108485435",
        "operator": "San Francisco Police Department",
        "operator:wikidata": "Q1320247",
        "surveillance": "public",
        "surveillance:type": "ALPR",
        "surveillance:zone": "traffic"
      },
      "geometry": {
        "type": "Point",
        "coordinates": [
          -122.3960934,
          37.7473951
        ]
      },
      "id": "node/12487417404"
    },
    {
      "type": "Feature",
      "properties": {
        "@id": "node/12487417405",
        "camera:mount": "pole",
        "camera:type": "fixed",
        "direction": "330",
        "man_made": "surveillance",
        "manufacturer": "Flock Safety",
        "manufacturer:wikidata": "Q108485435",
        "operator": "San Francisco Police Department",
        "operator:wikidata": "Q1320247",
        "surveillance": "public",
        "surveillance:type": "ALPR",
        "surveillance:zone": "traffic"
      },
      "geometry": {
        "type": "Point",
        "coordinates": [
          -122.418385,
          37.7523949
        ]
      },
      "id": "node/12487417405"
    },
    {
      "type": "Feature",
      "properties": {
        "@id": "node/12487417406",
        "camera:mount": "pole",
        "camera:type": "fixed",
        "direction": "295",
        "man_made": "surveillance",
        "manufacturer": "Flock Safety",
        "manufacturer:wikidata": "Q108485435",
        "operator": "San Francisco Police Department",
        "operator:wikidata": "Q1320247",
        "surveillance": "public",
        "surveillance:type": "ALPR",
        "surveillance:zone": "traffic"
      },
      "geometry": {
        "type": "Point",
        "coordinates": [
          -122.4190582,
          37.7521892
        ]
      },
      "id": "node/12487417406"
    },
    {
      "type": "Feature",
      "properties": {
        "@id": "node/12487417407",
        "camera:mount": "pole",
        "camera:type": "fixed",
        "direction": "170",
        "man_made": "surveillance",
        "manufacturer": "Flock Safety",
        "manufacturer:wikidata": "Q108485435",
        "operator": "San Francisco Police Department",
        "operator:wikidata": "Q1320247",
        "surveillance": "public",
        "surveillance:type": "ALPR",
        "surveillance:zone": "traffic"
      },
      "geometry": {
        "type": "Point",
        "coordinates": [
          -122.3928243,
          37.729216
        ]
      },
      "id": "node/12487417407"
    },
    {
      "type": "Feature",
      "properties": {
        "@id": "node/12487417408",
        "camera:mount": "pole",
        "camera:type": "fixed",
        "direction": "90",
        "man_made": "surveillance",
        "manufacturer": "Flock Safety",
        "manufacturer:wikidata": "Q108485435",
        "operator": "San Francisco Police Department",
        "operator:wikidata": "Q1320247",
        "surveillance": "public",
        "surveillance:type": "ALPR",
        "surveillance:zone": "traffic"
      },
      "geometry": {
        "type": "Point",
        "coordinates": [
          -122.3925345,
          37.7291899
        ]
      },
      "id": "node/12487417408"
    },
    {
      "type": "Feature",
      "properties": {
        "@id": "node/12487417409",
        "camera:mount": "pole",
        "camera:type": "fixed",
        "direction": "270",
        "man_made": "surveillance",
        "manufacturer": "Flock Safety",
        "manufacturer:wikidata": "Q108485435",
        "operator": "San Francisco Police Department",
        "operator:wikidata": "Q1320247",
        "surveillance": "public",
        "surveillance:type": "ALPR",
        "surveillance:zone": "traffic"
      },
      "geometry": {
        "type": "Point",
        "coordinates": [
          -122.3839706,
          37.7325828
        ]
      },
      "id": "node/12487417409"
    },
    {
      "type": "Feature",
      "properties": {
        "@id": "node/12487590013",
        "camera:mount": "pole",
        "camera:type": "fixed",
        "direction": "260",
        "man_made": "surveillance",
        "manufacturer": "Flock Safety",
        "manufacturer:wikidata": "Q108485435",
        "operator": "San Francisco Police Department",
        "operator:wikidata": "Q1320247",
        "surveillance": "public",
        "surveillance:type": "ALPR",
        "surveillance:zone": "traffic"
      },
      "geometry": {
        "type": "Point",
        "coordinates": [
          -122.4219016,
          37.7633655
        ]
      },
      "id": "node/12487590013"
    },
    {
      "type": "Feature",
      "properties": {
        "@id": "node/12487590014",
        "camera:mount": "pole",
        "camera:type": "fixed",
        "direction": "325",
        "man_made": "surveillance",
        "manufacturer": "Flock Safety",
        "manufacturer:wikidata": "Q108485435",
        "operator": "San Francisco Police Department",
        "operator:wikidata": "Q1320247",
        "surveillance": "public",
        "surveillance:type": "ALPR",
        "surveillance:zone": "traffic"
      },
      "geometry": {
        "type": "Point",
        "coordinates": [
          -122.4210376,
          37.757009
        ]
      },
      "id": "node/12487590014"
    },
    {
      "type": "Feature",
      "properties": {
        "@id": "node/12487590015",
        "camera:mount": "pole",
        "camera:type": "fixed",
        "direction": "240",
        "man_made": "surveillance",
        "manufacturer": "Flock Safety",
        "manufacturer:wikidata": "Q108485435",
        "operator": "San Francisco Police Department",
        "operator:wikidata": "Q1320247",
        "surveillance": "public",
        "surveillance:type": "ALPR",
        "surveillance:zone": "traffic"
      },
      "geometry": {
        "type": "Point",
        "coordinates": [
          -122.4210348,
          37.7441125
        ]
      },
      "id": "node/12487590015"
    },
    {
      "type": "Feature",
      "properties": {
        "@id": "node/12489044179",
        "camera:mount": "pole",
        "camera:type": "fixed",
        "direction": "205",
        "image": "https://alpr.pictures/san-francisco/great%20hwy%20sbfs%20sloat.jpg",
        "man_made": "surveillance",
        "manufacturer": "Flock Safety",
        "manufacturer:wikidata": "Q108485435",
        "operator": "San Francisco Police Department",
        "operator:wikidata": "Q1320247",
        "surveillance": "public",
        "surveillance:type": "ALPR",
        "surveillance:zone": "traffic"
      },
      "geometry": {
        "type": "Point",
        "coordinates": [
          -122.5067541,
          37.7352821
        ]
      },
      "id": "node/12489044179"
    },
    {
      "type": "Feature",
      "properties": {
        "@id": "node/12489044180",
        "camera:mount": "pole",
        "camera:type": "fixed",
        "direction": "330",
        "man_made": "surveillance",
        "manufacturer": "Flock Safety",
        "manufacturer:wikidata": "Q108485435",
        "operator": "San Francisco Police Department",
        "operator:wikidata": "Q1320247",
        "surveillance": "public",
        "surveillance:type": "ALPR",
        "surveillance:zone": "traffic"
      },
      "geometry": {
        "type": "Point",
        "coordinates": [
          -122.4755537,
          37.7431878
        ]
      },
      "id": "node/12489044180"
    },
    {
      "type": "Feature",
      "properties": {
        "@id": "node/12489044181",
        "camera:mount": "pole",
        "camera:type": "fixed",
        "direction": "120",
        "man_made": "surveillance",
        "manufacturer": "Flock Safety",
        "manufacturer:wikidata": "Q108485435",
        "operator": "San Francisco Police Department",
        "operator:wikidata": "Q1320247",
        "surveillance": "public",
        "surveillance:type": "ALPR",
        "surveillance:zone": "traffic"
      },
      "geometry": {
        "type": "Point",
        "coordinates": [
          -122.3908474,
          37.7338882
        ]
      },
      "id": "node/12489044181"
    },
    {
      "type": "Feature",
      "properties": {
        "@id": "node/12489044182",
        "camera:mount": "pole",
        "camera:type": "fixed",
        "direction": "300",
        "man_made": "surveillance",
        "manufacturer": "Flock Safety",
        "manufacturer:wikidata": "Q108485435",
        "operator": "San Francisco Police Department",
        "operator:wikidata": "Q1320247",
        "surveillance": "public",
        "surveillance:type": "ALPR",
        "surveillance:zone": "traffic"
      },
      "geometry": {
        "type": "Point",
        "coordinates": [
          -122.3933059,
          37.7354186
        ]
      },
      "id": "node/12489044182"
    },
    {
      "type": "Feature",
      "properties": {
        "@id": "node/12489044183",
        "camera:mount": "pole",
        "camera:type": "fixed",
        "direction": "50",
        "man_made": "surveillance",
        "manufacturer": "Flock Safety",
        "manufacturer:wikidata": "Q108485435",
        "operator": "San Francisco Police Department",
        "operator:wikidata": "Q1320247",
        "surveillance": "public",
        "surveillance:type": "ALPR",
        "surveillance:zone": "traffic"
      },
      "geometry": {
        "type": "Point",
        "coordinates": [
          -122.3968772,
          37.7371069
        ]
      },
      "id": "node/12489044183"
    },
    {
      "type": "Feature",
      "properties": {
        "@id": "node/12489044184",
        "camera:mount": "pole",
        "camera:type": "fixed",
        "direction": "50",
        "man_made": "surveillance",
        "manufacturer": "Flock Safety",
        "manufacturer:wikidata": "Q108485435",
        "operator": "San Francisco Police Department",
        "operator:wikidata": "Q1320247",
        "surveillance": "public",
        "surveillance:type": "ALPR",
        "surveillance:zone": "traffic"
      },
      "geometry": {
        "type": "Point",
        "coordinates": [
          -122.4067147,
          37.7379356
        ]
      },
      "id": "node/12489044184"
    },
    {
      "type": "Feature",
      "properties": {
        "@id": "node/12489044185",
        "camera:mount": "pole",
        "camera:type": "fixed",
        "direction": "30",
        "man_made": "surveillance",
        "manufacturer": "Flock Safety",
        "manufacturer:wikidata": "Q108485435",
        "operator": "San Francisco Police Department",
        "operator:wikidata": "Q1320247",
        "surveillance": "public",
        "surveillance:type": "ALPR",
        "surveillance:zone": "traffic"
      },
      "geometry": {
        "type": "Point",
        "coordinates": [
          -122.4102184,
          37.7349723
        ]
      },
      "id": "node/12489044185"
    },
    {
      "type": "Feature",
      "properties": {
        "@id": "node/12489044186",
        "camera:mount": "pole",
        "camera:type": "fixed",
        "direction": "200",
        "man_made": "surveillance",
        "manufacturer": "Flock Safety",
        "manufacturer:wikidata": "Q108485435",
        "operator": "San Francisco Police Department",
        "operator:wikidata": "Q1320247",
        "surveillance": "public",
        "surveillance:type": "ALPR",
        "surveillance:zone": "traffic"
      },
      "geometry": {
        "type": "Point",
        "coordinates": [
          -122.4109212,
          37.73483
        ]
      },
      "id": "node/12489044186"
    },
    {
      "type": "Feature",
      "properties": {
        "@id": "node/12489044187",
        "camera:mount": "pole",
        "camera:type": "fixed",
        "direction": "80",
        "man_made": "surveillance",
        "manufacturer": "Flock Safety",
        "manufacturer:wikidata": "Q108485435",
        "operator": "San Francisco Police Department",
        "operator:wikidata": "Q1320247",
        "surveillance": "public",
        "surveillance:type": "ALPR",
        "surveillance:zone": "traffic"
      },
      "geometry": {
        "type": "Point",
        "coordinates": [
          -122.4128663,
          37.7335513
        ]
      },
      "id": "node/12489044187"
    },
    {
      "type": "Feature",
      "properties": {
        "@id": "node/12489044188",
        "camera:mount": "pole",
        "camera:type": "fixed",
        "direction": "90",
        "man_made": "surveillance",
        "manufacturer": "Flock Safety",
        "manufacturer:wikidata": "Q108485435",
        "operator": "San Francisco Police Department",
        "operator:wikidata": "Q1320247",
        "surveillance": "public",
        "surveillance:type": "ALPR",
        "surveillance:zone": "traffic"
      },
      "geometry": {
        "type": "Point",
        "coordinates": [
          -122.4262368,
          37.7311794
        ]
      },
      "id": "node/12489044188"
    },
    {
      "type": "Feature",
      "properties": {
        "@id": "node/12489044193",
        "camera:mount": "pole",
        "camera:type": "fixed",
        "direction": "85",
        "man_made": "surveillance",
        "manufacturer": "Flock Safety",
        "manufacturer:wikidata": "Q108485435",
        "operator": "San Francisco Police Department",
        "operator:wikidata": "Q1320247",
        "surveillance": "public",
        "surveillance:type": "ALPR",
        "surveillance:zone": "traffic"
      },
      "geometry": {
        "type": "Point",
        "coordinates": [
          -122.495635,
          37.7336977
        ]
      },
      "id": "node/12489044193"
    },
    {
      "type": "Feature",
      "properties": {
        "@id": "node/12489044194",
        "camera:mount": "pole",
        "camera:type": "fixed",
        "direction": "290",
        "man_made": "surveillance",
        "manufacturer": "Flock Safety",
        "manufacturer:wikidata": "Q108485435",
        "operator": "San Francisco Police Department",
        "operator:wikidata": "Q1320247",
        "surveillance": "public",
        "surveillance:type": "ALPR",
        "surveillance:zone": "traffic"
      },
      "geometry": {
        "type": "Point",
        "coordinates": [
          -122.4972653,
          37.7338428
        ]
      },
      "id": "node/12489044194"
    },
    {
      "type": "Feature",
      "properties": {
        "@id": "node/12489044195",
        "camera:mount": "pole",
        "camera:type": "fixed",
        "direction": "250",
        "man_made": "surveillance",
        "manufacturer": "Flock Safety",
        "manufacturer:wikidata": "Q108485435",
        "operator": "San Francisco Police Department",
        "operator:wikidata": "Q1320247",
        "surveillance": "public",
        "surveillance:type": "ALPR",
        "surveillance:zone": "traffic"
      },
      "geometry": {
        "type": "Point",
        "coordinates": [
          -122.5081421,
          37.7603727
        ]
      },
      "id": "node/12489044195"
    },
    {
      "type": "Feature",
      "properties": {
        "@id": "node/12489044196",
        "camera:mount": "pole",
        "camera:type": "fixed",
        "direction": "75",
        "man_made": "surveillance",
        "manufacturer": "Flock Safety",
        "manufacturer:wikidata": "Q108485435",
        "operator": "San Francisco Police Department",
        "operator:wikidata": "Q1320247",
        "surveillance": "public",
        "surveillance:type": "ALPR",
        "surveillance:zone": "traffic"
      },
      "geometry": {
        "type": "Point",
        "coordinates": [
          -122.5081377,
          37.7602934
        ]
      },
      "id": "node/12489044196"
    },
    {
      "type": "Feature",
      "properties": {
        "@id": "node/12489044197",
        "camera:mount": "pole",
        "camera:type": "fixed",
        "direction": "155",
        "man_made": "surveillance",
        "manufacturer": "Flock Safety",
        "manufacturer:wikidata": "Q108485435",
        "operator": "San Francisco Police Department",
        "operator:wikidata": "Q1320247",
        "surveillance": "public",
        "surveillance:type": "ALPR",
        "surveillance:zone": "traffic"
      },
      "geometry": {
        "type": "Point",
        "coordinates": [
          -122.4756741,
          37.7410858
        ]
      },
      "id": "node/12489044197"
    },
    {
      "type": "Feature",
      "properties": {
        "@id": "node/12489044198",
        "camera:mount": "pole",
        "camera:type": "fixed",
        "direction": "330",
        "man_made": "surveillance",
        "manufacturer": "Flock Safety",
        "manufacturer:wikidata": "Q108485435",
        "operator": "San Francisco Police Department",
        "operator:wikidata": "Q1320247",
        "surveillance": "public",
        "surveillance:type": "ALPR",
        "surveillance:zone": "traffic"
      },
      "geometry": {
        "type": "Point",
        "coordinates": [
          -122.4750061,
          37.7347886
        ]
      },
      "id": "node/12489044198"
    },
    {
      "type": "Feature",
      "properties": {
        "@id": "node/12489044199",
        "camera:mount": "pole",
        "camera:type": "fixed",
        "direction": "250",
        "man_made": "surveillance",
        "manufacturer": "Flock Safety",
        "manufacturer:wikidata": "Q108485435",
        "operator": "San Francisco Police Department",
        "operator:wikidata": "Q1320247",
        "surveillance": "public",
        "surveillance:type": "ALPR",
        "surveillance:zone": "traffic"
      },
      "geometry": {
        "type": "Point",
        "coordinates": [
          -122.4753648,
          37.7347916
        ]
      },
      "id": "node/12489044199"
    },
    {
      "type": "Feature",
      "properties": {
        "@id": "node/12489044200",
        "camera:mount": "pole",
        "camera:type": "fixed",
        "direction": "65",
        "man_made": "surveillance",
        "manufacturer": "Flock Safety",
        "manufacturer:wikidata": "Q108485435",
        "operator": "San Francisco Police Department",
        "operator:wikidata": "Q1320247",
        "surveillance": "public",
        "surveillance:type": "ALPR",
        "surveillance:zone": "traffic"
      },
      "geometry": {
        "type": "Point",
        "coordinates": [
          -122.4749884,
          37.7345129
        ]
      },
      "id": "node/12489044200"
    },
    {
      "type": "Feature",
      "properties": {
        "@id": "node/12489294701",
        "camera:mount": "pole",
        "camera:type": "fixed",
        "direction": "146",
        "man_made": "surveillance",
        "manufacturer": "Flock Safety",
        "manufacturer:wikidata": "Q108485435",
        "operator": "San Francisco Police Department",
        "operator:wikidata": "Q1320247",
        "surveillance": "public",
        "surveillance:type": "ALPR",
        "surveillance:zone": "traffic"
      },
      "geometry": {
        "type": "Point",
        "coordinates": [
          -122.4752388,
          37.7336718
        ]
      },
      "id": "node/12489294701"
    },
    {
      "type": "Feature",
      "properties": {
        "@id": "node/12489294702",
        "camera:mount": "pole",
        "camera:type": "fixed",
        "direction": "160",
        "man_made": "surveillance",
        "manufacturer": "Flock Safety",
        "manufacturer:wikidata": "Q108485435",
        "operator": "San Francisco Police Department",
        "operator:wikidata": "Q1320247",
        "surveillance": "public",
        "surveillance:type": "ALPR",
        "surveillance:zone": "traffic"
      },
      "geometry": {
        "type": "Point",
        "coordinates": [
          -122.4751209,
          37.7267999
        ]
      },
      "id": "node/12489294702"
    },
    {
      "type": "Feature",
      "properties": {
        "@id": "node/12491804077",
        "camera:mount": "pole",
        "camera:type": "fixed",
        "direction": "40",
        "man_made": "surveillance",
        "manufacturer": "Flock Safety",
        "manufacturer:wikidata": "Q108485435",
        "operator": "San Francisco Police Department",
        "operator:wikidata": "Q1320247",
        "surveillance": "public",
        "surveillance:type": "ALPR",
        "surveillance:zone": "traffic"
      },
      "geometry": {
        "type": "Point",
        "coordinates": [
          -122.398988,
          37.7154459
        ]
      },
      "id": "node/12491804077"
    },
    {
      "type": "Feature",
      "properties": {
        "@id": "node/12491811183",
        "camera:mount": "pole",
        "camera:type": "fixed",
        "direction": "350",
        "man_made": "surveillance",
        "manufacturer": "Flock Safety",
        "manufacturer:wikidata": "Q108485435",
        "operator": "San Francisco Police Department",
        "operator:wikidata": "Q1320247",
        "surveillance": "public",
        "surveillance:type": "ALPR",
        "surveillance:zone": "traffic"
      },
      "geometry": {
        "type": "Point",
        "coordinates": [
          -122.3982081,
          37.7174239
        ]
      },
      "id": "node/12491811183"
    },
    {
      "type": "Feature",
      "properties": {
        "@id": "node/12493926186",
        "camera:mount": "pole",
        "camera:type": "fixed",
        "direction": "280",
        "man_made": "surveillance",
        "manufacturer": "Flock Safety",
        "manufacturer:wikidata": "Q108485435",
        "operator": "San Francisco Police Department",
        "operator:wikidata": "Q1320247",
        "surveillance": "public",
        "surveillance:type": "ALPR",
        "surveillance:zone": "traffic"
      },
      "geometry": {
        "type": "Point",
        "coordinates": [
          -122.385872,
          37.7397037
        ]
      },
      "id": "node/12493926186"
    },
    {
      "type": "Feature",
      "properties": {
        "@id": "node/12493926187",
        "camera:mount": "pole",
        "camera:type": "fixed",
        "direction": "240",
        "man_made": "surveillance",
        "manufacturer": "Flock Safety",
        "manufacturer:wikidata": "Q108485435",
        "operator": "San Francisco Police Department",
        "operator:wikidata": "Q1320247",
        "surveillance": "public",
        "surveillance:type": "ALPR",
        "surveillance:zone": "traffic"
      },
      "geometry": {
        "type": "Point",
        "coordinates": [
          -122.3933147,
          37.7500365
        ]
      },
      "id": "node/12493926187"
    },
    {
      "type": "Feature",
      "properties": {
        "@id": "node/12493926188",
        "camera:mount": "pole",
        "camera:type": "fixed",
        "direction": "280",
        "man_made": "surveillance",
        "manufacturer": "Flock Safety",
        "manufacturer:wikidata": "Q108485435",
        "operator": "San Francisco Police Department",
        "operator:wikidata": "Q1320247",
        "surveillance": "public",
        "surveillance:type": "ALPR",
        "surveillance:zone": "traffic"
      },
      "geometry": {
        "type": "Point",
        "coordinates": [
          -122.405929,
          37.7489883
        ]
      },
      "id": "node/12493926188"
    },
    {
      "type": "Feature",
      "properties": {
        "@id": "node/12493926189",
        "camera:mount": "pole",
        "camera:type": "fixed",
        "direction": "145",
        "man_made": "surveillance",
        "manufacturer": "Flock Safety",
        "manufacturer:wikidata": "Q108485435",
        "operator": "San Francisco Police Department",
        "operator:wikidata": "Q1320247",
        "surveillance": "public",
        "surveillance:type": "ALPR",
        "surveillance:zone": "traffic"
      },
      "geometry": {
        "type": "Point",
        "coordinates": [
          -122.4065268,
          37.7537524
        ]
      },
      "id": "node/12493926189"
    },
    {
      "type": "Feature",
      "properties": {
        "@id": "node/12493926190",
        "camera:mount": "pole",
        "camera:type": "fixed",
        "direction": "330",
        "man_made": "surveillance",
        "manufacturer": "Flock Safety",
        "manufacturer:wikidata": "Q108485435",
        "operator": "San Francisco Police Department",
        "operator:wikidata": "Q1320247",
        "surveillance": "public",
        "surveillance:type": "ALPR",
        "surveillance:zone": "traffic"
      },
      "geometry": {
        "type": "Point",
        "coordinates": [
          -122.4064128,
          37.7549229
        ]
      },
      "id": "node/12493926190"
    },
    {
      "type": "Feature",
      "properties": {
        "@id": "node/12493926191",
        "camera:mount": "pole",
        "camera:type": "fixed",
        "direction": "220",
        "man_made": "surveillance",
        "manufacturer": "Flock Safety",
        "manufacturer:wikidata": "Q108485435",
        "operator": "San Francisco Police Department",
        "operator:wikidata": "Q1320247",
        "surveillance": "public",
        "surveillance:type": "ALPR",
        "surveillance:zone": "traffic"
      },
      "geometry": {
        "type": "Point",
        "coordinates": [
          -122.4130881,
          37.7641326
        ]
      },
      "id": "node/12493926191"
    },
    {
      "type": "Feature",
      "properties": {
        "@id": "node/12493926192",
        "brand": "Flock Safety",
        "brand:wikidata": "Q108485435",
        "camera:mount": "pole",
        "camera:type": "fixed",
        "direction": "155",
        "man_made": "surveillance",
        "manufacturer": "Flock Safety",
        "manufacturer:wikidata": "Q108485435",
        "operator": "San Francisco Police Department",
        "operator:wikidata": "Q1320247",
        "surveillance": "traffic",
        "surveillance:type": "ALPR",
        "surveillance:zone": "traffic"
      },
      "geometry": {
        "type": "Point",
        "coordinates": [
          -122.4135838,
          37.7691705
        ]
      },
      "id": "node/12493926192"
    },
    {
      "type": "Feature",
      "properties": {
        "@id": "node/12493926193",
        "camera:mount": "pole",
        "camera:type": "fixed",
        "direction": "150",
        "man_made": "surveillance",
        "manufacturer": "Flock Safety",
        "manufacturer:wikidata": "Q108485435",
        "operator": "San Francisco Police Department",
        "operator:wikidata": "Q1320247",
        "surveillance": "public",
        "surveillance:type": "ALPR",
        "surveillance:zone": "traffic"
      },
      "geometry": {
        "type": "Point",
        "coordinates": [
          -122.4150422,
          37.7615146
        ]
      },
      "id": "node/12493926193"
    },
    {
      "type": "Feature",
      "properties": {
        "@id": "node/12493926194",
        "camera:mount": "pole",
        "camera:type": "fixed",
        "direction": "55",
        "man_made": "surveillance",
        "manufacturer": "Flock Safety",
        "manufacturer:wikidata": "Q108485435",
        "operator": "San Francisco Police Department",
        "operator:wikidata": "Q1320247",
        "surveillance": "public",
        "surveillance:type": "ALPR",
        "surveillance:zone": "traffic"
      },
      "geometry": {
        "type": "Point",
        "coordinates": [
          -122.4213579,
          37.7698835
        ]
      },
      "id": "node/12493926194"
    },
    {
      "type": "Feature",
      "properties": {
        "@id": "node/12493926195",
        "camera:mount": "pole",
        "camera:type": "fixed",
        "direction": "325",
        "man_made": "surveillance",
        "manufacturer": "Flock Safety",
        "manufacturer:wikidata": "Q108485435",
        "operator": "San Francisco Police Department",
        "operator:wikidata": "Q1320247",
        "surveillance": "public",
        "surveillance:type": "ALPR",
        "surveillance:zone": "traffic"
      },
      "geometry": {
        "type": "Point",
        "coordinates": [
          -122.4196425,
          37.7655761
        ]
      },
      "id": "node/12493926195"
    },
    {
      "type": "Feature",
      "properties": {
        "@id": "node/12493926196",
        "camera:mount": "pole",
        "camera:type": "fixed",
        "direction": "145",
        "man_made": "surveillance",
        "manufacturer": "Flock Safety",
        "manufacturer:wikidata": "Q108485435",
        "operator": "San Francisco Police Department",
        "operator:wikidata": "Q1320247",
        "surveillance": "public",
        "surveillance:type": "ALPR",
        "surveillance:zone": "traffic"
      },
      "geometry": {
        "type": "Point",
        "coordinates": [
          -122.4182365,
          37.7490926
        ]
      },
      "id": "node/12493926196"
    },
    {
      "type": "Feature",
      "properties": {
        "@id": "node/12493926197",
        "camera:mount": "pole",
        "camera:type": "fixed",
        "direction": "155",
        "man_made": "surveillance",
        "manufacturer": "Flock Safety",
        "manufacturer:wikidata": "Q108485435",
        "operator": "San Francisco Police Department",
        "operator:wikidata": "Q1320247",
        "surveillance": "public",
        "surveillance:type": "ALPR",
        "surveillance:zone": "traffic"
      },
      "geometry": {
        "type": "Point",
        "coordinates": [
          -122.4240933,
          37.7387931
        ]
      },
      "id": "node/12493926197"
    },
    {
      "type": "Feature",
      "properties": {
        "@id": "node/12493926198",
        "camera:mount": "pole",
        "camera:type": "fixed",
        "direction": "190",
        "man_made": "surveillance",
        "manufacturer": "Flock Safety",
        "manufacturer:wikidata": "Q108485435",
        "operator": "San Francisco Police Department",
        "operator:wikidata": "Q1320247",
        "surveillance": "public",
        "surveillance:type": "ALPR",
        "surveillance:zone": "traffic"
      },
      "geometry": {
        "type": "Point",
        "coordinates": [
          -122.4292746,
          37.7309285
        ]
      },
      "id": "node/12493926198"
    },
    {
      "type": "Feature",
      "properties": {
        "@id": "node/12493926199",
        "camera:mount": "pole",
        "camera:type": "fixed",
        "direction": "335",
        "man_made": "surveillance",
        "manufacturer": "Flock Safety",
        "manufacturer:wikidata": "Q108485435",
        "operator": "San Francisco Police Department",
        "operator:wikidata": "Q1320247",
        "surveillance": "public",
        "surveillance:type": "ALPR",
        "surveillance:zone": "traffic"
      },
      "geometry": {
        "type": "Point",
        "coordinates": [
          -122.4110762,
          37.7356223
        ]
      },
      "id": "node/12493926199"
    },
    {
      "type": "Feature",
      "properties": {
        "@id": "node/12493926200",
        "camera:mount": "pole",
        "camera:type": "fixed",
        "direction": "300",
        "man_made": "surveillance",
        "manufacturer": "Flock Safety",
        "manufacturer:wikidata": "Q108485435",
        "operator": "San Francisco Police Department",
        "operator:wikidata": "Q1320247",
        "surveillance": "public",
        "surveillance:type": "ALPR",
        "surveillance:zone": "traffic"
      },
      "geometry": {
        "type": "Point",
        "coordinates": [
          -122.4056021,
          37.7325399
        ]
      },
      "id": "node/12493926200"
    },
    {
      "type": "Feature",
      "properties": {
        "@id": "node/12493934501",
        "camera:mount": "pole",
        "camera:type": "fixed",
        "direction": "280",
        "man_made": "surveillance",
        "manufacturer": "Flock Safety",
        "manufacturer:wikidata": "Q108485435",
        "operator": "San Francisco Police Department",
        "operator:wikidata": "Q1320247",
        "surveillance": "public",
        "surveillance:type": "ALPR",
        "surveillance:zone": "traffic"
      },
      "geometry": {
        "type": "Point",
        "coordinates": [
          -122.3861069,
          37.7331803
        ]
      },
      "id": "node/12493934501"
    },
    {
      "type": "Feature",
      "properties": {
        "@id": "node/12497079749",
        "camera:mount": "pole",
        "camera:type": "fixed",
        "direction": "15",
        "man_made": "surveillance",
        "manufacturer": "Flock Safety",
        "manufacturer:wikidata": "Q108485435",
        "operator": "San Francisco Police Department",
        "operator:wikidata": "Q1320247",
        "surveillance": "public",
        "surveillance:type": "ALPR",
        "surveillance:zone": "traffic"
      },
      "geometry": {
        "type": "Point",
        "coordinates": [
          -122.4311222,
          37.7288066
        ]
      },
      "id": "node/12497079749"
    },
    {
      "type": "Feature",
      "properties": {
        "@id": "node/12500003217",
        "camera:mount": "pole",
        "camera:type": "fixed",
        "direction": "350",
        "man_made": "surveillance",
        "manufacturer": "Flock Safety",
        "manufacturer:wikidata": "Q108485435",
        "operator": "San Francisco Police Department",
        "operator:wikidata": "Q1320247",
        "surveillance": "public",
        "surveillance:type": "ALPR",
        "surveillance:zone": "traffic"
      },
      "geometry": {
        "type": "Point",
        "coordinates": [
          -122.3897555,
          37.7371583
        ]
      },
      "id": "node/12500003217"
    },
    {
      "type": "Feature",
      "properties": {
        "@id": "node/12511423022",
        "camera:mount": "pole",
        "camera:type": "fixed",
        "direction": "280",
        "man_made": "surveillance",
        "manufacturer": "Flock Safety",
        "manufacturer:wikidata": "Q108485435",
        "operator": "San Francisco Police Department",
        "operator:wikidata": "Q1320247",
        "surveillance": "public",
        "surveillance:type": "ALPR",
        "surveillance:zone": "traffic"
      },
      "geometry": {
        "type": "Point",
        "coordinates": [
          -122.3880896,
          37.7428399
        ]
      },
      "id": "node/12511423022"
    },
    {
      "type": "Feature",
      "properties": {
        "@id": "node/12511423023",
        "camera:mount": "pole",
        "camera:type": "fixed",
        "direction": "150",
        "man_made": "surveillance",
        "manufacturer": "Flock Safety",
        "manufacturer:wikidata": "Q108485435",
        "operator": "San Francisco Police Department",
        "operator:wikidata": "Q1320247",
        "surveillance": "public",
        "surveillance:type": "ALPR",
        "surveillance:zone": "traffic"
      },
      "geometry": {
        "type": "Point",
        "coordinates": [
          -122.3928043,
          37.7529384
        ]
      },
      "id": "node/12511423023"
    },
    {
      "type": "Feature",
      "properties": {
        "@id": "node/12511423024",
        "camera:mount": "pole",
        "camera:type": "fixed",
        "direction": "330",
        "man_made": "surveillance",
        "manufacturer": "Flock Safety",
        "manufacturer:wikidata": "Q108485435",
        "operator": "San Francisco Police Department",
        "operator:wikidata": "Q1320247",
        "surveillance": "public",
        "surveillance:type": "ALPR",
        "surveillance:zone": "traffic"
      },
      "geometry": {
        "type": "Point",
        "coordinates": [
          -122.3927436,
          37.753916
        ]
      },
      "id": "node/12511423024"
    },
    {
      "type": "Feature",
      "properties": {
        "@id": "node/12516148309",
        "camera:mount": "pole",
        "camera:type": "fixed",
        "direction": "65",
        "man_made": "surveillance",
        "manufacturer": "Flock Safety",
        "manufacturer:wikidata": "Q108485435",
        "operator": "San Francisco Police Department",
        "operator:wikidata": "Q1320247",
        "surveillance": "public",
        "surveillance:type": "ALPR",
        "surveillance:zone": "traffic"
      },
      "geometry": {
        "type": "Point",
        "coordinates": [
          -122.3667932,
          37.8110694
        ]
      },
      "id": "node/12516148309"
    },
    {
      "type": "Feature",
      "properties": {
        "@id": "node/12516148310",
        "camera:mount": "pole",
        "camera:type": "fixed",
        "direction": "290",
        "man_made": "surveillance",
        "manufacturer": "Flock Safety",
        "manufacturer:wikidata": "Q108485435",
        "operator": "San Francisco Police Department",
        "operator:wikidata": "Q1320247",
        "surveillance": "public",
        "surveillance:type": "ALPR",
        "surveillance:zone": "traffic"
      },
      "geometry": {
        "type": "Point",
        "coordinates": [
          -122.3670123,
          37.8110707
        ]
      },
      "id": "node/12516148310"
    },
    {
      "type": "Feature",
      "properties": {
        "@id": "node/12521808857",
        "camera:mount": "pole",
        "camera:type": "fixed",
        "direction": "270",
        "man_made": "surveillance",
        "manufacturer": "Flock Safety",
        "manufacturer:wikidata": "Q108485435",
        "operator": "San Francisco Police Department",
        "operator:wikidata": "Q1320247",
        "surveillance": "public",
        "surveillance:type": "ALPR",
        "surveillance:zone": "traffic"
      },
      "geometry": {
        "type": "Point",
        "coordinates": [
          -122.3875512,
          37.7444371
        ]
      },
      "id": "node/12521808857"
    },
    {
      "type": "Feature",
      "properties": {
        "@id": "node/12528226846",
        "camera:mount": "pole",
        "camera:type": "fixed",
        "direction": "110",
        "man_made": "surveillance",
        "manufacturer": "Flock Safety",
        "manufacturer:wikidata": "Q108485435",
        "operator": "San Francisco Police Department",
        "operator:wikidata": "Q1320247",
        "surveillance": "public",
        "surveillance:type": "ALPR",
        "surveillance:zone": "traffic"
      },
      "geometry": {
        "type": "Point",
        "coordinates": [
          -122.4216624,
          37.7959643
        ]
      },
      "id": "node/12528226846"
    },
    {
      "type": "Feature",
      "properties": {
        "@id": "node/12528245319",
        "camera:mount": "pole",
        "camera:type": "fixed",
        "direction": "200",
        "man_made": "surveillance",
        "manufacturer": "Flock Safety",
        "manufacturer:wikidata": "Q108485435",
        "operator": "San Francisco Police Department",
        "operator:wikidata": "Q1320247",
        "surveillance": "public",
        "surveillance:type": "ALPR",
        "surveillance:zone": "traffic"
      },
      "geometry": {
        "type": "Point",
        "coordinates": [
          -122.393521,
          37.7857601
        ]
      },
      "id": "node/12528245319"
    },
    {
      "type": "Feature",
      "properties": {
        "@id": "node/12528245320",
        "camera:mount": "pole",
        "camera:type": "fixed",
        "direction": "285",
        "man_made": "surveillance",
        "manufacturer": "Flock Safety",
        "manufacturer:wikidata": "Q108485435",
        "operator": "San Francisco Police Department",
        "operator:wikidata": "Q1320247",
        "surveillance": "public",
        "surveillance:type": "ALPR",
        "surveillance:zone": "traffic"
      },
      "geometry": {
        "type": "Point",
        "coordinates": [
          -122.3942597,
          37.7886208
        ]
      },
      "id": "node/12528245320"
    },
    {
      "type": "Feature",
      "properties": {
        "@id": "node/12528271649",
        "camera:mount": "pole",
        "camera:type": "fixed",
        "direction": "230",
        "man_made": "surveillance",
        "manufacturer": "Flock Safety",
        "manufacturer:wikidata": "Q108485435",
        "operator": "San Francisco Police Department",
        "operator:wikidata": "Q1320247",
        "surveillance": "public",
        "surveillance:type": "ALPR",
        "surveillance:zone": "traffic"
      },
      "geometry": {
        "type": "Point",
        "coordinates": [
          -122.4083647,
          37.7737568
        ]
      },
      "id": "node/12528271649"
    },
    {
      "type": "Feature",
      "properties": {
        "@id": "node/12528271650",
        "camera:mount": "pole",
        "camera:type": "fixed",
        "direction": "160",
        "man_made": "surveillance",
        "manufacturer": "Flock Safety",
        "manufacturer:wikidata": "Q108485435",
        "operator": "San Francisco Police Department",
        "operator:wikidata": "Q1320247",
        "surveillance": "public",
        "surveillance:type": "ALPR",
        "surveillance:zone": "traffic"
      },
      "geometry": {
        "type": "Point",
        "coordinates": [
          -122.4075882,
          37.7730882
        ]
      },
      "id": "node/12528271650"
    },
    {
      "type": "Feature",
      "properties": {
        "@id": "node/12528271651",
        "camera:mount": "pole",
        "camera:type": "fixed",
        "direction": "290",
        "man_made": "surveillance",
        "manufacturer": "Flock Safety",
        "manufacturer:wikidata": "Q108485435",
        "operator": "San Francisco Police Department",
        "operator:wikidata": "Q1320247",
        "surveillance": "public",
        "surveillance:type": "ALPR",
        "surveillance:zone": "traffic"
      },
      "geometry": {
        "type": "Point",
        "coordinates": [
          -122.4046004,
          37.7707296
        ]
      },
      "id": "node/12528271651"
    },
    {
      "type": "Feature",
      "properties": {
        "@id": "node/12530181081",
        "camera:mount": "pole",
        "camera:type": "fixed",
        "direction": "210",
        "man_made": "surveillance",
        "manufacturer": "Flock Safety",
        "manufacturer:wikidata": "Q108485435",
        "operator": "San Francisco Police Department",
        "operator:wikidata": "Q1320247",
        "surveillance": "public",
        "surveillance:type": "ALPR",
        "surveillance:zone": "traffic"
      },
      "geometry": {
        "type": "Point",
        "coordinates": [
          -122.4759454,
          37.7310336
        ]
      },
      "id": "node/12530181081"
    },
    {
      "type": "Feature",
      "properties": {
        "@id": "node/12530181082",
        "camera:mount": "pole",
        "camera:type": "fixed",
        "direction": "115",
        "image": "https://alpr.pictures/san-francisco/lincoln%20ebfs%20great%20hwy.jpg",
        "man_made": "surveillance",
        "manufacturer": "Flock Safety",
        "manufacturer:wikidata": "Q108485435",
        "operator": "San Francisco Police Department",
        "operator:wikidata": "Q1320247",
        "surveillance": "public",
        "surveillance:type": "ALPR",
        "surveillance:zone": "traffic"
      },
      "geometry": {
        "type": "Point",
        "coordinates": [
          -122.5101504,
          37.7640127
        ]
      },
      "id": "node/12530181082"
    },
    {
      "type": "Feature",
      "properties": {
        "@id": "node/12530181083",
        "camera:mount": "pole",
        "camera:type": "fixed",
        "direction": "340",
        "image": "https://alpr.pictures/san-francisco/great%20hwy%20nbfs%20lincoln.jpg",
        "man_made": "surveillance",
        "manufacturer": "Flock Safety",
        "manufacturer:wikidata": "Q108485435",
        "operator": "San Francisco Police Department",
        "operator:wikidata": "Q1320247",
        "surveillance": "public",
        "surveillance:type": "ALPR",
        "surveillance:zone": "traffic"
      },
      "geometry": {
        "type": "Point",
        "coordinates": [
          -122.5102503,
          37.7645088
        ]
      },
      "id": "node/12530181083"
    },
    {
      "type": "Feature",
      "properties": {
        "@id": "node/12530181084",
        "camera:mount": "pole",
        "camera:type": "fixed",
        "direction": "185",
        "man_made": "surveillance",
        "manufacturer": "Flock Safety",
        "manufacturer:wikidata": "Q108485435",
        "operator": "San Francisco Police Department",
        "operator:wikidata": "Q1320247",
        "surveillance": "public",
        "surveillance:type": "ALPR",
        "surveillance:zone": "traffic"
      },
      "geometry": {
        "type": "Point",
        "coordinates": [
          -122.4841815,
          37.7723644
        ]
      },
      "id": "node/12530181084"
    },
    {
      "type": "Feature",
      "properties": {
        "@id": "node/12530181085",
        "camera:mount": "pole",
        "camera:type": "fixed",
        "direction": "55",
        "man_made": "surveillance",
        "manufacturer": "Flock Safety",
        "manufacturer:wikidata": "Q108485435",
        "operator": "San Francisco Police Department",
        "operator:wikidata": "Q1320247",
        "surveillance": "public",
        "surveillance:type": "ALPR",
        "surveillance:zone": "traffic"
      },
      "geometry": {
        "type": "Point",
        "coordinates": [
          -122.4840431,
          37.7725303
        ]
      },
      "id": "node/12530181085"
    },
    {
      "type": "Feature",
      "properties": {
        "@id": "node/12530181086",
        "camera:mount": "pole",
        "camera:type": "fixed",
        "direction": "295",
        "man_made": "surveillance",
        "manufacturer": "Flock Safety",
        "manufacturer:wikidata": "Q108485435",
        "operator": "San Francisco Police Department",
        "operator:wikidata": "Q1320247",
        "surveillance": "public",
        "surveillance:type": "ALPR",
        "surveillance:zone": "traffic"
      },
      "geometry": {
        "type": "Point",
        "coordinates": [
          -122.4740543,
          37.7805856
        ]
      },
      "id": "node/12530181086"
    },
    {
      "type": "Feature",
      "properties": {
        "@id": "node/12530181087",
        "camera:mount": "pole",
        "camera:type": "fixed",
        "direction": "120",
        "image": "https://alpr.pictures/san-francisco/geary%20ebfs%2034th.jpg",
        "man_made": "surveillance",
        "manufacturer": "Flock Safety",
        "manufacturer:wikidata": "Q108485435",
        "operator": "San Francisco Police Department",
        "operator:wikidata": "Q1320247",
        "surveillance": "public",
        "surveillance:type": "ALPR",
        "surveillance:zone": "traffic"
      },
      "geometry": {
        "type": "Point",
        "coordinates": [
          -122.4942356,
          37.7796704
        ]
      },
      "id": "node/12530181087"
    },
    {
      "type": "Feature",
      "properties": {
        "@id": "node/12530181088",
        "camera:mount": "pole",
        "camera:type": "fixed",
        "direction": "295",
        "image": "https://alpr.pictures/san-francisco/geary%20wbfs%2034th.jpg",
        "man_made": "surveillance",
        "manufacturer": "Flock Safety",
        "manufacturer:wikidata": "Q108485435",
        "operator": "San Francisco Police Department",
        "operator:wikidata": "Q1320247",
        "surveillance": "public",
        "surveillance:type": "ALPR",
        "surveillance:zone": "traffic"
      },
      "geometry": {
        "type": "Point",
        "coordinates": [
          -122.4945713,
          37.779656
        ]
      },
      "id": "node/12530181088"
    },
    {
      "type": "Feature",
      "properties": {
        "@id": "node/12530181089",
        "camera:mount": "pole",
        "camera:type": "fixed",
        "direction": "55",
        "man_made": "surveillance",
        "manufacturer": "Flock Safety",
        "manufacturer:wikidata": "Q108485435",
        "operator": "San Francisco Police Department",
        "operator:wikidata": "Q1320247",
        "surveillance": "public",
        "surveillance:type": "ALPR",
        "surveillance:zone": "traffic"
      },
      "geometry": {
        "type": "Point",
        "coordinates": [
          -122.5094037,
          37.7797693
        ]
      },
      "id": "node/12530181089"
    },
    {
      "type": "Feature",
      "properties": {
        "@id": "node/12530181090",
        "camera:mount": "pole",
        "camera:type": "fixed",
        "direction": "235",
        "image": "https://alpr.pictures/san-francisco/clement%20wbfs%2033rd.jpg",
        "man_made": "surveillance",
        "manufacturer": "Flock Safety",
        "manufacturer:wikidata": "Q108485435",
        "operator": "San Francisco Police Department",
        "operator:wikidata": "Q1320247",
        "surveillance": "public",
        "surveillance:type": "ALPR",
        "surveillance:zone": "traffic"
      },
      "geometry": {
        "type": "Point",
        "coordinates": [
          -122.4933451,
          37.7817269
        ]
      },
      "id": "node/12530181090"
    },
    {
      "type": "Feature",
      "properties": {
        "@id": "node/12530181091",
        "camera:mount": "pole",
        "camera:type": "fixed",
        "direction": "145",
        "man_made": "surveillance",
        "manufacturer": "Flock Safety",
        "manufacturer:wikidata": "Q108485435",
        "operator": "San Francisco Police Department",
        "operator:wikidata": "Q1320247",
        "surveillance": "public",
        "surveillance:type": "ALPR",
        "surveillance:zone": "traffic"
      },
      "geometry": {
        "type": "Point",
        "coordinates": [
          -122.4724542,
          37.7805373
        ]
      },
      "id": "node/12530181091"
    },
    {
      "type": "Feature",
      "properties": {
        "@id": "node/12530181093",
        "camera:mount": "pole",
        "camera:type": "fixed",
        "direction": "350",
        "man_made": "surveillance",
        "manufacturer": "Flock Safety",
        "manufacturer:wikidata": "Q108485435",
        "operator": "San Francisco Police Department",
        "operator:wikidata": "Q1320247",
        "surveillance": "public",
        "surveillance:type": "ALPR",
        "surveillance:zone": "traffic"
      },
      "geometry": {
        "type": "Point",
        "coordinates": [
          -122.447136,
          37.7826254
        ]
      },
      "id": "node/12530181093"
    },
    {
      "type": "Feature",
      "properties": {
        "@id": "node/12530181094",
        "camera:mount": "pole",
        "camera:type": "fixed",
        "direction": "55",
        "man_made": "surveillance",
        "manufacturer": "Flock Safety",
        "manufacturer:wikidata": "Q108485435",
        "operator": "San Francisco Police Department",
        "operator:wikidata": "Q1320247",
        "surveillance": "public",
        "surveillance:type": "ALPR",
        "surveillance:zone": "traffic"
      },
      "geometry": {
        "type": "Point",
        "coordinates": [
          -122.4441133,
          37.7826412
        ]
      },
      "id": "node/12530181094"
    },
    {
      "type": "Feature",
      "properties": {
        "@id": "node/12530181095",
        "camera:mount": "pole",
        "camera:type": "fixed",
        "direction": "320",
        "man_made": "surveillance",
        "manufacturer": "Flock Safety",
        "manufacturer:wikidata": "Q108485435",
        "operator": "San Francisco Police Department",
        "operator:wikidata": "Q1320247",
        "surveillance": "public",
        "surveillance:type": "ALPR",
        "surveillance:zone": "traffic"
      },
      "geometry": {
        "type": "Point",
        "coordinates": [
          -122.4311254,
          37.7847902
        ]
      },
      "id": "node/12530181095"
    },
    {
      "type": "Feature",
      "properties": {
        "@id": "node/12530181096",
        "camera:mount": "pole",
        "camera:type": "fixed",
        "direction": "235",
        "man_made": "surveillance",
        "manufacturer": "Flock Safety",
        "manufacturer:wikidata": "Q108485435",
        "operator": "San Francisco Police Department",
        "operator:wikidata": "Q1320247",
        "surveillance": "public",
        "surveillance:type": "ALPR",
        "surveillance:zone": "traffic"
      },
      "geometry": {
        "type": "Point",
        "coordinates": [
          -122.4313888,
          37.7846679
        ]
      },
      "id": "node/12530181096"
    },
    {
      "type": "Feature",
      "properties": {
        "@id": "node/12530181097",
        "camera:mount": "pole",
        "camera:type": "fixed",
        "direction": "110",
        "man_made": "surveillance",
        "manufacturer": "Flock Safety",
        "manufacturer:wikidata": "Q108485435",
        "operator": "San Francisco Police Department",
        "operator:wikidata": "Q1320247",
        "surveillance": "public",
        "surveillance:type": "ALPR",
        "surveillance:zone": "traffic"
      },
      "geometry": {
        "type": "Point",
        "coordinates": [
          -122.4303432,
          37.7846905
        ]
      },
      "id": "node/12530181097"
    },
    {
      "type": "Feature",
      "properties": {
        "@id": "node/12530181098",
        "camera:mount": "pole",
        "camera:type": "fixed",
        "direction": "310",
        "man_made": "surveillance",
        "manufacturer": "Flock Safety",
        "manufacturer:wikidata": "Q108485435",
        "operator": "San Francisco Police Department",
        "operator:wikidata": "Q1320247",
        "surveillance": "public",
        "surveillance:type": "ALPR",
        "surveillance:zone": "traffic"
      },
      "geometry": {
        "type": "Point",
        "coordinates": [
          -122.417712,
          37.7706596
        ]
      },
      "id": "node/12530181098"
    },
    {
      "type": "Feature",
      "properties": {
        "@id": "node/12530181099",
        "camera:mount": "pole",
        "camera:type": "fixed",
        "direction": "185",
        "man_made": "surveillance",
        "manufacturer": "Flock Safety",
        "manufacturer:wikidata": "Q108485435",
        "operator": "San Francisco Police Department",
        "operator:wikidata": "Q1320247",
        "surveillance": "public",
        "surveillance:type": "ALPR",
        "surveillance:zone": "traffic"
      },
      "geometry": {
        "type": "Point",
        "coordinates": [
          -122.4055842,
          37.7428059
        ]
      },
      "id": "node/12530181099"
    },
    {
      "type": "Feature",
      "properties": {
        "@id": "node/12530181100",
        "camera:mount": "pole",
        "camera:type": "fixed",
        "direction": "275",
        "man_made": "surveillance",
        "manufacturer": "Flock Safety",
        "manufacturer:wikidata": "Q108485435",
        "operator": "San Francisco Police Department",
        "operator:wikidata": "Q1320247",
        "surveillance": "public",
        "surveillance:type": "ALPR",
        "surveillance:zone": "traffic"
      },
      "geometry": {
        "type": "Point",
        "coordinates": [
          -122.4004897,
          37.7397877
        ]
      },
      "id": "node/12530181100"
    },
    {
      "type": "Feature",
      "properties": {
        "@id": "node/12533067671",
        "camera:mount": "pole",
        "camera:type": "fixed",
        "direction": "310",
        "man_made": "surveillance",
        "manufacturer": "Flock Safety",
        "manufacturer:wikidata": "Q108485435",
        "operator": "San Francisco Police Department",
        "operator:wikidata": "Q1320247",
        "surveillance": "public",
        "surveillance:type": "ALPR",
        "surveillance:zone": "traffic"
      },
      "geometry": {
        "type": "Point",
        "coordinates": [
          -122.4271478,
          37.7497226
        ]
      },
      "id": "node/12533067671"
    },
    {
      "type": "Feature",
      "properties": {
        "@id": "node/12533326765",
        "camera:mount": "pole",
        "camera:type": "fixed",
        "direction": "320",
        "man_made": "surveillance",
        "manufacturer": "Flock Safety",
        "manufacturer:wikidata": "Q108485435",
        "operator": "San Francisco Police Department",
        "operator:wikidata": "Q1320247",
        "surveillance": "public",
        "surveillance:type": "ALPR",
        "surveillance:zone": "traffic"
      },
      "geometry": {
        "type": "Point",
        "coordinates": [
          -122.4238659,
          37.7403284
        ]
      },
      "id": "node/12533326765"
    },
    {
      "type": "Feature",
      "properties": {
        "@id": "node/12535175426",
        "camera:mount": "pole",
        "camera:type": "fixed",
        "direction": "10",
        "man_made": "surveillance",
        "manufacturer": "Flock Safety",
        "manufacturer:wikidata": "Q108485435",
        "operator": "San Francisco Police Department",
        "operator:wikidata": "Q1320247",
        "surveillance": "public",
        "surveillance:type": "ALPR",
        "surveillance:zone": "traffic"
      },
      "geometry": {
        "type": "Point",
        "coordinates": [
          -122.3884098,
          37.7335561
        ]
      },
      "id": "node/12535175426"
    },
    {
      "type": "Feature",
      "properties": {
        "@id": "node/12535195704",
        "camera:mount": "pole",
        "camera:type": "fixed",
        "direction": "195",
        "man_made": "surveillance",
        "manufacturer": "Flock Safety",
        "manufacturer:wikidata": "Q108485435",
        "operator": "San Francisco Police Department",
        "operator:wikidata": "Q1320247",
        "surveillance": "public",
        "surveillance:type": "ALPR",
        "surveillance:zone": "traffic"
      },
      "geometry": {
        "type": "Point",
        "coordinates": [
          -122.4028919,
          37.7856858
        ]
      },
      "id": "node/12535195704"
    },
    {
      "type": "Feature",
      "properties": {
        "@id": "node/12535195705",
        "camera:mount": "pole",
        "camera:type": "fixed",
        "direction": "290",
        "man_made": "surveillance",
        "manufacturer": "Flock Safety",
        "manufacturer:wikidata": "Q108485435",
        "operator": "San Francisco Police Department",
        "operator:wikidata": "Q1320247",
        "surveillance": "public",
        "surveillance:type": "ALPR",
        "surveillance:zone": "traffic"
      },
      "geometry": {
        "type": "Point",
        "coordinates": [
          -122.410928,
          37.7793068
        ]
      },
      "id": "node/12535195705"
    },
    {
      "type": "Feature",
      "properties": {
        "@id": "node/12535195706",
        "camera:mount": "pole",
        "camera:type": "fixed",
        "direction": "325",
        "fixme": "position_estimated",
        "man_made": "surveillance",
        "manufacturer": "Flock Safety",
        "manufacturer:wikidata": "Q108485435",
        "operator": "San Francisco Police Department",
        "operator:wikidata": "Q1320247",
        "surveillance": "public",
        "surveillance:type": "ALPR",
        "surveillance:zone": "traffic"
      },
      "geometry": {
        "type": "Point",
        "coordinates": [
          -122.4165514,
          37.7788432
        ]
      },
      "id": "node/12535195706"
    },
    {
      "type": "Feature",
      "properties": {
        "@id": "node/12535195707",
        "camera:mount": "pole",
        "camera:type": "fixed",
        "direction": "235",
        "man_made": "surveillance",
        "manufacturer": "Flock Safety",
        "manufacturer:wikidata": "Q108485435",
        "operator": "San Francisco Police Department",
        "operator:wikidata": "Q1320247",
        "surveillance": "public",
        "surveillance:type": "ALPR",
        "surveillance:zone": "traffic"
      },
      "geometry": {
        "type": "Point",
        "coordinates": [
          -122.4175957,
          37.7804859
        ]
      },
      "id": "node/12535195707"
    },
    {
      "type": "Feature",
      "properties": {
        "@id": "node/12535195708",
        "camera:mount": "pole",
        "camera:type": "fixed",
        "direction": "55",
        "man_made": "surveillance",
        "manufacturer": "Flock Safety",
        "manufacturer:wikidata": "Q108485435",
        "operator": "San Francisco Police Department",
        "operator:wikidata": "Q1320247",
        "surveillance": "public",
        "surveillance:type": "ALPR",
        "surveillance:zone": "traffic"
      },
      "geometry": {
        "type": "Point",
        "coordinates": [
          -122.4175672,
          37.7803547
        ]
      },
      "id": "node/12535195708"
    },
    {
      "type": "Feature",
      "properties": {
        "@id": "node/12535195709",
        "camera:mount": "pole",
        "camera:type": "fixed",
        "direction": "330",
        "man_made": "surveillance",
        "manufacturer": "Flock Safety",
        "manufacturer:wikidata": "Q108485435",
        "operator": "San Francisco Police Department",
        "operator:wikidata": "Q1320247",
        "surveillance": "public",
        "surveillance:type": "ALPR",
        "surveillance:zone": "traffic"
      },
      "geometry": {
        "type": "Point",
        "coordinates": [
          -122.4259476,
          37.7613848
        ]
      },
      "id": "node/12535195709"
    },
    {
      "type": "Feature",
      "properties": {
        "@id": "node/12535195710",
        "camera:mount": "pole",
        "camera:type": "fixed",
        "direction": "145",
        "man_made": "surveillance",
        "manufacturer": "Flock Safety",
        "manufacturer:wikidata": "Q108485435",
        "operator": "San Francisco Police Department",
        "operator:wikidata": "Q1320247",
        "surveillance": "public",
        "surveillance:type": "ALPR",
        "surveillance:zone": "traffic"
      },
      "geometry": {
        "type": "Point",
        "coordinates": [
          -122.4261786,
          37.7610301
        ]
      },
      "id": "node/12535195710"
    },
    {
      "type": "Feature",
      "properties": {
        "@id": "node/12535203745",
        "camera:direction": "264",
        "camera:mount": "wall",
        "camera:type": "dome",
        "man_made": "surveillance",
        "surveillance": "public",
        "surveillance:type": "camera",
        "surveillance:zone": "parking"
      },
      "geometry": {
        "type": "Point",
        "coordinates": [
          -122.4692195,
          37.8053074
        ]
      },
      "id": "node/12535203745"
    },
    {
      "type": "Feature",
      "properties": {
        "@id": "node/12535387621",
        "camera:mount": "pole",
        "camera:type": "fixed",
        "direction": "50",
        "man_made": "surveillance",
        "manufacturer": "Flock Safety",
        "manufacturer:wikidata": "Q108485435",
        "operator": "San Francisco Police Department",
        "operator:wikidata": "Q1320247",
        "surveillance": "public",
        "surveillance:type": "ALPR",
        "surveillance:zone": "traffic"
      },
      "geometry": {
        "type": "Point",
        "coordinates": [
          -122.3854345,
          37.7328604
        ]
      },
      "id": "node/12535387621"
    },
    {
      "type": "Feature",
      "properties": {
        "@id": "node/12536549359",
        "camera:mount": "pole",
        "camera:type": "fixed",
        "direction": "140",
        "image": "https://alpr.pictures/san-francisco/laguna%20sbfs%20north%20point.jpg",
        "man_made": "surveillance",
        "manufacturer": "Flock Safety",
        "manufacturer:wikidata": "Q108485435",
        "operator": "San Francisco Police Department",
        "operator:wikidata": "Q1320247",
        "surveillance": "public",
        "surveillance:type": "ALPR",
        "surveillance:zone": "traffic"
      },
      "geometry": {
        "type": "Point",
        "coordinates": [
          -122.4319584,
          37.8041662
        ]
      },
      "id": "node/12536549359"
    },
    {
      "type": "Feature",
      "properties": {
        "@id": "node/12536549360",
        "camera:mount": "pole",
        "camera:type": "fixed",
        "direction": "235",
        "image": "https://alpr.pictures/san-francisco/marina%20wbfs%20laguna.jpg",
        "man_made": "surveillance",
        "manufacturer": "Flock Safety",
        "manufacturer:wikidata": "Q108485435",
        "operator": "San Francisco Police Department",
        "operator:wikidata": "Q1320247",
        "surveillance": "public",
        "surveillance:type": "ALPR",
        "surveillance:zone": "traffic"
      },
      "geometry": {
        "type": "Point",
        "coordinates": [
          -122.4322416,
          37.8052998
        ]
      },
      "id": "node/12536549360"
    },
    {
      "type": "Feature",
      "properties": {
        "@id": "node/12536549361",
        "camera:mount": "pole",
        "camera:type": "fixed",
        "direction": "230",
        "man_made": "surveillance",
        "manufacturer": "Flock Safety",
        "manufacturer:wikidata": "Q108485435",
        "operator": "San Francisco Police Department",
        "operator:wikidata": "Q1320247",
        "surveillance": "public",
        "surveillance:type": "ALPR",
        "surveillance:zone": "traffic"
      },
      "geometry": {
        "type": "Point",
        "coordinates": [
          -122.4253732,
          37.8042152
        ]
      },
      "id": "node/12536549361"
    },
    {
      "type": "Feature",
      "properties": {
        "@id": "node/12539925396",
        "camera:mount": "pole",
        "camera:type": "fixed",
        "direction": "60",
        "man_made": "surveillance",
        "manufacturer": "Flock Safety",
        "manufacturer:wikidata": "Q108485435",
        "operator": "San Francisco Police Department",
        "operator:wikidata": "Q1320247",
        "surveillance": "public",
        "surveillance:type": "ALPR",
        "surveillance:zone": "traffic"
      },
      "geometry": {
        "type": "Point",
        "coordinates": [
          -122.4086012,
          37.7482277
        ]
      },
      "id": "node/12539925396"
    },
    {
      "type": "Feature",
      "properties": {
        "@id": "node/12539925397",
        "camera:mount": "pole",
        "camera:type": "fixed",
        "direction": "325",
        "image": "https://alpr.pictures/san-francisco/masonic%20nbfs%20oak.jpg",
        "man_made": "surveillance",
        "manufacturer": "Flock Safety",
        "manufacturer:wikidata": "Q108485435",
        "operator": "San Francisco Police Department",
        "operator:wikidata": "Q1320247",
        "surveillance": "public",
        "surveillance:type": "ALPR",
        "surveillance:zone": "traffic"
      },
      "geometry": {
        "type": "Point",
        "coordinates": [
          -122.4456493,
          37.7722242
        ]
      },
      "id": "node/12539925397"
    },
    {
      "type": "Feature",
      "properties": {
        "@id": "node/12539925398",
        "camera:mount": "pole",
        "camera:type": "fixed",
        "direction": "145",
        "image": "https://alpr.pictures/san-francisco/masonic%20sbfs%20oak.jpg",
        "man_made": "surveillance",
        "manufacturer": "Flock Safety",
        "manufacturer:wikidata": "Q108485435",
        "operator": "San Francisco Police Department",
        "operator:wikidata": "Q1320247",
        "surveillance": "public",
        "surveillance:type": "ALPR",
        "surveillance:zone": "traffic"
      },
      "geometry": {
        "type": "Point",
        "coordinates": [
          -122.4458462,
          37.7719712
        ]
      },
      "id": "node/12539925398"
    },
    {
      "type": "Feature",
      "properties": {
        "@id": "node/12539925399",
        "camera:mount": "pole",
        "camera:type": "fixed",
        "direction": "192",
        "man_made": "surveillance",
        "manufacturer": "Flock Safety",
        "manufacturer:wikidata": "Q108485435",
        "operator": "San Francisco Police Department",
        "operator:wikidata": "Q1320247",
        "surveillance": "public",
        "surveillance:type": "ALPR",
        "surveillance:zone": "traffic"
      },
      "geometry": {
        "type": "Point",
        "coordinates": [
          -122.4476724,
          37.7819503
        ]
      },
      "id": "node/12539925399"
    },
    {
      "type": "Feature",
      "properties": {
        "@id": "node/12539925400",
        "camera:mount": "pole",
        "camera:type": "fixed",
        "direction": "140",
        "man_made": "surveillance",
        "manufacturer": "Flock Safety",
        "manufacturer:wikidata": "Q108485435",
        "operator": "San Francisco Police Department",
        "operator:wikidata": "Q1320247",
        "surveillance": "public",
        "surveillance:type": "ALPR",
        "surveillance:zone": "traffic"
      },
      "geometry": {
        "type": "Point",
        "coordinates": [
          -122.4371882,
          37.796844
        ]
      },
      "id": "node/12539925400"
    },
    {
      "type": "Feature",
      "properties": {
        "@id": "node/12539992101",
        "camera:mount": "pole",
        "camera:type": "fixed",
        "direction": "320",
        "man_made": "surveillance",
        "manufacturer": "Flock Safety",
        "manufacturer:wikidata": "Q108485435",
        "operator": "San Francisco Police Department",
        "operator:wikidata": "Q1320247",
        "surveillance": "public",
        "surveillance:type": "ALPR",
        "surveillance:zone": "traffic"
      },
      "geometry": {
        "type": "Point",
        "coordinates": [
          -122.4354986,
          37.7971483
        ]
      },
      "id": "node/12539992101"
    },
    {
      "type": "Feature",
      "properties": {
        "@id": "node/12539992103",
        "camera:mount": "pole",
        "camera:type": "fixed",
        "direction": "320",
        "man_made": "surveillance",
        "manufacturer": "Flock Safety",
        "manufacturer:wikidata": "Q108485435",
        "operator": "San Francisco Police Department",
        "operator:wikidata": "Q1320247",
        "surveillance": "public",
        "surveillance:type": "ALPR",
        "surveillance:zone": "traffic"
      },
      "geometry": {
        "type": "Point",
        "coordinates": [
          -122.4426239,
          37.7991118
        ]
      },
      "id": "node/12539992103"
    },
    {
      "type": "Feature",
      "properties": {
        "@id": "node/12539992104",
        "camera:mount": "pole",
        "camera:type": "fixed",
        "direction": "140",
        "man_made": "surveillance",
        "manufacturer": "Flock Safety",
        "manufacturer:wikidata": "Q108485435",
        "operator": "San Francisco Police Department",
        "operator:wikidata": "Q1320247",
        "surveillance": "public",
        "surveillance:type": "ALPR",
        "surveillance:zone": "traffic"
      },
      "geometry": {
        "type": "Point",
        "coordinates": [
          -122.4427197,
          37.7988523
        ]
      },
      "id": "node/12539992104"
    },
    {
      "type": "Feature",
      "properties": {
        "@id": "node/12540983372",
        "camera:mount": "pole",
        "camera:type": "fixed",
        "direction": "145",
        "man_made": "surveillance",
        "manufacturer": "Flock Safety",
        "manufacturer:wikidata": "Q108485435",
        "operator": "San Francisco Police Department",
        "operator:wikidata": "Q1320247",
        "surveillance": "public",
        "surveillance:type": "ALPR",
        "surveillance:zone": "traffic"
      },
      "geometry": {
        "type": "Point",
        "coordinates": [
          -122.4332259,
          37.7770276
        ]
      },
      "id": "node/12540983372"
    },
    {
      "type": "Feature",
      "properties": {
        "@id": "node/12540998700",
        "camera:mount": "pole",
        "camera:type": "fixed",
        "direction": "0",
        "man_made": "surveillance",
        "manufacturer": "Flock Safety",
        "manufacturer:wikidata": "Q108485435",
        "operator": "San Francisco Police Department",
        "operator:wikidata": "Q1320247",
        "surveillance": "public",
        "surveillance:type": "ALPR",
        "surveillance:zone": "traffic"
      },
      "geometry": {
        "type": "Point",
        "coordinates": [
          -122.4330387,
          37.7760954
        ]
      },
      "id": "node/12540998700"
    },
    {
      "type": "Feature",
      "properties": {
        "@id": "node/12542568694",
        "camera:mount": "pole",
        "camera:type": "fixed",
        "direction": "60",
        "man_made": "surveillance",
        "manufacturer": "Flock Safety",
        "manufacturer:wikidata": "Q108485435",
        "operator": "San Francisco Police Department",
        "operator:wikidata": "Q1320247",
        "surveillance": "public",
        "surveillance:type": "ALPR",
        "surveillance:zone": "traffic"
      },
      "geometry": {
        "type": "Point",
        "coordinates": [
          -122.3903786,
          37.7499835
        ]
      },
      "id": "node/12542568694"
    },
    {
      "type": "Feature",
      "properties": {
        "@id": "node/12543142477",
        "camera:mount": "pole",
        "camera:type": "fixed",
        "direction": "255",
        "man_made": "surveillance",
        "manufacturer": "Flock Safety",
        "manufacturer:wikidata": "Q108485435",
        "operator": "San Francisco Police Department",
        "operator:wikidata": "Q1320247",
        "surveillance": "public",
        "surveillance:type": "ALPR",
        "surveillance:zone": "traffic"
      },
      "geometry": {
        "type": "Point",
        "coordinates": [
          -122.4524714,
          37.7451583
        ]
      },
      "id": "node/12543142477"
    },
    {
      "type": "Feature",
      "properties": {
        "@id": "node/12543142478",
        "camera:mount": "pole",
        "camera:type": "fixed",
        "direction": "260",
        "man_made": "surveillance",
        "manufacturer": "Flock Safety",
        "manufacturer:wikidata": "Q108485435",
        "operator": "San Francisco Police Department",
        "operator:wikidata": "Q1320247",
        "surveillance": "public",
        "surveillance:type": "ALPR",
        "surveillance:zone": "traffic"
      },
      "geometry": {
        "type": "Point",
        "coordinates": [
          -122.454858,
          37.7462661
        ]
      },
      "id": "node/12543142478"
    },
    {
      "type": "Feature",
      "properties": {
        "@id": "node/12544329464",
        "camera:mount": "pole",
        "camera:type": "fixed",
        "direction": "350",
        "man_made": "surveillance",
        "manufacturer": "Flock Safety",
        "manufacturer:wikidata": "Q108485435",
        "operator": "San Francisco Police Department",
        "operator:wikidata": "Q1320247",
        "surveillance": "public",
        "surveillance:type": "ALPR",
        "surveillance:zone": "traffic"
      },
      "geometry": {
        "type": "Point",
        "coordinates": [
          -122.3920137,
          37.7307599
        ]
      },
      "id": "node/12544329464"
    },
    {
      "type": "Feature",
      "properties": {
        "@id": "node/12547763624",
        "camera:mount": "pole",
        "camera:type": "fixed",
        "direction": "235",
        "man_made": "surveillance",
        "manufacturer": "Flock Safety",
        "manufacturer:wikidata": "Q108485435",
        "operator": "San Francisco Police Department",
        "operator:wikidata": "Q1320247",
        "surveillance": "public",
        "surveillance:type": "ALPR",
        "surveillance:zone": "traffic"
      },
      "geometry": {
        "type": "Point",
        "coordinates": [
          -122.4757959,
          37.7431345
        ]
      },
      "id": "node/12547763624"
    },
    {
      "type": "Feature",
      "properties": {
        "@id": "node/12547765569",
        "camera:mount": "pole",
        "camera:type": "fixed",
        "direction": "20",
        "man_made": "surveillance",
        "manufacturer": "Flock Safety",
        "manufacturer:wikidata": "Q108485435",
        "operator": "San Francisco Police Department",
        "operator:wikidata": "Q1320247",
        "surveillance": "public",
        "surveillance:type": "ALPR",
        "surveillance:zone": "traffic"
      },
      "geometry": {
        "type": "Point",
        "coordinates": [
          -122.4944668,
          37.7423551
        ]
      },
      "id": "node/12547765569"
    },
    {
      "type": "Feature",
      "properties": {
        "@id": "node/12547807317",
        "camera:mount": "pole",
        "camera:type": "fixed",
        "direction": "15",
        "man_made": "surveillance",
        "manufacturer": "Flock Safety",
        "manufacturer:wikidata": "Q108485435",
        "operator": "San Francisco Police Department",
        "operator:wikidata": "Q1320247",
        "surveillance": "public",
        "surveillance:type": "ALPR",
        "surveillance:zone": "traffic"
      },
      "geometry": {
        "type": "Point",
        "coordinates": [
          -122.4474549,
          37.7593044
        ]
      },
      "id": "node/12547807317"
    },
    {
      "type": "Feature",
      "properties": {
        "@id": "node/12547807318",
        "camera:mount": "pole",
        "camera:type": "fixed",
        "direction": "180",
        "man_made": "surveillance",
        "manufacturer": "Flock Safety",
        "manufacturer:wikidata": "Q108485435",
        "operator": "San Francisco Police Department",
        "operator:wikidata": "Q1320247",
        "surveillance": "public",
        "surveillance:type": "ALPR",
        "surveillance:zone": "traffic"
      },
      "geometry": {
        "type": "Point",
        "coordinates": [
          -122.4469652,
          37.760363
        ]
      },
      "id": "node/12547807318"
    },
    {
      "type": "Feature",
      "properties": {
        "@id": "node/12547807319",
        "camera:mount": "pole",
        "camera:type": "fixed",
        "direction": "270",
        "man_made": "surveillance",
        "manufacturer": "Flock Safety",
        "manufacturer:wikidata": "Q108485435",
        "operator": "San Francisco Police Department",
        "operator:wikidata": "Q1320247",
        "surveillance": "public",
        "surveillance:type": "ALPR",
        "surveillance:zone": "traffic"
      },
      "geometry": {
        "type": "Point",
        "coordinates": [
          -122.4438011,
          37.7583089
        ]
      },
      "id": "node/12547807319"
    },
    {
      "type": "Feature",
      "properties": {
        "@id": "node/12547807320",
        "camera:mount": "pole",
        "camera:type": "fixed",
        "direction": "35",
        "man_made": "surveillance",
        "manufacturer": "Flock Safety",
        "manufacturer:wikidata": "Q108485435",
        "operator": "San Francisco Police Department",
        "operator:wikidata": "Q1320247",
        "surveillance": "public",
        "surveillance:type": "ALPR",
        "surveillance:zone": "traffic"
      },
      "geometry": {
        "type": "Point",
        "coordinates": [
          -122.4511898,
          37.7455571
        ]
      },
      "id": "node/12547807320"
    },
    {
      "type": "Feature",
      "properties": {
        "@id": "node/12547807321",
        "camera:mount": "pole",
        "camera:type": "fixed",
        "direction": "120",
        "man_made": "surveillance",
        "manufacturer": "Flock Safety",
        "manufacturer:wikidata": "Q108485435",
        "operator": "San Francisco Police Department",
        "operator:wikidata": "Q1320247",
        "surveillance": "public",
        "surveillance:type": "ALPR",
        "surveillance:zone": "traffic"
      },
      "geometry": {
        "type": "Point",
        "coordinates": [
          -122.4515276,
          37.7452385
        ]
      },
      "id": "node/12547807321"
    },
    {
      "type": "Feature",
      "properties": {
        "@id": "node/12547807322",
        "camera:mount": "pole",
        "camera:type": "fixed",
        "direction": "250",
        "man_made": "surveillance",
        "manufacturer": "Flock Safety",
        "manufacturer:wikidata": "Q108485435",
        "operator": "San Francisco Police Department",
        "operator:wikidata": "Q1320247",
        "surveillance": "public",
        "surveillance:type": "ALPR",
        "surveillance:zone": "traffic"
      },
      "geometry": {
        "type": "Point",
        "coordinates": [
          -122.4665411,
          37.7389447
        ]
      },
      "id": "node/12547807322"
    },
    {
      "type": "Feature",
      "properties": {
        "@id": "node/12547807323",
        "camera:mount": "pole",
        "camera:type": "fixed",
        "direction": "315;341",
        "man_made": "surveillance",
        "manufacturer": "Flock Safety",
        "manufacturer:wikidata": "Q108485435",
        "operator": "St. Francis Homes Association",
        "surveillance": "public",
        "surveillance:type": "ALPR",
        "surveillance:zone": "traffic"
      },
      "geometry": {
        "type": "Point",
        "coordinates": [
          -122.4657177,
          37.7382986
        ]
      },
      "id": "node/12547807323"
    },
    {
      "type": "Feature",
      "properties": {
        "@id": "node/12547807325",
        "camera:mount": "pole",
        "camera:type": "fixed",
        "direction": "275",
        "man_made": "surveillance",
        "manufacturer": "Flock Safety",
        "manufacturer:wikidata": "Q108485435",
        "operator": "St. Francis Homes Association",
        "surveillance": "public",
        "surveillance:type": "ALPR",
        "surveillance:zone": "traffic"
      },
      "geometry": {
        "type": "Point",
        "coordinates": [
          -122.4631066,
          37.737056
        ]
      },
      "id": "node/12547807325"
    },
    {
      "type": "Feature",
      "properties": {
        "@id": "node/12547807326",
        "camera:mount": "pole",
        "camera:type": "fixed",
        "direction": "260",
        "man_made": "surveillance",
        "manufacturer": "Flock Safety",
        "manufacturer:wikidata": "Q108485435",
        "operator": "San Francisco Police Department",
        "operator:wikidata": "Q1320247",
        "surveillance": "public",
        "surveillance:type": "ALPR",
        "surveillance:zone": "traffic"
      },
      "geometry": {
        "type": "Point",
        "coordinates": [
          -122.4366615,
          37.7316392
        ]
      },
      "id": "node/12547807326"
    },
    {
      "type": "Feature",
      "properties": {
        "@id": "node/12547807327",
        "camera:mount": "pole",
        "camera:type": "fixed",
        "direction": "25",
        "man_made": "surveillance",
        "manufacturer": "Flock Safety",
        "manufacturer:wikidata": "Q108485435",
        "operator": "San Francisco Police Department",
        "operator:wikidata": "Q1320247",
        "surveillance": "public",
        "surveillance:type": "ALPR",
        "surveillance:zone": "traffic"
      },
      "geometry": {
        "type": "Point",
        "coordinates": [
          -122.4363981,
          37.7316136
        ]
      },
      "id": "node/12547807327"
    },
    {
      "type": "Feature",
      "properties": {
        "@id": "node/12547807328",
        "camera:mount": "pole",
        "camera:type": "fixed",
        "direction": "225",
        "man_made": "surveillance",
        "manufacturer": "Flock Safety",
        "manufacturer:wikidata": "Q108485435",
        "operator": "San Francisco Police Department",
        "operator:wikidata": "Q1320247",
        "surveillance": "public",
        "surveillance:type": "ALPR",
        "surveillance:zone": "traffic"
      },
      "geometry": {
        "type": "Point",
        "coordinates": [
          -122.4369058,
          37.7314593
        ]
      },
      "id": "node/12547807328"
    },
    {
      "type": "Feature",
      "properties": {
        "@id": "node/12551506483",
        "camera:mount": "pole",
        "camera:type": "fixed",
        "direction": "320",
        "man_made": "surveillance",
        "manufacturer": "Flock Safety",
        "manufacturer:wikidata": "Q108485435",
        "operator": "San Francisco Police Department",
        "operator:wikidata": "Q1320247",
        "surveillance": "public",
        "surveillance:type": "ALPR",
        "surveillance:zone": "traffic"
      },
      "geometry": {
        "type": "Point",
        "coordinates": [
          -122.4021612,
          37.7281791
        ]
      },
      "id": "node/12551506483"
    },
    {
      "type": "Feature",
      "properties": {
        "@id": "node/12569728306",
        "camera:mount": "pole",
        "camera:type": "fixed",
        "direction": "195",
        "man_made": "surveillance",
        "manufacturer": "Flock Safety",
        "manufacturer:wikidata": "Q108485435",
        "operator": "San Francisco Police Department",
        "operator:wikidata": "Q1320247",
        "surveillance": "public",
        "surveillance:type": "ALPR",
        "surveillance:zone": "traffic"
      },
      "geometry": {
        "type": "Point",
        "coordinates": [
          -122.431018,
          37.7835575
        ]
      },
      "id": "node/12569728306"
    },
    {
      "type": "Feature",
      "properties": {
        "@id": "node/12572782535",
        "camera:mount": "pole",
        "camera:type": "fixed",
        "direction": "40",
        "man_made": "surveillance",
        "manufacturer": "Flock Safety",
        "manufacturer:wikidata": "Q108485435",
        "operator": "San Francisco Police Department",
        "operator:wikidata": "Q1320247",
        "surveillance": "public",
        "surveillance:type": "ALPR",
        "surveillance:zone": "traffic"
      },
      "geometry": {
        "type": "Point",
        "coordinates": [
          -122.4309039,
          37.7336169
        ]
      },
      "id": "node/12572782535"
    },
    {
      "type": "Feature",
      "properties": {
        "@id": "node/12572782536",
        "camera:mount": "pole",
        "camera:type": "fixed",
        "direction": "210",
        "man_made": "surveillance",
        "manufacturer": "Flock Safety",
        "manufacturer:wikidata": "Q108485435",
        "operator": "San Francisco Police Department",
        "operator:wikidata": "Q1320247",
        "surveillance": "public",
        "surveillance:type": "ALPR",
        "surveillance:zone": "traffic"
      },
      "geometry": {
        "type": "Point",
        "coordinates": [
          -122.4312365,
          37.7338322
        ]
      },
      "id": "node/12572782536"
    },
    {
      "type": "Feature",
      "properties": {
        "@id": "node/12576856696",
        "camera:mount": "pole",
        "camera:type": "fixed",
        "direction": "285",
        "man_made": "surveillance",
        "manufacturer": "Flock Safety",
        "manufacturer:wikidata": "Q108485435",
        "operator": "San Francisco Police Department",
        "operator:wikidata": "Q1320247",
        "surveillance": "public",
        "surveillance:type": "ALPR",
        "surveillance:zone": "traffic"
      },
      "geometry": {
        "type": "Point",
        "coordinates": [
          -122.4065289,
          37.7828284
        ]
      },
      "id": "node/12576856696"
    },
    {
      "type": "Feature",
      "properties": {
        "@id": "node/12576870663",
        "camera:mount": "pole",
        "camera:type": "fixed",
        "direction": "290",
        "man_made": "surveillance",
        "manufacturer": "Flock Safety",
        "manufacturer:wikidata": "Q108485435",
        "operator": "San Francisco Police Department",
        "operator:wikidata": "Q1320247",
        "surveillance": "public",
        "surveillance:type": "ALPR",
        "surveillance:zone": "traffic"
      },
      "geometry": {
        "type": "Point",
        "coordinates": [
          -122.4018993,
          37.7791923
        ]
      },
      "id": "node/12576870663"
    },
    {
      "type": "Feature",
      "properties": {
        "@id": "node/12576870664",
        "camera:mount": "pole",
        "camera:type": "fixed",
        "direction": "200",
        "man_made": "surveillance",
        "manufacturer": "Flock Safety",
        "manufacturer:wikidata": "Q108485435",
        "operator": "San Francisco Police Department",
        "operator:wikidata": "Q1320247",
        "surveillance": "public",
        "surveillance:type": "ALPR",
        "surveillance:zone": "traffic"
      },
      "geometry": {
        "type": "Point",
        "coordinates": [
          -122.4020539,
          37.7790332
        ]
      },
      "id": "node/12576870664"
    },
    {
      "type": "Feature",
      "properties": {
        "@id": "node/12581402890",
        "camera:mount": "pole",
        "camera:type": "fixed",
        "direction": "110",
        "man_made": "surveillance",
        "manufacturer": "Flock Safety",
        "manufacturer:wikidata": "Q108485435",
        "operator": "San Francisco Police Department",
        "operator:wikidata": "Q1320247",
        "surveillance": "public",
        "surveillance:type": "ALPR",
        "surveillance:zone": "traffic"
      },
      "geometry": {
        "type": "Point",
        "coordinates": [
          -122.4080276,
          37.780339
        ]
      },
      "id": "node/12581402890"
    },
    {
      "type": "Feature",
      "properties": {
        "@id": "node/12581421815",
        "camera:mount": "pole",
        "camera:type": "fixed",
        "direction": "285",
        "man_made": "surveillance",
        "manufacturer": "Flock Safety",
        "manufacturer:wikidata": "Q108485435",
        "operator": "San Francisco Police Department",
        "operator:wikidata": "Q1320247",
        "surveillance": "public",
        "surveillance:type": "ALPR",
        "surveillance:zone": "traffic"
      },
      "geometry": {
        "type": "Point",
        "coordinates": [
          -122.4041534,
          37.7774278
        ]
      },
      "id": "node/12581421815"
    },
    {
      "type": "Feature",
      "properties": {
        "@id": "node/12588291907",
        "camera:mount": "pole",
        "camera:type": "fixed",
        "direction": "295",
        "man_made": "surveillance",
        "manufacturer": "Flock Safety",
        "manufacturer:wikidata": "Q108485435",
        "operator": "San Francisco Police Department",
        "operator:wikidata": "Q1320247",
        "surveillance": "public",
        "surveillance:type": "ALPR",
        "surveillance:zone": "traffic"
      },
      "geometry": {
        "type": "Point",
        "coordinates": [
          -122.4727623,
          37.717619
        ]
      },
      "id": "node/12588291907"
    },
    {
      "type": "Feature",
      "properties": {
        "@id": "node/12588291908",
        "camera:mount": "pole",
        "camera:type": "fixed",
        "direction": "335",
        "man_made": "surveillance",
        "manufacturer": "Flock Safety",
        "manufacturer:wikidata": "Q108485435",
        "operator": "San Francisco Police Department",
        "operator:wikidata": "Q1320247",
        "surveillance": "public",
        "surveillance:type": "ALPR",
        "surveillance:zone": "traffic"
      },
      "geometry": {
        "type": "Point",
        "coordinates": [
          -122.4724033,
          37.7178018
        ]
      },
      "id": "node/12588291908"
    },
    {
      "type": "Feature",
      "properties": {
        "@id": "node/12588291909",
        "camera:mount": "pole",
        "camera:type": "fixed",
        "direction": "190",
        "man_made": "surveillance",
        "manufacturer": "Flock Safety",
        "manufacturer:wikidata": "Q108485435",
        "operator": "San Francisco Police Department",
        "operator:wikidata": "Q1320247",
        "surveillance": "public",
        "surveillance:type": "ALPR",
        "surveillance:zone": "traffic"
      },
      "geometry": {
        "type": "Point",
        "coordinates": [
          -122.4725392,
          37.7168229
        ]
      },
      "id": "node/12588291909"
    },
    {
      "type": "Feature",
      "properties": {
        "@id": "node/12588291910",
        "camera:mount": "pole",
        "camera:type": "fixed",
        "direction": "140",
        "man_made": "surveillance",
        "manufacturer": "Flock Safety",
        "manufacturer:wikidata": "Q108485435",
        "operator": "San Francisco Police Department",
        "operator:wikidata": "Q1320247",
        "surveillance": "public",
        "surveillance:type": "ALPR",
        "surveillance:zone": "traffic"
      },
      "geometry": {
        "type": "Point",
        "coordinates": [
          -122.4727091,
          37.7168108
        ]
      },
      "id": "node/12588291910"
    },
    {
      "type": "Feature",
      "properties": {
        "@id": "node/12588309062",
        "camera:mount": "pole",
        "camera:type": "fixed",
        "direction": "120",
        "man_made": "surveillance",
        "manufacturer": "Flock Safety",
        "manufacturer:wikidata": "Q108485435",
        "operator": "San Francisco Police Department",
        "operator:wikidata": "Q1320247",
        "surveillance": "public",
        "surveillance:type": "ALPR",
        "surveillance:zone": "traffic"
      },
      "geometry": {
        "type": "Point",
        "coordinates": [
          -122.4740269,
          37.734677
        ]
      },
      "id": "node/12588309062"
    },
    {
      "type": "Feature",
      "properties": {
        "@id": "node/12591689261",
        "camera:mount": "pole",
        "camera:type": "fixed",
        "direction": "115",
        "man_made": "surveillance",
        "manufacturer": "Flock Safety",
        "manufacturer:wikidata": "Q108485435",
        "operator": "San Francisco Police Department",
        "operator:wikidata": "Q1320247",
        "surveillance": "public",
        "surveillance:type": "ALPR",
        "surveillance:zone": "traffic"
      },
      "geometry": {
        "type": "Point",
        "coordinates": [
          -122.4319644,
          37.7330604
        ]
      },
      "id": "node/12591689261"
    },
    {
      "type": "Feature",
      "properties": {
        "@id": "node/12591722606",
        "camera:mount": "pole",
        "camera:type": "fixed",
        "direction": "115",
        "man_made": "surveillance",
        "manufacturer": "Flock Safety",
        "manufacturer:wikidata": "Q108485435",
        "operator": "San Francisco Police Department",
        "operator:wikidata": "Q1320247",
        "surveillance": "public",
        "surveillance:type": "ALPR",
        "surveillance:zone": "traffic"
      },
      "geometry": {
        "type": "Point",
        "coordinates": [
          -122.4662003,
          37.7640989
        ]
      },
      "id": "node/12591722606"
    },
    {
      "type": "Feature",
      "properties": {
        "@id": "node/12591722607",
        "camera:mount": "pole",
        "camera:type": "fixed",
        "direction": "240",
        "man_made": "surveillance",
        "manufacturer": "Flock Safety",
        "manufacturer:wikidata": "Q108485435",
        "operator": "San Francisco Police Department",
        "operator:wikidata": "Q1320247",
        "surveillance": "public",
        "surveillance:type": "ALPR",
        "surveillance:zone": "traffic"
      },
      "geometry": {
        "type": "Point",
        "coordinates": [
          -122.4664861,
          37.7640887
        ]
      },
      "id": "node/12591722607"
    },
    {
      "type": "Feature",
      "properties": {
        "@id": "node/12591727293",
        "camera:mount": "pole",
        "camera:type": "fixed",
        "direction": "130",
        "image": "https://alpr.pictures/san-francisco/oak%20ebfs%20stanyan.jpg",
        "man_made": "surveillance",
        "manufacturer": "Flock Safety",
        "manufacturer:wikidata": "Q108485435",
        "operator": "San Francisco Police Department",
        "operator:wikidata": "Q1320247",
        "surveillance": "public",
        "surveillance:type": "ALPR",
        "surveillance:zone": "traffic"
      },
      "geometry": {
        "type": "Point",
        "coordinates": [
          -122.4533774,
          37.7714682
        ]
      },
      "id": "node/12591727293"
    },
    {
      "type": "Feature",
      "properties": {
        "@id": "node/12599343694",
        "camera:mount": "pole",
        "camera:type": "fixed",
        "direction": "285",
        "man_made": "surveillance",
        "manufacturer": "Flock Safety",
        "manufacturer:wikidata": "Q108485435",
        "operator": "San Francisco Police Department",
        "operator:wikidata": "Q1320247",
        "surveillance": "public",
        "surveillance:type": "ALPR",
        "surveillance:zone": "traffic"
      },
      "geometry": {
        "type": "Point",
        "coordinates": [
          -122.4085947,
          37.7714454
        ]
      },
      "id": "node/12599343694"
    },
    {
      "type": "Feature",
      "properties": {
        "@id": "node/12599343695",
        "camera:mount": "pole",
        "camera:type": "fixed",
        "direction": "70",
        "man_made": "surveillance",
        "manufacturer": "Flock Safety",
        "manufacturer:wikidata": "Q108485435",
        "operator": "San Francisco Police Department",
        "operator:wikidata": "Q1320247",
        "surveillance": "public",
        "surveillance:type": "ALPR",
        "surveillance:zone": "traffic"
      },
      "geometry": {
        "type": "Point",
        "coordinates": [
          -122.4081551,
          37.7716999
        ]
      },
      "id": "node/12599343695"
    },
    {
      "type": "Feature",
      "properties": {
        "@id": "node/12602286694",
        "camera:direction": "279",
        "camera:mount": "pole",
        "camera:type": "fixed",
        "man_made": "surveillance",
        "surveillance": "public",
        "surveillance:type": "camera",
        "surveillance:zone": "public"
      },
      "geometry": {
        "type": "Point",
        "coordinates": [
          -122.467456,
          37.7716691
        ]
      },
      "id": "node/12602286694"
    },
    {
      "type": "Feature",
      "properties": {
        "@id": "node/12635132206",
        "camera:mount": "pole",
        "camera:type": "fixed",
        "direction": "325",
        "man_made": "surveillance",
        "manufacturer": "Flock Safety",
        "manufacturer:wikidata": "Q108485435",
        "operator": "San Francisco Police Department",
        "operator:wikidata": "Q1320247",
        "surveillance": "public",
        "surveillance:type": "ALPR",
        "surveillance:zone": "traffic"
      },
      "geometry": {
        "type": "Point",
        "coordinates": [
          -122.4151083,
          37.7638203
        ]
      },
      "id": "node/12635132206"
    },
    {
      "type": "Feature",
      "properties": {
        "@id": "node/12639926588",
        "camera:mount": "pole",
        "camera:type": "fixed",
        "direction": "335",
        "man_made": "surveillance",
        "manufacturer": "Flock Safety",
        "manufacturer:wikidata": "Q108485435",
        "operator": "San Francisco Police Department",
        "operator:wikidata": "Q1320247",
        "surveillance": "public",
        "surveillance:type": "ALPR",
        "surveillance:zone": "traffic"
      },
      "geometry": {
        "type": "Point",
        "coordinates": [
          -122.4068941,
          37.7391229
        ]
      },
      "id": "node/12639926588"
    },
    {
      "type": "Feature",
      "properties": {
        "@id": "node/12641880415",
        "camera:mount": "pole",
        "camera:type": "fixed",
        "direction": "170",
        "man_made": "surveillance",
        "manufacturer": "Flock Safety",
        "manufacturer:wikidata": "Q108485435",
        "operator": "San Francisco Police Department",
        "operator:wikidata": "Q1320247",
        "surveillance": "public",
        "surveillance:type": "ALPR",
        "surveillance:zone": "traffic"
      },
      "geometry": {
        "type": "Point",
        "coordinates": [
          -122.3924855,
          37.7646361
        ]
      },
      "id": "node/12641880415"
    },
    {
      "type": "Feature",
      "properties": {
        "@id": "node/12641918164",
        "direction": "320",
        "man_made": "surveillance",
        "manufacturer": "Flock Safety",
        "manufacturer:wikidata": "Q108485435",
        "operator": "San Francisco Police Department",
        "operator:wikidata": "Q1320247",
        "surveillance": "public",
        "surveillance:type": "ALPR"
      },
      "geometry": {
        "type": "Point",
        "coordinates": [
          -122.3997542,
          37.7213279
        ]
      },
      "id": "node/12641918164"
    },
    {
      "type": "Feature",
      "properties": {
        "@id": "node/12641943131",
        "camera:mount": "pole",
        "camera:type": "fixed",
        "direction": "20",
        "man_made": "surveillance",
        "manufacturer": "Flock Safety",
        "manufacturer:wikidata": "Q108485435",
        "operator": "San Francisco Police Department",
        "operator:wikidata": "Q1320247",
        "surveillance": "public",
        "surveillance:type": "ALPR",
        "surveillance:zone": "traffic"
      },
      "geometry": {
        "type": "Point",
        "coordinates": [
          -122.4016861,
          37.7765995
        ]
      },
      "id": "node/12641943131"
    },
    {
      "type": "Feature",
      "properties": {
        "@id": "node/12644450648",
        "camera:mount": "pole",
        "camera:type": "fixed",
        "direction": "130",
        "man_made": "surveillance",
        "manufacturer": "Flock Safety",
        "manufacturer:wikidata": "Q108485435",
        "operator": "San Francisco Police Department",
        "operator:wikidata": "Q1320247",
        "surveillance": "public",
        "surveillance:type": "ALPR",
        "surveillance:zone": "traffic"
      },
      "geometry": {
        "type": "Point",
        "coordinates": [
          -122.4982123,
          37.7312219
        ]
      },
      "id": "node/12644450648"
    },
    {
      "type": "Feature",
      "properties": {
        "@id": "node/12655179554",
        "brand": "Flock Safety",
        "brand:wikidata": "Q108485435",
        "camera:mount": "pole",
        "camera:type": "fixed",
        "direction": "155",
        "man_made": "surveillance",
        "operator": "San Francisco Police Department",
        "operator:wikidata": "Q1320247",
        "surveillance": "traffic",
        "surveillance:type": "ALPR",
        "surveillance:zone": "traffic"
      },
      "geometry": {
        "type": "Point",
        "coordinates": [
          -122.4111073,
          37.771557
        ]
      },
      "id": "node/12655179554"
    },
    {
      "type": "Feature",
      "properties": {
        "@id": "node/12679342561",
        "camera:direction": "60",
        "camera:mount": "street_lamp",
        "camera:type": "fixed",
        "man_made": "surveillance",
        "surveillance": "traffic",
        "surveillance:type": "camera",
        "surveillance:zone": "traffic"
      },
      "geometry": {
        "type": "Point",
        "coordinates": [
          -122.4230769,
          37.7429175
        ]
      },
      "id": "node/12679342561"
    },
    {
      "type": "Feature",
      "properties": {
        "@id": "node/12679342562",
        "camera:direction": "230",
        "camera:mount": "street_lamp",
        "camera:type": "fixed",
        "man_made": "surveillance",
        "surveillance": "traffic",
        "surveillance:type": "camera",
        "surveillance:zone": "traffic"
      },
      "geometry": {
        "type": "Point",
        "coordinates": [
          -122.4229066,
          37.7433572
        ]
      },
      "id": "node/12679342562"
    },
    {
      "type": "Feature",
      "properties": {
        "@id": "node/12688787369",
        "camera:mount": "pole",
        "camera:type": "fixed",
        "direction": "20",
        "man_made": "surveillance",
        "manufacturer": "Flock Safety",
        "manufacturer:wikidata": "Q108485435",
        "operator": "San Francisco Police Department",
        "operator:wikidata": "Q1320247",
        "surveillance": "public",
        "surveillance:type": "ALPR",
        "surveillance:zone": "traffic"
      },
      "geometry": {
        "type": "Point",
        "coordinates": [
          -122.4207242,
          37.807137
        ]
      },
      "id": "node/12688787369"
    },
    {
      "type": "Feature",
      "properties": {
        "@id": "node/12706256211",
        "camera:mount": "pole",
        "camera:type": "fixed",
        "direction": "70",
        "man_made": "surveillance",
        "manufacturer": "Flock Safety",
        "manufacturer:wikidata": "Q108485435",
        "operator": "San Francisco Police Department",
        "operator:wikidata": "Q1320247",
        "surveillance": "public",
        "surveillance:type": "ALPR",
        "surveillance:zone": "traffic"
      },
      "geometry": {
        "type": "Point",
        "coordinates": [
          -122.3955295,
          37.7223492
        ]
      },
      "id": "node/12706256211"
    },
    {
      "type": "Feature",
      "properties": {
        "@id": "node/12706256212",
        "camera:mount": "pole",
        "camera:type": "fixed",
        "direction": "245",
        "man_made": "surveillance",
        "manufacturer": "Flock Safety",
        "manufacturer:wikidata": "Q108485435",
        "operator": "San Francisco Police Department",
        "operator:wikidata": "Q1320247",
        "surveillance": "public",
        "surveillance:type": "ALPR",
        "surveillance:zone": "traffic"
      },
      "geometry": {
        "type": "Point",
        "coordinates": [
          -122.4179826,
          37.7322949
        ]
      },
      "id": "node/12706256212"
    },
    {
      "type": "Feature",
      "properties": {
        "@id": "node/12710843740",
        "camera:mount": "pole",
        "camera:type": "fixed",
        "direction": "320",
        "man_made": "surveillance",
        "manufacturer": "Flock Safety",
        "manufacturer:wikidata": "Q108485435",
        "operator": "San Francisco Police Department",
        "operator:wikidata": "Q1320247",
        "surveillance": "public",
        "surveillance:type": "ALPR",
        "surveillance:zone": "traffic"
      },
      "geometry": {
        "type": "Point",
        "coordinates": [
          -122.4188712,
          37.774298
        ]
      },
      "id": "node/12710843740"
    },
    {
      "type": "Feature",
      "properties": {
        "@id": "node/12714858060",
        "camera:direction": "155",
        "camera:mount": "wall",
        "camera:type": "fixed",
        "man_made": "surveillance",
        "surveillance": "public",
        "surveillance:type": "camera"
      },
      "geometry": {
        "type": "Point",
        "coordinates": [
          -122.3965535,
          37.7780387
        ]
      },
      "id": "node/12714858060"
    },
    {
      "type": "Feature",
      "properties": {
        "@id": "node/12714858075",
        "camera:direction": "5",
        "camera:mount": "ceiling",
        "camera:type": "fixed",
        "man_made": "surveillance",
        "surveillance": "public",
        "surveillance:type": "camera"
      },
      "geometry": {
        "type": "Point",
        "coordinates": [
          -122.3969637,
          37.7778467
        ]
      },
      "id": "node/12714858075"
    },
    {
      "type": "Feature",
      "properties": {
        "@id": "node/12714858076",
        "camera:direction": "183",
        "camera:mount": "wall",
        "camera:type": "fixed",
        "man_made": "surveillance",
        "surveillance": "public",
        "surveillance:type": "camera"
      },
      "geometry": {
        "type": "Point",
        "coordinates": [
          -122.397144,
          37.7780253
        ]
      },
      "id": "node/12714858076"
    },
    {
      "type": "Feature",
      "properties": {
        "@id": "node/12714858081",
        "camera:direction": "25",
        "camera:mount": "wall",
        "camera:type": "fixed",
        "man_made": "surveillance",
        "surveillance": "public",
        "surveillance:type": "camera"
      },
      "geometry": {
        "type": "Point",
        "coordinates": [
          -122.4006438,
          37.7749456
        ]
      },
      "id": "node/12714858081"
    },
    {
      "type": "Feature",
      "properties": {
        "@id": "node/12714858082",
        "camera:direction": "167",
        "camera:mount": "wall",
        "camera:type": "fixed",
        "man_made": "surveillance",
        "surveillance": "public",
        "surveillance:type": "camera"
      },
      "geometry": {
        "type": "Point",
        "coordinates": [
          -122.4004858,
          37.7750757
        ]
      },
      "id": "node/12714858082"
    },
    {
      "type": "Feature",
      "properties": {
        "@id": "node/12714858083",
        "camera:direction": "175",
        "camera:mount": "wall",
        "camera:type": "fixed",
        "man_made": "surveillance",
        "surveillance": "public",
        "surveillance:type": "camera"
      },
      "geometry": {
        "type": "Point",
        "coordinates": [
          -122.4004634,
          37.7750942
        ]
      },
      "id": "node/12714858083"
    },
    {
      "type": "Feature",
      "properties": {
        "@id": "node/12714858084",
        "camera:direction": "222",
        "camera:mount": "wall",
        "camera:type": "fixed",
        "man_made": "surveillance",
        "surveillance": "public",
        "surveillance:type": "camera"
      },
      "geometry": {
        "type": "Point",
        "coordinates": [
          -122.4004456,
          37.7751082
        ]
      },
      "id": "node/12714858084"
    },
    {
      "type": "Feature",
      "properties": {
        "@id": "node/12714858085",
        "camera:direction": "43",
        "camera:mount": "wall",
        "camera:type": "fixed",
        "man_made": "surveillance",
        "surveillance": "public",
        "surveillance:type": "camera"
      },
      "geometry": {
        "type": "Point",
        "coordinates": [
          -122.400436,
          37.7751112
        ]
      },
      "id": "node/12714858085"
    },
    {
      "type": "Feature",
      "properties": {
        "@id": "node/12714858086",
        "camera:direction": "224",
        "camera:mount": "wall",
        "camera:type": "fixed",
        "man_made": "surveillance",
        "surveillance": "public",
        "surveillance:type": "camera"
      },
      "geometry": {
        "type": "Point",
        "coordinates": [
          -122.4003659,
          37.7751735
        ]
      },
      "id": "node/12714858086"
    },
    {
      "type": "Feature",
      "properties": {
        "@id": "node/12714858087",
        "camera:direction": "43",
        "camera:mount": "wall",
        "camera:type": "fixed",
        "man_made": "surveillance",
        "surveillance": "public",
        "surveillance:type": "camera"
      },
      "geometry": {
        "type": "Point",
        "coordinates": [
          -122.4003596,
          37.7751758
        ]
      },
      "id": "node/12714858087"
    },
    {
      "type": "Feature",
      "properties": {
        "@id": "node/12714858088",
        "camera:direction": "183",
        "camera:mount": "wall",
        "camera:type": "fixed",
        "man_made": "surveillance",
        "surveillance": "public",
        "surveillance:type": "camera"
      },
      "geometry": {
        "type": "Point",
        "coordinates": [
          -122.400149,
          37.7753503
        ]
      },
      "id": "node/12714858088"
    },
    {
      "type": "Feature",
      "properties": {
        "@id": "node/12714858094",
        "camera:direction": "203",
        "camera:mount": "wall",
        "camera:type": "fixed",
        "man_made": "surveillance",
        "surveillance": "public",
        "surveillance:type": "camera"
      },
      "geometry": {
        "type": "Point",
        "coordinates": [
          -122.3979951,
          37.7773522
        ]
      },
      "id": "node/12714858094"
    },
    {
      "type": "Feature",
      "properties": {
        "@id": "node/12714858095",
        "camera:direction": "70",
        "camera:mount": "wall",
        "camera:type": "panning",
        "man_made": "surveillance",
        "surveillance": "public",
        "surveillance:type": "camera"
      },
      "geometry": {
        "type": "Point",
        "coordinates": [
          -122.3979206,
          37.7774025
        ]
      },
      "id": "node/12714858095"
    },
    {
      "type": "Feature",
      "properties": {
        "@id": "node/12714858096",
        "camera:direction": "206",
        "camera:mount": "wall",
        "camera:type": "panning",
        "man_made": "surveillance",
        "surveillance": "public",
        "surveillance:type": "camera"
      },
      "geometry": {
        "type": "Point",
        "coordinates": [
          -122.3977498,
          37.7775393
        ]
      },
      "id": "node/12714858096"
    },
    {
      "type": "Feature",
      "properties": {
        "@id": "node/12730257497",
        "camera:mount": "pole",
        "camera:type": "fixed",
        "direction": "55",
        "man_made": "surveillance",
        "manufacturer": "Flock Safety",
        "manufacturer:wikidata": "Q108485435",
        "operator": "San Francisco Police Department",
        "operator:wikidata": "Q1320247",
        "surveillance": "public",
        "surveillance:type": "ALPR",
        "surveillance:zone": "traffic"
      },
      "geometry": {
        "type": "Point",
        "coordinates": [
          -122.4363538,
          37.7237657
        ]
      },
      "id": "node/12730257497"
    },
    {
      "type": "Feature",
      "properties": {
        "@id": "node/12730257498",
        "camera:mount": "pole",
        "camera:type": "fixed",
        "direction": "220",
        "man_made": "surveillance",
        "manufacturer": "Flock Safety",
        "manufacturer:wikidata": "Q108485435",
        "operator": "San Francisco Police Department",
        "operator:wikidata": "Q1320247",
        "surveillance": "public",
        "surveillance:type": "ALPR",
        "surveillance:zone": "traffic"
      },
      "geometry": {
        "type": "Point",
        "coordinates": [
          -122.437423,
          37.723766
        ]
      },
      "id": "node/12730257498"
    },
    {
      "type": "Feature",
      "properties": {
        "@id": "node/12730257499",
        "camera:mount": "pole",
        "camera:type": "fixed",
        "direction": "40",
        "man_made": "surveillance",
        "manufacturer": "Flock Safety",
        "manufacturer:wikidata": "Q108485435",
        "operator": "San Francisco Police Department",
        "operator:wikidata": "Q1320247",
        "surveillance": "public",
        "surveillance:type": "ALPR",
        "surveillance:zone": "traffic"
      },
      "geometry": {
        "type": "Point",
        "coordinates": [
          -122.4374571,
          37.7236549
        ]
      },
      "id": "node/12730257499"
    },
    {
      "type": "Feature",
      "properties": {
        "@id": "node/12730292003",
        "camera:mount": "pole",
        "camera:type": "fixed",
        "direction": "290",
        "man_made": "surveillance",
        "manufacturer": "Flock Safety",
        "manufacturer:wikidata": "Q108485435",
        "operator": "San Francisco Police Department",
        "operator:wikidata": "Q1320247",
        "surveillance": "public",
        "surveillance:type": "ALPR",
        "surveillance:zone": "traffic"
      },
      "geometry": {
        "type": "Point",
        "coordinates": [
          -122.4250012,
          37.7173451
        ]
      },
      "id": "node/12730292003"
    },
    {
      "type": "Feature",
      "properties": {
        "@id": "node/12735733316",
        "camera:mount": "pole",
        "camera:type": "fixed",
        "direction": "140",
        "man_made": "surveillance",
        "manufacturer": "Flock Safety",
        "manufacturer:wikidata": "Q108485435",
        "operator": "San Francisco Police Department",
        "operator:wikidata": "Q1320247",
        "surveillance": "public",
        "surveillance:type": "ALPR",
        "surveillance:zone": "traffic"
      },
      "geometry": {
        "type": "Point",
        "coordinates": [
          -122.427527,
          37.7513566
        ]
      },
      "id": "node/12735733316"
    },
    {
      "type": "Feature",
      "properties": {
        "@id": "node/12735912309",
        "camera:mount": "pole",
        "camera:type": "fixed",
        "direction": "325",
        "man_made": "surveillance",
        "manufacturer": "Flock Safety",
        "manufacturer:wikidata": "Q108485435",
        "operator": "San Francisco Police Department",
        "operator:wikidata": "Q1320247",
        "surveillance": "public",
        "surveillance:type": "ALPR",
        "surveillance:zone": "traffic"
      },
      "geometry": {
        "type": "Point",
        "coordinates": [
          -122.434031,
          37.7901291
        ]
      },
      "id": "node/12735912309"
    },
    {
      "type": "Feature",
      "properties": {
        "@id": "node/12741890927",
        "camera:mount": "pole",
        "camera:type": "fixed",
        "direction": "145",
        "man_made": "surveillance",
        "manufacturer": "Flock Safety",
        "manufacturer:wikidata": "Q108485435",
        "operator": "San Francisco Police Department",
        "operator:wikidata": "Q1320247",
        "surveillance": "public",
        "surveillance:type": "ALPR",
        "surveillance:zone": "traffic"
      },
      "geometry": {
        "type": "Point",
        "coordinates": [
          -122.4069014,
          37.7883761
        ]
      },
      "id": "node/12741890927"
    },
    {
      "type": "Feature",
      "properties": {
        "@id": "node/12741890928",
        "camera:mount": "pole",
        "camera:type": "fixed",
        "direction": "50",
        "man_made": "surveillance",
        "manufacturer": "Flock Safety",
        "manufacturer:wikidata": "Q108485435",
        "operator": "San Francisco Police Department",
        "operator:wikidata": "Q1320247",
        "surveillance": "public",
        "surveillance:type": "ALPR",
        "surveillance:zone": "traffic"
      },
      "geometry": {
        "type": "Point",
        "coordinates": [
          -122.4082628,
          37.7882239
        ]
      },
      "id": "node/12741890928"
    },
    {
      "type": "Feature",
      "properties": {
        "@id": "node/12741909244",
        "camera:mount": "pole",
        "camera:type": "fixed",
        "direction": "140",
        "man_made": "surveillance",
        "manufacturer": "Flock Safety",
        "manufacturer:wikidata": "Q108485435",
        "operator": "San Francisco Police Department",
        "operator:wikidata": "Q1320247",
        "surveillance": "public",
        "surveillance:type": "ALPR",
        "surveillance:zone": "traffic"
      },
      "geometry": {
        "type": "Point",
        "coordinates": [
          -122.4340722,
          37.7896278
        ]
      },
      "id": "node/12741909244"
    },
    {
      "type": "Feature",
      "properties": {
        "@id": "node/12741909245",
        "camera:mount": "pole",
        "camera:type": "fixed",
        "direction": "50",
        "man_made": "surveillance",
        "manufacturer": "Flock Safety",
        "manufacturer:wikidata": "Q108485435",
        "operator": "San Francisco Police Department",
        "operator:wikidata": "Q1320247",
        "surveillance": "public",
        "surveillance:type": "ALPR",
        "surveillance:zone": "traffic"
      },
      "geometry": {
        "type": "Point",
        "coordinates": [
          -122.4335875,
          37.7898572
        ]
      },
      "id": "node/12741909245"
    },
    {
      "type": "Feature",
      "properties": {
        "@id": "node/12756376888",
        "camera:mount": "pole",
        "camera:type": "fixed",
        "direction": "140",
        "man_made": "surveillance",
        "manufacturer": "Flock Safety",
        "manufacturer:wikidata": "Q108485435",
        "operator": "San Francisco Police Department",
        "operator:wikidata": "Q1320247",
        "surveillance": "public",
        "surveillance:type": "ALPR",
        "surveillance:zone": "traffic"
      },
      "geometry": {
        "type": "Point",
        "coordinates": [
          -122.4184631,
          37.7719841
        ]
      },
      "id": "node/12756376888"
    },
    {
      "type": "Feature",
      "properties": {
        "@id": "node/12766674658",
        "camera:mount": "pole",
        "camera:type": "fixed",
        "direction": "255",
        "man_made": "surveillance",
        "manufacturer": "Flock Safety",
        "manufacturer:wikidata": "Q108485435",
        "operator": "San Francisco Police Department",
        "operator:wikidata": "Q1320247",
        "surveillance": "public",
        "surveillance:type": "ALPR",
        "surveillance:zone": "traffic"
      },
      "geometry": {
        "type": "Point",
        "coordinates": [
          -122.4328299,
          37.7333974
        ]
      },
      "id": "node/12766674658"
    },
    {
      "type": "Feature",
      "properties": {
        "@id": "node/12771534839",
        "brand": "Flock Safety",
        "brand:wikidata": "Q108485435",
        "camera:mount": "pole",
        "camera:type": "fixed",
        "direction": "210",
        "man_made": "surveillance",
        "operator": "San Francisco Police Department",
        "operator:wikidata": "Q1320247",
        "surveillance": "traffic",
        "surveillance:type": "ALPR",
        "surveillance:zone": "traffic"
      },
      "geometry": {
        "type": "Point",
        "coordinates": [
          -122.4041212,
          37.7700371
        ]
      },
      "id": "node/12771534839"
    },
    {
      "type": "Feature",
      "properties": {
        "@id": "node/12798140276",
        "camera:mount": "pole",
        "camera:type": "fixed",
        "direction": "140",
        "man_made": "surveillance",
        "manufacturer": "Flock Safety",
        "manufacturer:wikidata": "Q108485435",
        "operator": "San Francisco Police Department",
        "operator:wikidata": "Q1320247",
        "surveillance": "public",
        "surveillance:type": "ALPR",
        "surveillance:zone": "traffic"
      },
      "geometry": {
        "type": "Point",
        "coordinates": [
          -122.4479439,
          37.7661672
        ]
      },
      "id": "node/12798140276"
    },
    {
      "type": "Feature",
      "properties": {
        "@id": "node/12801552781",
        "camera:mount": "pole",
        "camera:type": "fixed",
        "direction": "283",
        "man_made": "surveillance",
        "manufacturer": "Flock Safety",
        "manufacturer:wikidata": "Q108485435",
        "operator": "San Francisco Police Department",
        "operator:wikidata": "Q1320247",
        "surveillance": "public",
        "surveillance:type": "ALPR",
        "surveillance:zone": "traffic"
      },
      "geometry": {
        "type": "Point",
        "coordinates": [
          -122.405542,
          37.8067593
        ]
      },
      "id": "node/12801552781"
    },
    {
      "type": "Feature",
      "properties": {
        "@id": "node/12803227261",
        "camera:direction": "266",
        "camera:mount": "building",
        "camera:type": "fixed",
        "man_made": "surveillance",
        "surveillance": "public",
        "surveillance:type": "camera",
        "surveillance:zone": "street"
      },
      "geometry": {
        "type": "Point",
        "coordinates": [
          -122.4821719,
          37.7758571
        ]
      },
      "id": "node/12803227261"
    },
    {
      "type": "Feature",
      "properties": {
        "@id": "node/12804877976",
        "camera:mount": "pole",
        "camera:type": "fixed",
        "direction": "200",
        "man_made": "surveillance",
        "manufacturer": "Flock Safety",
        "manufacturer:wikidata": "Q108485435",
        "operator": "San Francisco Police Department",
        "operator:wikidata": "Q1320247",
        "surveillance": "public",
        "surveillance:type": "ALPR",
        "surveillance:zone": "traffic"
      },
      "geometry": {
        "type": "Point",
        "coordinates": [
          -122.4970609,
          37.7336006
        ]
      },
      "id": "node/12804877976"
    },
    {
      "type": "Feature",
      "properties": {
        "@id": "node/12821371848",
        "camera:mount": "pole",
        "camera:type": "fixed",
        "direction": "95",
        "image": "https://alpr.pictures/san-francisco/oak%20ebns%20shrader.jpg",
        "man_made": "surveillance",
        "manufacturer": "Flock Safety",
        "manufacturer:wikidata": "Q108485435",
        "surveillance": "public",
        "surveillance:type": "ALPR",
        "surveillance:zone": "traffic"
      },
      "geometry": {
        "type": "Point",
        "coordinates": [
          -122.4528698,
          37.7712638
        ]
      },
      "id": "node/12821371848"
    },
    {
      "type": "Feature",
      "properties": {
        "@id": "node/12829506287",
        "camera:mount": "pole",
        "camera:type": "fixed",
        "direction": "25",
        "man_made": "surveillance",
        "manufacturer": "Flock Safety",
        "manufacturer:wikidata": "Q108485435",
        "operator": "San Francisco Police Department",
        "operator:wikidata": "Q1320247",
        "surveillance": "public",
        "surveillance:type": "ALPR",
        "surveillance:zone": "traffic"
      },
      "geometry": {
        "type": "Point",
        "coordinates": [
          -122.4054412,
          37.7324247
        ]
      },
      "id": "node/12829506287"
    },
    {
      "type": "Feature",
      "properties": {
        "@id": "node/12838565896",
        "camera:mount": "pole",
        "camera:type": "fixed",
        "direction": "110",
        "man_made": "surveillance",
        "manufacturer": "Flock Safety",
        "manufacturer:wikidata": "Q108485435",
        "operator": "San Francisco Police Department",
        "operator:wikidata": "Q1320247",
        "surveillance": "public",
        "surveillance:type": "ALPR",
        "surveillance:zone": "traffic"
      },
      "geometry": {
        "type": "Point",
        "coordinates": [
          -122.4346417,
          37.7754403
        ]
      },
      "id": "node/12838565896"
    },
    {
      "type": "Feature",
      "properties": {
        "@id": "node/12838565897",
        "camera:mount": "pole",
        "camera:type": "fixed",
        "direction": "330",
        "man_made": "surveillance",
        "manufacturer": "Flock Safety",
        "manufacturer:wikidata": "Q108485435",
        "operator": "San Francisco Police Department",
        "operator:wikidata": "Q1320247",
        "surveillance": "public",
        "surveillance:type": "ALPR",
        "surveillance:zone": "traffic"
      },
      "geometry": {
        "type": "Point",
        "coordinates": [
          -122.4718072,
          37.775049
        ]
      },
      "id": "node/12838565897"
    },
    {
      "type": "Feature",
      "properties": {
        "@id": "node/12838565898",
        "camera:mount": "pole",
        "camera:type": "fixed",
        "direction": "240",
        "image": "https://alpr.pictures/san-francisco/lincoln%20wbfs%20crossover.jpg",
        "man_made": "surveillance",
        "manufacturer": "Flock Safety",
        "manufacturer:wikidata": "Q108485435",
        "operator": "San Francisco Police Department",
        "operator:wikidata": "Q1320247",
        "surveillance": "public",
        "surveillance:type": "ALPR",
        "surveillance:zone": "traffic"
      },
      "geometry": {
        "type": "Point",
        "coordinates": [
          -122.477539,
          37.7655614
        ]
      },
      "id": "node/12838565898"
    },
    {
      "type": "Feature",
      "properties": {
        "@id": "node/12838647839",
        "camera:mount": "pole",
        "camera:type": "fixed",
        "direction": "20",
        "man_made": "surveillance",
        "manufacturer": "Flock Safety",
        "manufacturer:wikidata": "Q108485435",
        "operator": "San Francisco Police Department",
        "operator:wikidata": "Q1320247",
        "surveillance": "public",
        "surveillance:type": "ALPR",
        "surveillance:zone": "traffic"
      },
      "geometry": {
        "type": "Point",
        "coordinates": [
          -122.4596937,
          37.7664202
        ]
      },
      "id": "node/12838647839"
    },
    {
      "type": "Feature",
      "properties": {
        "@id": "node/12859825223",
        "camera:direction": "118",
        "camera:mount": "wall",
        "camera:type": "dome",
        "man_made": "surveillance",
        "surveillance": "outdoor",
        "surveillance:type": "camera"
      },
      "geometry": {
        "type": "Point",
        "coordinates": [
          -122.4520778,
          37.8003967
        ]
      },
      "id": "node/12859825223"
    },
    {
      "type": "Feature",
      "properties": {
        "@id": "node/12859825279",
        "camera:direction": "0-360",
        "camera:mount": "building",
        "camera:type": "dome",
        "description": "Camera on underside of bridge looking down on foot path below.",
        "man_made": "surveillance",
        "surveillance": "public",
        "surveillance:type": "camera",
        "surveillance:zone": "public"
      },
      "geometry": {
        "type": "Point",
        "coordinates": [
          -122.4503066,
          37.7997055
        ]
      },
      "id": "node/12859825279"
    },
    {
      "type": "Feature",
      "properties": {
        "@id": "node/12860007090",
        "camera:mount": "pole",
        "camera:type": "fixed",
        "direction": "240",
        "man_made": "surveillance",
        "operator": "Flock Safety",
        "operator:wikidata": "Q108485435",
        "surveillance": "public",
        "surveillance:type": "ALPR",
        "surveillance:zone": "traffic"
      },
      "geometry": {
        "type": "Point",
        "coordinates": [
          -122.3994486,
          37.7808135
        ]
      },
      "id": "node/12860007090"
    },
    {
      "type": "Feature",
      "properties": {
        "@id": "node/12861517934",
        "camera:mount": "pole",
        "camera:type": "fixed",
        "direction": "185",
        "man_made": "surveillance",
        "manufacturer": "Flock Safety",
        "manufacturer:wikidata": "Q108485435",
        "operator": "San Francisco Police Department",
        "operator:wikidata": "Q1320247",
        "surveillance": "public",
        "surveillance:type": "ALPR",
        "surveillance:zone": "traffic"
      },
      "geometry": {
        "type": "Point",
        "coordinates": [
          -122.4007786,
          37.7208718
        ]
      },
      "id": "node/12861517934"
    },
    {
      "type": "Feature",
      "properties": {
        "@id": "node/12866017973",
        "camera:mount": "pole",
        "camera:type": "fixed",
        "direction": "55",
        "man_made": "surveillance",
        "manufacturer": "Flock Safety",
        "manufacturer:wikidata": "Q108485435",
        "operator": "San Francisco Police Department",
        "operator:wikidata": "Q1320247",
        "surveillance": "public",
        "surveillance:type": "ALPR",
        "surveillance:zone": "traffic"
      },
      "geometry": {
        "type": "Point",
        "coordinates": [
          -122.4644522,
          37.773436
        ]
      },
      "id": "node/12866017973"
    },
    {
      "type": "Feature",
      "properties": {
        "@id": "node/12866021550",
        "camera:mount": "pole",
        "camera:type": "fixed",
        "direction": "240",
        "man_made": "surveillance",
        "manufacturer": "Flock Safety",
        "manufacturer:wikidata": "Q108485435",
        "operator": "San Francisco Police Department",
        "operator:wikidata": "Q1320247",
        "surveillance": "public",
        "surveillance:type": "ALPR",
        "surveillance:zone": "traffic"
      },
      "geometry": {
        "type": "Point",
        "coordinates": [
          -122.4265606,
          37.751811
        ]
      },
      "id": "node/12866021550"
    },
    {
      "type": "Feature",
      "properties": {
        "@id": "node/12866025921",
        "camera:mount": "pole",
        "camera:type": "fixed",
        "direction": "60",
        "man_made": "surveillance",
        "manufacturer": "Flock Safety",
        "manufacturer:wikidata": "Q108485435",
        "operator": "San Francisco Police Department",
        "operator:wikidata": "Q1320247",
        "surveillance": "public",
        "surveillance:type": "ALPR",
        "surveillance:zone": "traffic"
      },
      "geometry": {
        "type": "Point",
        "coordinates": [
          -122.3944129,
          37.7524041
        ]
      },
      "id": "node/12866025921"
    },
    {
      "type": "Feature",
      "properties": {
        "@id": "node/12866027790",
        "camera:mount": "pole",
        "camera:type": "fixed",
        "direction": "60",
        "man_made": "surveillance",
        "manufacturer": "Flock Safety",
        "manufacturer:wikidata": "Q108485435",
        "operator": "San Francisco Police Department",
        "operator:wikidata": "Q1320247",
        "surveillance": "public",
        "surveillance:type": "ALPR",
        "surveillance:zone": "traffic"
      },
      "geometry": {
        "type": "Point",
        "coordinates": [
          -122.3919181,
          37.7640582
        ]
      },
      "id": "node/12866027790"
    },
    {
      "type": "Feature",
      "properties": {
        "@id": "node/12893067349",
        "camera:type": "fixed",
        "direction": "60",
        "man_made": "surveillance",
        "manufacturer": "Flock Safety",
        "manufacturer:wikidata": "Q108485435",
        "operator": "San Francisco Police Department",
        "operator:wikidata": "Q1320247",
        "surveillance:type": "ALPR",
        "surveillance:zone": "traffic"
      },
      "geometry": {
        "type": "Point",
        "coordinates": [
          -122.4660706,
          37.739283
        ]
      },
      "id": "node/12893067349"
    },
    {
      "type": "Feature",
      "properties": {
        "@id": "node/12898313738",
        "camera:direction": "E",
        "camera:mount": "pole",
        "camera:type": "fixed",
        "man_made": "surveillance",
        "surveillance": "outdoor",
        "surveillance:type": "camera"
      },
      "geometry": {
        "type": "Point",
        "coordinates": [
          -122.4772525,
          37.7617525
        ]
      },
      "id": "node/12898313738"
    },
    {
      "type": "Feature",
      "properties": {
        "@id": "node/12898313743",
        "camera:direction": "W",
        "camera:mount": "pole",
        "camera:type": "fixed",
        "man_made": "surveillance",
        "surveillance": "public",
        "surveillance:type": "camera",
        "surveillance:zone": "street"
      },
      "geometry": {
        "type": "Point",
        "coordinates": [
          -122.4768219,
          37.761637
        ]
      },
      "id": "node/12898313743"
    },
    {
      "type": "Feature",
      "properties": {
        "@id": "node/12922293864",
        "camera:mount": "pole",
        "camera:type": "fixed",
        "direction": "250",
        "man_made": "surveillance",
        "manufacturer": "Flock Safety",
        "manufacturer:wikidata": "Q108485435",
        "operator": "San Francisco Police Department",
        "operator:wikidata": "Q1320247",
        "surveillance": "public",
        "surveillance:type": "ALPR",
        "surveillance:zone": "traffic"
      },
      "geometry": {
        "type": "Point",
        "coordinates": [
          -122.3933293,
          37.7641332
        ]
      },
      "id": "node/12922293864"
    },
    {
      "type": "Feature",
      "properties": {
        "@id": "node/12922375737",
        "camera:mount": "pole",
        "camera:type": "fixed",
        "direction": "140",
        "man_made": "surveillance",
        "manufacturer": "Flock Safety",
        "manufacturer:wikidata": "Q108485435",
        "operator": "San Francisco Police Department",
        "operator:wikidata": "Q1320247",
        "surveillance": "public",
        "surveillance:type": "ALPR",
        "surveillance:zone": "traffic"
      },
      "geometry": {
        "type": "Point",
        "coordinates": [
          -122.4046586,
          37.7299634
        ]
      },
      "id": "node/12922375737"
    },
    {
      "type": "Feature",
      "properties": {
        "@id": "node/12926429734",
        "camera:mount": "pole",
        "camera:type": "fixed",
        "direction": "317",
        "man_made": "surveillance",
        "manufacturer": "Flock Safety",
        "manufacturer:wikidata": "Q108485435",
        "operator": "San Francisco Police Department",
        "operator:wikidata": "Q1320247",
        "surveillance": "public",
        "surveillance:type": "ALPR",
        "surveillance:zone": "traffic"
      },
      "geometry": {
        "type": "Point",
        "coordinates": [
          -122.3976231,
          37.7994976
        ]
      },
      "id": "node/12926429734"
    },
    {
      "type": "Feature",
      "properties": {
        "@id": "node/12941676786",
        "camera:mount": "pole",
        "camera:type": "fixed",
        "direction": "60",
        "image": "https://alpr.pictures/san-francisco/sloat%20ebfs%2047th.jpg",
        "man_made": "surveillance",
        "manufacturer": "Flock Safety",
        "manufacturer:wikidata": "Q108485435",
        "operator": "San Francisco Police Department",
        "operator:wikidata": "Q1320247",
        "surveillance": "public",
        "surveillance:type": "ALPR",
        "surveillance:zone": "traffic"
      },
      "geometry": {
        "type": "Point",
        "coordinates": [
          -122.5051569,
          37.7353176
        ]
      },
      "id": "node/12941676786"
    },
    {
      "type": "Feature",
      "properties": {
        "@id": "node/12941687950",
        "camera:mount": "pole",
        "camera:type": "fixed",
        "direction": "330",
        "man_made": "surveillance",
        "manufacturer": "Flock Safety",
        "manufacturer:wikidata": "Q108485435",
        "operator": "San Francisco Police Department",
        "operator:wikidata": "Q1320247",
        "surveillance": "public",
        "surveillance:type": "ALPR",
        "surveillance:zone": "traffic"
      },
      "geometry": {
        "type": "Point",
        "coordinates": [
          -122.493795,
          37.7348414
        ]
      },
      "id": "node/12941687950"
    },
    {
      "type": "Feature",
      "properties": {
        "@id": "node/12941687951",
        "camera:mount": "pole",
        "camera:type": "fixed",
        "direction": "200",
        "man_made": "surveillance",
        "manufacturer": "Flock Safety",
        "manufacturer:wikidata": "Q108485435",
        "operator": "San Francisco Police Department",
        "operator:wikidata": "Q1320247",
        "surveillance": "public",
        "surveillance:type": "ALPR",
        "surveillance:zone": "traffic"
      },
      "geometry": {
        "type": "Point",
        "coordinates": [
          -122.4939363,
          37.734663
        ]
      },
      "id": "node/12941687951"
    },
    {
      "type": "Feature",
      "properties": {
        "@id": "node/12945844230",
        "camera:mount": "pole",
        "camera:type": "fixed",
        "direction": "40",
        "man_made": "surveillance",
        "manufacturer": "Flock Safety",
        "manufacturer:wikidata": "Q108485435",
        "operator": "San Francisco Police Department",
        "operator:wikidata": "Q1320247",
        "surveillance": "public",
        "surveillance:type": "ALPR",
        "surveillance:zone": "traffic"
      },
      "geometry": {
        "type": "Point",
        "coordinates": [
          -122.4138415,
          37.7162847
        ]
      },
      "id": "node/12945844230"
    },
    {
      "type": "Feature",
      "properties": {
        "@id": "node/12945844231",
        "camera:mount": "pole",
        "camera:type": "fixed",
        "direction": "215",
        "man_made": "surveillance",
        "manufacturer": "Flock Safety",
        "manufacturer:wikidata": "Q108485435",
        "operator": "San Francisco Police Department",
        "operator:wikidata": "Q1320247",
        "surveillance": "public",
        "surveillance:type": "ALPR",
        "surveillance:zone": "traffic"
      },
      "geometry": {
        "type": "Point",
        "coordinates": [
          -122.4139858,
          37.7163636
        ]
      },
      "id": "node/12945844231"
    },
    {
      "type": "Feature",
      "properties": {
        "@id": "node/12947252102",
        "camera:direction": "220",
        "camera:mount": "pole",
        "camera:type": "fixed",
        "man_made": "surveillance",
        "surveillance": "traffic",
        "surveillance:type": "camera",
        "surveillance:zone": "traffic"
      },
      "geometry": {
        "type": "Point",
        "coordinates": [
          -122.4225404,
          37.7751212
        ]
      },
      "id": "node/12947252102"
    },
    {
      "type": "Feature",
      "properties": {
        "@id": "node/12947663388",
        "direction": "257",
        "image": "https://alpr.pictures/san-francisco/el%20camino%20del%20mar%20wbfs%2025th.jpg",
        "man_made": "surveillance",
        "manufacturer": "Flock Safety",
        "manufacturer:wikidata": "Q108485435",
        "operator": "San Francisco Police Department",
        "operator:wikidata": "Q1320247",
        "surveillance": "public",
        "surveillance:type": "ALPR",
        "surveillance:zone": "traffic"
      },
      "geometry": {
        "type": "Point",
        "coordinates": [
          -122.4854829,
          37.7876851
        ]
      },
      "id": "node/12947663388"
    },
    {
      "type": "Feature",
      "properties": {
        "@id": "node/12947683967",
        "direction": "170",
        "man_made": "surveillance",
        "operator:wikidata": "Q108485435",
        "surveillance": "public",
        "surveillance:type": "ALPR",
        "surveillance:zone": "traffic"
      },
      "geometry": {
        "type": "Point",
        "coordinates": [
          -122.390137,
          37.7760931
        ]
      },
      "id": "node/12947683967"
    },
    {
      "type": "Feature",
      "properties": {
        "@id": "node/12952205799",
        "camera:mount": "pole",
        "camera:type": "fixed",
        "direction": "200",
        "man_made": "surveillance",
        "manufacturer": "Flock Safety",
        "manufacturer:wikidata": "Q108485435",
        "operator": "San Francisco Police Department",
        "operator:wikidata": "Q1320247",
        "surveillance": "public",
        "surveillance:type": "ALPR",
        "surveillance:zone": "traffic"
      },
      "geometry": {
        "type": "Point",
        "coordinates": [
          -122.4376099,
          37.77395
        ]
      },
      "id": "node/12952205799"
    },
    {
      "type": "Feature",
      "properties": {
        "@id": "node/12952205800",
        "camera:mount": "pole",
        "camera:type": "fixed",
        "direction": "20",
        "man_made": "surveillance",
        "manufacturer": "Flock Safety",
        "manufacturer:wikidata": "Q108485435",
        "operator": "San Francisco Police Department",
        "operator:wikidata": "Q1320247",
        "surveillance": "public",
        "surveillance:type": "ALPR",
        "surveillance:zone": "traffic"
      },
      "geometry": {
        "type": "Point",
        "coordinates": [
          -122.4375353,
          37.7736048
        ]
      },
      "id": "node/12952205800"
    },
    {
      "type": "Feature",
      "properties": {
        "@id": "node/12955669201",
        "camera:type": "fixed",
        "direction": "170",
        "man_made": "surveillance",
        "manufacturer": "Flock Safety",
        "manufacturer:wikidata": "Q108485435",
        "operator": "San Francisco Police Department",
        "operator:wikidata": "Q1320247",
        "surveillance:type": "ALPR"
      },
      "geometry": {
        "type": "Point",
        "coordinates": [
          -122.4246398,
          37.7388893
        ]
      },
      "id": "node/12955669201"
    },
    {
      "type": "Feature",
      "properties": {
        "@id": "node/12956940991",
        "camera:type": "fixed",
        "direction": "320",
        "man_made": "surveillance",
        "manufacturer": "Flock Safety",
        "manufacturer:wikidata": "Q108485435",
        "operator": "San Francisco Police Department",
        "operator:wikidata": "Q1320247",
        "surveillance:type": "ALPR"
      },
      "geometry": {
        "type": "Point",
        "coordinates": [
          -122.420207,
          37.7483087
        ]
      },
      "id": "node/12956940991"
    },
    {
      "type": "Feature",
      "properties": {
        "@id": "node/12956940992",
        "camera:type": "fixed",
        "direction": "150",
        "man_made": "surveillance",
        "manufacturer": "Flock Safety",
        "manufacturer:wikidata": "Q108485435",
        "operator": "San Francisco Police Department",
        "operator:wikidata": "Q1320247",
        "surveillance:type": "ALPR"
      },
      "geometry": {
        "type": "Point",
        "coordinates": [
          -122.4204057,
          37.7479539
        ]
      },
      "id": "node/12956940992"
    },
    {
      "type": "Feature",
      "properties": {
        "@id": "node/12960048811",
        "camera:mount": "street_lamp",
        "direction": "230",
        "man_made": "surveillance",
        "operator": "San Francisco Police Department",
        "operator:wikidata": "Q1320247",
        "surveillance": "public",
        "surveillance:type": "ALPR",
        "surveillance:zone": "traffic"
      },
      "geometry": {
        "type": "Point",
        "coordinates": [
          -122.4334455,
          37.7945677
        ]
      },
      "id": "node/12960048811"
    },
    {
      "type": "Feature",
      "properties": {
        "@id": "node/12963844978",
        "direction": "80",
        "man_made": "surveillance",
        "manufacturer": "Flock Safety",
        "manufacturer:wikidata": "Q108485435",
        "operator": "Lowe's",
        "operator:wikidata": "Q1373493",
        "surveillance": "outdoor",
        "surveillance:type": "ALPR",
        "surveillance:zone": "parking"
      },
      "geometry": {
        "type": "Point",
        "coordinates": [
          -122.4066687,
          37.740432
        ]
      },
      "id": "node/12963844978"
    },
    {
      "type": "Feature",
      "properties": {
        "@id": "node/12964657118",
        "camera:mount": "pole",
        "camera:type": "fixed",
        "direction": "150",
        "man_made": "surveillance",
        "manufacturer": "Flock Safety",
        "manufacturer:wikidata": "Q108485435",
        "operator": "San Francisco Police Department",
        "operator:wikidata": "Q1320247",
        "surveillance": "public",
        "surveillance:type": "ALPR",
        "surveillance:zone": "traffic"
      },
      "geometry": {
        "type": "Point",
        "coordinates": [
          -122.4246987,
          37.7696825
        ]
      },
      "id": "node/12964657118"
    },
    {
      "type": "Feature",
      "properties": {
        "@id": "node/12971272600",
        "camera:direction": "351",
        "camera:mount": "ceiling",
        "camera:type": "fixed",
        "man_made": "surveillance",
        "surveillance:type": "camera",
        "surveillance:zone": "entrance"
      },
      "geometry": {
        "type": "Point",
        "coordinates": [
          -122.3925971,
          37.7957469
        ]
      },
      "id": "node/12971272600"
    },
    {
      "type": "Feature",
      "properties": {
        "@id": "node/12978809653",
        "camera:mount": "pole",
        "camera:type": "fixed",
        "direction": "225",
        "man_made": "surveillance",
        "manufacturer": "Flock Safety",
        "manufacturer:wikidata": "Q108485435",
        "operator": "San Francisco Police Department",
        "operator:wikidata": "Q1320247",
        "surveillance": "public",
        "surveillance:type": "ALPR",
        "surveillance:zone": "traffic"
      },
      "geometry": {
        "type": "Point",
        "coordinates": [
          -122.4012075,
          37.7216789
        ]
      },
      "id": "node/12978809653"
    },
    {
      "type": "Feature",
      "properties": {
        "@id": "node/12979172095",
        "camera:type": "fixed",
        "direction": "100",
        "man_made": "surveillance",
        "manufacturer": "Flock Safety",
        "manufacturer:wikidata": "Q108485435",
        "operator": "San Francisco Police Department",
        "operator:wikidata": "Q1320247",
        "surveillance:type": "ALPR"
      },
      "geometry": {
        "type": "Point",
        "coordinates": [
          -122.4024881,
          37.8042466
        ]
      },
      "id": "node/12979172095"
    },
    {
      "type": "Feature",
      "properties": {
        "@id": "node/12980820207",
        "camera:direction": "164",
        "camera:mount": "wall",
        "camera:type": "fixed",
        "man_made": "surveillance",
        "surveillance:type": "camera"
      },
      "geometry": {
        "type": "Point",
        "coordinates": [
          -122.4238704,
          37.7723012
        ]
      },
      "id": "node/12980820207"
    },
    {
      "type": "Feature",
      "properties": {
        "@id": "node/12981554634",
        "camera:mount": "pole",
        "camera:type": "fixed",
        "direction": "10",
        "man_made": "surveillance",
        "manufacturer": "Flock Safety",
        "manufacturer:wikidata": "Q108485435",
        "operator": "St. Francis Homes Association",
        "surveillance": "public",
        "surveillance:type": "ALPR",
        "surveillance:zone": "traffic"
      },
      "geometry": {
        "type": "Point",
        "coordinates": [
          -122.4659276,
          37.7333536
        ]
      },
      "id": "node/12981554634"
    },
    {
      "type": "Feature",
      "properties": {
        "@id": "node/12981874030",
        "camera:type": "fixed",
        "direction": "260",
        "man_made": "surveillance",
        "manufacturer": "Flock Safety",
        "manufacturer:wikidata": "Q108485435",
        "operator": "San Francisco Police Department",
        "operator:wikidata": "Q1320247",
        "surveillance:type": "ALPR",
        "surveillance:zone": "street"
      },
      "geometry": {
        "type": "Point",
        "coordinates": [
          -122.4343485,
          37.7907678
        ]
      },
      "id": "node/12981874030"
    },
    {
      "type": "Feature",
      "properties": {
        "@id": "node/12983927728",
        "camera:direction": "35",
        "camera:mount": "pole",
        "camera:type": "fixed",
        "man_made": "surveillance",
        "surveillance": "traffic",
        "surveillance:type": "camera",
        "surveillance:zone": "traffic"
      },
      "geometry": {
        "type": "Point",
        "coordinates": [
          -122.4236472,
          37.7716067
        ]
      },
      "id": "node/12983927728"
    },
    {
      "type": "Feature",
      "properties": {
        "@id": "node/12984676951",
        "camera:type": "fixed",
        "direction": "252",
        "man_made": "surveillance",
        "manufacturer": "Flock Safety",
        "manufacturer:wikidata": "Q108485435",
        "operator": "San Francisco Police Department",
        "operator:wikidata": "Q1320247",
        "surveillance": "public",
        "surveillance:type": "ALPR",
        "surveillance:zone": "traffic"
      },
      "geometry": {
        "type": "Point",
        "coordinates": [
          -122.3882561,
          37.7872029
        ]
      },
      "id": "node/12984676951"
    },
    {
      "type": "Feature",
      "properties": {
        "@id": "node/12990982643",
        "camera:mount": "pole",
        "camera:type": "fixed",
        "direction": "25",
        "image": "https://alpr.pictures/san-francisco/great%20hwy%20nbfs%20sloat.jpg",
        "man_made": "surveillance",
        "manufacturer": "Flock Safety",
        "manufacturer:wikidata": "Q108485435",
        "operator": "San Francisco Police Department",
        "operator:wikidata": "Q1320247",
        "surveillance": "public",
        "surveillance:type": "ALPR",
        "surveillance:zone": "traffic"
      },
      "geometry": {
        "type": "Point",
        "coordinates": [
          -122.5067146,
          37.7356881
        ]
      },
      "id": "node/12990982643"
    },
    {
      "type": "Feature",
      "properties": {
        "@id": "node/12991112381",
        "camera:type": "fixed",
        "direction": "190",
        "man_made": "surveillance",
        "manufacturer": "Flock Safety",
        "manufacturer:wikidata": "Q108485435",
        "operator": "San Francisco Police Department",
        "operator:wikidata": "Q1320247",
        "surveillance:type": "ALPR"
      },
      "geometry": {
        "type": "Point",
        "coordinates": [
          -122.3891948,
          37.7804227
        ]
      },
      "id": "node/12991112381"
    },
    {
      "type": "Feature",
      "properties": {
        "@id": "node/13003623647",
        "camera:mount": "pole",
        "camera:type": "fixed",
        "direction": "130",
        "image": "https://alpr.pictures/san-francisco/point%20lobos%20sbns%20great%20hwy.jpg",
        "man_made": "surveillance",
        "manufacturer": "Flock Safety",
        "manufacturer:wikidata": "Q108485435",
        "surveillance": "public",
        "surveillance:type": "ALPR",
        "surveillance:zone": "traffic"
      },
      "geometry": {
        "type": "Point",
        "coordinates": [
          -122.5135736,
          37.7781408
        ]
      },
      "id": "node/13003623647"
    },
    {
      "type": "Feature",
      "properties": {
        "@id": "node/13007751469",
        "camera:mount": "pole",
        "camera:type": "fixed",
        "direction": "60",
        "man_made": "surveillance",
        "manufacturer": "Flock Safety",
        "manufacturer:wikidata": "Q108485435",
        "operator": "San Francisco Police Department",
        "operator:wikidata": "Q1320247",
        "surveillance": "public",
        "surveillance:type": "ALPR",
        "surveillance:zone": "traffic"
      },
      "geometry": {
        "type": "Point",
        "coordinates": [
          -122.4695834,
          37.7806887
        ]
      },
      "id": "node/13007751469"
    },
    {
      "type": "Feature",
      "properties": {
        "@id": "node/13019606191",
        "camera:direction": "149",
        "camera:mount": "building",
        "camera:type": "dome",
        "man_made": "surveillance",
        "surveillance": "outdoor",
        "surveillance:type": "camera",
        "surveillance:zone": "area"
      },
      "geometry": {
        "type": "Point",
        "coordinates": [
          -122.400153,
          37.7681843
        ]
      },
      "id": "node/13019606191"
    },
    {
      "type": "Feature",
      "properties": {
        "@id": "node/13047693645",
        "camera:type": "fixed",
        "direction": "20",
        "man_made": "surveillance",
        "manufacturer": "Flock Safety",
        "manufacturer:wikidata": "Q108485435",
        "operator": "San Francisco Police Department",
        "operator:wikidata": "Q1320247",
        "surveillance:type": "ALPR"
      },
      "geometry": {
        "type": "Point",
        "coordinates": [
          -122.3979454,
          37.7559675
        ]
      },
      "id": "node/13047693645"
    },
    {
      "type": "Feature",
      "properties": {
        "@id": "node/13070083923",
        "camera:type": "fixed",
        "direction": "50",
        "man_made": "surveillance",
        "manufacturer": "Flock Safety",
        "manufacturer:wikidata": "Q108485435",
        "surveillance": "public",
        "surveillance:type": "ALPR",
        "surveillance:zone": "street"
      },
      "geometry": {
        "type": "Point",
        "coordinates": [
          -122.4425198,
          37.717714
        ]
      },
      "id": "node/13070083923"
    },
    {
      "type": "Feature",
      "properties": {
        "@id": "node/13070083924",
        "camera:type": "fixed",
        "direction": "230",
        "man_made": "surveillance",
        "manufacturer": "Flock Safety",
        "manufacturer:wikidata": "Q108485435",
        "surveillance": "public",
        "surveillance:type": "ALPR",
        "surveillance:zone": "street"
      },
      "geometry": {
        "type": "Point",
        "coordinates": [
          -122.4422328,
          37.7179495
        ]
      },
      "id": "node/13070083924"
    },
    {
      "type": "Feature",
      "properties": {
        "@id": "node/13073239263",
        "camera:mount": "pole",
        "camera:type": "fixed",
        "direction": "240",
        "man_made": "surveillance",
        "manufacturer": "Flock Safety",
        "manufacturer:wikidata": "Q108485435",
        "operator": "San Francisco Police Department",
        "operator:wikidata": "Q1320247",
        "surveillance": "public",
        "surveillance:type": "ALPR",
        "surveillance:zone": "traffic"
      },
      "geometry": {
        "type": "Point",
        "coordinates": [
          -122.4948212,
          37.7423242
        ]
      },
      "id": "node/13073239263"
    },
    {
      "type": "Feature",
      "properties": {
        "@id": "node/13073315886",
        "camera:mount": "pole",
        "camera:type": "fixed",
        "direction": "239",
        "man_made": "surveillance",
        "manufacturer": "Flock Safety",
        "manufacturer:wikidata": "Q108485435",
        "operator": "San Francisco Police Department",
        "operator:wikidata": "Q1320247",
        "surveillance": "public",
        "surveillance:type": "ALPR",
        "surveillance:zone": "traffic"
      },
      "geometry": {
        "type": "Point",
        "coordinates": [
          -122.444609,
          37.7827645
        ]
      },
      "id": "node/13073315886"
    },
    {
      "type": "Feature",
      "properties": {
        "@id": "node/13073324179",
        "camera:mount": "pole",
        "camera:type": "fixed",
        "direction": "325",
        "man_made": "surveillance",
        "manufacturer": "Flock Safety",
        "manufacturer:wikidata": "Q108485435",
        "operator": "San Francisco Police Department",
        "operator:wikidata": "Q1320247",
        "surveillance": "public",
        "surveillance:type": "ALPR",
        "surveillance:zone": "traffic"
      },
      "geometry": {
        "type": "Point",
        "coordinates": [
          -122.484164,
          37.7727041
        ]
      },
      "id": "node/13073324179"
    },
    {
      "type": "Feature",
      "properties": {
        "@id": "node/13073339387",
        "camera:mount": "pole",
        "camera:type": "fixed",
        "direction": "240",
        "man_made": "surveillance",
        "manufacturer": "Flock Safety",
        "manufacturer:wikidata": "Q108485435",
        "operator": "San Francisco Police Department",
        "operator:wikidata": "Q1320247",
        "surveillance": "public",
        "surveillance:type": "ALPR",
        "surveillance:zone": "traffic"
      },
      "geometry": {
        "type": "Point",
        "coordinates": [
          -122.4765979,
          37.7542908
        ]
      },
      "id": "node/13073339387"
    },
    {
      "type": "Feature",
      "properties": {
        "@id": "node/13073339588",
        "camera:mount": "pole",
        "camera:type": "fixed",
        "direction": "220",
        "man_made": "surveillance",
        "manufacturer": "Flock Safety",
        "manufacturer:wikidata": "Q108485435",
        "operator": "San Francisco Police Department",
        "operator:wikidata": "Q1320247",
        "surveillance": "public",
        "surveillance:type": "ALPR",
        "surveillance:zone": "traffic"
      },
      "geometry": {
        "type": "Point",
        "coordinates": [
          -122.4531238,
          37.7750682
        ]
      },
      "id": "node/13073339588"
    },
    {
      "type": "Feature",
      "properties": {
        "@id": "node/13095313526",
        "camera:mount": "pole",
        "camera:type": "fixed",
        "check_date": "2025-08-24",
        "direction": "210",
        "man_made": "surveillance",
        "manufacturer": "Flock Safety",
        "manufacturer:wikidata": "Q108485435",
        "operator": "St. Francis Homes Association",
        "surveillance": "public",
        "surveillance:type": "ALPR",
        "surveillance:zone": "traffic"
      },
      "geometry": {
        "type": "Point",
        "coordinates": [
          -122.4644549,
          37.7353872
        ]
      },
      "id": "node/13095313526"
    },
    {
      "type": "Feature",
      "properties": {
        "@id": "node/13097625048",
        "camera:type": "fixed",
        "direction": "230",
        "man_made": "surveillance",
        "manufacturer": "Flock Safety",
        "manufacturer:wikidata": "Q108485435",
        "operator": "San Francisco Police Department",
        "operator:wikidata": "Q1320247",
        "surveillance:type": "ALPR"
      },
      "geometry": {
        "type": "Point",
        "coordinates": [
          -122.437796,
          37.7741247
        ]
      },
      "id": "node/13097625048"
    },
    {
      "type": "Feature",
      "properties": {
        "@id": "node/13124262204",
        "camera:type": "fixed",
        "direction": "140",
        "highway": "street_lamp",
        "lamp_mount": "angled_mast",
        "lamp_type": "electric",
        "man_made": "surveillance",
        "manufacturer": "Flock Safety",
        "manufacturer:wikidata": "Q108485435",
        "operator": "San Francisco Police Department",
        "operator:wikidata": "Q1320247",
        "support": "pole",
        "surveillance:type": "ALPR"
      },
      "geometry": {
        "type": "Point",
        "coordinates": [
          -122.4161424,
          37.761665
        ]
      },
      "id": "node/13124262204"
    },
    {
      "type": "Feature",
      "properties": {
        "@id": "node/13124400872",
        "direction": "157",
        "man_made": "surveillance",
        "manufacturer": "Flock Safety",
        "manufacturer:wikidata": "Q108485435",
        "operator": "San Francisco Police Department",
        "operator:wikidata": "Q1320247",
        "surveillance": "public",
        "surveillance:type": "ALPR",
        "surveillance:zone": "traffic"
      },
      "geometry": {
        "type": "Point",
        "coordinates": [
          -122.4233631,
          37.7945145
        ]
      },
      "id": "node/13124400872"
    },
    {
      "type": "Feature",
      "properties": {
        "@id": "node/13145918420",
        "camera:mount": "pole",
        "camera:type": "fixed",
        "direction": "230",
        "man_made": "surveillance",
        "manufacturer": "Flock Safety",
        "manufacturer:wikidata": "Q108485435",
        "operator": "San Francisco Police Department",
        "operator:wikidata": "Q1320247",
        "surveillance": "public",
        "surveillance:type": "ALPR",
        "surveillance:zone": "traffic"
      },
      "geometry": {
        "type": "Point",
        "coordinates": [
          -122.4383139,
          37.7740498
        ]
      },
      "id": "node/13145918420"
    },
    {
      "type": "Feature",
      "properties": {
        "@id": "node/13151988229",
        "camera:type": "fixed",
        "direction": "145",
        "man_made": "surveillance",
        "manufacturer": "Flock Safety",
        "manufacturer:wikidata": "Q108485435",
        "operator": "San Francisco Police Department",
        "operator:wikidata": "Q1320247",
        "surveillance:type": "ALPR"
      },
      "geometry": {
        "type": "Point",
        "coordinates": [
          -122.4593047,
          37.7855549
        ]
      },
      "id": "node/13151988229"
    },
    {
      "type": "Feature",
      "properties": {
        "@id": "node/13151988230",
        "camera:type": "fixed",
        "direction": "50",
        "man_made": "surveillance",
        "manufacturer": "Flock Safety",
        "manufacturer:wikidata": "Q108485435",
        "operator": "San Francisco Police Department",
        "operator:wikidata": "Q1320247",
        "surveillance:type": "ALPR"
      },
      "geometry": {
        "type": "Point",
        "coordinates": [
          -122.4579722,
          37.785789
        ]
      },
      "id": "node/13151988230"
    },
    {
      "type": "Feature",
      "properties": {
        "@id": "node/13151989496",
        "camera:type": "fixed",
        "direction": "330",
        "man_made": "surveillance",
        "manufacturer": "Flock Safety",
        "manufacturer:wikidata": "Q108485435",
        "operator": "San Francisco Police Department",
        "operator:wikidata": "Q1320247",
        "surveillance:type": "ALPR"
      },
      "geometry": {
        "type": "Point",
        "coordinates": [
          -122.4591016,
          37.7858326
        ]
      },
      "id": "node/13151989496"
    },
    {
      "type": "Feature",
      "properties": {
        "@id": "node/13151991569",
        "camera:type": "fixed",
        "direction": "230",
        "man_made": "surveillance",
        "manufacturer": "Flock Safety",
        "manufacturer:wikidata": "Q108485435",
        "operator": "San Francisco Police Department",
        "operator:wikidata": "Q1320247",
        "surveillance:type": "ALPR"
      },
      "geometry": {
        "type": "Point",
        "coordinates": [
          -122.4593584,
          37.785768
        ]
      },
      "id": "node/13151991569"
    },
    {
      "type": "Feature",
      "properties": {
        "@id": "node/13165591033",
        "camera:type": "fixed",
        "direction": "150",
        "man_made": "surveillance",
        "manufacturer": "Flock Safety",
        "manufacturer:wikidata": "Q108485435",
        "operator": "San Francisco Police Department",
        "operator:wikidata": "Q1320247",
        "surveillance:type": "ALPR"
      },
      "geometry": {
        "type": "Point",
        "coordinates": [
          -122.479652,
          37.7716137
        ]
      },
      "id": "node/13165591033"
    },
    {
      "type": "Feature",
      "properties": {
        "@id": "node/13172739286",
        "camera:type": "fixed",
        "direction": "270",
        "man_made": "surveillance",
        "manufacturer": "Flock Safety",
        "manufacturer:wikidata": "Q108485435",
        "operator": "San Francisco Police Department",
        "operator:wikidata": "Q1320247",
        "surveillance:type": "ALPR"
      },
      "geometry": {
        "type": "Point",
        "coordinates": [
          -122.4591221,
          37.7662588
        ]
      },
      "id": "node/13172739286"
    },
    {
      "type": "Feature",
      "properties": {
        "@id": "node/13194415939",
        "camera:direction": "86",
        "camera:mount": "pole",
        "camera:type": "fixed",
        "man_made": "surveillance",
        "surveillance:type": "ALPR",
        "surveillance:zone": "traffic"
      },
      "geometry": {
        "type": "Point",
        "coordinates": [
          -122.4182439,
          37.7775433
        ]
      },
      "id": "node/13194415939"
    },
    {
      "type": "Feature",
      "properties": {
        "@id": "node/13194415940",
        "camera:direction": "179",
        "camera:mount": "pole",
        "camera:type": "fixed",
        "direction": "182",
        "man_made": "surveillance",
        "surveillance:type": "ALPR",
        "surveillance:zone": "traffic"
      },
      "geometry": {
        "type": "Point",
        "coordinates": [
          -122.4180407,
          37.7777831
        ]
      },
      "id": "node/13194415940"
    },
    {
      "type": "Feature",
      "properties": {
        "@id": "node/13200044128",
        "camera:type": "fixed",
        "direction": "250",
        "man_made": "surveillance",
        "manufacturer": "Flock Safety",
        "manufacturer:wikidata": "Q108485435",
        "operator": "San Francisco Police Department",
        "operator:wikidata": "Q1320247",
        "surveillance:type": "ALPR"
      },
      "geometry": {
        "type": "Point",
        "coordinates": [
          -122.4687885,
          37.7415692
        ]
      },
      "id": "node/13200044128"
    },
    {
      "type": "Feature",
      "properties": {
        "@id": "node/13200044129",
        "camera:type": "fixed",
        "direction": "10",
        "man_made": "surveillance",
        "manufacturer": "Flock Safety",
        "manufacturer:wikidata": "Q108485435",
        "operator": "San Francisco Police Department",
        "operator:wikidata": "Q1320247",
        "surveillance:type": "ALPR"
      },
      "geometry": {
        "type": "Point",
        "coordinates": [
          -122.4477,
          37.7522802
        ]
      },
      "id": "node/13200044129"
    },
    {
      "type": "Feature",
      "properties": {
        "@id": "node/13239949231",
        "camera:type": "fixed",
        "direction": "225",
        "image": "https://alpr.pictures/san-francisco/25th%20sbfs%20el%20camino%20del%20mar%202.jpg",
        "man_made": "surveillance",
        "manufacturer": "Flock Safety",
        "manufacturer:wikidata": "Q108485435",
        "surveillance:type": "ALPR"
      },
      "geometry": {
        "type": "Point",
        "coordinates": [
          -122.4851518,
          37.7868398
        ]
      },
      "id": "node/13239949231"
    },
    {
      "type": "Feature",
      "properties": {
        "@id": "node/13244945486",
        "direction": "290",
        "man_made": "surveillance",
        "manufacturer": "Flock Safety",
        "manufacturer:wikidata": "Q108485435",
        "operator": "San Francisco Police Department",
        "operator:wikidata": "Q1320247",
        "surveillance": "public",
        "surveillance:type": "ALPR",
        "surveillance:zone": "traffic"
      },
      "geometry": {
        "type": "Point",
        "coordinates": [
          -122.4484601,
          37.8008825
        ]
      },
      "id": "node/13244945486"
    },
    {
      "type": "Feature",
      "properties": {
        "@id": "node/13244945487",
        "direction": "67",
        "image": "https://alpr.pictures/san-francisco/marina%20ebfs%20baker.jpg",
        "man_made": "surveillance",
        "manufacturer": "Flock Safety",
        "manufacturer:wikidata": "Q108485435",
        "operator": "San Francisco Police Department",
        "operator:wikidata": "Q1320247",
        "surveillance": "public",
        "surveillance:type": "ALPR",
        "surveillance:zone": "traffic"
      },
      "geometry": {
        "type": "Point",
        "coordinates": [
          -122.4468862,
          37.8051278
        ]
      },
      "id": "node/13244945487"
    },
    {
      "type": "Feature",
      "properties": {
        "@id": "node/13289899181",
        "camera:direction": "328",
        "camera:mount": "pole",
        "camera:type": "fixed",
        "man_made": "surveillance",
        "surveillance": "public",
        "surveillance:type": "camera"
      },
      "geometry": {
        "type": "Point",
        "coordinates": [
          -122.47583,
          37.8043368
        ]
      },
      "id": "node/13289899181"
    },
    {
      "type": "Feature",
      "properties": {
        "@id": "node/13289899182",
        "camera:direction": "39",
        "camera:mount": "pole",
        "camera:type": "fixed",
        "man_made": "surveillance",
        "surveillance": "public",
        "surveillance:type": "camera"
      },
      "geometry": {
        "type": "Point",
        "coordinates": [
          -122.4758148,
          37.8043323
        ]
      },
      "id": "node/13289899182"
    },
    {
      "type": "Feature",
      "properties": {
        "@id": "node/13289899183",
        "camera:direction": "177",
        "camera:mount": "pole",
        "camera:type": "fixed",
        "man_made": "surveillance",
        "surveillance": "public",
        "surveillance:type": "camera"
      },
      "geometry": {
        "type": "Point",
        "coordinates": [
          -122.4758262,
          37.8043207
        ]
      },
      "id": "node/13289899183"
    },
    {
      "type": "Feature",
      "properties": {
        "@id": "node/13289899187",
        "camera:mount": "pole",
        "camera:type": "fixed",
        "direction": "210;0;70",
        "man_made": "surveillance",
        "manufacturer": "Flock Safety",
        "manufacturer:wikidata": "Q108485435",
        "operator:wikidata": "Q1320247",
        "surveillance": "public",
        "surveillance:type": "camera",
        "surveillance:zone": "traffic"
      },
      "geometry": {
        "type": "Point",
        "coordinates": [
          -122.4756233,
          37.8039294
        ]
      },
      "id": "node/13289899187"
    },
    {
      "type": "Feature",
      "properties": {
        "@id": "node/13289899188",
        "camera:direction": "202",
        "camera:mount": "pole",
        "camera:type": "fixed",
        "man_made": "surveillance",
        "surveillance": "public",
        "surveillance:type": "camera"
      },
      "geometry": {
        "type": "Point",
        "coordinates": [
          -122.4755623,
          37.8039217
        ]
      },
      "id": "node/13289899188"
    },
    {
      "type": "Feature",
      "properties": {
        "@id": "node/13289899189",
        "camera:direction": "349",
        "camera:mount": "pole",
        "camera:type": "fixed",
        "man_made": "surveillance",
        "surveillance": "public",
        "surveillance:type": "camera"
      },
      "geometry": {
        "type": "Point",
        "coordinates": [
          -122.4755554,
          37.8039489
        ]
      },
      "id": "node/13289899189"
    },
    {
      "type": "Feature",
      "properties": {
        "@id": "node/13289899190",
        "camera:direction": "49",
        "camera:mount": "pole",
        "camera:type": "fixed",
        "man_made": "surveillance",
        "surveillance": "public",
        "surveillance:type": "camera"
      },
      "geometry": {
        "type": "Point",
        "coordinates": [
          -122.4755347,
          37.8039426
        ]
      },
      "id": "node/13289899190"
    },
    {
      "type": "Feature",
      "properties": {
        "@id": "node/13289899192",
        "camera:mount": "pole",
        "camera:type": "fixed",
        "direction": "0;50;90;190",
        "image": "https://alpr.pictures/san-francisco/el%20camino%20del%20mar%20jso%20bowley.jpg",
        "man_made": "surveillance",
        "manufacturer": "Pelco",
        "manufacturer:wikidata": "Q17143655",
        "surveillance": "public",
        "surveillance:type": "ALPR"
      },
      "geometry": {
        "type": "Point",
        "coordinates": [
          -122.4825563,
          37.7886061
        ]
      },
      "id": "node/13289899192"
    },
    {
      "type": "Feature",
      "properties": {
        "@id": "node/13289899196",
        "camera:direction": "0-360",
        "camera:mount": "pole",
        "camera:type": "panning",
        "image": "https://alpr.pictures/san-francisco/el%20camino%20del%20mar%20jso%20bowley.jpg",
        "man_made": "surveillance",
        "surveillance": "public",
        "surveillance:type": "camera"
      },
      "geometry": {
        "type": "Point",
        "coordinates": [
          -122.4825673,
          37.7886063
        ]
      },
      "id": "node/13289899196"
    },
    {
      "type": "Feature",
      "properties": {
        "@id": "node/13289899198",
        "direction": "162",
        "image": "https://alpr.pictures/san-francisco/25th%20sbfs%20el%20camino%20del%20mar%201.jpg",
        "man_made": "surveillance",
        "manufacturer": "Flock Safety",
        "manufacturer:wikidata": "Q108485435",
        "operator": "San Francisco Police Department",
        "operator:wikidata": "Q1320247",
        "surveillance": "public",
        "surveillance:type": "ALPR"
      },
      "geometry": {
        "type": "Point",
        "coordinates": [
          -122.4853943,
          37.7874938
        ]
      },
      "id": "node/13289899198"
    },
    {
      "type": "Feature",
      "properties": {
        "@id": "node/13291451155",
        "camera:mount": "wall",
        "camera:type": "fixed",
        "direction": "335",
        "man_made": "surveillance",
        "surveillance": "outdoor",
        "surveillance:type": "ALPR",
        "surveillance:zone": "entrance"
      },
      "geometry": {
        "type": "Point",
        "coordinates": [
          -122.4073531,
          37.7876662
        ]
      },
      "id": "node/13291451155"
    },
    {
      "type": "Feature",
      "properties": {
        "@id": "node/13291451156",
        "camera:mount": "pole",
        "camera:type": "fixed",
        "direction": "8",
        "man_made": "surveillance",
        "surveillance": "outdoor",
        "surveillance:type": "ALPR",
        "surveillance:zone": "entrance"
      },
      "geometry": {
        "type": "Point",
        "coordinates": [
          -122.407424,
          37.787681
        ]
      },
      "id": "node/13291451156"
    },
    {
      "type": "Feature",
      "properties": {
        "@id": "node/13298086257",
        "camera:mount": "pole",
        "camera:type": "fixed",
        "direction": "300",
        "man_made": "surveillance",
        "manufacturer": "Flock Safety",
        "manufacturer:wikidata": "Q108485435",
        "operator": "San Francisco Police Department",
        "operator:wikidata": "Q1320247",
        "surveillance": "public",
        "surveillance:type": "ALPR",
        "surveillance:zone": "traffic"
      },
      "geometry": {
        "type": "Point",
        "coordinates": [
          -122.4761383,
          37.7301225
        ]
      },
      "id": "node/13298086257"
    },
    {
      "type": "Feature",
      "properties": {
        "@id": "node/13300264401",
        "camera:type": "fixed",
        "direction": "315",
        "man_made": "surveillance",
        "manufacturer": "Flock Safety",
        "manufacturer:wikidata": "Q108485435",
        "surveillance": "public",
        "surveillance:type": "ALPR",
        "surveillance:zone": "traffic"
      },
      "geometry": {
        "type": "Point",
        "coordinates": [
          -122.4590902,
          37.7920655
        ]
      },
      "id": "node/13300264401"
    },
    {
      "type": "Feature",
      "properties": {
        "@id": "node/13300265801",
        "camera:type": "fixed",
        "direction": "137",
        "man_made": "surveillance",
        "manufacturer": "Flock Safety",
        "manufacturer:wikidata": "Q108485435",
        "surveillance": "public",
        "surveillance:type": "ALPR",
        "surveillance:zone": "traffic"
      },
      "geometry": {
        "type": "Point",
        "coordinates": [
          -122.4589912,
          37.7919978
        ]
      },
      "id": "node/13300265801"
    },
    {
      "type": "Feature",
      "properties": {
        "@id": "node/13300290103",
        "camera:type": "fixed",
        "direction": "217;37",
        "man_made": "surveillance",
        "manufacturer": "Flock Safety",
        "manufacturer:wikidata": "Q108485435",
        "surveillance": "public",
        "surveillance:type": "ALPR",
        "surveillance:zone": "traffic"
      },
      "geometry": {
        "type": "Point",
        "coordinates": [
          -122.4480322,
          37.7982102
        ]
      },
      "id": "node/13300290103"
    },
    {
      "type": "Feature",
      "properties": {
        "@id": "node/13300297102",
        "camera:type": "fixed",
        "direction": "217",
        "man_made": "surveillance",
        "manufacturer": "Flock Safety",
        "manufacturer:wikidata": "Q108485435",
        "surveillance": "public",
        "surveillance:type": "ALPR",
        "surveillance:zone": "traffic"
      },
      "geometry": {
        "type": "Point",
        "coordinates": [
          -122.4480322,
          37.7982102
        ]
      },
      "id": "node/13300297102"
    },
    {
      "type": "Feature",
      "properties": {
        "@id": "node/13300435818",
        "camera:type": "fixed",
        "direction": "45",
        "man_made": "surveillance",
        "manufacturer": "Flock Safety",
        "manufacturer:wikidata": "Q108485435",
        "surveillance:type": "ALPR",
        "surveillance:zone": "street"
      },
      "geometry": {
        "type": "Point",
        "coordinates": [
          -122.4601977,
          37.7435056
        ]
      },
      "id": "node/13300435818"
    },
    {
      "type": "Feature",
      "properties": {
        "@id": "node/13300844901",
        "camera:type": "fixed",
        "direction": "59;228",
        "man_made": "surveillance",
        "manufacturer": "Motorola Solutions",
        "manufacturer:wikidata": "Q634815",
        "surveillance": "public",
        "surveillance:type": "ALPR",
        "surveillance:zone": "traffic"
      },
      "geometry": {
        "type": "Point",
        "coordinates": [
          -122.4116628,
          37.7483209
        ]
      },
      "id": "node/13300844901"
    },
    {
      "type": "Feature",
      "properties": {
        "@id": "node/13311188463",
        "direction": "65",
        "man_made": "surveillance",
        "manufacturer": "Flock Safety",
        "manufacturer:wikidata": "Q108485435",
        "operator": "San Francisco Police Department",
        "operator:wikidata": "Q1320247",
        "surveillance": "public",
        "surveillance:type": "ALPR",
        "surveillance:zone": "traffic"
      },
      "geometry": {
        "type": "Point",
        "coordinates": [
          -122.4031274,
          37.7306817
        ]
      },
      "id": "node/13311188463"
    },
    {
      "type": "Feature",
      "properties": {
        "@id": "node/13320230301",
        "camera:type": "fixed",
        "direction": "0",
        "man_made": "surveillance",
        "manufacturer": "Flock Safety",
        "manufacturer:wikidata": "Q108485435",
        "surveillance": "public",
        "surveillance:type": "ALPR",
        "surveillance:zone": "traffic"
      },
      "geometry": {
        "type": "Point",
        "coordinates": [
          -122.4194,
          37.7749
        ]
      },
      "id": "node/13320230301"
    },
    {
      "type": "Feature",
      "properties": {
        "@id": "node/13323200940",
        "camera:direction": "210",
        "camera:mount": "pole",
        "camera:type": "fixed",
        "man_made": "surveillance",
        "surveillance": "outdoor",
        "surveillance:type": "camera",
        "surveillance:zone": "entrance"
      },
      "geometry": {
        "type": "Point",
        "coordinates": [
          -122.4040671,
          37.7762951
        ]
      },
      "id": "node/13323200940"
    },
    {
      "type": "Feature",
      "properties": {
        "@id": "node/13325537701",
        "camera:type": "fixed",
        "direction": "49",
        "man_made": "surveillance",
        "manufacturer": "Flock Safety",
        "manufacturer:wikidata": "Q108485435",
        "surveillance": "public",
        "surveillance:type": "ALPR",
        "surveillance:zone": "traffic"
      },
      "geometry": {
        "type": "Point",
        "coordinates": [
          -122.4470262,
          37.7541285
        ]
      },
      "id": "node/13325537701"
    },
    {
      "type": "Feature",
      "properties": {
        "@id": "node/13328936703",
        "camera:type": "fixed",
        "direction": "154",
        "man_made": "surveillance",
        "manufacturer": "Flock Safety",
        "manufacturer:wikidata": "Q108485435",
        "surveillance": "public",
        "surveillance:type": "ALPR",
        "surveillance:zone": "traffic"
      },
      "geometry": {
        "type": "Point",
        "coordinates": [
          -122.4484107,
          37.7581912
        ]
      },
      "id": "node/13328936703"
    },
    {
      "type": "Feature",
      "properties": {
        "@id": "node/13339650631",
        "camera:type": "fixed",
        "direction": "180",
        "man_made": "surveillance",
        "manufacturer": "Flock Safety",
        "manufacturer:wikidata": "Q108485435",
        "operator": "St Francis Wood HOA",
        "surveillance": "traffic",
        "surveillance:type": "ALPR",
        "surveillance:zone": "street"
      },
      "geometry": {
        "type": "Point",
        "coordinates": [
          -122.4681432,
          37.7371616
        ]
      },
      "id": "node/13339650631"
    },
    {
      "type": "Feature",
      "properties": {
        "@id": "node/13339650632",
        "camera:type": "fixed",
        "direction": "120",
        "man_made": "surveillance",
        "manufacturer": "Flock Safety",
        "manufacturer:wikidata": "Q108485435",
        "operator": "St Francis Wood HOA",
        "surveillance:type": "ALPR",
        "surveillance:zone": "street"
      },
      "geometry": {
        "type": "Point",
        "coordinates": [
          -122.4679662,
          37.7373567
        ]
      },
      "id": "node/13339650632"
    },
    {
      "type": "Feature",
      "properties": {
        "@id": "node/13343579416",
        "camera:direction": "355",
        "camera:mount": "wall",
        "camera:type": "fixed",
        "man_made": "surveillance",
        "surveillance": "public",
        "surveillance:type": "camera"
      },
      "geometry": {
        "type": "Point",
        "coordinates": [
          -122.4005585,
          37.7774682
        ]
      },
      "id": "node/13343579416"
    },
    {
      "type": "Feature",
      "properties": {
        "@id": "node/13343579419",
        "camera:direction": "173",
        "camera:mount": "wall",
        "camera:type": "fixed",
        "man_made": "surveillance",
        "surveillance": "public",
        "surveillance:type": "camera"
      },
      "geometry": {
        "type": "Point",
        "coordinates": [
          -122.3970664,
          37.7795948
        ]
      },
      "id": "node/13343579419"
    },
    {
      "type": "Feature",
      "properties": {
        "@id": "node/13343579432",
        "camera:direction": "5",
        "camera:mount": "wall",
        "camera:type": "fixed",
        "man_made": "surveillance",
        "surveillance": "public",
        "surveillance:type": "camera"
      },
      "geometry": {
        "type": "Point",
        "coordinates": [
          -122.4010858,
          37.7770519
        ]
      },
      "id": "node/13343579432"
    },
    {
      "type": "Feature",
      "properties": {
        "@id": "node/13343579433",
        "camera:direction": "272",
        "camera:mount": "wall",
        "camera:type": "fixed",
        "man_made": "surveillance",
        "surveillance": "public",
        "surveillance:type": "camera"
      },
      "geometry": {
        "type": "Point",
        "coordinates": [
          -122.4010102,
          37.7771099
        ]
      },
      "id": "node/13343579433"
    },
    {
      "type": "Feature",
      "properties": {
        "@id": "node/13343579434",
        "camera:direction": "252",
        "camera:mount": "wall",
        "camera:type": "fixed",
        "man_made": "surveillance",
        "surveillance": "public",
        "surveillance:type": "camera"
      },
      "geometry": {
        "type": "Point",
        "coordinates": [
          -122.4008082,
          37.7772748
        ]
      },
      "id": "node/13343579434"
    },
    {
      "type": "Feature",
      "properties": {
        "@id": "node/13343579435",
        "camera:direction": "25",
        "camera:mount": "wall",
        "camera:type": "fixed",
        "man_made": "surveillance",
        "surveillance": "public",
        "surveillance:type": "camera"
      },
      "geometry": {
        "type": "Point",
        "coordinates": [
          -122.4007956,
          37.7772817
        ]
      },
      "id": "node/13343579435"
    },
    {
      "type": "Feature",
      "properties": {
        "@id": "node/13343579436",
        "camera:direction": "274",
        "camera:mount": "wall",
        "camera:type": "fixed",
        "man_made": "surveillance",
        "surveillance": "public",
        "surveillance:type": "camera"
      },
      "geometry": {
        "type": "Point",
        "coordinates": [
          -122.4007146,
          37.777347
        ]
      },
      "id": "node/13343579436"
    },
    {
      "type": "Feature",
      "properties": {
        "@id": "node/13343579437",
        "camera:direction": "279",
        "camera:mount": "wall",
        "camera:type": "fixed",
        "man_made": "surveillance",
        "surveillance": "public",
        "surveillance:type": "camera"
      },
      "geometry": {
        "type": "Point",
        "coordinates": [
          -122.3995369,
          37.7782786
        ]
      },
      "id": "node/13343579437"
    },
    {
      "type": "Feature",
      "properties": {
        "@id": "node/13343579438",
        "camera:direction": "262",
        "camera:mount": "wall",
        "camera:type": "fixed",
        "man_made": "surveillance",
        "surveillance": "public",
        "surveillance:type": "camera"
      },
      "geometry": {
        "type": "Point",
        "coordinates": [
          -122.4003592,
          37.7776288
        ]
      },
      "id": "node/13343579438"
    },
    {
      "type": "Feature",
      "properties": {
        "@id": "node/13343579439",
        "camera:direction": "236",
        "camera:mount": "wall",
        "camera:type": "fixed",
        "man_made": "surveillance",
        "surveillance": "public",
        "surveillance:type": "camera"
      },
      "geometry": {
        "type": "Point",
        "coordinates": [
          -122.3998358,
          37.7780368
        ]
      },
      "id": "node/13343579439"
    },
    {
      "type": "Feature",
      "properties": {
        "@id": "node/13343579440",
        "camera:direction": "28",
        "camera:mount": "wall",
        "camera:type": "fixed",
        "man_made": "surveillance",
        "surveillance": "public",
        "surveillance:type": "camera"
      },
      "geometry": {
        "type": "Point",
        "coordinates": [
          -122.3998303,
          37.7780381
        ]
      },
      "id": "node/13343579440"
    },
    {
      "type": "Feature",
      "properties": {
        "@id": "node/13343579441",
        "camera:direction": "328",
        "camera:mount": "wall",
        "camera:type": "fixed",
        "man_made": "surveillance",
        "surveillance": "public",
        "surveillance:type": "camera"
      },
      "geometry": {
        "type": "Point",
        "coordinates": [
          -122.3996787,
          37.7781622
        ]
      },
      "id": "node/13343579441"
    },
    {
      "type": "Feature",
      "properties": {
        "@id": "node/13343579442",
        "camera:direction": "228",
        "camera:mount": "wall",
        "camera:type": "fixed",
        "man_made": "surveillance",
        "surveillance": "public",
        "surveillance:type": "camera"
      },
      "geometry": {
        "type": "Point",
        "coordinates": [
          -122.3996409,
          37.7781951
        ]
      },
      "id": "node/13343579442"
    },
    {
      "type": "Feature",
      "properties": {
        "@id": "node/13343579443",
        "camera:direction": "233",
        "camera:mount": "wall",
        "camera:type": "fixed",
        "man_made": "surveillance",
        "surveillance": "public",
        "surveillance:type": "camera"
      },
      "geometry": {
        "type": "Point",
        "coordinates": [
          -122.3995774,
          37.7782405
        ]
      },
      "id": "node/13343579443"
    },
    {
      "type": "Feature",
      "properties": {
        "@id": "node/13343579444",
        "camera:direction": "88",
        "camera:mount": "wall",
        "camera:type": "fixed",
        "man_made": "surveillance",
        "surveillance": "public",
        "surveillance:type": "camera"
      },
      "geometry": {
        "type": "Point",
        "coordinates": [
          -122.3967774,
          37.7798221
        ]
      },
      "id": "node/13343579444"
    },
    {
      "type": "Feature",
      "properties": {
        "@id": "node/13343579445",
        "camera:direction": "257",
        "camera:mount": "wall",
        "camera:type": "fixed",
        "man_made": "surveillance",
        "surveillance": "public",
        "surveillance:type": "camera"
      },
      "geometry": {
        "type": "Point",
        "coordinates": [
          -122.3994646,
          37.7783301
        ]
      },
      "id": "node/13343579445"
    },
    {
      "type": "Feature",
      "properties": {
        "@id": "node/13343579446",
        "camera:direction": "234",
        "camera:mount": "wall",
        "camera:type": "fixed",
        "man_made": "surveillance",
        "surveillance": "public",
        "surveillance:type": "camera"
      },
      "geometry": {
        "type": "Point",
        "coordinates": [
          -122.3993896,
          37.7783898
        ]
      },
      "id": "node/13343579446"
    },
    {
      "type": "Feature",
      "properties": {
        "@id": "node/13343579447",
        "camera:direction": "275",
        "camera:mount": "wall",
        "camera:type": "fixed",
        "man_made": "surveillance",
        "surveillance": "public",
        "surveillance:type": "camera"
      },
      "geometry": {
        "type": "Point",
        "coordinates": [
          -122.3983182,
          37.7792373
        ]
      },
      "id": "node/13343579447"
    },
    {
      "type": "Feature",
      "properties": {
        "@id": "node/13343579448",
        "camera:direction": "8",
        "camera:mount": "wall",
        "camera:type": "fixed",
        "man_made": "surveillance",
        "surveillance": "public",
        "surveillance:type": "camera"
      },
      "geometry": {
        "type": "Point",
        "coordinates": [
          -122.3982974,
          37.7792572
        ]
      },
      "id": "node/13343579448"
    },
    {
      "type": "Feature",
      "properties": {
        "@id": "node/13349442293",
        "camera:direction": "0",
        "camera:type": "fixed",
        "man_made": "surveillance",
        "manufacturer": "Flock Safety",
        "manufacturer:wikidata": "Q108485435",
        "surveillance:type": "camera"
      },
      "geometry": {
        "type": "Point",
        "coordinates": [
          -122.4710679,
          37.7347534
        ]
      },
      "id": "node/13349442293"
    },
    {
      "type": "Feature",
      "properties": {
        "@id": "node/13349442294",
        "camera:direction": "180",
        "camera:mount": "pole",
        "camera:type": "fixed",
        "man_made": "surveillance",
        "manufacturer": "Flock Safety",
        "manufacturer:wikidata": "Q108485435",
        "surveillance:type": "camera"
      },
      "geometry": {
        "type": "Point",
        "coordinates": [
          -122.4710692,
          37.7347248
        ]
      },
      "id": "node/13349442294"
    },
    {
      "type": "Feature",
      "properties": {
        "@id": "node/13349442295",
        "camera:type": "fixed",
        "direction": "90",
        "man_made": "surveillance",
        "manufacturer": "Flock Safety",
        "manufacturer:wikidata": "Q108485435",
        "operator": "St Francis Wood HOA",
        "surveillance": "traffic",
        "surveillance:type": "ALPR"
      },
      "geometry": {
        "type": "Point",
        "coordinates": [
          -122.4711081,
          37.7347067
        ]
      },
      "id": "node/13349442295"
    },
    {
      "type": "Feature",
      "properties": {
        "@id": "node/13349442296",
        "camera:type": "fixed",
        "direction": "90",
        "man_made": "surveillance",
        "manufacturer": "Flock Safety",
        "manufacturer:wikidata": "Q108485435",
        "operator": "St Francis Wood HOA",
        "surveillance": "traffic",
        "surveillance:type": "ALPR",
        "surveillance:zone": "traffic"
      },
      "geometry": {
        "type": "Point",
        "coordinates": [
          -122.4711094,
          37.734763
        ]
      },
      "id": "node/13349442296"
    },
    {
      "type": "Feature",
      "properties": {
        "@id": "node/13349442297",
        "camera:type": "fixed",
        "direction": "90",
        "man_made": "surveillance",
        "manufacturer": "Flock Safety",
        "manufacturer:wikidata": "Q108485435",
        "operator": "St Francis Wood HOA",
        "surveillance": "traffic",
        "surveillance:type": "ALPR",
        "surveillance:zone": "traffic"
      },
      "geometry": {
        "type": "Point",
        "coordinates": [
          -122.4711564,
          37.7331986
        ]
      },
      "id": "node/13349442297"
    },
    {
      "type": "Feature",
      "properties": {
        "@id": "node/13358649600",
        "camera:mount": "pole",
        "camera:type": "fixed",
        "direction": "342",
        "man_made": "surveillance",
        "manufacturer": "Flock Safety",
        "manufacturer:wikidata": "Q108485435",
        "name": "Flock Falcon",
        "operator": "San Francisco Police Department",
        "operator:wikidata": "Q1320247",
        "surveillance": "public",
        "surveillance:type": "ALPR",
        "surveillance:zone": "traffic"
      },
      "geometry": {
        "type": "Point",
        "coordinates": [
          -122.3712118,
          37.8156788
        ]
      },
      "id": "node/13358649600"
    },
    {
      "type": "Feature",
      "properties": {
        "@id": "node/13367242001",
        "camera:type": "fixed",
        "direction": "63",
        "man_made": "surveillance",
        "manufacturer": "Flock Safety",
        "manufacturer:wikidata": "Q108485435",
        "surveillance": "public",
        "surveillance:type": "ALPR",
        "surveillance:zone": "traffic"
      },
      "geometry": {
        "type": "Point",
        "coordinates": [
          -122.4169768,
          37.8051551
        ]
      },
      "id": "node/13367242001"
    },
    {
      "type": "Feature",
      "properties": {
        "@id": "node/13367242801",
        "camera:type": "fixed",
        "direction": "233",
        "man_made": "surveillance",
        "manufacturer": "Flock Safety",
        "manufacturer:wikidata": "Q108485435",
        "surveillance": "public",
        "surveillance:type": "ALPR",
        "surveillance:zone": "traffic"
      },
      "geometry": {
        "type": "Point",
        "coordinates": [
          -122.4174521,
          37.8052028
        ]
      },
      "id": "node/13367242801"
    },
    {
      "type": "Feature",
      "properties": {
        "@id": "node/13377027883",
        "camera:type": "fixed",
        "direction": "260",
        "man_made": "surveillance",
        "manufacturer": "Flock Safety",
        "manufacturer:wikidata": "Q108485435",
        "surveillance": "traffic",
        "surveillance:type": "ALPR",
        "surveillance:zone": "traffic"
      },
      "geometry": {
        "type": "Point",
        "coordinates": [
          -122.4678783,
          37.7350155
        ]
      },
      "id": "node/13377027883"
    },
    {
      "type": "Feature",
      "properties": {
        "@id": "node/13391609125",
        "camera:direction": "316",
        "camera:mount": "ceiling",
        "camera:type": "dome",
        "man_made": "surveillance",
        "surveillance": "public",
        "surveillance:type": "camera",
        "surveillance:zone": "public_transport_platform"
      },
      "geometry": {
        "type": "Point",
        "coordinates": [
          -122.3968973,
          37.7786005
        ]
      },
      "id": "node/13391609125"
    },
    {
      "type": "Feature",
      "properties": {
        "@id": "node/13391609126",
        "camera:direction": "316",
        "camera:mount": "ceiling",
        "camera:type": "dome",
        "man_made": "surveillance",
        "surveillance": "public",
        "surveillance:type": "camera",
        "surveillance:zone": "public_transport_platform"
      },
      "geometry": {
        "type": "Point",
        "coordinates": [
          -122.3968858,
          37.7786095
        ]
      },
      "id": "node/13391609126"
    },
    {
      "type": "Feature",
      "properties": {
        "@id": "node/13391609127",
        "camera:direction": "136",
        "camera:mount": "ceiling",
        "camera:type": "dome",
        "man_made": "surveillance",
        "surveillance": "public",
        "surveillance:type": "camera",
        "surveillance:zone": "public_transport_platform"
      },
      "geometry": {
        "type": "Point",
        "coordinates": [
          -122.3968919,
          37.7786047
        ]
      },
      "id": "node/13391609127"
    },
    {
      "type": "Feature",
      "properties": {
        "@id": "node/13391609128",
        "camera:direction": "316",
        "camera:mount": "ceiling",
        "camera:type": "dome",
        "man_made": "surveillance",
        "surveillance": "public",
        "surveillance:type": "camera",
        "surveillance:zone": "public_transport_platform"
      },
      "geometry": {
        "type": "Point",
        "coordinates": [
          -122.3970102,
          37.7786985
        ]
      },
      "id": "node/13391609128"
    },
    {
      "type": "Feature",
      "properties": {
        "@id": "node/13391609129",
        "camera:direction": "136",
        "camera:mount": "ceiling",
        "camera:type": "dome",
        "man_made": "surveillance",
        "surveillance": "public",
        "surveillance:type": "camera",
        "surveillance:zone": "public_transport_platform"
      },
      "geometry": {
        "type": "Point",
        "coordinates": [
          -122.3970038,
          37.7787035
        ]
      },
      "id": "node/13391609129"
    },
    {
      "type": "Feature",
      "properties": {
        "@id": "node/13391609130",
        "camera:direction": "136",
        "camera:mount": "ceiling",
        "camera:type": "dome",
        "man_made": "surveillance",
        "surveillance": "public",
        "surveillance:type": "camera",
        "surveillance:zone": "public_transport_platform"
      },
      "geometry": {
        "type": "Point",
        "coordinates": [
          -122.3970154,
          37.7786944
        ]
      },
      "id": "node/13391609130"
    },
    {
      "type": "Feature",
      "properties": {
        "@id": "node/13444793001",
        "camera:mount": "pole",
        "camera:type": "fixed",
        "direction": "0;0",
        "man_made": "surveillance",
        "manufacturer": "Flock Safety",
        "manufacturer:wikidata": "Q108485435",
        "surveillance": "public",
        "surveillance:type": "ALPR",
        "surveillance:zone": "traffic"
      },
      "geometry": {
        "type": "Point",
        "coordinates": [
          -122.4315083,
          37.7416479
        ]
      },
      "id": "node/13444793001"
    },
    {
      "type": "Feature",
      "properties": {
        "@id": "node/13456455979",
        "camera:mount": "pole",
        "camera:type": "fixed",
        "direction": "55",
        "image": "https://alpr.pictures/san-francisco/buckingham%20nbfs%20winston.jpg",
        "man_made": "surveillance",
        "manufacturer": "Flock Safety",
        "manufacturer:wikidata": "Q108485435",
        "surveillance": "public",
        "surveillance:type": "ALPR",
        "surveillance:zone": "traffic"
      },
      "geometry": {
        "type": "Point",
        "coordinates": [
          -122.4786177,
          37.7283361
        ]
      },
      "id": "node/13456455979"
    },
    {
      "type": "Feature",
      "properties": {
        "@id": "node/13456455980",
        "camera:mount": "pole",
        "camera:type": "fixed",
        "direction": "10",
        "man_made": "surveillance",
        "manufacturer": "Flock Safety",
        "manufacturer:wikidata": "Q108485435",
        "operator": "Stonestown Galleria Mall",
        "operator:wikidata": "Q7619332",
        "surveillance": "public",
        "surveillance:type": "ALPR",
        "surveillance:zone": "traffic"
      },
      "geometry": {
        "type": "Point",
        "coordinates": [
          -122.4784491,
          37.7274947
        ]
      },
      "id": "node/13456455980"
    },
    {
      "type": "Feature",
      "properties": {
        "@id": "node/13456455981",
        "camera:mount": "street_lamp",
        "camera:type": "fixed",
        "direction": "190",
        "man_made": "surveillance",
        "manufacturer": "Flock Safety",
        "manufacturer:wikidata": "Q108485435",
        "operator": "Stonestown Galleria Mall",
        "operator:wikidata": "Q7619332",
        "surveillance": "public",
        "surveillance:type": "ALPR",
        "surveillance:zone": "traffic"
      },
      "geometry": {
        "type": "Point",
        "coordinates": [
          -122.4759995,
          37.7266536
        ]
      },
      "id": "node/13456455981"
    },
    {
      "type": "Feature",
      "properties": {
        "@id": "node/13456455982",
        "camera:mount": "street_lamp",
        "camera:type": "fixed",
        "direction": "349",
        "man_made": "surveillance",
        "manufacturer": "Flock Safety",
        "manufacturer:wikidata": "Q108485435",
        "operator": "Stonestown Galleria Mall",
        "operator:wikidata": "Q7619332",
        "surveillance": "public",
        "surveillance:type": "ALPR",
        "surveillance:zone": "traffic"
      },
      "geometry": {
        "type": "Point",
        "coordinates": [
          -122.4759954,
          37.7272586
        ]
      },
      "id": "node/13456455982"
    },
    {
      "type": "Feature",
      "properties": {
        "@id": "node/13464800201",
        "camera:type": "fixed",
        "direction": "156",
        "man_made": "surveillance",
        "manufacturer": "Flock Safety",
        "manufacturer:wikidata": "Q108485435",
        "surveillance": "public",
        "surveillance:type": "ALPR",
        "surveillance:zone": "traffic"
      },
      "geometry": {
        "type": "Point",
        "coordinates": [
          -122.3901673,
          37.7761029
        ]
      },
      "id": "node/13464800201"
    },
    {
      "type": "Feature",
      "properties": {
        "@id": "node/13523594001",
        "camera:type": "fixed",
        "direction": "54",
        "man_made": "surveillance",
        "manufacturer": "Flock Safety",
        "manufacturer:wikidata": "Q108485435",
        "operator": "Lowe's",
        "operator:type": "private",
        "operator:wikidata": "Q1373493",
        "surveillance": "public",
        "surveillance:type": "ALPR",
        "surveillance:zone": "traffic"
      },
      "geometry": {
        "type": "Point",
        "coordinates": [
          -122.3982048,
          37.7558713
        ]
      },
      "id": "node/13523594001"
    },
    {
      "type": "Feature",
      "properties": {
        "@id": "node/13568033101",
        "camera:type": "fixed",
        "direction": "0",
        "man_made": "surveillance",
        "manufacturer": "Flock Safety",
        "manufacturer:wikidata": "Q108485435",
        "surveillance": "public",
        "surveillance:type": "ALPR",
        "surveillance:zone": "traffic"
      },
      "geometry": {
        "type": "Point",
        "coordinates": [
          -122.4529346,
          37.7666368
        ]
      },
      "id": "node/13568033101"
    },
    {
      "type": "Feature",
      "properties": {
        "@id": "node/13569997302",
        "camera:type": "fixed",
        "direction": "242",
        "man_made": "surveillance",
        "manufacturer": "Flock Safety",
        "manufacturer:wikidata": "Q108485435",
        "surveillance": "public",
        "surveillance:type": "ALPR",
        "surveillance:zone": "traffic"
      },
      "geometry": {
        "type": "Point",
        "coordinates": [
          -122.4104572,
          37.7974923
        ]
      },
      "id": "node/13569997302"
    },
    {
      "type": "Feature",
      "properties": {
        "@id": "node/13601206701",
        "camera:type": "fixed",
        "direction": "214-284",
        "man_made": "surveillance",
        "manufacturer": "Flock Safety",
        "manufacturer:wikidata": "Q108485435",
        "surveillance": "public",
        "surveillance:type": "ALPR",
        "surveillance:zone": "traffic"
      },
      "geometry": {
        "type": "Point",
        "coordinates": [
          -122.4500281,
          37.7230922
        ]
      },
      "id": "node/13601206701"
    },
    {
      "type": "Feature",
      "properties": {
        "@id": "node/13613274201",
        "camera:type": "fixed",
        "direction": "13",
        "man_made": "surveillance",
        "manufacturer": "Flock Safety",
        "manufacturer:wikidata": "Q108485435",
        "surveillance": "public",
        "surveillance:type": "ALPR",
        "surveillance:zone": "traffic"
      },
      "geometry": {
        "type": "Point",
        "coordinates": [
          -122.4439861,
          37.7237881
        ]
      },
      "id": "node/13613274201"
    },
    {
      "type": "Feature",
      "properties": {
        "@id": "node/13613274901",
        "camera:type": "fixed",
        "direction": "271",
        "man_made": "surveillance",
        "manufacturer": "Flock Safety",
        "manufacturer:wikidata": "Q108485435",
        "surveillance": "public",
        "surveillance:type": "ALPR",
        "surveillance:zone": "traffic"
      },
      "geometry": {
        "type": "Point",
        "coordinates": [
          -122.4492458,
          37.7218283
        ]
      },
      "id": "node/13613274901"
    },
    {
      "type": "Feature",
      "properties": {
        "@id": "node/13619230901",
        "camera:type": "fixed",
        "direction": "322",
        "man_made": "surveillance",
        "manufacturer": "Flock Safety",
        "manufacturer:wikidata": "Q108485435",
        "surveillance": "public",
        "surveillance:type": "ALPR",
        "surveillance:zone": "traffic"
      },
      "geometry": {
        "type": "Point",
        "coordinates": [
          -122.415977,
          37.7615331
        ]
      },
      "id": "node/13619230901"
    },
    {
      "type": "Feature",
      "properties": {
        "@id": "node/13624157001",
        "camera:mount": "pole",
        "camera:type": "fixed",
        "direction": "146",
        "man_made": "surveillance",
        "manufacturer": "Flock Safety",
        "manufacturer:wikidata": "Q108485435",
        "surveillance": "public",
        "surveillance:type": "ALPR",
        "surveillance:zone": "traffic"
      },
      "geometry": {
        "type": "Point",
        "coordinates": [
          -122.4925513,
          37.7424148
        ]
      },
      "id": "node/13624157001"
    },
    {
      "type": "Feature",
      "properties": {
        "@id": "node/13633014901",
        "camera:mount": "pole",
        "camera:type": "fixed",
        "direction": "261",
        "man_made": "surveillance",
        "manufacturer": "Flock Safety",
        "manufacturer:wikidata": "Q108485435",
        "surveillance": "public",
        "surveillance:type": "ALPR",
        "surveillance:zone": "traffic"
      },
      "geometry": {
        "type": "Point",
        "coordinates": [
          -122.4191977,
          37.7291452
        ]
      },
      "id": "node/13633014901"
    },
    {
      "type": "Feature",
      "properties": {
        "@id": "node/13636973301",
        "camera:type": "fixed",
        "direction": "9",
        "man_made": "surveillance",
        "manufacturer": "Neology, Inc.",
        "surveillance": "public",
        "surveillance:type": "ALPR",
        "surveillance:zone": "traffic"
      },
      "geometry": {
        "type": "Point",
        "coordinates": [
          -122.4192613,
          37.7601031
        ]
      },
      "id": "node/13636973301"
    },
    {
      "type": "Feature",
      "properties": {
        "@id": "node/13644161901",
        "camera:mount": "pole",
        "camera:type": "fixed",
        "direction": "230",
        "man_made": "surveillance",
        "manufacturer": "Flock Safety",
        "manufacturer:wikidata": "Q108485435",
        "operator": "San Francisco Police Department",
        "operator:wikidata": "Q1320247",
        "surveillance": "public",
        "surveillance:type": "ALPR",
        "surveillance:zone": "traffic"
      },
      "geometry": {
        "type": "Point",
        "coordinates": [
          -122.4197294,
          37.8020585
        ]
      },
      "id": "node/13644161901"
    },
    {
      "type": "Feature",
      "properties": {
        "@id": "node/13650836701",
        "camera:type": "fixed",
        "direction": "35;201",
        "man_made": "surveillance",
        "manufacturer": "Motorola Solutions",
        "manufacturer:wikidata": "Q634815",
        "surveillance": "public",
        "surveillance:type": "ALPR",
        "surveillance:zone": "traffic"
      },
      "geometry": {
        "type": "Point",
        "coordinates": [
          -122.423512,
          37.7584723
        ]
      },
      "id": "node/13650836701"
    },
    {
      "type": "Feature",
      "properties": {
        "@id": "node/13650919901",
        "camera:mount": "light",
        "camera:type": "fixed",
        "direction": "185",
        "man_made": "surveillance",
        "manufacturer": "Flock Safety",
        "manufacturer:wikidata": "Q108485435",
        "surveillance": "public",
        "surveillance:type": "ALPR",
        "surveillance:zone": "traffic"
      },
      "geometry": {
        "type": "Point",
        "coordinates": [
          -122.419158,
          37.7603599
        ]
      },
      "id": "node/13650919901"
    },
    {
      "type": "Feature",
      "properties": {
        "@id": "node/13650919902",
        "camera:type": "fixed",
        "direction": "234",
        "man_made": "surveillance",
        "manufacturer": "Flock Safety",
        "manufacturer:wikidata": "Q108485435",
        "surveillance": "public",
        "surveillance:type": "public safety",
        "surveillance:zone": "traffic"
      },
      "geometry": {
        "type": "Point",
        "coordinates": [
          -122.4185229,
          37.7521547
        ]
      },
      "id": "node/13650919902"
    },
    {
      "type": "Feature",
      "properties": {
        "@id": "node/13650930301",
        "camera:mount": "pole",
        "camera:type": "fixed",
        "direction": "230",
        "man_made": "surveillance",
        "manufacturer": "Flock Safety",
        "manufacturer:wikidata": "Q108485435",
        "surveillance": "public",
        "surveillance:type": "ALPR",
        "surveillance:zone": "traffic"
      },
      "geometry": {
        "type": "Point",
        "coordinates": [
          -122.4185229,
          37.7521547
        ]
      },
      "id": "node/13650930301"
    },
    {
      "type": "Feature",
      "properties": {
        "@id": "node/13662444601",
        "camera:mount": "Conder PTZ",
        "camera:type": "fixed",
        "direction": "225;295;154;80;9;0",
        "man_made": "surveillance",
        "manufacturer": "Flock Safety",
        "manufacturer:wikidata": "Q108485435",
        "note": "earthcam, not flock. not shown on earthcam website",
        "surveillance": "public",
        "surveillance:type": "ALPR",
        "surveillance:zone": "traffic"
      },
      "geometry": {
        "type": "Point",
        "coordinates": [
          -122.3711741,
          37.8195037
        ]
      },
      "id": "node/13662444601"
    },
    {
      "type": "Feature",
      "properties": {
        "@id": "node/13673522401",
        "camera:type": "fixed",
        "direction": "251",
        "man_made": "surveillance",
        "manufacturer": "Flock Safety",
        "manufacturer:wikidata": "Q108485435",
        "surveillance": "public",
        "surveillance:type": "ALPR",
        "surveillance:zone": "traffic"
      },
      "geometry": {
        "type": "Point",
        "coordinates": [
          -122.4013113,
          37.7790603
        ]
      },
      "id": "node/13673522401"
    },
    {
      "type": "Feature",
      "properties": {
        "@id": "node/13673591301",
        "camera:mount": "street_lamp",
        "camera:type": "fixed",
        "direction": "54",
        "image": "https://alpr.pictures/san-francisco/bay%20ebfs%20larkin.jpg",
        "man_made": "surveillance",
        "manufacturer": "Flock Safety",
        "manufacturer:wikidata": "Q108485435",
        "surveillance": "public",
        "surveillance:type": "ALPR",
        "surveillance:zone": "traffic"
      },
      "geometry": {
        "type": "Point",
        "coordinates": [
          -122.4208541,
          37.8046337
        ]
      },
      "id": "node/13673591301"
    },
    {
      "type": "Feature",
      "properties": {
        "@id": "node/13733407501",
        "camera:type": "fixed",
        "direction": "234",
        "man_made": "surveillance",
        "manufacturer": "Flock Safety",
        "manufacturer:wikidata": "Q108485435",
        "surveillance": "public",
        "surveillance:type": "ALPR",
        "surveillance:zone": "traffic"
      },
      "geometry": {
        "type": "Point",
        "coordinates": [
          -122.4200387,
          37.7907858
        ]
      },
      "id": "node/13733407501"
    },
    {
      "type": "Feature",
      "properties": {
        "@id": "node/13741250437",
        "camera:direction": "265",
        "camera:mount": "pole",
        "camera:type": "fixed",
        "image": "https://alpr.pictures/san-francisco/gibson%20wbfs%20bowley.jpg",
        "man_made": "surveillance",
        "manufacturer": "Flock Safety",
        "manufacturer:wikidata": "Q108485435",
        "surveillance": "public",
        "surveillance:type": "ALPR",
        "surveillance:zone": "traffic"
      },
      "geometry": {
        "type": "Point",
        "coordinates": [
          -122.4823078,
          37.7905388
        ]
      },
      "id": "node/13741250437"
    },
    {
      "type": "Feature",
      "properties": {
        "@id": "node/13757439403",
        "camera:type": "fixed",
        "direction": "341",
        "man_made": "surveillance",
        "manufacturer": "Flock Safety",
        "manufacturer:wikidata": "Q108485435",
        "surveillance": "public",
        "surveillance:type": "ALPR",
        "surveillance:zone": "traffic"
      },
      "geometry": {
        "type": "Point",
        "coordinates": [
          -122.4758487,
          37.7306643
        ]
      },
      "id": "node/13757439403"
    },
    {
      "type": "Feature",
      "properties": {
        "@id": "node/13759803156",
        "camera:mount": "pole",
        "camera:type": "fixed",
        "direction": "65",
        "man_made": "surveillance",
        "manufacturer": "Flock Safety",
        "manufacturer:wikidata": "Q108485435",
        "operator": "San Francisco Police Department",
        "operator:wikidata": "Q1320247",
        "surveillance": "public",
        "surveillance:type": "ALPR",
        "surveillance:zone": "traffic"
      },
      "geometry": {
        "type": "Point",
        "coordinates": [
          -122.4014606,
          37.7770537
        ]
      },
      "id": "node/13759803156"
    },
    {
      "type": "Feature",
      "properties": {
        "@id": "node/13765490809",
        "camera:direction": "67",
        "camera:mount": "wall",
        "camera:type": "fixed",
        "capacity": "2",
        "man_made": "surveillance",
        "surveillance": "public",
        "surveillance:type": "camera"
      },
      "geometry": {
        "type": "Point",
        "coordinates": [
          -122.3962122,
          37.7795299
        ]
      },
      "id": "node/13765490809"
    },
    {
      "type": "Feature",
      "properties": {
        "@id": "node/13765490810",
        "camera:direction": "141",
        "camera:mount": "wall",
        "camera:type": "fixed",
        "capacity": "2",
        "man_made": "surveillance",
        "surveillance": "public",
        "surveillance:type": "camera",
        "surveillance:zone": "street"
      },
      "geometry": {
        "type": "Point",
        "coordinates": [
          -122.3962136,
          37.7795176
        ]
      },
      "id": "node/13765490810"
    },
    {
      "type": "Feature",
      "properties": {
        "@id": "node/13765490811",
        "camera:direction": "16",
        "camera:mount": "wall",
        "camera:type": "panning",
        "man_made": "surveillance",
        "surveillance": "public",
        "surveillance:type": "camera",
        "surveillance:zone": "corridor"
      },
      "geometry": {
        "type": "Point",
        "coordinates": [
          -122.3940555,
          37.7807814
        ]
      },
      "id": "node/13765490811"
    },
    {
      "type": "Feature",
      "properties": {
        "@id": "node/13765490812",
        "camera:direction": "142",
        "camera:mount": "wall",
        "camera:type": "panning",
        "capacity": "2",
        "man_made": "surveillance",
        "surveillance": "public",
        "surveillance:type": "camera",
        "surveillance:zone": "street"
      },
      "geometry": {
        "type": "Point",
        "coordinates": [
          -122.3961366,
          37.7795797
        ]
      },
      "id": "node/13765490812"
    },
    {
      "type": "Feature",
      "properties": {
        "@id": "node/13765490819",
        "camera:direction": "203",
        "camera:mount": "wall",
        "camera:type": "panning",
        "man_made": "surveillance",
        "surveillance": "public",
        "surveillance:type": "camera",
        "surveillance:zone": "entrance;street"
      },
      "geometry": {
        "type": "Point",
        "coordinates": [
          -122.3944011,
          37.7815539
        ]
      },
      "id": "node/13765490819"
    },
    {
      "type": "Feature",
      "properties": {
        "@id": "node/13765490833",
        "camera:direction": "5",
        "camera:mount": "wall",
        "camera:type": "fixed",
        "man_made": "surveillance",
        "surveillance": "public",
        "surveillance:type": "camera"
      },
      "geometry": {
        "type": "Point",
        "coordinates": [
          -122.3939904,
          37.7812017
        ]
      },
      "id": "node/13765490833"
    },
    {
      "type": "Feature",
      "properties": {
        "@id": "node/13765490838",
        "camera:direction": "39",
        "camera:mount": "wall",
        "camera:type": "fixed",
        "capacity": "2",
        "man_made": "surveillance",
        "surveillance": "public",
        "surveillance:type": "camera"
      },
      "geometry": {
        "type": "Point",
        "coordinates": [
          -122.3943686,
          37.7805312
        ]
      },
      "id": "node/13765490838"
    },
    {
      "type": "Feature",
      "properties": {
        "@id": "node/13765490839",
        "camera:direction": "233",
        "camera:mount": "wall",
        "camera:type": "fixed",
        "man_made": "surveillance",
        "surveillance": "public",
        "surveillance:type": "camera"
      },
      "geometry": {
        "type": "Point",
        "coordinates": [
          -122.3942946,
          37.780586
        ]
      },
      "id": "node/13765490839"
    },
    {
      "type": "Feature",
      "properties": {
        "@id": "node/13765490842",
        "camera:direction": "54",
        "camera:mount": "wall",
        "camera:type": "panning",
        "man_made": "surveillance",
        "surveillance": "public",
        "surveillance:type": "camera",
        "surveillance:zone": "corridor"
      },
      "geometry": {
        "type": "Point",
        "coordinates": [
          -122.393729,
          37.7810409
        ]
      },
      "id": "node/13765490842"
    },
    {
      "type": "Feature",
      "properties": {
        "@id": "node/13765490843",
        "camera:direction": "196",
        "camera:mount": "wall",
        "camera:type": "fixed",
        "man_made": "surveillance",
        "surveillance": "public",
        "surveillance:type": "camera"
      },
      "geometry": {
        "type": "Point",
        "coordinates": [
          -122.3937817,
          37.7810725
        ]
      },
      "id": "node/13765490843"
    },
    {
      "type": "Feature",
      "properties": {
        "@id": "node/13765490845",
        "camera:direction": "200",
        "camera:mount": "wall",
        "camera:type": "panning",
        "man_made": "surveillance",
        "surveillance": "public",
        "surveillance:type": "camera",
        "surveillance:zone": "street"
      },
      "geometry": {
        "type": "Point",
        "coordinates": [
          -122.3933638,
          37.7810086
        ]
      },
      "id": "node/13765490845"
    },
    {
      "type": "Feature",
      "properties": {
        "@id": "node/13765490853",
        "camera:direction": "226",
        "camera:mount": "wall",
        "camera:type": "fixed",
        "man_made": "surveillance",
        "surveillance": "public",
        "surveillance:type": "camera",
        "surveillance:zone": "street"
      },
      "geometry": {
        "type": "Point",
        "coordinates": [
          -122.3959551,
          37.7797186
        ]
      },
      "id": "node/13765490853"
    },
    {
      "type": "Feature",
      "properties": {
        "@id": "node/13765490855",
        "camera:direction": "175",
        "camera:mount": "wall",
        "camera:type": "panning",
        "man_made": "surveillance",
        "surveillance": "public",
        "surveillance:type": "camera",
        "surveillance:zone": "street"
      },
      "geometry": {
        "type": "Point",
        "coordinates": [
          -122.3961835,
          37.7812275
        ]
      },
      "id": "node/13765490855"
    },
    {
      "type": "Feature",
      "properties": {
        "@id": "node/13768779872",
        "camera:mount": "pole",
        "camera:type": "fixed",
        "direction": "65",
        "man_made": "surveillance",
        "manufacturer": "Flock Safety",
        "manufacturer:wikidata": "Q108485435",
        "operator": "San Francisco Police Department",
        "operator:wikidata": "Q1320247",
        "surveillance": "public",
        "surveillance:type": "ALPR",
        "surveillance:zone": "traffic"
      },
      "geometry": {
        "type": "Point",
        "coordinates": [
          -122.4214418,
          37.7616819
        ]
      },
      "id": "node/13768779872"
    },
    {
      "type": "Feature",
      "properties": {
        "@id": "node/13771948601",
        "camera:type": "fixed",
        "direction": "153",
        "man_made": "surveillance",
        "manufacturer": "Flock Safety",
        "manufacturer:wikidata": "Q108485435",
        "surveillance": "public",
        "surveillance:type": "ALPR",
        "surveillance:zone": "traffic"
      },
      "geometry": {
        "type": "Point",
        "coordinates": [
          -122.493985,
          37.7327994
        ]
      },
      "id": "node/13771948601"
    },
    {
      "type": "Feature",
      "properties": {
        "@id": "node/13778094301",
        "camera:type": "fixed",
        "direction": "0",
        "man_made": "surveillance",
        "manufacturer": "Bosch Security Systems",
        "manufacturer:wikidata": "Q111144357",
        "surveillance": "public",
        "surveillance:type": "ALPR",
        "surveillance:zone": "traffic"
      },
      "geometry": {
        "type": "Point",
        "coordinates": [
          -122.455215,
          37.7680476
        ]
      },
      "id": "node/13778094301"
    },
    {
      "type": "Feature",
      "properties": {
        "@id": "node/13800635401",
        "camera:type": "fixed",
        "direction": "326",
        "image": "https://alpr.pictures/san-francisco/baker%20nbfs%20jefferson.jpg",
        "man_made": "surveillance",
        "manufacturer": "Flock Safety",
        "manufacturer:wikidata": "Q108485435",
        "surveillance": "public",
        "surveillance:type": "ALPR",
        "surveillance:zone": "traffic"
      },
      "geometry": {
        "type": "Point",
        "coordinates": [
          -122.4470815,
          37.8044307
        ]
      },
      "id": "node/13800635401"
    },
    {
      "type": "Feature",
      "properties": {
        "@id": "node/13800635601",
        "camera:type": "fixed",
        "direction": "339",
        "image": "https://alpr.pictures/san-francisco/crissey%20field%20parking%20nbfs%20mason.jpg",
        "man_made": "surveillance",
        "manufacturer": "Flock Safety",
        "manufacturer:wikidata": "Q108485435",
        "surveillance": "public",
        "surveillance:type": "ALPR",
        "surveillance:zone": "traffic"
      },
      "geometry": {
        "type": "Point",
        "coordinates": [
          -122.4501573,
          37.8048747
        ]
      },
      "id": "node/13800635601"
    },
    {
      "type": "Feature",
      "properties": {
        "@id": "node/13800642401",
        "camera:type": "fixed",
        "direction": "254",
        "man_made": "surveillance",
        "manufacturer": "Flock Safety",
        "manufacturer:wikidata": "Q108485435",
        "surveillance": "public",
        "surveillance:type": "ALPR",
        "surveillance:zone": "traffic"
      },
      "geometry": {
        "type": "Point",
        "coordinates": [
          -122.4120804,
          37.8058844
        ]
      },
      "id": "node/13800642401"
    },
    {
      "type": "Feature",
      "properties": {
        "@id": "node/13800642501",
        "camera:type": "fixed",
        "direction": "175",
        "man_made": "surveillance",
        "manufacturer": "Flock Safety",
        "manufacturer:wikidata": "Q108485435",
        "surveillance": "public",
        "surveillance:type": "ALPR",
        "surveillance:zone": "traffic"
      },
      "geometry": {
        "type": "Point",
        "coordinates": [
          -122.412272,
          37.8075579
        ]
      },
      "id": "node/13800642501"
    },
    {
      "type": "Feature",
      "properties": {
        "@id": "node/13807097701",
        "camera:type": "fixed",
        "direction": "51",
        "man_made": "surveillance",
        "manufacturer": "CoStar",
        "manufacturer:wikidata": "Q25212862",
        "surveillance": "public",
        "surveillance:type": "ALPR",
        "surveillance:zone": "traffic"
      },
      "geometry": {
        "type": "Point",
        "coordinates": [
          -122.4034388,
          37.7769201
        ]
      },
      "id": "node/13807097701"
    },
    {
      "type": "Feature",
      "properties": {
        "@id": "node/13807107901",
        "camera:type": "fixed",
        "direction": "48",
        "man_made": "surveillance",
        "manufacturer": "Flock Safety",
        "manufacturer:wikidata": "Q108485435",
        "surveillance": "public",
        "surveillance:type": "ALPR",
        "surveillance:zone": "traffic"
      },
      "geometry": {
        "type": "Point",
        "coordinates": [
          -122.3920892,
          37.7850021
        ]
      },
      "id": "node/13807107901"
    },
    {
      "type": "Feature",
      "properties": {
        "@id": "node/13807107902",
        "camera:type": "fixed",
        "direction": "220",
        "man_made": "surveillance",
        "manufacturer": "Bosch Security Systems",
        "manufacturer:wikidata": "Q111144357",
        "surveillance": "public",
        "surveillance:type": "ALPR",
        "surveillance:zone": "traffic"
      },
      "geometry": {
        "type": "Point",
        "coordinates": [
          -122.3886747,
          37.7880345
        ]
      },
      "id": "node/13807107902"
    },
    {
      "type": "Feature",
      "properties": {
        "@id": "node/13807108802",
        "camera:type": "fixed",
        "direction": "236",
        "man_made": "surveillance",
        "surveillance": "public",
        "surveillance:zone": "traffic"
      },
      "geometry": {
        "type": "Point",
        "coordinates": [
          -122.3841254,
          37.7922025
        ]
      },
      "id": "node/13807108802"
    },
    {
      "type": "Feature",
      "properties": {
        "@id": "node/13807109701",
        "camera:type": "fixed",
        "direction": "226",
        "man_made": "surveillance",
        "manufacturer": "Bosch Security Systems",
        "manufacturer:wikidata": "Q111144357",
        "surveillance": "public",
        "surveillance:type": "ALPR",
        "surveillance:zone": "traffic"
      },
      "geometry": {
        "type": "Point",
        "coordinates": [
          -122.3889409,
          37.7877598
        ]
      },
      "id": "node/13807109701"
    },
    {
      "type": "Feature",
      "properties": {
        "@id": "node/13807110601",
        "camera:type": "fixed",
        "direction": "235",
        "man_made": "surveillance",
        "manufacturer": "Bosch Security Systems",
        "manufacturer:wikidata": "Q111144357",
        "surveillance": "public",
        "surveillance:type": "ALPR",
        "surveillance:zone": "traffic"
      },
      "geometry": {
        "type": "Point",
        "coordinates": [
          -122.3880919,
          37.7885963
        ]
      },
      "id": "node/13807110601"
    },
    {
      "type": "Feature",
      "properties": {
        "@id": "node/13807110602",
        "camera:type": "fixed",
        "direction": "237",
        "man_made": "surveillance",
        "surveillance": "public",
        "surveillance:zone": "traffic"
      },
      "geometry": {
        "type": "Point",
        "coordinates": [
          -122.3853344,
          37.7910798
        ]
      },
      "id": "node/13807110602"
    },
    {
      "type": "Feature",
      "properties": {
        "@id": "node/13807111601",
        "camera:type": "fixed",
        "direction": "227",
        "man_made": "surveillance",
        "surveillance": "public",
        "surveillance:zone": "traffic"
      },
      "geometry": {
        "type": "Point",
        "coordinates": [
          -122.3865304,
          37.7899997
        ]
      },
      "id": "node/13807111601"
    },
    {
      "type": "Feature",
      "properties": {
        "@id": "node/13807112413",
        "camera:type": "fixed",
        "direction": "0",
        "man_made": "surveillance",
        "manufacturer": "Bosch Security Systems",
        "manufacturer:wikidata": "Q111144357",
        "surveillance": "public",
        "surveillance:type": "ALPR",
        "surveillance:zone": "traffic"
      },
      "geometry": {
        "type": "Point",
        "coordinates": [
          -122.3668482,
          37.8083995
        ]
      },
      "id": "node/13807112413"
    },
    {
      "type": "Feature",
      "properties": {
        "@id": "node/13807524701",
        "camera:type": "fixed",
        "direction": "82",
        "image": "https://alpr.pictures/san-francisco/fort%20mason%20center%20parking%20entrance.jpg",
        "man_made": "surveillance",
        "manufacturer": "Flock Safety",
        "manufacturer:wikidata": "Q108485435",
        "surveillance": "public",
        "surveillance:type": "ALPR",
        "surveillance:zone": "traffic"
      },
      "geometry": {
        "type": "Point",
        "coordinates": [
          -122.432046,
          37.8056073
        ]
      },
      "id": "node/13807524701"
    },
    {
      "type": "Feature",
      "properties": {
        "@id": "node/13809784801",
        "camera:type": "fixed",
        "direction": "237",
        "man_made": "surveillance",
        "manufacturer": "Flock Safety",
        "manufacturer:wikidata": "Q108485435",
        "surveillance": "public",
        "surveillance:type": "ALPR",
        "surveillance:zone": "traffic"
      },
      "geometry": {
        "type": "Point",
        "coordinates": [
          -122.4397708,
          37.8004965
        ]
      },
      "id": "node/13809784801"
    },
    {
      "type": "Feature",
      "properties": {
        "@id": "node/13810019301",
        "camera:type": "fixed",
        "direction": "184",
        "man_made": "surveillance",
        "manufacturer": "Flock Safety",
        "manufacturer:wikidata": "Q108485435",
        "surveillance": "public",
        "surveillance:type": "ALPR",
        "surveillance:zone": "traffic"
      },
      "geometry": {
        "type": "Point",
        "coordinates": [
          -122.4943979,
          37.7407462
        ]
      },
      "id": "node/13810019301"
    },
    {
      "type": "Feature",
      "properties": {
        "@id": "node/13816380201",
        "camera:type": "fixed",
        "direction": "323",
        "image": "https://alpr.pictures/san-francisco/franklin%20nbfs%20bay.jpg",
        "man_made": "surveillance",
        "manufacturer": "Flock Safety",
        "manufacturer:wikidata": "Q108485435",
        "surveillance": "public",
        "surveillance:type": "ALPR",
        "surveillance:zone": "traffic"
      },
      "geometry": {
        "type": "Point",
        "coordinates": [
          -122.426784,
          37.8044597
        ]
      },
      "id": "node/13816380201"
    },
    {
      "type": "Feature",
      "properties": {
        "@id": "node/13863617342",
        "camera:mount": "pole",
        "camera:type": "fixed",
        "direction": "320",
        "man_made": "surveillance",
        "manufacturer": "Flock Safety",
        "manufacturer:wikidata": "Q108485435",
        "operator": "San Francisco Police Department",
        "operator:wikidata": "Q1320247",
        "surveillance": "public",
        "surveillance:type": "ALPR",
        "surveillance:zone": "traffic"
      },
      "geometry": {
        "type": "Point",
        "coordinates": [
          -122.4195565,
          37.8020795
        ]
      },
      "id": "node/13863617342"
    },
    {
      "type": "Feature",
      "properties": {
        "@id": "node/13875165401",
        "camera:mount": "pole",
        "camera:type": "fixed",
        "direction": "185",
        "man_made": "surveillance",
        "manufacturer": "Flock Safety",
        "manufacturer:wikidata": "Q108485435",
        "operator": "San Francisco Police Department",
        "operator:wikidata": "Q1320247",
        "surveillance": "public",
        "surveillance:type": "ALPR",
        "surveillance:zone": "traffic"
      },
      "geometry": {
        "type": "Point",
        "coordinates": [
          -122.4170146,
          37.789489
        ]
      },
      "id": "node/13875165401"
    },
    {
      "type": "Feature",
      "properties": {
        "@id": "node/13885494601",
        "camera:type": "fixed",
        "direction": "321",
        "man_made": "surveillance",
        "manufacturer": "Flock Safety",
        "manufacturer:wikidata": "Q108485435",
        "surveillance": "public",
        "surveillance:type": "ALPR",
        "surveillance:zone": "traffic"
      },
      "geometry": {
        "type": "Point",
        "coordinates": [
          -122.4124261,
          37.808706
        ]
      },
      "id": "node/13885494601"
    },
    {
      "type": "Feature",
      "properties": {
        "@id": "node/13885494701",
        "camera:type": "fixed",
        "direction": "149",
        "man_made": "surveillance",
        "manufacturer": "Flock Safety",
        "manufacturer:wikidata": "Q108485435",
        "surveillance": "public",
        "surveillance:type": "ALPR",
        "surveillance:zone": "traffic"
      },
      "geometry": {
        "type": "Point",
        "coordinates": [
          -122.4126014,
          37.808481
        ]
      },
      "id": "node/13885494701"
    },
    {
      "type": "Feature",
      "properties": {
        "@id": "node/13885726701",
        "camera:mount": "pole",
        "camera:type": "fixed",
        "direction": "0",
        "man_made": "surveillance",
        "manufacturer": "Flock Safety",
        "manufacturer:wikidata": "Q108485435",
        "surveillance": "public",
        "surveillance:type": "ALPR",
        "surveillance:zone": "traffic"
      },
      "geometry": {
        "type": "Point",
        "coordinates": [
          -122.5114353,
          37.7798667
        ]
      },
      "id": "node/13885726701"
    },
    {
      "type": "Feature",
      "properties": {
        "@id": "node/13892845801",
        "camera:mount": "street_lamp",
        "camera:type": "fixed",
        "direction": "164",
        "image": "https://alpr.pictures/san-francisco/taylor%20sbfs%20sacramento.jpg",
        "man_made": "surveillance",
        "manufacturer": "Flock Safety",
        "manufacturer:wikidata": "Q108485435",
        "surveillance": "public",
        "surveillance:type": "ALPR",
        "surveillance:zone": "traffic"
      },
      "geometry": {
        "type": "Point",
        "coordinates": [
          -122.4126175,
          37.7921321
        ]
      },
      "id": "node/13892845801"
    },
    {
      "type": "Feature",
      "properties": {
        "@id": "node/13897479101",
        "camera:type": "fixed",
        "direction": "0",
        "image": "https://alpr.pictures/san-francisco/battery%20east%20parking%20nbfs%20lincoln.jpg",
        "man_made": "surveillance",
        "manufacturer": "Flock Safety",
        "manufacturer:wikidata": "Q108485435",
        "surveillance": "public",
        "surveillance:type": "ALPR",
        "surveillance:zone": "traffic"
      },
      "geometry": {
        "type": "Point",
        "coordinates": [
          -122.4717242,
          37.8067524
        ]
      },
      "id": "node/13897479101"
    },
    {
      "type": "Feature",
      "properties": {
        "@id": "node/13903005209",
        "camera:direction": "0-360",
        "camera:mount": "pole",
        "camera:type": "panning",
        "image": "https://alpr.pictures/san-francisco/battery%20east%20parking%20north%20side.jpg",
        "man_made": "surveillance",
        "manufacturer": "Flock Safety",
        "manufacturer:wikidata": "Q108485435",
        "surveillance": "public",
        "surveillance:type": "camera"
      },
      "geometry": {
        "type": "Point",
        "coordinates": [
          -122.4725484,
          37.8072366
        ]
      },
      "id": "node/13903005209"
    },
    {
      "type": "Feature",
      "properties": {
        "@id": "node/13950960201",
        "camera:type": "fixed",
        "direction": "180",
        "man_made": "surveillance",
        "manufacturer": "Flock Safety",
        "manufacturer:wikidata": "Q108485435",
        "surveillance": "public",
        "surveillance:type": "ALPR",
        "surveillance:zone": "traffic"
      },
      "geometry": {
        "type": "Point",
        "coordinates": [
          -122.464378,
          37.7366732
        ]
      },
      "id": "node/13950960201"
    },
    {
      "type": "Feature",
      "properties": {
        "@id": "node/13950962701",
        "camera:type": "fixed",
        "direction": "172",
        "man_made": "surveillance",
        "manufacturer": "Flock Safety",
        "manufacturer:wikidata": "Q108485435",
        "surveillance": "public",
        "surveillance:type": "ALPR",
        "surveillance:zone": "traffic"
      },
      "geometry": {
        "type": "Point",
        "coordinates": [
          -122.4646352,
          37.7368307
        ]
      },
      "id": "node/13950962701"
    },
    {
      "type": "Feature",
      "properties": {
        "@id": "node/13950967101",
        "camera:type": "fixed",
        "direction": "256",
        "man_made": "surveillance",
        "manufacturer": "Flock Safety",
        "manufacturer:wikidata": "Q108485435",
        "surveillance": "public",
        "surveillance:type": "ALPR",
        "surveillance:zone": "traffic"
      },
      "geometry": {
        "type": "Point",
        "coordinates": [
          -122.4650571,
          37.7370513
        ]
      },
      "id": "node/13950967101"
    },
    {
      "type": "Feature",
      "properties": {
        "@id": "node/13954753401",
        "camera:mount": "pole",
        "camera:type": "fixed",
        "direction": "0",
        "image": "https://alpr.pictures/san-francisco/long%20nbfs%20lincoln.jpg",
        "man_made": "surveillance",
        "manufacturer": "Flock Safety",
        "manufacturer:wikidata": "Q108485435",
        "surveillance": "public",
        "surveillance:type": "ALPR",
        "surveillance:zone": "traffic"
      },
      "geometry": {
        "type": "Point",
        "coordinates": [
          -122.4699385,
          37.805884
        ]
      },
      "id": "node/13954753401"
    },
    {
      "type": "Feature",
      "properties": {
        "@id": "node/13958845101",
        "camera:type": "fixed",
        "direction": "156",
        "man_made": "surveillance",
        "manufacturer": "Flock Safety",
        "manufacturer:wikidata": "Q108485435",
        "surveillance": "public",
        "surveillance:type": "ALPR",
        "surveillance:zone": "traffic"
      },
      "geometry": {
        "type": "Point",
        "coordinates": [
          -122.4751458,
          37.7293947
        ]
      },
      "id": "node/13958845101"
    },
    {
      "type": "Feature",
      "properties": {
        "@id": "node/13958845401",
        "camera:type": "fixed",
        "direction": "199",
        "image": "https://alpr.pictures/san-francisco/buckingham%20sbns%20winston.jpg",
        "man_made": "surveillance",
        "manufacturer": "Flock Safety",
        "manufacturer:wikidata": "Q108485435",
        "surveillance": "public",
        "surveillance:type": "ALPR",
        "surveillance:zone": "traffic"
      },
      "geometry": {
        "type": "Point",
        "coordinates": [
          -122.4784835,
          37.7287971
        ]
      },
      "id": "node/13958845401"
    },
    {
      "type": "Feature",
      "properties": {
        "@id": "node/13959164801",
        "camera:type": "fixed",
        "direction": "16",
        "man_made": "surveillance",
        "manufacturer": "Flock Safety",
        "manufacturer:wikidata": "Q108485435",
        "surveillance": "public",
        "surveillance:type": "ALPR",
        "surveillance:zone": "traffic"
      },
      "geometry": {
        "type": "Point",
        "coordinates": [
          -122.4937584,
          37.7324851
        ]
      },
      "id": "node/13959164801"
    },
    {
      "type": "Feature",
      "properties": {
        "@id": "node/13961462601",
        "camera:type": "fixed",
        "direction": "359",
        "man_made": "surveillance",
        "manufacturer": "Flock Safety",
        "manufacturer:wikidata": "Q108485435",
        "surveillance": "public",
        "surveillance:type": "ALPR",
        "surveillance:zone": "traffic"
      },
      "geometry": {
        "type": "Point",
        "coordinates": [
          -122.3957159,
          37.7536429
        ]
      },
      "id": "node/13961462601"
    },
    {
      "type": "Feature",
      "properties": {
        "@id": "node/13963068603",
        "camera:type": "fixed",
        "direction": "352",
        "man_made": "surveillance",
        "manufacturer": "Flock Safety",
        "manufacturer:wikidata": "Q108485435",
        "surveillance": "public",
        "surveillance:type": "ALPR",
        "surveillance:zone": "traffic"
      },
      "geometry": {
        "type": "Point",
        "coordinates": [
          -122.4760111,
          37.7266344
        ]
      },
      "id": "node/13963068603"
    },
    {
      "type": "Feature",
      "properties": {
        "@id": "node/13963073401",
        "camera:type": "fixed",
        "direction": "174",
        "man_made": "surveillance",
        "manufacturer": "Flock Safety",
        "manufacturer:wikidata": "Q108485435",
        "surveillance": "public",
        "surveillance:type": "ALPR",
        "surveillance:zone": "traffic"
      },
      "geometry": {
        "type": "Point",
        "coordinates": [
          -122.476059,
          37.7275286
        ]
      },
      "id": "node/13963073401"
    },
    {
      "type": "Feature",
      "properties": {
        "@id": "node/13968835002",
        "camera:type": "fixed",
        "direction": "0",
        "man_made": "surveillance",
        "manufacturer": "Flock Safety",
        "manufacturer:wikidata": "Q108485435",
        "surveillance": "public",
        "surveillance:type": "ALPR",
        "surveillance:zone": "traffic"
      },
      "geometry": {
        "type": "Point",
        "coordinates": [
          -122.4195259,
          37.7785347
        ]
      },
      "id": "node/13968835002"
    },
    {
      "type": "Feature",
      "properties": {
        "@id": "node/13971128001",
        "camera:mount": "street_lamp",
        "camera:type": "fixed",
        "direction": "179",
        "man_made": "surveillance",
        "manufacturer": "Flock Safety",
        "manufacturer:wikidata": "Q108485435",
        "surveillance": "public",
        "surveillance:type": "ALPR",
        "surveillance:zone": "traffic"
      },
      "geometry": {
        "type": "Point",
        "coordinates": [
          -122.4476706,
          37.7195467
        ]
      },
      "id": "node/13971128001"
    },
    {
      "type": "Feature",
      "properties": {
        "@id": "node/13986670701",
        "camera:type": "fixed",
        "direction": "0",
        "man_made": "surveillance",
        "manufacturer": "Flock Safety",
        "manufacturer:wikidata": "Q108485435",
        "surveillance": "public",
        "surveillance:type": "ALPR",
        "surveillance:zone": "traffic"
      },
      "geometry": {
        "type": "Point",
        "coordinates": [
          -122.5013085,
          37.7185834
        ]
      },
      "id": "node/13986670701"
    },
    {
      "type": "Feature",
      "properties": {
        "@id": "node/13996539401",
        "camera:type": "fixed",
        "direction": "106",
        "man_made": "surveillance",
        "manufacturer": "Flock Safety",
        "manufacturer:wikidata": "Q108485435",
        "surveillance": "public",
        "surveillance:type": "ALPR",
        "surveillance:zone": "traffic"
      },
      "geometry": {
        "type": "Point",
        "coordinates": [
          -122.4463824,
          37.7919154
        ]
      },
      "id": "node/13996539401"
    },
    {
      "type": "Feature",
      "properties": {
        "@id": "node/14017249401",
        "camera:type": "fixed",
        "direction": "0",
        "man_made": "surveillance",
        "manufacturer": "Flock Safety",
        "manufacturer:wikidata": "Q108485435",
        "surveillance": "public",
        "surveillance:type": "ALPR",
        "surveillance:zone": "traffic"
      },
      "geometry": {
        "type": "Point",
        "coordinates": [
          -122.4098068,
          37.7819954
        ]
      },
      "id": "node/14017249401"
    },
    {
      "type": "Feature",
      "properties": {
        "@id": "node/14017249402",
        "camera:type": "fixed",
        "direction": "0",
        "man_made": "surveillance",
        "manufacturer": "Motorola Solutions",
        "manufacturer:wikidata": "Q634815",
        "surveillance": "public",
        "surveillance:type": "ALPR",
        "surveillance:zone": "traffic"
      },
      "geometry": {
        "type": "Point",
        "coordinates": [
          -122.409864,
          37.7818477
        ]
      },
      "id": "node/14017249402"
    },
    {
      "type": "Feature",
      "properties": {
        "@id": "node/14017252501",
        "camera:type": "fixed",
        "direction": "51",
        "man_made": "surveillance",
        "manufacturer": "Neology, Inc.",
        "surveillance": "public",
        "surveillance:type": "ALPR",
        "surveillance:zone": "traffic"
      },
      "geometry": {
        "type": "Point",
        "coordinates": [
          -122.4098747,
          37.7818583
        ]
      },
      "id": "node/14017252501"
    },
    {
      "type": "Feature",
      "properties": {
        "@id": "node/14020853311",
        "camera:direction": "354",
        "camera:mount": "wall",
        "camera:type": "fixed",
        "man_made": "surveillance",
        "surveillance": "public",
        "surveillance:type": "camera",
        "surveillance:zone": "entrance"
      },
      "geometry": {
        "type": "Point",
        "coordinates": [
          -122.3890183,
          37.7827583
        ]
      },
      "id": "node/14020853311"
    },
    {
      "type": "Feature",
      "properties": {
        "@id": "node/14020881720",
        "camera:direction": "139",
        "camera:mount": "wall",
        "camera:type": "dome",
        "man_made": "surveillance",
        "surveillance": "outdoor",
        "surveillance:type": "camera",
        "surveillance:zone": "entrance"
      },
      "geometry": {
        "type": "Point",
        "coordinates": [
          -122.3887979,
          37.7825588
        ]
      },
      "id": "node/14020881720"
    },
    {
      "type": "Feature",
      "properties": {
        "@id": "node/14020885932",
        "camera:direction": "314",
        "camera:mount": "wall",
        "camera:type": "dome",
        "man_made": "surveillance",
        "surveillance": "outdoor",
        "surveillance:type": "camera",
        "surveillance:zone": "entrance"
      },
      "geometry": {
        "type": "Point",
        "coordinates": [
          -122.3888178,
          37.7825718
        ]
      },
      "id": "node/14020885932"
    },
    {
      "type": "Feature",
      "properties": {
        "@id": "node/14020896073",
        "camera:direction": "43",
        "camera:mount": "wall",
        "camera:type": "dome",
        "man_made": "surveillance",
        "surveillance": "outdoor",
        "surveillance:type": "camera",
        "surveillance:zone": "entrance"
      },
      "geometry": {
        "type": "Point",
        "coordinates": [
          -122.3892313,
          37.7818682
        ]
      },
      "id": "node/14020896073"
    },
    {
      "type": "Feature",
      "properties": {
        "@id": "node/14020904405",
        "camera:direction": "131",
        "camera:mount": "wall",
        "camera:type": "dome",
        "man_made": "surveillance",
        "surveillance": "outdoor",
        "surveillance:type": "camera",
        "surveillance:zone": "entrance"
      },
      "geometry": {
        "type": "Point",
        "coordinates": [
          -122.389227,
          37.7818299
        ]
      },
      "id": "node/14020904405"
    },
    {
      "type": "Feature",
      "properties": {
        "@id": "node/14020906561",
        "camera:direction": "52",
        "camera:mount": "wall",
        "camera:type": "dome",
        "man_made": "surveillance",
        "surveillance": "public",
        "surveillance:type": "camera",
        "surveillance:zone": "street"
      },
      "geometry": {
        "type": "Point",
        "coordinates": [
          -122.3905231,
          37.7817666
        ]
      },
      "id": "node/14020906561"
    },
    {
      "type": "Feature",
      "properties": {
        "@id": "node/14020909671",
        "camera:direction": "0",
        "camera:mount": "wall",
        "camera:type": "fixed",
        "level": "2",
        "man_made": "surveillance",
        "surveillance": "public",
        "surveillance:type": "camera",
        "surveillance:zone": "street"
      },
      "geometry": {
        "type": "Point",
        "coordinates": [
          -122.3899224,
          37.7812915
        ]
      },
      "id": "node/14020909671"
    },
    {
      "type": "Feature",
      "properties": {
        "@id": "node/14020912603",
        "camera:direction": "340",
        "camera:mount": "wall",
        "camera:type": "fixed",
        "man_made": "surveillance",
        "surveillance": "outdoor",
        "surveillance:type": "camera",
        "surveillance:zone": "corridor"
      },
      "geometry": {
        "type": "Point",
        "coordinates": [
          -122.3892433,
          37.7818778
        ]
      },
      "id": "node/14020912603"
    },
    {
      "type": "Feature",
      "properties": {
        "@id": "node/14020916874",
        "camera:direction": "85",
        "camera:mount": "wall",
        "camera:type": "fixed",
        "man_made": "surveillance",
        "surveillance": "outdoor",
        "surveillance:type": "camera",
        "surveillance:zone": "entrance"
      },
      "geometry": {
        "type": "Point",
        "coordinates": [
          -122.3903724,
          37.7816476
        ]
      },
      "id": "node/14020916874"
    },
    {
      "type": "Feature",
      "properties": {
        "@id": "node/14020925603",
        "camera:direction": "174",
        "camera:mount": "wall",
        "camera:type": "fixed",
        "level": "2",
        "man_made": "surveillance",
        "surveillance": "public",
        "surveillance:type": "camera",
        "surveillance:zone": "street"
      },
      "geometry": {
        "type": "Point",
        "coordinates": [
          -122.3899232,
          37.781265
        ]
      },
      "id": "node/14020925603"
    },
    {
      "type": "Feature",
      "properties": {
        "@id": "node/14020926671",
        "camera:direction": "223",
        "camera:mount": "wall",
        "camera:type": "dome",
        "man_made": "surveillance",
        "surveillance": "outdoor",
        "surveillance:type": "camera",
        "surveillance:zone": "entrance"
      },
      "geometry": {
        "type": "Point",
        "coordinates": [
          -122.3901079,
          37.7816923
        ]
      },
      "id": "node/14020926671"
    },
    {
      "type": "Feature",
      "properties": {
        "@id": "node/14020927478",
        "camera:direction": "48",
        "camera:mount": "wall",
        "camera:type": "dome",
        "man_made": "surveillance",
        "surveillance": "public",
        "surveillance:type": "camera",
        "surveillance:zone": "street"
      },
      "geometry": {
        "type": "Point",
        "coordinates": [
          -122.3909569,
          37.7821092
        ]
      },
      "id": "node/14020927478"
    },
    {
      "type": "Feature",
      "properties": {
        "@id": "node/14020927536",
        "camera:direction": "320",
        "camera:mount": "wall",
        "camera:type": "dome",
        "man_made": "surveillance",
        "surveillance": "public",
        "surveillance:type": "camera",
        "surveillance:zone": "street"
      },
      "geometry": {
        "type": "Point",
        "coordinates": [
          -122.3910063,
          37.7821483
        ]
      },
      "id": "node/14020927536"
    },
    {
      "type": "Feature",
      "properties": {
        "@id": "node/14022847490",
        "camera:direction": "309",
        "camera:mount": "wall",
        "camera:type": "fixed",
        "man_made": "surveillance",
        "surveillance": "indoor",
        "surveillance:type": "camera"
      },
      "geometry": {
        "type": "Point",
        "coordinates": [
          -122.3893837,
          37.7835141
        ]
      },
      "id": "node/14022847490"
    },
    {
      "type": "Feature",
      "properties": {
        "@id": "node/14022879192",
        "camera:direction": "136",
        "camera:mount": "wall",
        "camera:type": "doorbell",
        "man_made": "surveillance",
        "surveillance": "outdoor",
        "surveillance:type": "camera",
        "surveillance:zone": "entrance"
      },
      "geometry": {
        "type": "Point",
        "coordinates": [
          -122.3888475,
          37.7845948
        ]
      },
      "id": "node/14022879192"
    },
    {
      "type": "Feature",
      "properties": {
        "@id": "node/14022885780",
        "camera:direction": "105",
        "camera:mount": "wall",
        "camera:type": "dome",
        "man_made": "surveillance",
        "surveillance": "public",
        "surveillance:type": "camera",
        "surveillance:zone": "entrance"
      },
      "geometry": {
        "type": "Point",
        "coordinates": [
          -122.3883758,
          37.7843892
        ]
      },
      "id": "node/14022885780"
    },
    {
      "type": "Feature",
      "properties": {
        "@id": "node/14022886211",
        "camera:direction": "228",
        "camera:mount": "wall",
        "camera:type": "dome",
        "man_made": "surveillance",
        "surveillance": "outdoor",
        "surveillance:type": "camera",
        "surveillance:zone": "entrance"
      },
      "geometry": {
        "type": "Point",
        "coordinates": [
          -122.3892521,
          37.7843258
        ]
      },
      "id": "node/14022886211"
    },
    {
      "type": "Feature",
      "properties": {
        "@id": "node/14022889818",
        "camera:direction": "185",
        "camera:mount": "wall",
        "camera:type": "dome",
        "man_made": "surveillance",
        "surveillance": "outdoor",
        "surveillance:type": "camera",
        "surveillance:zone": "entrance"
      },
      "geometry": {
        "type": "Point",
        "coordinates": [
          -122.388575,
          37.783092
        ]
      },
      "id": "node/14022889818"
    },
    {
      "type": "Feature",
      "properties": {
        "@id": "node/14022891978",
        "camera:direction": "138",
        "camera:mount": "wall",
        "camera:type": "dome",
        "man_made": "surveillance",
        "surveillance": "outdoor",
        "surveillance:type": "camera",
        "surveillance:zone": "entrance"
      },
      "geometry": {
        "type": "Point",
        "coordinates": [
          -122.3888094,
          37.783038
        ]
      },
      "id": "node/14022891978"
    },
    {
      "type": "Feature",
      "properties": {
        "@id": "node/14022892481",
        "camera:direction": "228",
        "camera:mount": "wall",
        "camera:type": "fixed",
        "man_made": "surveillance",
        "surveillance": "indoor",
        "surveillance:type": "camera",
        "surveillance:zone": "shop"
      },
      "geometry": {
        "type": "Point",
        "coordinates": [
          -122.3888926,
          37.7830676
        ]
      },
      "id": "node/14022892481"
    },
    {
      "type": "Feature",
      "properties": {
        "@id": "node/14022892956",
        "camera:direction": "2",
        "camera:mount": "wall",
        "camera:type": "doorbell",
        "man_made": "surveillance",
        "surveillance": "outdoor",
        "surveillance:type": "camera",
        "surveillance:zone": "entrance"
      },
      "geometry": {
        "type": "Point",
        "coordinates": [
          -122.3896442,
          37.7860424
        ]
      },
      "id": "node/14022892956"
    },
    {
      "type": "Feature",
      "properties": {
        "@id": "node/14022896438",
        "camera:direction": "179",
        "camera:mount": "wall",
        "camera:type": "fixed",
        "man_made": "surveillance",
        "surveillance": "outdoor",
        "surveillance:type": "camera",
        "surveillance:zone": "entrance"
      },
      "geometry": {
        "type": "Point",
        "coordinates": [
          -122.388389,
          37.7840718
        ]
      },
      "id": "node/14022896438"
    },
    {
      "type": "Feature",
      "properties": {
        "@id": "node/14022898775",
        "camera:direction": "95",
        "camera:mount": "wall",
        "camera:type": "fixed",
        "man_made": "surveillance",
        "surveillance": "outdoor",
        "surveillance:type": "camera",
        "surveillance:zone": "entrance"
      },
      "geometry": {
        "type": "Point",
        "coordinates": [
          -122.388564,
          37.7852103
        ]
      },
      "id": "node/14022898775"
    },
    {
      "type": "Feature",
      "properties": {
        "@id": "node/14022899149",
        "camera:direction": "68",
        "camera:mount": "wall",
        "camera:type": "fixed",
        "man_made": "surveillance",
        "surveillance": "outdoor",
        "surveillance:type": "camera",
        "surveillance:zone": "entrance"
      },
      "geometry": {
        "type": "Point",
        "coordinates": [
          -122.3883734,
          37.7849701
        ]
      },
      "id": "node/14022899149"
    },
    {
      "type": "Feature",
      "properties": {
        "@id": "node/14022902822",
        "camera:direction": "337",
        "camera:mount": "wall",
        "camera:type": "fixed",
        "man_made": "surveillance",
        "surveillance": "outdoor",
        "surveillance:type": "camera",
        "surveillance:zone": "entrance"
      },
      "geometry": {
        "type": "Point",
        "coordinates": [
          -122.3885729,
          37.7852172
        ]
      },
      "id": "node/14022902822"
    },
    {
      "type": "Feature",
      "properties": {
        "@id": "node/14022903173",
        "camera:direction": "229",
        "camera:mount": "wall",
        "camera:type": "fixed",
        "man_made": "surveillance",
        "surveillance": "outdoor",
        "surveillance:type": "camera",
        "surveillance:zone": "entrance"
      },
      "geometry": {
        "type": "Point",
        "coordinates": [
          -122.3883189,
          37.7850101
        ]
      },
      "id": "node/14022903173"
    },
    {
      "type": "Feature",
      "properties": {
        "@id": "node/14022904950",
        "camera:direction": "227",
        "camera:mount": "wall",
        "camera:type": "fixed",
        "man_made": "surveillance",
        "surveillance": "outdoor",
        "surveillance:type": "camera"
      },
      "geometry": {
        "type": "Point",
        "coordinates": [
          -122.3886133,
          37.7849997
        ]
      },
      "id": "node/14022904950"
    },
    {
      "type": "Feature",
      "properties": {
        "@id": "node/14022915397",
        "camera:direction": "47",
        "camera:mount": "wall",
        "camera:type": "dome",
        "man_made": "surveillance",
        "surveillance": "public",
        "surveillance:type": "camera",
        "surveillance:zone": "street"
      },
      "geometry": {
        "type": "Point",
        "coordinates": [
          -122.3887666,
          37.7853678
        ]
      },
      "id": "node/14022915397"
    },
    {
      "type": "Feature",
      "properties": {
        "@id": "node/14022916360",
        "camera:direction": "341",
        "camera:mount": "wall",
        "camera:type": "fixed",
        "man_made": "surveillance",
        "surveillance": "outdoor",
        "surveillance:type": "camera",
        "surveillance:zone": "entrance"
      },
      "geometry": {
        "type": "Point",
        "coordinates": [
          -122.3883365,
          37.7850334
        ]
      },
      "id": "node/14022916360"
    },
    {
      "type": "Feature",
      "properties": {
        "@id": "node/14022922023",
        "camera:direction": "246",
        "camera:mount": "wall",
        "camera:type": "fixed",
        "man_made": "surveillance",
        "surveillance": "outdoor",
        "surveillance:type": "camera",
        "surveillance:zone": "entrance"
      },
      "geometry": {
        "type": "Point",
        "coordinates": [
          -122.3883896,
          37.7849707
        ]
      },
      "id": "node/14022922023"
    },
    {
      "type": "Feature",
      "properties": {
        "@id": "node/14022940442",
        "camera:direction": "94",
        "camera:mount": "wall",
        "camera:type": "fixed",
        "man_made": "surveillance",
        "surveillance": "public",
        "surveillance:type": "camera",
        "surveillance:zone": "street"
      },
      "geometry": {
        "type": "Point",
        "coordinates": [
          -122.3896094,
          37.7860375
        ]
      },
      "id": "node/14022940442"
    },
    {
      "type": "Feature",
      "properties": {
        "@id": "node/14022943227",
        "camera:direction": "269",
        "camera:mount": "wall",
        "camera:type": "dome",
        "man_made": "surveillance",
        "surveillance": "outdoor",
        "surveillance:type": "camera",
        "surveillance:zone": "entrance"
      },
      "geometry": {
        "type": "Point",
        "coordinates": [
          -122.3907814,
          37.7849734
        ]
      },
      "id": "node/14022943227"
    },
    {
      "type": "Feature",
      "properties": {
        "@id": "node/14022943876",
        "camera:direction": "319",
        "camera:mount": "wall",
        "camera:type": "dome",
        "man_made": "surveillance",
        "surveillance": "public",
        "surveillance:type": "camera",
        "surveillance:zone": "street"
      },
      "geometry": {
        "type": "Point",
        "coordinates": [
          -122.3907575,
          37.7852001
        ]
      },
      "id": "node/14022943876"
    },
    {
      "type": "Feature",
      "properties": {
        "@id": "node/14022951260",
        "camera:direction": "231",
        "camera:mount": "wall",
        "camera:type": "dome",
        "man_made": "surveillance",
        "surveillance": "public",
        "surveillance:type": "camera",
        "surveillance:zone": "street"
      },
      "geometry": {
        "type": "Point",
        "coordinates": [
          -122.3891388,
          37.7859766
        ]
      },
      "id": "node/14022951260"
    },
    {
      "type": "Feature",
      "properties": {
        "@id": "node/14022953803",
        "camera:direction": "321",
        "camera:mount": "wall",
        "camera:type": "dome",
        "man_made": "surveillance",
        "surveillance": "public",
        "surveillance:type": "camera",
        "surveillance:zone": "street"
      },
      "geometry": {
        "type": "Point",
        "coordinates": [
          -122.3899043,
          37.7858437
        ]
      },
      "id": "node/14022953803"
    },
    {
      "type": "Feature",
      "properties": {
        "@id": "node/14022960303",
        "camera:direction": "319",
        "camera:mount": "wall",
        "camera:type": "dome",
        "man_made": "surveillance",
        "surveillance": "public",
        "surveillance:type": "camera",
        "surveillance:zone": "street"
      },
      "geometry": {
        "type": "Point",
        "coordinates": [
          -122.3903131,
          37.7855234
        ]
      },
      "id": "node/14022960303"
    },
    {
      "type": "Feature",
      "properties": {
        "@id": "node/14023034466",
        "camera:direction": "179",
        "camera:mount": "wall",
        "camera:type": "doorbell",
        "man_made": "surveillance",
        "surveillance": "outdoor",
        "surveillance:type": "camera",
        "surveillance:zone": "entrance"
      },
      "geometry": {
        "type": "Point",
        "coordinates": [
          -122.3898704,
          37.7837942
        ]
      },
      "id": "node/14023034466"
    },
    {
      "type": "Feature",
      "properties": {
        "@id": "node/14023037164",
        "camera:direction": "165",
        "camera:mount": "wall",
        "camera:type": "fixed",
        "man_made": "surveillance",
        "surveillance": "outdoor",
        "surveillance:type": "camera"
      },
      "geometry": {
        "type": "Point",
        "coordinates": [
          -122.3898156,
          37.7850537
        ]
      },
      "id": "node/14023037164"
    },
    {
      "type": "Feature",
      "properties": {
        "@id": "node/14023043169",
        "camera:direction": "156",
        "camera:mount": "wall",
        "camera:type": "fixed",
        "man_made": "surveillance",
        "surveillance": "outdoor",
        "surveillance:type": "camera",
        "surveillance:zone": "entrance"
      },
      "geometry": {
        "type": "Point",
        "coordinates": [
          -122.3900842,
          37.7843231
        ]
      },
      "id": "node/14023043169"
    },
    {
      "type": "Feature",
      "properties": {
        "@id": "node/14023064845",
        "camera:direction": "24",
        "camera:mount": "wall",
        "camera:type": "dome",
        "man_made": "surveillance",
        "surveillance": "outdoor",
        "surveillance:type": "camera",
        "surveillance:zone": "entrance"
      },
      "geometry": {
        "type": "Point",
        "coordinates": [
          -122.3906433,
          37.784056
        ]
      },
      "id": "node/14023064845"
    },
    {
      "type": "Feature",
      "properties": {
        "@id": "node/14023068391",
        "camera:direction": "179",
        "camera:mount": "wall",
        "camera:type": "fixed",
        "man_made": "surveillance",
        "surveillance:type": "camera"
      },
      "geometry": {
        "type": "Point",
        "coordinates": [
          -122.3915665,
          37.7840422
        ]
      },
      "id": "node/14023068391"
    },
    {
      "type": "Feature",
      "properties": {
        "@id": "node/14023069199",
        "camera:direction": "48",
        "camera:mount": "wall",
        "camera:type": "dome",
        "man_made": "surveillance",
        "surveillance": "outdoor",
        "surveillance:type": "camera",
        "surveillance:zone": "entrance"
      },
      "geometry": {
        "type": "Point",
        "coordinates": [
          -122.39039,
          37.7838679
        ]
      },
      "id": "node/14023069199"
    },
    {
      "type": "Feature",
      "properties": {
        "@id": "node/14023080972",
        "camera:direction": "50",
        "camera:mount": "wall",
        "camera:type": "doorbell",
        "man_made": "surveillance",
        "surveillance": "outdoor",
        "surveillance:type": "camera",
        "surveillance:zone": "entrance"
      },
      "geometry": {
        "type": "Point",
        "coordinates": [
          -122.3911329,
          37.7844688
        ]
      },
      "id": "node/14023080972"
    },
    {
      "type": "Feature",
      "properties": {
        "@id": "node/14023090297",
        "camera:direction": "231",
        "camera:mount": "wall",
        "camera:type": "dome",
        "man_made": "surveillance",
        "surveillance": "outdoor",
        "surveillance:type": "camera",
        "surveillance:zone": "entrance"
      },
      "geometry": {
        "type": "Point",
        "coordinates": [
          -122.3922652,
          37.7822316
        ]
      },
      "id": "node/14023090297"
    },
    {
      "type": "Feature",
      "properties": {
        "@id": "node/14023091382",
        "camera:direction": "323",
        "camera:mount": "wall",
        "camera:type": "dome",
        "man_made": "surveillance",
        "surveillance": "public",
        "surveillance:type": "camera",
        "surveillance:zone": "street"
      },
      "geometry": {
        "type": "Point",
        "coordinates": [
          -122.3926893,
          37.7836638
        ]
      },
      "id": "node/14023091382"
    },
    {
      "type": "Feature",
      "properties": {
        "@id": "node/14023096401",
        "camera:direction": "51",
        "camera:mount": "wall",
        "camera:type": "dome",
        "man_made": "surveillance",
        "surveillance": "public",
        "surveillance:type": "camera",
        "surveillance:zone": "street"
      },
      "geometry": {
        "type": "Point",
        "coordinates": [
          -122.3909238,
          37.7842757
        ]
      },
      "id": "node/14023096401"
    },
    {
      "type": "Feature",
      "properties": {
        "@id": "node/14023096677",
        "camera:direction": "50",
        "camera:mount": "wall",
        "camera:type": "dome",
        "man_made": "surveillance",
        "surveillance": "outdoor",
        "surveillance:type": "camera",
        "surveillance:zone": "entrance"
      },
      "geometry": {
        "type": "Point",
        "coordinates": [
          -122.3913335,
          37.7846202
        ]
      },
      "id": "node/14023096677"
    },
    {
      "type": "Feature",
      "properties": {
        "@id": "node/14023096934",
        "camera:direction": "223",
        "camera:mount": "wall",
        "camera:type": "dome",
        "man_made": "surveillance",
        "surveillance": "outdoor",
        "surveillance:type": "camera",
        "surveillance:zone": "entrance"
      },
      "geometry": {
        "type": "Point",
        "coordinates": [
          -122.3915728,
          37.7838021
        ]
      },
      "id": "node/14023096934"
    },
    {
      "type": "Feature",
      "properties": {
        "@id": "node/14023118433",
        "camera:direction": "48",
        "camera:mount": "wall",
        "camera:type": "dome",
        "man_made": "surveillance",
        "surveillance": "public",
        "surveillance:type": "camera",
        "surveillance:zone": "street"
      },
      "geometry": {
        "type": "Point",
        "coordinates": [
          -122.3919098,
          37.7840234
        ]
      },
      "id": "node/14023118433"
    },
    {
      "type": "Feature",
      "properties": {
        "@id": "node/14023123439",
        "camera:direction": "257",
        "camera:mount": "wall",
        "camera:type": "fixed",
        "man_made": "surveillance",
        "surveillance": "public",
        "surveillance:type": "camera",
        "surveillance:zone": "street"
      },
      "geometry": {
        "type": "Point",
        "coordinates": [
          -122.3919219,
          37.7842691
        ]
      },
      "id": "node/14023123439"
    },
    {
      "type": "Feature",
      "properties": {
        "@id": "node/14023123473",
        "camera:direction": "229",
        "camera:mount": "wall",
        "camera:type": "dome",
        "man_made": "surveillance",
        "surveillance": "public",
        "surveillance:type": "camera",
        "surveillance:zone": "entrance"
      },
      "geometry": {
        "type": "Point",
        "coordinates": [
          -122.3929346,
          37.7826916
        ]
      },
      "id": "node/14023123473"
    },
    {
      "type": "Feature",
      "properties": {
        "@id": "node/14023126465",
        "camera:direction": "277",
        "camera:mount": "wall",
        "camera:type": "fixed",
        "man_made": "surveillance",
        "surveillance": "outdoor",
        "surveillance:type": "camera",
        "surveillance:zone": "parking"
      },
      "geometry": {
        "type": "Point",
        "coordinates": [
          -122.3915787,
          37.7841752
        ]
      },
      "id": "node/14023126465"
    },
    {
      "type": "Feature",
      "properties": {
        "@id": "node/14023130444",
        "camera:direction": "351",
        "camera:mount": "wall",
        "camera:type": "fixed",
        "man_made": "surveillance",
        "surveillance": "outdoor",
        "surveillance:type": "camera",
        "surveillance:zone": "parking"
      },
      "geometry": {
        "type": "Point",
        "coordinates": [
          -122.3915633,
          37.7841871
        ]
      },
      "id": "node/14023130444"
    },
    {
      "type": "Feature",
      "properties": {
        "@id": "node/14023130454",
        "camera:direction": "145",
        "camera:mount": "wall",
        "camera:type": "dome",
        "man_made": "surveillance",
        "surveillance": "public",
        "surveillance:type": "camera",
        "surveillance:zone": "street"
      },
      "geometry": {
        "type": "Point",
        "coordinates": [
          -122.3919796,
          37.7828721
        ]
      },
      "id": "node/14023130454"
    },
    {
      "type": "Feature",
      "properties": {
        "@id": "node/14023131454",
        "camera:direction": "343",
        "camera:mount": "wall",
        "camera:type": "fixed",
        "man_made": "surveillance",
        "surveillance": "outdoor",
        "surveillance:type": "camera",
        "surveillance:zone": "parking"
      },
      "geometry": {
        "type": "Point",
        "coordinates": [
          -122.3914635,
          37.7841431
        ]
      },
      "id": "node/14023131454"
    },
    {
      "type": "Feature",
      "properties": {
        "@id": "node/14023136459",
        "camera:direction": "224",
        "camera:mount": "wall",
        "camera:type": "dome",
        "man_made": "surveillance",
        "surveillance": "outdoor",
        "surveillance:type": "camera",
        "surveillance:zone": "entrance"
      },
      "geometry": {
        "type": "Point",
        "coordinates": [
          -122.3927225,
          37.7835517
        ]
      },
      "id": "node/14023136459"
    },
    {
      "type": "Feature",
      "properties": {
        "@id": "node/14023136586",
        "camera:direction": "323",
        "camera:mount": "wall",
        "camera:type": "dome",
        "man_made": "surveillance",
        "surveillance": "public",
        "surveillance:type": "camera",
        "surveillance:zone": "street"
      },
      "geometry": {
        "type": "Point",
        "coordinates": [
          -122.3925842,
          37.7837482
        ]
      },
      "id": "node/14023136586"
    },
    {
      "type": "Feature",
      "properties": {
        "@id": "node/14023143022",
        "camera:direction": "323",
        "camera:mount": "wall",
        "camera:type": "dome",
        "man_made": "surveillance",
        "surveillance": "public",
        "surveillance:type": "camera",
        "surveillance:zone": "street"
      },
      "geometry": {
        "type": "Point",
        "coordinates": [
          -122.3924841,
          37.7838285
        ]
      },
      "id": "node/14023143022"
    },
    {
      "type": "Feature",
      "properties": {
        "@id": "node/14023143051",
        "camera:direction": "223",
        "camera:mount": "wall",
        "camera:type": "dome",
        "man_made": "surveillance",
        "surveillance": "public",
        "surveillance:type": "camera",
        "surveillance:zone": "entrance"
      },
      "geometry": {
        "type": "Point",
        "coordinates": [
          -122.3918551,
          37.7828947
        ]
      },
      "id": "node/14023143051"
    },
    {
      "type": "Feature",
      "properties": {
        "@id": "node/14023143061",
        "camera:direction": "270",
        "camera:mount": "wall",
        "camera:type": "fixed",
        "man_made": "surveillance",
        "surveillance": "public",
        "surveillance:type": "camera",
        "surveillance:zone": "street"
      },
      "geometry": {
        "type": "Point",
        "coordinates": [
          -122.3922608,
          37.7825029
        ]
      },
      "id": "node/14023143061"
    },
    {
      "type": "Feature",
      "properties": {
        "@id": "node/14023143066",
        "camera:direction": "230",
        "camera:mount": "wall",
        "camera:type": "doorbell",
        "man_made": "surveillance",
        "surveillance": "public",
        "surveillance:type": "camera",
        "surveillance:zone": "entrance"
      },
      "geometry": {
        "type": "Point",
        "coordinates": [
          -122.3927539,
          37.7825503
        ]
      },
      "id": "node/14023143066"
    },
    {
      "type": "Feature",
      "properties": {
        "@id": "node/14023145901",
        "camera:type": "fixed",
        "direction": "234",
        "man_made": "surveillance",
        "manufacturer": "Flock Safety",
        "manufacturer:wikidata": "Q108485435",
        "surveillance": "public",
        "surveillance:type": "ALPR",
        "surveillance:zone": "traffic"
      },
      "geometry": {
        "type": "Point",
        "coordinates": [
          -122.4247795,
          37.8013865
        ]
      },
      "id": "node/14023145901"
    },
    {
      "type": "Feature",
      "properties": {
        "@id": "node/14023152421",
        "camera:direction": "320",
        "camera:mount": "wall",
        "camera:type": "dome",
        "man_made": "surveillance",
        "surveillance": "public",
        "surveillance:type": "camera",
        "surveillance:zone": "entrance"
      },
      "geometry": {
        "type": "Point",
        "coordinates": [
          -122.392934,
          37.7827329
        ]
      },
      "id": "node/14023152421"
    },
    {
      "type": "Feature",
      "properties": {
        "@id": "node/14023154458",
        "camera:direction": "141",
        "camera:mount": "wall",
        "camera:type": "dome",
        "man_made": "surveillance",
        "surveillance": "public",
        "surveillance:type": "camera",
        "surveillance:zone": "entrance"
      },
      "geometry": {
        "type": "Point",
        "coordinates": [
          -122.3921207,
          37.7827603
        ]
      },
      "id": "node/14023154458"
    },
    {
      "type": "Feature",
      "properties": {
        "@id": "node/14023157607",
        "camera:direction": "243",
        "camera:mount": "wall",
        "camera:type": "fixed",
        "man_made": "surveillance",
        "surveillance": "public",
        "surveillance:type": "camera",
        "surveillance:zone": "entrance"
      },
      "geometry": {
        "type": "Point",
        "coordinates": [
          -122.3919584,
          37.7827444
        ]
      },
      "id": "node/14023157607"
    },
    {
      "type": "Feature",
      "properties": {
        "@id": "node/14023160534",
        "camera:direction": "302",
        "camera:mount": "wall",
        "camera:type": "dome",
        "man_made": "surveillance",
        "surveillance": "public",
        "surveillance:type": "camera",
        "surveillance:zone": "street"
      },
      "geometry": {
        "type": "Point",
        "coordinates": [
          -122.391883,
          37.7828049
        ]
      },
      "id": "node/14023160534"
    },
    {
      "type": "Feature",
      "properties": {
        "@id": "node/14023164639",
        "camera:direction": "49",
        "camera:mount": "wall",
        "camera:type": "dome",
        "man_made": "surveillance",
        "surveillance": "public",
        "surveillance:type": "camera",
        "surveillance:zone": "street"
      },
      "geometry": {
        "type": "Point",
        "coordinates": [
          -122.391975,
          37.7829066
        ]
      },
      "id": "node/14023164639"
    },
    {
      "type": "Feature",
      "properties": {
        "@id": "node/14023167221",
        "camera:direction": "229",
        "camera:mount": "wall",
        "camera:type": "dome",
        "man_made": "surveillance",
        "surveillance": "public",
        "surveillance:type": "camera",
        "surveillance:zone": "entrance"
      },
      "geometry": {
        "type": "Point",
        "coordinates": [
          -122.3925894,
          37.7824211
        ]
      },
      "id": "node/14023167221"
    },
    {
      "type": "Feature",
      "properties": {
        "@id": "node/14023174252",
        "camera:direction": "42",
        "camera:mount": "wall",
        "camera:type": "dome",
        "level": "2",
        "man_made": "surveillance",
        "surveillance": "public",
        "surveillance:type": "camera"
      },
      "geometry": {
        "type": "Point",
        "coordinates": [
          -122.3925432,
          37.7824601
        ]
      },
      "id": "node/14023174252"
    },
    {
      "type": "Feature",
      "properties": {
        "@id": "node/14023177301",
        "camera:direction": "103",
        "camera:mount": "wall",
        "camera:type": "fixed",
        "man_made": "surveillance",
        "surveillance": "outdoor",
        "surveillance:type": "camera",
        "surveillance:zone": "parking"
      },
      "geometry": {
        "type": "Point",
        "coordinates": [
          -122.3922301,
          37.7825081
        ]
      },
      "id": "node/14023177301"
    },
    {
      "type": "Feature",
      "properties": {
        "@id": "node/14023179622",
        "camera:direction": "135",
        "camera:mount": "wall",
        "camera:type": "doorbell",
        "man_made": "surveillance",
        "surveillance": "outdoor",
        "surveillance:type": "camera",
        "surveillance:zone": "entrance"
      },
      "geometry": {
        "type": "Point",
        "coordinates": [
          -122.3927197,
          37.7825324
        ]
      },
      "id": "node/14023179622"
    },
    {
      "type": "Feature",
      "properties": {
        "@id": "node/14024777801",
        "camera:mount": "pole",
        "camera:type": "fixed",
        "direction": "245",
        "image": "https://alpr.pictures/san-francisco/mason%20nbns%20north%20bluff%20parking.jpg",
        "man_made": "surveillance",
        "manufacturer": "Flock Safety",
        "manufacturer:wikidata": "Q108485435",
        "surveillance": "public",
        "surveillance:type": "ALPR",
        "surveillance:zone": "traffic"
      },
      "geometry": {
        "type": "Point",
        "coordinates": [
          -122.4690661,
          37.806427
        ]
      },
      "id": "node/14024777801"
    },
    {
      "type": "Feature",
      "properties": {
        "@id": "node/14024968908",
        "camera:direction": "314",
        "camera:type": "fixed",
        "man_made": "surveillance",
        "surveillance": "public",
        "surveillance:type": "camera",
        "surveillance:zone": "entrance"
      },
      "geometry": {
        "type": "Point",
        "coordinates": [
          -122.391184,
          37.7812913
        ]
      },
      "id": "node/14024968908"
    },
    {
      "type": "Feature",
      "properties": {
        "@id": "node/14024974341",
        "camera:direction": "343",
        "camera:mount": "wall",
        "camera:type": "dome",
        "man_made": "surveillance",
        "surveillance": "public",
        "surveillance:type": "camera",
        "surveillance:zone": "street"
      },
      "geometry": {
        "type": "Point",
        "coordinates": [
          -122.3898114,
          37.7810065
        ]
      },
      "id": "node/14024974341"
    },
    {
      "type": "Feature",
      "properties": {
        "@id": "node/14024981434",
        "camera:direction": "274",
        "camera:mount": "wall",
        "camera:type": "dome",
        "man_made": "surveillance",
        "surveillance": "public",
        "surveillance:type": "camera",
        "surveillance:zone": "street"
      },
      "geometry": {
        "type": "Point",
        "coordinates": [
          -122.3898466,
          37.7809786
        ]
      },
      "id": "node/14024981434"
    },
    {
      "type": "Feature",
      "properties": {
        "@id": "node/14024981435",
        "camera:direction": "135",
        "camera:mount": "wall",
        "camera:type": "dome",
        "man_made": "surveillance",
        "surveillance": "public",
        "surveillance:type": "camera",
        "surveillance:zone": "entrance"
      },
      "geometry": {
        "type": "Point",
        "coordinates": [
          -122.3893781,
          37.7804717
        ]
      },
      "id": "node/14024981435"
    },
    {
      "type": "Feature",
      "properties": {
        "@id": "node/14024992336",
        "camera:direction": "48",
        "camera:mount": "wall",
        "camera:type": "dome",
        "man_made": "surveillance",
        "surveillance": "outdoor",
        "surveillance:type": "camera",
        "surveillance:zone": "entrance"
      },
      "geometry": {
        "type": "Point",
        "coordinates": [
          -122.3890592,
          37.7806502
        ]
      },
      "id": "node/14024992336"
    },
    {
      "type": "Feature",
      "properties": {
        "@id": "node/14024996073",
        "camera:direction": "177",
        "camera:mount": "wall",
        "camera:type": "fixed",
        "man_made": "surveillance",
        "surveillance": "outdoor",
        "surveillance:type": "camera",
        "surveillance:zone": "entrance"
      },
      "geometry": {
        "type": "Point",
        "coordinates": [
          -122.3902685,
          37.7805677
        ]
      },
      "id": "node/14024996073"
    },
    {
      "type": "Feature",
      "properties": {
        "@id": "node/14025051252",
        "camera:direction": "201",
        "camera:mount": "wall",
        "camera:type": "fixed",
        "man_made": "surveillance",
        "surveillance": "public",
        "surveillance:type": "camera",
        "surveillance:zone": "entrance"
      },
      "geometry": {
        "type": "Point",
        "coordinates": [
          -122.3902841,
          37.7806217
        ]
      },
      "id": "node/14025051252"
    },
    {
      "type": "Feature",
      "properties": {
        "@id": "node/14025052136",
        "camera:direction": "232",
        "camera:mount": "wall",
        "camera:type": "dome",
        "man_made": "surveillance",
        "surveillance": "public",
        "surveillance:type": "camera",
        "surveillance:zone": "street"
      },
      "geometry": {
        "type": "Point",
        "coordinates": [
          -122.3917691,
          37.7817438
        ]
      },
      "id": "node/14025052136"
    },
    {
      "type": "Feature",
      "properties": {
        "@id": "node/14025052139",
        "camera:direction": "34",
        "camera:mount": "wall",
        "camera:type": "fixed",
        "man_made": "surveillance",
        "surveillance": "public",
        "surveillance:type": "camera",
        "surveillance:zone": "street"
      },
      "geometry": {
        "type": "Point",
        "coordinates": [
          -122.3902699,
          37.7806444
        ]
      },
      "id": "node/14025052139"
    },
    {
      "type": "Feature",
      "properties": {
        "@id": "node/14025054443",
        "camera:direction": "51",
        "camera:type": "fixed",
        "man_made": "surveillance",
        "surveillance": "public",
        "surveillance:type": "camera",
        "surveillance:zone": "street"
      },
      "geometry": {
        "type": "Point",
        "coordinates": [
          -122.3902452,
          37.7810035
        ]
      },
      "id": "node/14025054443"
    },
    {
      "type": "Feature",
      "properties": {
        "@id": "node/14025057701",
        "camera:direction": "242",
        "camera:mount": "wall",
        "camera:type": "dome",
        "man_made": "surveillance",
        "surveillance": "public",
        "surveillance:type": "camera",
        "surveillance:zone": "entrance"
      },
      "geometry": {
        "type": "Point",
        "coordinates": [
          -122.3916587,
          37.7817238
        ]
      },
      "id": "node/14025057701"
    },
    {
      "type": "Feature",
      "properties": {
        "@id": "node/14025058150",
        "camera:direction": "322",
        "camera:mount": "wall",
        "camera:type": "dome",
        "man_made": "surveillance",
        "surveillance": "outdoor",
        "surveillance:type": "camera",
        "surveillance:zone": "entrance"
      },
      "geometry": {
        "type": "Point",
        "coordinates": [
          -122.3892785,
          37.7814164
        ]
      },
      "id": "node/14025058150"
    },
    {
      "type": "Feature",
      "properties": {
        "@id": "node/14025058885",
        "camera:direction": "311",
        "camera:type": "fixed",
        "man_made": "surveillance",
        "surveillance": "public",
        "surveillance:type": "camera",
        "surveillance:zone": "street"
      },
      "geometry": {
        "type": "Point",
        "coordinates": [
          -122.3905856,
          37.7808089
        ]
      },
      "id": "node/14025058885"
    },
    {
      "type": "Feature",
      "properties": {
        "@id": "node/14025059122",
        "camera:direction": "311",
        "camera:mount": "wall",
        "camera:type": "dome",
        "man_made": "surveillance",
        "surveillance": "public",
        "surveillance:type": "camera",
        "surveillance:zone": "street"
      },
      "geometry": {
        "type": "Point",
        "coordinates": [
          -122.3898963,
          37.7809391
        ]
      },
      "id": "node/14025059122"
    },
    {
      "type": "Feature",
      "properties": {
        "@id": "node/14025059127",
        "camera:direction": "227",
        "camera:mount": "wall",
        "camera:type": "dome",
        "man_made": "surveillance",
        "surveillance": "public",
        "surveillance:type": "camera",
        "surveillance:zone": "entrance"
      },
      "geometry": {
        "type": "Point",
        "coordinates": [
          -122.3902317,
          37.7805393
        ]
      },
      "id": "node/14025059127"
    },
    {
      "type": "Feature",
      "properties": {
        "@id": "node/14025060370",
        "camera:direction": "231",
        "camera:type": "fixed",
        "man_made": "surveillance",
        "surveillance": "public",
        "surveillance:type": "camera",
        "surveillance:zone": "entrance"
      },
      "geometry": {
        "type": "Point",
        "coordinates": [
          -122.390485,
          37.7808106
        ]
      },
      "id": "node/14025060370"
    },
    {
      "type": "Feature",
      "properties": {
        "@id": "node/14025068996",
        "camera:direction": "268",
        "camera:mount": "wall",
        "camera:type": "dome",
        "man_made": "surveillance",
        "surveillance": "outdoor",
        "surveillance:type": "camera",
        "surveillance:zone": "entrance"
      },
      "geometry": {
        "type": "Point",
        "coordinates": [
          -122.3888375,
          37.7816445
        ]
      },
      "id": "node/14025068996"
    },
    {
      "type": "Feature",
      "properties": {
        "@id": "node/14025074001",
        "camera:mount": "street_lamp",
        "camera:type": "fixed",
        "direction": "269",
        "man_made": "surveillance",
        "manufacturer": "Flock Safety",
        "manufacturer:wikidata": "Q108485435",
        "surveillance": "public",
        "surveillance:type": "ALPR",
        "surveillance:zone": "traffic"
      },
      "geometry": {
        "type": "Point",
        "coordinates": [
          -122.4759829,
          37.8078705
        ]
      },
      "id": "node/14025074001"
    },
    {
      "type": "Feature",
      "properties": {
        "@id": "node/14025086757",
        "camera:direction": "228",
        "camera:mount": "wall",
        "camera:type": "dome",
        "man_made": "surveillance",
        "surveillance": "outdoor",
        "surveillance:type": "camera",
        "surveillance:zone": "corridor"
      },
      "geometry": {
        "type": "Point",
        "coordinates": [
          -122.3895574,
          37.7812186
        ]
      },
      "id": "node/14025086757"
    },
    {
      "type": "Feature",
      "properties": {
        "@id": "node/14025088300",
        "camera:direction": "137",
        "camera:mount": "wall",
        "camera:type": "dome",
        "man_made": "surveillance",
        "surveillance": "outdoor",
        "surveillance:type": "camera",
        "surveillance:zone": "entrance"
      },
      "geometry": {
        "type": "Point",
        "coordinates": [
          -122.388949,
          37.7807221
        ]
      },
      "id": "node/14025088300"
    },
    {
      "type": "Feature",
      "properties": {
        "@id": "node/14025089170",
        "camera:direction": "106",
        "camera:mount": "wall",
        "camera:type": "dome",
        "man_made": "surveillance",
        "surveillance": "outdoor",
        "surveillance:type": "camera",
        "surveillance:zone": "entrance"
      },
      "geometry": {
        "type": "Point",
        "coordinates": [
          -122.3886563,
          37.7813797
        ]
      },
      "id": "node/14025089170"
    },
    {
      "type": "Feature",
      "properties": {
        "@id": "node/14025094289",
        "camera:direction": "51",
        "camera:mount": "wall",
        "camera:type": "dome",
        "man_made": "surveillance",
        "surveillance": "public",
        "surveillance:type": "camera",
        "surveillance:zone": "street"
      },
      "geometry": {
        "type": "Point",
        "coordinates": [
          -122.3916349,
          37.7813418
        ]
      },
      "id": "node/14025094289"
    },
    {
      "type": "Feature",
      "properties": {
        "@id": "node/14025098381",
        "camera:direction": "210",
        "camera:mount": "wall",
        "camera:type": "dome",
        "man_made": "surveillance",
        "surveillance": "public",
        "surveillance:type": "camera",
        "surveillance:zone": "street"
      },
      "geometry": {
        "type": "Point",
        "coordinates": [
          -122.3919881,
          37.7809935
        ]
      },
      "id": "node/14025098381"
    },
    {
      "type": "Feature",
      "properties": {
        "@id": "node/14025106378",
        "camera:direction": "318",
        "camera:mount": "wall",
        "camera:type": "dome",
        "man_made": "surveillance",
        "surveillance": "outdoor",
        "surveillance:type": "camera",
        "surveillance:zone": "entrance;parking"
      },
      "geometry": {
        "type": "Point",
        "coordinates": [
          -122.3917131,
          37.7803551
        ]
      },
      "id": "node/14025106378"
    },
    {
      "type": "Feature",
      "properties": {
        "@id": "node/14025151601",
        "camera:type": "fixed",
        "direction": "37",
        "man_made": "surveillance",
        "manufacturer": "Flock Safety",
        "manufacturer:wikidata": "Q108485435",
        "surveillance": "public",
        "surveillance:type": "ALPR",
        "surveillance:zone": "traffic"
      },
      "geometry": {
        "type": "Point",
        "coordinates": [
          -122.3943694,
          37.7836798
        ]
      },
      "id": "node/14025151601"
    },
    {
      "type": "Feature",
      "properties": {
        "@id": "node/14025214235",
        "camera:direction": "341",
        "man_made": "surveillance",
        "surveillance:type": "camera"
      },
      "geometry": {
        "type": "Point",
        "coordinates": [
          -122.4862186,
          37.7798532
        ]
      },
      "id": "node/14025214235"
    },
    {
      "type": "Feature",
      "properties": {
        "@id": "node/14025214254",
        "camera:direction": "53",
        "man_made": "surveillance",
        "surveillance:type": "camera"
      },
      "geometry": {
        "type": "Point",
        "coordinates": [
          -122.4854461,
          37.7798973
        ]
      },
      "id": "node/14025214254"
    },
    {
      "type": "Feature",
      "properties": {
        "@id": "node/14025214256",
        "camera:direction": "55",
        "camera:type": "dome",
        "check_date": "2026-07-18",
        "man_made": "surveillance",
        "surveillance": "outdoor",
        "surveillance:type": "camera"
      },
      "geometry": {
        "type": "Point",
        "coordinates": [
          -122.4839917,
          37.7799632
        ]
      },
      "id": "node/14025214256"
    },
    {
      "type": "Feature",
      "properties": {
        "@id": "node/14025214257",
        "camera:direction": "330",
        "man_made": "surveillance",
        "surveillance:type": "camera"
      },
      "geometry": {
        "type": "Point",
        "coordinates": [
          -122.48558,
          37.7798906
        ]
      },
      "id": "node/14025214257"
    },
    {
      "type": "Feature",
      "properties": {
        "@id": "node/14025214260",
        "camera:direction": "238",
        "man_made": "surveillance",
        "surveillance:type": "camera"
      },
      "geometry": {
        "type": "Point",
        "coordinates": [
          -122.4867491,
          37.7797428
        ]
      },
      "id": "node/14025214260"
    },
    {
      "type": "Feature",
      "properties": {
        "@id": "node/14025214262",
        "camera:direction": "335",
        "camera:type": "dome",
        "check_date": "2026-07-18",
        "man_made": "surveillance",
        "surveillance": "outdoor",
        "surveillance:type": "camera"
      },
      "geometry": {
        "type": "Point",
        "coordinates": [
          -122.4839076,
          37.7799669
        ]
      },
      "id": "node/14025214262"
    },
    {
      "type": "Feature",
      "properties": {
        "@id": "node/14025214267",
        "camera:direction": "55",
        "camera:type": "dome",
        "check_date": "2026-07-18",
        "man_made": "surveillance",
        "surveillance": "outdoor",
        "surveillance:type": "camera"
      },
      "geometry": {
        "type": "Point",
        "coordinates": [
          -122.4839018,
          37.7799672
        ]
      },
      "id": "node/14025214267"
    },
    {
      "type": "Feature",
      "properties": {
        "@id": "node/14025329437",
        "camera:direction": "214",
        "camera:mount": "building",
        "camera:type": "fixed",
        "man_made": "surveillance",
        "surveillance": "outdoor",
        "surveillance:type": "camera",
        "surveillance:zone": "street"
      },
      "geometry": {
        "type": "Point",
        "coordinates": [
          -122.4764207,
          37.7806365
        ]
      },
      "id": "node/14025329437"
    },
    {
      "type": "Feature",
      "properties": {
        "@id": "node/14025329465",
        "camera:direction": "222",
        "camera:mount": "building",
        "camera:type": "fixed",
        "man_made": "surveillance",
        "surveillance": "outdoor",
        "surveillance:type": "camera",
        "surveillance:zone": "street"
      },
      "geometry": {
        "type": "Point",
        "coordinates": [
          -122.4747073,
          37.7807236
        ]
      },
      "id": "node/14025329465"
    },
    {
      "type": "Feature",
      "properties": {
        "@id": "node/14025329467",
        "camera:direction": "128",
        "camera:mount": "building",
        "camera:type": "fixed",
        "man_made": "surveillance",
        "surveillance": "outdoor",
        "surveillance:type": "camera",
        "surveillance:zone": "street"
      },
      "geometry": {
        "type": "Point",
        "coordinates": [
          -122.4764133,
          37.7806369
        ]
      },
      "id": "node/14025329467"
    },
    {
      "type": "Feature",
      "properties": {
        "@id": "node/14025329469",
        "camera:direction": "120;220",
        "camera:mount": "building",
        "camera:type": "fixed",
        "man_made": "surveillance",
        "surveillance:type": "camera",
        "surveillance:zone": "entrance"
      },
      "geometry": {
        "type": "Point",
        "coordinates": [
          -122.4743499,
          37.7807358
        ]
      },
      "id": "node/14025329469"
    },
    {
      "type": "Feature",
      "properties": {
        "@id": "node/14025329471",
        "camera:direction": "141",
        "camera:mount": "building",
        "camera:type": "fixed",
        "man_made": "surveillance",
        "surveillance": "outdoor",
        "surveillance:type": "camera",
        "surveillance:zone": "street"
      },
      "geometry": {
        "type": "Point",
        "coordinates": [
          -122.4748451,
          37.7807169
        ]
      },
      "id": "node/14025329471"
    },
    {
      "type": "Feature",
      "properties": {
        "@id": "node/14027529098",
        "camera:direction": "138",
        "camera:mount": "wall",
        "camera:type": "fixed",
        "man_made": "surveillance",
        "surveillance": "outdoor",
        "surveillance:type": "camera"
      },
      "geometry": {
        "type": "Point",
        "coordinates": [
          -122.392058,
          37.7942936
        ]
      },
      "id": "node/14027529098"
    },
    {
      "type": "Feature",
      "properties": {
        "@id": "node/14027613962",
        "camera:direction": "226",
        "camera:mount": "wall",
        "camera:type": "dome",
        "man_made": "surveillance",
        "surveillance": "public",
        "surveillance:type": "camera"
      },
      "geometry": {
        "type": "Point",
        "coordinates": [
          -122.3889294,
          37.7830186
        ]
      },
      "id": "node/14027613962"
    },
    {
      "type": "Feature",
      "properties": {
        "@id": "node/14027626750",
        "camera:direction": "326",
        "camera:mount": "wall",
        "camera:type": "dome",
        "man_made": "surveillance",
        "surveillance": "outdoor",
        "surveillance:type": "camera",
        "surveillance:zone": "corridor;entrance"
      },
      "geometry": {
        "type": "Point",
        "coordinates": [
          -122.3893888,
          37.7795623
        ]
      },
      "id": "node/14027626750"
    },
    {
      "type": "Feature",
      "properties": {
        "@id": "node/14027645064",
        "camera:direction": "311",
        "camera:mount": "wall",
        "camera:type": "fixed",
        "man_made": "surveillance",
        "surveillance": "public",
        "surveillance:type": "camera",
        "surveillance:zone": "entrance"
      },
      "geometry": {
        "type": "Point",
        "coordinates": [
          -122.3878069,
          37.7813112
        ]
      },
      "id": "node/14027645064"
    },
    {
      "type": "Feature",
      "properties": {
        "@id": "node/14027645371",
        "camera:direction": "256",
        "camera:mount": "wall",
        "camera:type": "fixed",
        "man_made": "surveillance",
        "surveillance": "public",
        "surveillance:type": "camera",
        "surveillance:zone": "entrance"
      },
      "geometry": {
        "type": "Point",
        "coordinates": [
          -122.3877541,
          37.7813064
        ]
      },
      "id": "node/14027645371"
    },
    {
      "type": "Feature",
      "properties": {
        "@id": "node/14027660952",
        "camera:direction": "310",
        "camera:mount": "wall",
        "camera:type": "dome",
        "man_made": "surveillance",
        "surveillance": "public",
        "surveillance:type": "camera",
        "surveillance:zone": "entrance"
      },
      "geometry": {
        "type": "Point",
        "coordinates": [
          -122.388733,
          37.7793048
        ]
      },
      "id": "node/14027660952"
    },
    {
      "type": "Feature",
      "properties": {
        "@id": "node/14027669366",
        "camera:direction": "113",
        "camera:mount": "wall",
        "camera:type": "fixed",
        "man_made": "surveillance",
        "surveillance": "public",
        "surveillance:type": "camera",
        "surveillance:zone": "entrance;street"
      },
      "geometry": {
        "type": "Point",
        "coordinates": [
          -122.3901417,
          37.7801317
        ]
      },
      "id": "node/14027669366"
    },
    {
      "type": "Feature",
      "properties": {
        "@id": "node/14027671418",
        "camera:direction": "10",
        "camera:mount": "wall",
        "camera:type": "fixed",
        "man_made": "surveillance",
        "surveillance": "outdoor",
        "surveillance:type": "camera",
        "surveillance:zone": "corridor"
      },
      "geometry": {
        "type": "Point",
        "coordinates": [
          -122.3878069,
          37.7797357
        ]
      },
      "id": "node/14027671418"
    },
    {
      "type": "Feature",
      "properties": {
        "@id": "node/14027671473",
        "camera:direction": "124",
        "camera:mount": "wall",
        "camera:type": "dome",
        "man_made": "surveillance",
        "surveillance": "public",
        "surveillance:type": "camera",
        "surveillance:zone": "street"
      },
      "geometry": {
        "type": "Point",
        "coordinates": [
          -122.3907852,
          37.7792105
        ]
      },
      "id": "node/14027671473"
    },
    {
      "type": "Feature",
      "properties": {
        "@id": "node/14027671820",
        "camera:direction": "311",
        "camera:mount": "wall",
        "camera:type": "dome",
        "man_made": "surveillance",
        "surveillance": "public",
        "surveillance:type": "camera",
        "surveillance:zone": "entrance;street"
      },
      "geometry": {
        "type": "Point",
        "coordinates": [
          -122.3893032,
          37.7797383
        ]
      },
      "id": "node/14027671820"
    },
    {
      "type": "Feature",
      "properties": {
        "@id": "node/14027674452",
        "camera:direction": "223",
        "camera:mount": "wall",
        "camera:type": "dome",
        "man_made": "surveillance",
        "surveillance": "public",
        "surveillance:type": "camera",
        "surveillance:zone": "entrance"
      },
      "geometry": {
        "type": "Point",
        "coordinates": [
          -122.3894062,
          37.779624
        ]
      },
      "id": "node/14027674452"
    },
    {
      "type": "Feature",
      "properties": {
        "@id": "node/14027679914",
        "camera:direction": "90",
        "camera:mount": "wall",
        "camera:type": "fixed",
        "man_made": "surveillance",
        "surveillance": "public",
        "surveillance:type": "camera",
        "surveillance:zone": "street"
      },
      "geometry": {
        "type": "Point",
        "coordinates": [
          -122.3916651,
          37.7785177
        ]
      },
      "id": "node/14027679914"
    },
    {
      "type": "Feature",
      "properties": {
        "@id": "node/14027684682",
        "camera:direction": "222",
        "camera:mount": "wall",
        "camera:type": "fixed",
        "man_made": "surveillance",
        "surveillance": "public",
        "surveillance:type": "camera",
        "surveillance:zone": "parking"
      },
      "geometry": {
        "type": "Point",
        "coordinates": [
          -122.3879889,
          37.7800923
        ]
      },
      "id": "node/14027684682"
    },
    {
      "type": "Feature",
      "properties": {
        "@id": "node/14027686925",
        "camera:direction": "26",
        "camera:mount": "street_lamp",
        "camera:type": "fixed",
        "man_made": "surveillance",
        "manufacturer": "Flock Safety",
        "surveillance": "public",
        "surveillance:type": "ALPR",
        "surveillance:zone": "street"
      },
      "geometry": {
        "type": "Point",
        "coordinates": [
          -122.3884331,
          37.7806918
        ]
      },
      "id": "node/14027686925"
    },
    {
      "type": "Feature",
      "properties": {
        "@id": "node/14027692843",
        "camera:direction": "180",
        "camera:mount": "wall",
        "camera:type": "fixed",
        "man_made": "surveillance",
        "surveillance": "public",
        "surveillance:type": "camera",
        "surveillance:zone": "street"
      },
      "geometry": {
        "type": "Point",
        "coordinates": [
          -122.3904418,
          37.7794809
        ]
      },
      "id": "node/14027692843"
    },
    {
      "type": "Feature",
      "properties": {
        "@id": "node/14027716721",
        "camera:direction": "179",
        "camera:mount": "wall",
        "camera:type": "fixed",
        "man_made": "surveillance",
        "surveillance": "public",
        "surveillance:type": "camera",
        "surveillance:zone": "street"
      },
      "geometry": {
        "type": "Point",
        "coordinates": [
          -122.3916765,
          37.7785086
        ]
      },
      "id": "node/14027716721"
    },
    {
      "type": "Feature",
      "properties": {
        "@id": "node/14027718469",
        "camera:direction": "127",
        "camera:mount": "wall",
        "camera:type": "dome",
        "man_made": "surveillance",
        "surveillance": "public",
        "surveillance:type": "camera",
        "surveillance:zone": "street"
      },
      "geometry": {
        "type": "Point",
        "coordinates": [
          -122.3918123,
          37.778401
        ]
      },
      "id": "node/14027718469"
    },
    {
      "type": "Feature",
      "properties": {
        "@id": "node/14027726049",
        "camera:direction": "94",
        "camera:mount": "wall",
        "camera:type": "fixed",
        "man_made": "surveillance",
        "surveillance": "public",
        "surveillance:type": "camera",
        "surveillance:zone": "street"
      },
      "geometry": {
        "type": "Point",
        "coordinates": [
          -122.3905668,
          37.7793829
        ]
      },
      "id": "node/14027726049"
    },
    {
      "type": "Feature",
      "properties": {
        "@id": "node/14027736513",
        "camera:direction": "341",
        "camera:mount": "wall",
        "camera:type": "dome",
        "man_made": "surveillance",
        "surveillance": "indoor",
        "surveillance:type": "camera",
        "surveillance:zone": "parking"
      },
      "geometry": {
        "type": "Point",
        "coordinates": [
          -122.3905523,
          37.7825014
        ]
      },
      "id": "node/14027736513"
    },
    {
      "type": "Feature",
      "properties": {
        "@id": "node/14027767517",
        "camera:direction": "134",
        "camera:mount": "wall",
        "camera:type": "dome",
        "man_made": "surveillance",
        "surveillance": "outdoor",
        "surveillance:type": "camera",
        "surveillance:zone": "entrance"
      },
      "geometry": {
        "type": "Point",
        "coordinates": [
          -122.3903071,
          37.7827978
        ]
      },
      "id": "node/14027767517"
    },
    {
      "type": "Feature",
      "properties": {
        "@id": "node/14028090801",
        "camera:type": "fixed",
        "direction": "210",
        "man_made": "surveillance",
        "manufacturer": "Flock Safety",
        "manufacturer:wikidata": "Q108485435",
        "surveillance": "public",
        "surveillance:type": "ALPR",
        "surveillance:zone": "traffic"
      },
      "geometry": {
        "type": "Point",
        "coordinates": [
          -122.4121555,
          37.807198
        ]
      },
      "id": "node/14028090801"
    },
    {
      "type": "Feature",
      "properties": {
        "@id": "node/14028182828",
        "brand": "Flock Safety",
        "brand:wikidata": "Q108485435",
        "camera:mount": "pole",
        "camera:type": "fixed",
        "direction": "10",
        "man_made": "surveillance",
        "manufacturer": "Flock Safety",
        "manufacturer:wikidata": "Q108485435",
        "operator": "Total Wine",
        "operator:wikidata": "Q7828084",
        "surveillance": "traffic",
        "surveillance:type": "ALPR",
        "surveillance:zone": "traffic"
      },
      "geometry": {
        "type": "Point",
        "coordinates": [
          -122.4139302,
          37.7687479
        ]
      },
      "id": "node/14028182828"
    },
    {
      "type": "Feature",
      "properties": {
        "@id": "node/14028182829",
        "brand": "Flock Safety",
        "brand:wikidata": "Q108485435",
        "camera:mount": "pole",
        "camera:type": "fixed",
        "direction": "260",
        "man_made": "surveillance",
        "manufacturer": "Flock Safety",
        "manufacturer:wikidata": "Q108485435",
        "operator": "Total Wine",
        "operator:wikidata": "Q7828084",
        "surveillance": "traffic",
        "surveillance:type": "ALPR",
        "surveillance:zone": "traffic"
      },
      "geometry": {
        "type": "Point",
        "coordinates": [
          -122.4139949,
          37.7693643
        ]
      },
      "id": "node/14028182829"
    },
    {
      "type": "Feature",
      "properties": {
        "@id": "node/14029123469",
        "camera:direction": "263",
        "camera:mount": "wall",
        "camera:type": "fixed",
        "man_made": "surveillance",
        "surveillance": "public",
        "surveillance:type": "camera",
        "surveillance:zone": "street"
      },
      "geometry": {
        "type": "Point",
        "coordinates": [
          -122.411899,
          37.7722303
        ]
      },
      "id": "node/14029123469"
    },
    {
      "type": "Feature",
      "properties": {
        "@id": "node/14029123470",
        "camera:direction": "187",
        "camera:mount": "wall",
        "camera:type": "fixed",
        "man_made": "surveillance",
        "surveillance": "public",
        "surveillance:type": "camera",
        "surveillance:zone": "street"
      },
      "geometry": {
        "type": "Point",
        "coordinates": [
          -122.4118846,
          37.7722191
        ]
      },
      "id": "node/14029123470"
    },
    {
      "type": "Feature",
      "properties": {
        "@id": "node/14029124999",
        "camera:direction": "91",
        "camera:mount": "wall",
        "camera:type": "fixed",
        "man_made": "surveillance",
        "surveillance": "public",
        "surveillance:type": "camera",
        "surveillance:zone": "entrance;street"
      },
      "geometry": {
        "type": "Point",
        "coordinates": [
          -122.411084,
          37.7728048
        ]
      },
      "id": "node/14029124999"
    },
    {
      "type": "Feature",
      "properties": {
        "@id": "node/14029126359",
        "camera:direction": "134",
        "camera:mount": "wall",
        "camera:type": "fixed",
        "man_made": "surveillance",
        "surveillance": "public",
        "surveillance:type": "camera",
        "surveillance:zone": "street"
      },
      "geometry": {
        "type": "Point",
        "coordinates": [
          -122.4117745,
          37.7722652
        ]
      },
      "id": "node/14029126359"
    },
    {
      "type": "Feature",
      "properties": {
        "@id": "node/14029139122",
        "camera:direction": "237",
        "camera:mount": "wall",
        "camera:type": "doorbell",
        "man_made": "surveillance",
        "surveillance": "public",
        "surveillance:type": "camera",
        "surveillance:zone": "street"
      },
      "geometry": {
        "type": "Point",
        "coordinates": [
          -122.411939,
          37.7722618
        ]
      },
      "id": "node/14029139122"
    },
    {
      "type": "Feature",
      "properties": {
        "@id": "node/14029145307",
        "camera:direction": "194",
        "camera:mount": "wall",
        "camera:type": "fixed",
        "man_made": "surveillance",
        "surveillance": "public",
        "surveillance:type": "camera",
        "surveillance:zone": "street"
      },
      "geometry": {
        "type": "Point",
        "coordinates": [
          -122.4115568,
          37.7724364
        ]
      },
      "id": "node/14029145307"
    },
    {
      "type": "Feature",
      "properties": {
        "@id": "node/14029145308",
        "camera:direction": "95",
        "camera:mount": "wall",
        "camera:type": "fixed",
        "man_made": "surveillance",
        "surveillance": "public",
        "surveillance:type": "camera",
        "surveillance:zone": "street"
      },
      "geometry": {
        "type": "Point",
        "coordinates": [
          -122.4115945,
          37.7724065
        ]
      },
      "id": "node/14029145308"
    },
    {
      "type": "Feature",
      "properties": {
        "@id": "node/14029154063",
        "camera:direction": "235",
        "camera:mount": "wall",
        "camera:type": "fixed",
        "man_made": "surveillance",
        "surveillance": "public",
        "surveillance:type": "camera",
        "surveillance:zone": "entrance"
      },
      "geometry": {
        "type": "Point",
        "coordinates": [
          -122.4121338,
          37.7724047
        ]
      },
      "id": "node/14029154063"
    },
    {
      "type": "Feature",
      "properties": {
        "@id": "node/14029173224",
        "camera:direction": "181",
        "camera:mount": "wall",
        "camera:type": "fixed",
        "man_made": "surveillance",
        "surveillance": "public",
        "surveillance:type": "camera",
        "surveillance:zone": "entrance;street"
      },
      "geometry": {
        "type": "Point",
        "coordinates": [
          -122.4112506,
          37.7726768
        ]
      },
      "id": "node/14029173224"
    },
    {
      "type": "Feature",
      "properties": {
        "@id": "node/14029193710",
        "camera:direction": "76",
        "camera:mount": "wall",
        "camera:type": "fixed",
        "man_made": "surveillance",
        "surveillance": "public",
        "surveillance:type": "camera",
        "surveillance:zone": "street"
      },
      "geometry": {
        "type": "Point",
        "coordinates": [
          -122.4118483,
          37.7722069
        ]
      },
      "id": "node/14029193710"
    },
    {
      "type": "Feature",
      "properties": {
        "@id": "node/14029195473",
        "camera:direction": "316",
        "camera:mount": "wall",
        "camera:type": "dome",
        "man_made": "surveillance",
        "surveillance": "public",
        "surveillance:type": "camera",
        "surveillance:zone": "entrance;street"
      },
      "geometry": {
        "type": "Point",
        "coordinates": [
          -122.411187,
          37.7726068
        ]
      },
      "id": "node/14029195473"
    },
    {
      "type": "Feature",
      "properties": {
        "@id": "node/14029199326",
        "camera:direction": "316",
        "camera:mount": "wall",
        "camera:type": "dome",
        "man_made": "surveillance",
        "surveillance": "public",
        "surveillance:type": "camera",
        "surveillance:zone": "entrance;street"
      },
      "geometry": {
        "type": "Point",
        "coordinates": [
          -122.4112337,
          37.7725691
        ]
      },
      "id": "node/14029199326"
    },
    {
      "type": "Feature",
      "properties": {
        "@id": "node/14029205265",
        "camera:direction": "346",
        "camera:mount": "wall",
        "camera:type": "fixed",
        "man_made": "surveillance",
        "surveillance": "public",
        "surveillance:type": "camera",
        "surveillance:zone": "entrance;street"
      },
      "geometry": {
        "type": "Point",
        "coordinates": [
          -122.4109141,
          37.7730303
        ]
      },
      "id": "node/14029205265"
    },
    {
      "type": "Feature",
      "properties": {
        "@id": "node/14029206721",
        "camera:direction": "0",
        "camera:mount": "wall",
        "camera:type": "fixed",
        "man_made": "surveillance",
        "surveillance": "public",
        "surveillance:type": "camera",
        "surveillance:zone": "street"
      },
      "geometry": {
        "type": "Point",
        "coordinates": [
          -122.411086,
          37.7726793
        ]
      },
      "id": "node/14029206721"
    },
    {
      "type": "Feature",
      "properties": {
        "@id": "node/14029217985",
        "camera:direction": "91",
        "camera:mount": "wall",
        "camera:type": "fixed",
        "man_made": "surveillance",
        "surveillance": "public",
        "surveillance:type": "camera",
        "surveillance:zone": "entrance;street"
      },
      "geometry": {
        "type": "Point",
        "coordinates": [
          -122.4109948,
          37.7730957
        ]
      },
      "id": "node/14029217985"
    },
    {
      "type": "Feature",
      "properties": {
        "@id": "node/14029219181",
        "camera:direction": "192",
        "camera:mount": "ceiling",
        "camera:type": "fixed",
        "man_made": "surveillance",
        "surveillance": "public",
        "surveillance:type": "camera",
        "surveillance:zone": "entrance;street"
      },
      "geometry": {
        "type": "Point",
        "coordinates": [
          -122.4120697,
          37.7732408
        ]
      },
      "id": "node/14029219181"
    },
    {
      "type": "Feature",
      "properties": {
        "@id": "node/14029219182",
        "camera:direction": "158",
        "camera:mount": "ceiling",
        "camera:type": "fixed",
        "man_made": "surveillance",
        "surveillance": "public",
        "surveillance:type": "camera",
        "surveillance:zone": "entrance;street"
      },
      "geometry": {
        "type": "Point",
        "coordinates": [
          -122.4120485,
          37.7732214
        ]
      },
      "id": "node/14029219182"
    },
    {
      "type": "Feature",
      "properties": {
        "@id": "node/14029220118",
        "camera:direction": "33",
        "camera:mount": "wall",
        "camera:type": "fixed",
        "man_made": "surveillance",
        "surveillance": "public",
        "surveillance:type": "camera",
        "surveillance:zone": "entrance;street"
      },
      "geometry": {
        "type": "Point",
        "coordinates": [
          -122.4110129,
          37.7730944
        ]
      },
      "id": "node/14029220118"
    },
    {
      "type": "Feature",
      "properties": {
        "@id": "node/14029220127",
        "camera:direction": "14",
        "camera:mount": "ceiling",
        "camera:type": "fixed",
        "man_made": "surveillance",
        "surveillance": "public",
        "surveillance:type": "camera",
        "surveillance:zone": "entrance;street"
      },
      "geometry": {
        "type": "Point",
        "coordinates": [
          -122.4120485,
          37.7732735
        ]
      },
      "id": "node/14029220127"
    },
    {
      "type": "Feature",
      "properties": {
        "@id": "node/14029225027",
        "camera:direction": "260",
        "camera:mount": "ceiling",
        "camera:type": "fixed",
        "man_made": "surveillance",
        "surveillance": "public",
        "surveillance:type": "camera",
        "surveillance:zone": "street"
      },
      "geometry": {
        "type": "Point",
        "coordinates": [
          -122.4119339,
          37.7733694
        ]
      },
      "id": "node/14029225027"
    },
    {
      "type": "Feature",
      "properties": {
        "@id": "node/14029245842",
        "camera:direction": "35",
        "camera:mount": "ceiling",
        "camera:type": "fixed",
        "man_made": "surveillance",
        "surveillance": "public",
        "surveillance:type": "camera",
        "surveillance:zone": "street"
      },
      "geometry": {
        "type": "Point",
        "coordinates": [
          -122.4122446,
          37.7731383
        ]
      },
      "id": "node/14029245842"
    },
    {
      "type": "Feature",
      "properties": {
        "@id": "node/14031412054",
        "camera:direction": "102",
        "camera:mount": "wall",
        "camera:type": "fixed",
        "man_made": "surveillance",
        "surveillance": "public",
        "surveillance:type": "camera",
        "surveillance:zone": "street"
      },
      "geometry": {
        "type": "Point",
        "coordinates": [
          -122.390325,
          37.7865983
        ]
      },
      "id": "node/14031412054"
    },
    {
      "type": "Feature",
      "properties": {
        "@id": "node/14031451791",
        "camera:direction": "102",
        "camera:mount": "wall",
        "camera:type": "fixed",
        "man_made": "surveillance",
        "surveillance": "public",
        "surveillance:type": "camera",
        "surveillance:zone": "street"
      },
      "geometry": {
        "type": "Point",
        "coordinates": [
          -122.3902243,
          37.7865379
        ]
      },
      "id": "node/14031451791"
    },
    {
      "type": "Feature",
      "properties": {
        "@id": "node/14031454217",
        "camera:direction": "92",
        "camera:mount": "wall",
        "camera:type": "fixed",
        "man_made": "surveillance",
        "surveillance": "public",
        "surveillance:type": "camera",
        "surveillance:zone": "street"
      },
      "geometry": {
        "type": "Point",
        "coordinates": [
          -122.3902721,
          37.78657
        ]
      },
      "id": "node/14031454217"
    },
    {
      "type": "Feature",
      "properties": {
        "@id": "node/14031455141",
        "camera:direction": "4",
        "camera:mount": "wall",
        "camera:type": "fixed",
        "man_made": "surveillance",
        "surveillance": "public",
        "surveillance:type": "camera",
        "surveillance:zone": "street"
      },
      "geometry": {
        "type": "Point",
        "coordinates": [
          -122.3903847,
          37.7866243
        ]
      },
      "id": "node/14031455141"
    },
    {
      "type": "Feature",
      "properties": {
        "@id": "node/14031472601",
        "camera:type": "fixed",
        "direction": "329",
        "man_made": "surveillance",
        "manufacturer": "Flock Safety",
        "manufacturer:wikidata": "Q108485435",
        "surveillance": "public",
        "surveillance:type": "ALPR",
        "surveillance:zone": "traffic"
      },
      "geometry": {
        "type": "Point",
        "coordinates": [
          -122.4210378,
          37.7570075
        ]
      },
      "id": "node/14031472601"
    },
    {
      "type": "Feature",
      "properties": {
        "@id": "node/14031956177",
        "camera:direction": "154",
        "camera:mount": "wall",
        "camera:type": "fixed",
        "man_made": "surveillance",
        "surveillance": "public",
        "surveillance:type": "camera",
        "surveillance:zone": "entrance;street"
      },
      "geometry": {
        "type": "Point",
        "coordinates": [
          -122.3946253,
          37.7840348
        ]
      },
      "id": "node/14031956177"
    },
    {
      "type": "Feature",
      "properties": {
        "@id": "node/14031973499",
        "camera:direction": "229",
        "camera:mount": "wall",
        "camera:type": "dome",
        "man_made": "surveillance",
        "surveillance": "public",
        "surveillance:type": "camera",
        "surveillance:zone": "street"
      },
      "geometry": {
        "type": "Point",
        "coordinates": [
          -122.4009402,
          37.7890839
        ]
      },
      "id": "node/14031973499"
    },
    {
      "type": "Feature",
      "properties": {
        "@id": "node/14031981365",
        "camera:direction": "144",
        "camera:mount": "wall",
        "camera:type": "fixed",
        "man_made": "surveillance",
        "surveillance": "public",
        "surveillance:type": "camera",
        "surveillance:zone": "entrance;street"
      },
      "geometry": {
        "type": "Point",
        "coordinates": [
          -122.4009083,
          37.7890883
        ]
      },
      "id": "node/14031981365"
    },
    {
      "type": "Feature",
      "properties": {
        "@id": "node/14031982380",
        "camera:direction": "263",
        "camera:mount": "wall",
        "camera:type": "fixed",
        "man_made": "surveillance",
        "surveillance": "public",
        "surveillance:type": "camera",
        "surveillance:zone": "parking"
      },
      "geometry": {
        "type": "Point",
        "coordinates": [
          -122.3977205,
          37.7868348
        ]
      },
      "id": "node/14031982380"
    },
    {
      "type": "Feature",
      "properties": {
        "@id": "node/14031993857",
        "camera:direction": "324",
        "camera:mount": "wall",
        "camera:type": "dome",
        "man_made": "surveillance",
        "surveillance": "indoor",
        "surveillance:type": "camera",
        "surveillance:zone": "corridor;entrance"
      },
      "geometry": {
        "type": "Point",
        "coordinates": [
          -122.3994976,
          37.7879947
        ]
      },
      "id": "node/14031993857"
    },
    {
      "type": "Feature",
      "properties": {
        "@id": "node/14031998869",
        "camera:direction": "219",
        "camera:mount": "wall",
        "camera:type": "dome",
        "man_made": "surveillance",
        "surveillance": "public",
        "surveillance:type": "camera",
        "surveillance:zone": "entrance;street"
      },
      "geometry": {
        "type": "Point",
        "coordinates": [
          -122.398565,
          37.787181
        ]
      },
      "id": "node/14031998869"
    },
    {
      "type": "Feature",
      "properties": {
        "@id": "node/14031999943",
        "camera:direction": "309",
        "camera:mount": "wall",
        "camera:type": "dome",
        "man_made": "surveillance",
        "surveillance": "public",
        "surveillance:type": "camera",
        "surveillance:zone": "street"
      },
      "geometry": {
        "type": "Point",
        "coordinates": [
          -122.3977884,
          37.7865831
        ]
      },
      "id": "node/14031999943"
    },
    {
      "type": "Feature",
      "properties": {
        "@id": "node/14032010964",
        "camera:direction": "318",
        "camera:mount": "wall",
        "camera:type": "dome",
        "man_made": "surveillance",
        "surveillance": "outdoor",
        "surveillance:type": "camera",
        "surveillance:zone": "entrance"
      },
      "geometry": {
        "type": "Point",
        "coordinates": [
          -122.3971389,
          37.7861768
        ]
      },
      "id": "node/14032010964"
    },
    {
      "type": "Feature",
      "properties": {
        "@id": "node/14032012071",
        "camera:direction": "143",
        "camera:mount": "wall",
        "camera:type": "dome",
        "man_made": "surveillance",
        "surveillance": "outdoor",
        "surveillance:type": "camera"
      },
      "geometry": {
        "type": "Point",
        "coordinates": [
          -122.3972791,
          37.7862168
        ]
      },
      "id": "node/14032012071"
    },
    {
      "type": "Feature",
      "properties": {
        "@id": "node/14032015021",
        "camera:direction": "289",
        "camera:mount": "wall",
        "camera:type": "fixed",
        "man_made": "surveillance",
        "surveillance": "public",
        "surveillance:type": "camera",
        "surveillance:zone": "street"
      },
      "geometry": {
        "type": "Point",
        "coordinates": [
          -122.3977954,
          37.7865776
        ]
      },
      "id": "node/14032015021"
    },
    {
      "type": "Feature",
      "properties": {
        "@id": "node/14032022417",
        "camera:direction": "54",
        "camera:mount": "ceiling",
        "camera:type": "fixed",
        "man_made": "surveillance",
        "surveillance": "outdoor",
        "surveillance:type": "camera",
        "surveillance:zone": "entrance"
      },
      "geometry": {
        "type": "Point",
        "coordinates": [
          -122.3967557,
          37.7857389
        ]
      },
      "id": "node/14032022417"
    },
    {
      "type": "Feature",
      "properties": {
        "@id": "node/14032024693",
        "camera:direction": "281",
        "camera:type": "fixed",
        "man_made": "surveillance",
        "surveillance": "public",
        "surveillance:type": "camera",
        "surveillance:zone": "street"
      },
      "geometry": {
        "type": "Point",
        "coordinates": [
          -122.3976618,
          37.7864647
        ]
      },
      "id": "node/14032024693"
    },
    {
      "type": "Feature",
      "properties": {
        "@id": "node/14032033044",
        "camera:direction": "74",
        "camera:mount": "wall",
        "camera:type": "fixed",
        "man_made": "surveillance",
        "surveillance": "public",
        "surveillance:type": "camera",
        "surveillance:zone": "street"
      },
      "geometry": {
        "type": "Point",
        "coordinates": [
          -122.397656,
          37.7864714
        ]
      },
      "id": "node/14032033044"
    },
    {
      "type": "Feature",
      "properties": {
        "@id": "node/14032037814",
        "camera:direction": "228",
        "camera:mount": "wall",
        "camera:type": "fixed",
        "man_made": "surveillance",
        "surveillance": "outdoor",
        "surveillance:type": "camera",
        "surveillance:zone": "entrance"
      },
      "geometry": {
        "type": "Point",
        "coordinates": [
          -122.396909,
          37.7858855
        ]
      },
      "id": "node/14032037814"
    },
    {
      "type": "Feature",
      "properties": {
        "@id": "node/14032043268",
        "camera:direction": "306",
        "camera:mount": "wall",
        "camera:type": "fixed",
        "man_made": "surveillance",
        "surveillance": "public",
        "surveillance:type": "camera",
        "surveillance:zone": "entrance;street"
      },
      "geometry": {
        "type": "Point",
        "coordinates": [
          -122.394645,
          37.784051
        ]
      },
      "id": "node/14032043268"
    },
    {
      "type": "Feature",
      "properties": {
        "@id": "node/14032044362",
        "camera:direction": "299",
        "camera:mount": "wall",
        "camera:type": "fixed",
        "man_made": "surveillance",
        "surveillance": "outdoor",
        "surveillance:type": "camera",
        "surveillance:zone": "entrance"
      },
      "geometry": {
        "type": "Point",
        "coordinates": [
          -122.3937668,
          37.7833667
        ]
      },
      "id": "node/14032044362"
    },
    {
      "type": "Feature",
      "properties": {
        "@id": "node/14032046099",
        "camera:direction": "313",
        "camera:mount": "wall",
        "camera:type": "dome",
        "man_made": "surveillance",
        "surveillance": "public",
        "surveillance:type": "camera",
        "surveillance:zone": "street"
      },
      "geometry": {
        "type": "Point",
        "coordinates": [
          -122.3947268,
          37.7820628
        ]
      },
      "id": "node/14032046099"
    },
    {
      "type": "Feature",
      "properties": {
        "@id": "node/14032046136",
        "camera:direction": "227",
        "camera:mount": "wall",
        "camera:type": "fixed",
        "man_made": "surveillance",
        "surveillance": "public",
        "surveillance:type": "camera",
        "surveillance:zone": "entrance;street"
      },
      "geometry": {
        "type": "Point",
        "coordinates": [
          -122.3940207,
          37.7835516
        ]
      },
      "id": "node/14032046136"
    },
    {
      "type": "Feature",
      "properties": {
        "@id": "node/14032055480",
        "camera:direction": "42",
        "camera:mount": "wall",
        "camera:type": "fixed",
        "man_made": "surveillance",
        "surveillance": "public",
        "surveillance:type": "camera",
        "surveillance:zone": "entrance"
      },
      "geometry": {
        "type": "Point",
        "coordinates": [
          -122.3943291,
          37.7826976
        ]
      },
      "id": "node/14032055480"
    },
    {
      "type": "Feature",
      "properties": {
        "@id": "node/14032056704",
        "camera:direction": "225",
        "camera:mount": "wall",
        "camera:type": "fixed",
        "man_made": "surveillance",
        "surveillance": "public",
        "surveillance:type": "camera",
        "surveillance:zone": "entrance"
      },
      "geometry": {
        "type": "Point",
        "coordinates": [
          -122.3941424,
          37.7828449
        ]
      },
      "id": "node/14032056704"
    },
    {
      "type": "Feature",
      "properties": {
        "@id": "node/14032059634",
        "camera:direction": "306",
        "camera:mount": "wall",
        "camera:type": "fixed",
        "man_made": "surveillance",
        "surveillance": "public",
        "surveillance:type": "camera",
        "surveillance:zone": "entrance;street"
      },
      "geometry": {
        "type": "Point",
        "coordinates": [
          -122.3945297,
          37.7839564
        ]
      },
      "id": "node/14032059634"
    },
    {
      "type": "Feature",
      "properties": {
        "@id": "node/14032060977",
        "camera:direction": "215",
        "camera:mount": "wall",
        "camera:type": "fixed",
        "man_made": "surveillance",
        "surveillance": "public",
        "surveillance:type": "camera",
        "surveillance:zone": "entrance"
      },
      "geometry": {
        "type": "Point",
        "coordinates": [
          -122.394675,
          37.7824246
        ]
      },
      "id": "node/14032060977"
    },
    {
      "type": "Feature",
      "properties": {
        "@id": "node/14032063861",
        "camera:direction": "215",
        "camera:mount": "wall",
        "camera:type": "fixed",
        "man_made": "surveillance",
        "surveillance": "public",
        "surveillance:type": "camera",
        "surveillance:zone": "entrance"
      },
      "geometry": {
        "type": "Point",
        "coordinates": [
          -122.3947259,
          37.782384
        ]
      },
      "id": "node/14032063861"
    },
    {
      "type": "Feature",
      "properties": {
        "@id": "node/14032063875",
        "camera:direction": "313",
        "camera:mount": "wall",
        "camera:type": "dome",
        "man_made": "surveillance",
        "surveillance": "public",
        "surveillance:type": "camera",
        "surveillance:zone": "street"
      },
      "geometry": {
        "type": "Point",
        "coordinates": [
          -122.3948502,
          37.7819652
        ]
      },
      "id": "node/14032063875"
    },
    {
      "type": "Feature",
      "properties": {
        "@id": "node/14032063876",
        "camera:direction": "313",
        "camera:mount": "wall",
        "camera:type": "dome",
        "man_made": "surveillance",
        "surveillance": "public",
        "surveillance:type": "camera",
        "surveillance:zone": "street"
      },
      "geometry": {
        "type": "Point",
        "coordinates": [
          -122.39481,
          37.7819971
        ]
      },
      "id": "node/14032063876"
    },
    {
      "type": "Feature",
      "properties": {
        "@id": "node/14032068703",
        "camera:direction": "317",
        "camera:mount": "wall",
        "camera:type": "dome",
        "man_made": "surveillance",
        "surveillance": "public",
        "surveillance:type": "camera",
        "surveillance:zone": "entrance;street"
      },
      "geometry": {
        "type": "Point",
        "coordinates": [
          -122.3954452,
          37.7814949
        ]
      },
      "id": "node/14032068703"
    },
    {
      "type": "Feature",
      "properties": {
        "@id": "node/14032079807",
        "camera:direction": "317",
        "camera:mount": "wall",
        "camera:type": "dome",
        "man_made": "surveillance",
        "surveillance": "public",
        "surveillance:type": "camera",
        "surveillance:zone": "entrance;street"
      },
      "geometry": {
        "type": "Point",
        "coordinates": [
          -122.3953727,
          37.7815512
        ]
      },
      "id": "node/14032079807"
    },
    {
      "type": "Feature",
      "properties": {
        "@id": "node/14032079808",
        "camera:direction": "241",
        "camera:mount": "wall",
        "camera:type": "fixed",
        "man_made": "surveillance",
        "surveillance": "public",
        "surveillance:type": "camera",
        "surveillance:zone": "street"
      },
      "geometry": {
        "type": "Point",
        "coordinates": [
          -122.3951675,
          37.7817145
        ]
      },
      "id": "node/14032079808"
    },
    {
      "type": "Feature",
      "properties": {
        "@id": "node/14032080760",
        "camera:direction": "33",
        "camera:mount": "pole",
        "man_made": "surveillance",
        "surveillance": "public",
        "surveillance:type": "camera",
        "surveillance:zone": "Speed;street;traffic"
      },
      "geometry": {
        "type": "Point",
        "coordinates": [
          -122.3949276,
          37.7818993
        ]
      },
      "id": "node/14032080760"
    },
    {
      "type": "Feature",
      "properties": {
        "@id": "node/14032081582",
        "camera:direction": "9",
        "camera:mount": "wall",
        "camera:type": "fixed",
        "man_made": "surveillance",
        "surveillance": "public",
        "surveillance:type": "camera",
        "surveillance:zone": "entrance;street"
      },
      "geometry": {
        "type": "Point",
        "coordinates": [
          -122.3939047,
          37.7827115
        ]
      },
      "id": "node/14032081582"
    },
    {
      "type": "Feature",
      "properties": {
        "@id": "node/14032088571",
        "camera:direction": "313",
        "camera:mount": "wall",
        "camera:type": "dome",
        "man_made": "surveillance",
        "surveillance": "public",
        "surveillance:type": "camera",
        "surveillance:zone": "street"
      },
      "geometry": {
        "type": "Point",
        "coordinates": [
          -122.394695,
          37.7820741
        ]
      },
      "id": "node/14032088571"
    },
    {
      "type": "Feature",
      "properties": {
        "@id": "node/14032089598",
        "camera:direction": "240",
        "camera:mount": "wall",
        "camera:type": "fixed",
        "man_made": "surveillance",
        "surveillance": "public",
        "surveillance:type": "camera",
        "surveillance:zone": "entrance"
      },
      "geometry": {
        "type": "Point",
        "coordinates": [
          -122.3939847,
          37.7826488
        ]
      },
      "id": "node/14032089598"
    },
    {
      "type": "Feature",
      "properties": {
        "@id": "node/14032096662",
        "camera:direction": "54",
        "camera:mount": "wall",
        "camera:type": "dome",
        "man_made": "surveillance",
        "surveillance": "outdoor",
        "surveillance:type": "camera",
        "surveillance:zone": "entrance"
      },
      "geometry": {
        "type": "Point",
        "coordinates": [
          -122.3925288,
          37.7819583
        ]
      },
      "id": "node/14032096662"
    },
    {
      "type": "Feature",
      "properties": {
        "@id": "node/14032108139",
        "camera:direction": "323",
        "camera:mount": "wall",
        "camera:type": "fixed",
        "man_made": "surveillance",
        "surveillance": "public",
        "surveillance:type": "camera",
        "surveillance:zone": "entrance"
      },
      "geometry": {
        "type": "Point",
        "coordinates": [
          -122.3928375,
          37.7822214
        ]
      },
      "id": "node/14032108139"
    },
    {
      "type": "Feature",
      "properties": {
        "@id": "node/14032108284",
        "camera:direction": "5",
        "camera:mount": "wall",
        "camera:type": "fixed",
        "man_made": "surveillance",
        "surveillance": "public",
        "surveillance:type": "camera",
        "surveillance:zone": "entrance"
      },
      "geometry": {
        "type": "Point",
        "coordinates": [
          -122.3927913,
          37.7822024
        ]
      },
      "id": "node/14032108284"
    },
    {
      "type": "Feature",
      "properties": {
        "@id": "node/14040606501",
        "camera:mount": "pole",
        "camera:type": "fixed",
        "direction": "260",
        "man_made": "surveillance",
        "manufacturer": "Flock Safety",
        "manufacturer:wikidata": "Q108485435",
        "surveillance": "public",
        "surveillance:type": "ALPR",
        "surveillance:zone": "traffic"
      },
      "geometry": {
        "type": "Point",
        "coordinates": [
          -122.4779407,
          37.7275499
        ]
      },
      "id": "node/14040606501"
    },
    {
      "type": "Feature",
      "properties": {
        "@id": "node/14040606502",
        "camera:mount": "pole",
        "camera:type": "fixed",
        "direction": "29",
        "man_made": "surveillance",
        "manufacturer": "Flock Safety",
        "manufacturer:wikidata": "Q108485435",
        "surveillance": "public",
        "surveillance:type": "ALPR",
        "surveillance:zone": "traffic"
      },
      "geometry": {
        "type": "Point",
        "coordinates": [
          -122.4781353,
          37.7261291
        ]
      },
      "id": "node/14040606502"
    },
    {
      "type": "Feature",
      "properties": {
        "@id": "node/14047645770",
        "camera:direction": "50",
        "camera:mount": "wall",
        "camera:type": "dome",
        "man_made": "surveillance",
        "surveillance": "public",
        "surveillance:type": "camera",
        "surveillance:zone": "entrance;street"
      },
      "geometry": {
        "type": "Point",
        "coordinates": [
          -122.3926819,
          37.7795641
        ]
      },
      "id": "node/14047645770"
    },
    {
      "type": "Feature",
      "properties": {
        "@id": "node/14047645771",
        "camera:direction": "68",
        "camera:mount": "wall",
        "camera:type": "fixed",
        "man_made": "surveillance",
        "surveillance": "public",
        "surveillance:type": "camera",
        "surveillance:zone": "street"
      },
      "geometry": {
        "type": "Point",
        "coordinates": [
          -122.3936349,
          37.7783483
        ]
      },
      "id": "node/14047645771"
    },
    {
      "type": "Feature",
      "properties": {
        "@id": "node/14047645776",
        "camera:direction": "321",
        "camera:mount": "wall",
        "camera:type": "dome",
        "man_made": "surveillance",
        "surveillance": "public",
        "surveillance:type": "camera",
        "surveillance:zone": "street"
      },
      "geometry": {
        "type": "Point",
        "coordinates": [
          -122.3933704,
          37.7806827
        ]
      },
      "id": "node/14047645776"
    },
    {
      "type": "Feature",
      "properties": {
        "@id": "node/14047648935",
        "camera:direction": "130",
        "camera:mount": "wall",
        "camera:type": "dome",
        "man_made": "surveillance",
        "surveillance": "public",
        "surveillance:type": "camera",
        "surveillance:zone": "street"
      },
      "geometry": {
        "type": "Point",
        "coordinates": [
          -122.3914072,
          37.780103
        ]
      },
      "id": "node/14047648935"
    },
    {
      "type": "Feature",
      "properties": {
        "@id": "node/14047663823",
        "camera:direction": "205",
        "camera:mount": "wall",
        "camera:type": "fixed",
        "man_made": "surveillance",
        "surveillance": "public",
        "surveillance:type": "camera",
        "surveillance:zone": "street"
      },
      "geometry": {
        "type": "Point",
        "coordinates": [
          -122.3915041,
          37.780027
        ]
      },
      "id": "node/14047663823"
    },
    {
      "type": "Feature",
      "properties": {
        "@id": "node/14047663824",
        "camera:direction": "205",
        "camera:mount": "wall",
        "camera:type": "fixed",
        "man_made": "surveillance",
        "surveillance": "public",
        "surveillance:type": "camera",
        "surveillance:zone": "street"
      },
      "geometry": {
        "type": "Point",
        "coordinates": [
          -122.3915693,
          37.7799758
        ]
      },
      "id": "node/14047663824"
    },
    {
      "type": "Feature",
      "properties": {
        "@id": "node/14047667274",
        "camera:direction": "188",
        "camera:mount": "wall",
        "camera:type": "fixed",
        "man_made": "surveillance",
        "surveillance": "public",
        "surveillance:type": "camera",
        "surveillance:zone": "street"
      },
      "geometry": {
        "type": "Point",
        "coordinates": [
          -122.3934585,
          37.7784865
        ]
      },
      "id": "node/14047667274"
    },
    {
      "type": "Feature",
      "properties": {
        "@id": "node/14047667324",
        "camera:direction": "320",
        "camera:mount": "wall",
        "camera:type": "dome",
        "man_made": "surveillance",
        "surveillance": "public",
        "surveillance:type": "camera",
        "surveillance:zone": "entrance;street"
      },
      "geometry": {
        "type": "Point",
        "coordinates": [
          -122.3915116,
          37.779704
        ]
      },
      "id": "node/14047667324"
    },
    {
      "type": "Feature",
      "properties": {
        "@id": "node/14047667351",
        "camera:direction": "47",
        "camera:mount": "wall",
        "camera:type": "dome",
        "man_made": "surveillance",
        "surveillance": "public",
        "surveillance:type": "camera",
        "surveillance:zone": "street"
      },
      "geometry": {
        "type": "Point",
        "coordinates": [
          -122.3941401,
          37.7790256
        ]
      },
      "id": "node/14047667351"
    },
    {
      "type": "Feature",
      "properties": {
        "@id": "node/14047667352",
        "camera:direction": "59",
        "camera:mount": "wall",
        "camera:type": "fixed",
        "man_made": "surveillance",
        "surveillance": "public",
        "surveillance:type": "camera",
        "surveillance:zone": "entrance;street"
      },
      "geometry": {
        "type": "Point",
        "coordinates": [
          -122.3941958,
          37.7798323
        ]
      },
      "id": "node/14047667352"
    },
    {
      "type": "Feature",
      "properties": {
        "@id": "node/14047667550",
        "camera:direction": "317",
        "camera:mount": "wall",
        "camera:type": "dome",
        "man_made": "surveillance",
        "surveillance": "public",
        "surveillance:type": "camera",
        "surveillance:zone": "entrance;street"
      },
      "geometry": {
        "type": "Point",
        "coordinates": [
          -122.3908086,
          37.7802624
        ]
      },
      "id": "node/14047667550"
    },
    {
      "type": "Feature",
      "properties": {
        "@id": "node/14047667555",
        "camera:direction": "286",
        "camera:mount": "wall",
        "camera:type": "fixed",
        "man_made": "surveillance",
        "surveillance": "public",
        "surveillance:type": "camera",
        "surveillance:zone": "entrance;street"
      },
      "geometry": {
        "type": "Point",
        "coordinates": [
          -122.3927011,
          37.7797371
        ]
      },
      "id": "node/14047667555"
    },
    {
      "type": "Feature",
      "properties": {
        "@id": "node/14047667560",
        "camera:direction": "51",
        "camera:mount": "wall",
        "camera:type": "fixed",
        "man_made": "surveillance",
        "surveillance": "public",
        "surveillance:type": "camera",
        "surveillance:zone": "corridor"
      },
      "geometry": {
        "type": "Point",
        "coordinates": [
          -122.3937358,
          37.7783513
        ]
      },
      "id": "node/14047667560"
    },
    {
      "type": "Feature",
      "properties": {
        "@id": "node/14047678499",
        "camera:direction": "227",
        "camera:mount": "wall",
        "camera:type": "dome",
        "man_made": "surveillance",
        "surveillance": "public",
        "surveillance:type": "camera",
        "surveillance:zone": "entrance;street"
      },
      "geometry": {
        "type": "Point",
        "coordinates": [
          -122.3927396,
          37.7797678
        ]
      },
      "id": "node/14047678499"
    },
    {
      "type": "Feature",
      "properties": {
        "@id": "node/14047686922",
        "camera:direction": "252",
        "camera:mount": "wall",
        "camera:type": "fixed",
        "man_made": "surveillance",
        "surveillance": "outdoor",
        "surveillance:type": "camera",
        "surveillance:zone": "corridor"
      },
      "geometry": {
        "type": "Point",
        "coordinates": [
          -122.3930524,
          37.7798322
        ]
      },
      "id": "node/14047686922"
    },
    {
      "type": "Feature",
      "properties": {
        "@id": "node/14047686923",
        "camera:direction": "228",
        "camera:mount": "wall",
        "camera:type": "dome",
        "man_made": "surveillance",
        "surveillance": "public",
        "surveillance:type": "camera",
        "surveillance:zone": "street"
      },
      "geometry": {
        "type": "Point",
        "coordinates": [
          -122.3937234,
          37.778842
        ]
      },
      "id": "node/14047686923"
    },
    {
      "type": "Feature",
      "properties": {
        "@id": "node/14047688787",
        "camera:direction": "47",
        "camera:mount": "wall",
        "camera:type": "dome",
        "man_made": "surveillance",
        "surveillance": "public",
        "surveillance:type": "camera",
        "surveillance:zone": "street"
      },
      "geometry": {
        "type": "Point",
        "coordinates": [
          -122.3934733,
          37.7785123
        ]
      },
      "id": "node/14047688787"
    },
    {
      "type": "Feature",
      "properties": {
        "@id": "node/14047694302",
        "camera:direction": "47",
        "camera:mount": "wall",
        "camera:type": "dome",
        "man_made": "surveillance",
        "surveillance": "public",
        "surveillance:type": "camera",
        "surveillance:zone": "street"
      },
      "geometry": {
        "type": "Point",
        "coordinates": [
          -122.3939086,
          37.7787736
        ]
      },
      "id": "node/14047694302"
    },
    {
      "type": "Feature",
      "properties": {
        "@id": "node/14047694303",
        "camera:direction": "47",
        "camera:mount": "wall",
        "camera:type": "dome",
        "man_made": "surveillance",
        "surveillance": "public",
        "surveillance:type": "camera",
        "surveillance:zone": "street"
      },
      "geometry": {
        "type": "Point",
        "coordinates": [
          -122.3939211,
          37.7788247
        ]
      },
      "id": "node/14047694303"
    },
    {
      "type": "Feature",
      "properties": {
        "@id": "node/14047694304",
        "camera:direction": "235",
        "camera:mount": "wall",
        "camera:type": "dome",
        "man_made": "surveillance",
        "surveillance": "public",
        "surveillance:type": "camera",
        "surveillance:zone": "parking"
      },
      "geometry": {
        "type": "Point",
        "coordinates": [
          -122.3942411,
          37.7788036
        ]
      },
      "id": "node/14047694304"
    },
    {
      "type": "Feature",
      "properties": {
        "@id": "node/14047694333",
        "camera:direction": "178",
        "camera:mount": "wall",
        "camera:type": "fixed",
        "man_made": "surveillance",
        "surveillance": "outdoor",
        "surveillance:type": "camera",
        "surveillance:zone": "parking"
      },
      "geometry": {
        "type": "Point",
        "coordinates": [
          -122.3943975,
          37.7792074
        ]
      },
      "id": "node/14047694333"
    },
    {
      "type": "Feature",
      "properties": {
        "@id": "node/14047694424",
        "camera:direction": "287",
        "camera:mount": "wall",
        "camera:type": "fixed",
        "man_made": "surveillance",
        "surveillance": "public",
        "surveillance:type": "camera",
        "surveillance:zone": "corridor"
      },
      "geometry": {
        "type": "Point",
        "coordinates": [
          -122.3936651,
          37.7783546
        ]
      },
      "id": "node/14047694424"
    },
    {
      "type": "Feature",
      "properties": {
        "@id": "node/14047695190",
        "camera:direction": "47",
        "camera:mount": "wall",
        "camera:type": "dome",
        "man_made": "surveillance",
        "surveillance": "public",
        "surveillance:type": "camera",
        "surveillance:zone": "street"
      },
      "geometry": {
        "type": "Point",
        "coordinates": [
          -122.3942344,
          37.7791016
        ]
      },
      "id": "node/14047695190"
    },
    {
      "type": "Feature",
      "properties": {
        "@id": "node/14047695821",
        "camera:direction": "47",
        "camera:mount": "wall",
        "camera:type": "dome",
        "man_made": "surveillance",
        "surveillance": "public",
        "surveillance:type": "camera",
        "surveillance:zone": "street"
      },
      "geometry": {
        "type": "Point",
        "coordinates": [
          -122.3939826,
          37.7789051
        ]
      },
      "id": "node/14047695821"
    },
    {
      "type": "Feature",
      "properties": {
        "@id": "node/14047699517",
        "camera:direction": "47",
        "camera:mount": "wall",
        "camera:type": "dome",
        "man_made": "surveillance",
        "surveillance": "public",
        "surveillance:type": "camera",
        "surveillance:zone": "street"
      },
      "geometry": {
        "type": "Point",
        "coordinates": [
          -122.3936092,
          37.7786182
        ]
      },
      "id": "node/14047699517"
    },
    {
      "type": "Feature",
      "properties": {
        "@id": "node/14047699518",
        "camera:direction": "311",
        "camera:mount": "wall",
        "camera:type": "dome",
        "man_made": "surveillance",
        "surveillance": "public",
        "surveillance:type": "camera",
        "surveillance:zone": "corridor;parking;street"
      },
      "geometry": {
        "type": "Point",
        "coordinates": [
          -122.3940777,
          37.7789644
        ]
      },
      "id": "node/14047699518"
    },
    {
      "type": "Feature",
      "properties": {
        "@id": "node/14047700470",
        "camera:direction": "47",
        "camera:mount": "wall",
        "camera:type": "dome",
        "man_made": "surveillance",
        "surveillance": "public",
        "surveillance:type": "camera",
        "surveillance:zone": "street"
      },
      "geometry": {
        "type": "Point",
        "coordinates": [
          -122.3937166,
          37.778702
        ]
      },
      "id": "node/14047700470"
    },
    {
      "type": "Feature",
      "properties": {
        "@id": "node/14047700562",
        "camera:direction": "311",
        "camera:mount": "wall",
        "camera:type": "dome",
        "man_made": "surveillance",
        "surveillance": "public",
        "surveillance:type": "camera",
        "surveillance:zone": "corridor;parking;street"
      },
      "geometry": {
        "type": "Point",
        "coordinates": [
          -122.3942401,
          37.7788343
        ]
      },
      "id": "node/14047700562"
    },
    {
      "type": "Feature",
      "properties": {
        "@id": "node/14047702926",
        "camera:direction": "47",
        "camera:mount": "wall",
        "camera:type": "dome",
        "man_made": "surveillance",
        "surveillance": "public",
        "surveillance:type": "camera",
        "surveillance:zone": "street"
      },
      "geometry": {
        "type": "Point",
        "coordinates": [
          -122.3937706,
          37.778744
        ]
      },
      "id": "node/14047702926"
    },
    {
      "type": "Feature",
      "properties": {
        "@id": "node/14047702997",
        "camera:direction": "296",
        "camera:mount": "wall",
        "camera:type": "fixed",
        "man_made": "surveillance",
        "surveillance": "outdoor",
        "surveillance:type": "camera",
        "surveillance:zone": "parking"
      },
      "geometry": {
        "type": "Point",
        "coordinates": [
          -122.3940324,
          37.7796728
        ]
      },
      "id": "node/14047702997"
    },
    {
      "type": "Feature",
      "properties": {
        "@id": "node/14047710660",
        "camera:direction": "242",
        "camera:mount": "wall",
        "camera:type": "fixed",
        "man_made": "surveillance",
        "surveillance": "public",
        "surveillance:type": "camera",
        "surveillance:zone": "street"
      },
      "geometry": {
        "type": "Point",
        "coordinates": [
          -122.3945127,
          37.7797791
        ]
      },
      "id": "node/14047710660"
    },
    {
      "type": "Feature",
      "properties": {
        "@id": "node/14047711069",
        "camera:direction": "225",
        "camera:mount": "wall",
        "camera:type": "dome",
        "man_made": "surveillance",
        "surveillance": "public",
        "surveillance:type": "camera",
        "surveillance:zone": "entrance;street"
      },
      "geometry": {
        "type": "Point",
        "coordinates": [
          -122.3940241,
          37.7790824
        ]
      },
      "id": "node/14047711069"
    },
    {
      "type": "Feature",
      "properties": {
        "@id": "node/14047711070",
        "camera:direction": "232",
        "camera:mount": "wall",
        "camera:type": "dome",
        "man_made": "surveillance",
        "surveillance": "public",
        "surveillance:type": "camera",
        "surveillance:zone": "entrance;street"
      },
      "geometry": {
        "type": "Point",
        "coordinates": [
          -122.3939147,
          37.7799332
        ]
      },
      "id": "node/14047711070"
    },
    {
      "type": "Feature",
      "properties": {
        "@id": "node/14047716413",
        "camera:direction": "124",
        "camera:mount": "wall",
        "camera:type": "fixed",
        "man_made": "surveillance",
        "surveillance": "public",
        "surveillance:type": "camera",
        "surveillance:zone": "street"
      },
      "geometry": {
        "type": "Point",
        "coordinates": [
          -122.3947896,
          37.7795457
        ]
      },
      "id": "node/14047716413"
    },
    {
      "type": "Feature",
      "properties": {
        "@id": "node/14052059201",
        "camera:mount": "street_lamp",
        "camera:type": "fixed",
        "direction": "110",
        "image": "https://alpr.pictures/san-francisco/winston%20ebns%20buckingham.jpg",
        "man_made": "surveillance",
        "manufacturer": "Flock Safety",
        "manufacturer:wikidata": "Q108485435",
        "surveillance": "public",
        "surveillance:type": "ALPR",
        "surveillance:zone": "traffic"
      },
      "geometry": {
        "type": "Point",
        "coordinates": [
          -122.4797932,
          37.7286559
        ]
      },
      "id": "node/14052059201"
    },
    {
      "type": "Feature",
      "properties": {
        "@id": "node/14052437160",
        "camera:direction": "348",
        "camera:mount": "wall",
        "camera:type": "fixed",
        "man_made": "surveillance",
        "surveillance": "public",
        "surveillance:type": "camera",
        "surveillance:zone": "street"
      },
      "geometry": {
        "type": "Point",
        "coordinates": [
          -122.3951478,
          37.7789969
        ]
      },
      "id": "node/14052437160"
    },
    {
      "type": "Feature",
      "properties": {
        "@id": "node/14052446018",
        "camera:direction": "222",
        "camera:mount": "wall",
        "camera:type": "fixed",
        "man_made": "surveillance",
        "surveillance": "public",
        "surveillance:type": "camera",
        "surveillance:zone": "corridor"
      },
      "geometry": {
        "type": "Point",
        "coordinates": [
          -122.3949685,
          37.7784221
        ]
      },
      "id": "node/14052446018"
    },
    {
      "type": "Feature",
      "properties": {
        "@id": "node/14052449211",
        "camera:direction": "311",
        "camera:mount": "wall",
        "camera:type": "dome",
        "man_made": "surveillance",
        "surveillance": "public",
        "surveillance:type": "camera",
        "surveillance:zone": "street"
      },
      "geometry": {
        "type": "Point",
        "coordinates": [
          -122.3949353,
          37.7794602
        ]
      },
      "id": "node/14052449211"
    },
    {
      "type": "Feature",
      "properties": {
        "@id": "node/14052451217",
        "camera:direction": "101",
        "camera:mount": "wall",
        "camera:type": "fixed",
        "man_made": "surveillance",
        "surveillance": "public",
        "surveillance:type": "camera",
        "surveillance:zone": "street"
      },
      "geometry": {
        "type": "Point",
        "coordinates": [
          -122.3950421,
          37.778914
        ]
      },
      "id": "node/14052451217"
    },
    {
      "type": "Feature",
      "properties": {
        "@id": "node/14052451574",
        "camera:direction": "131",
        "camera:mount": "wall",
        "camera:type": "dome",
        "man_made": "surveillance",
        "surveillance": "outdoor",
        "surveillance:type": "camera",
        "surveillance:zone": "parking"
      },
      "geometry": {
        "type": "Point",
        "coordinates": [
          -122.3946121,
          37.7778898
        ]
      },
      "id": "node/14052451574"
    },
    {
      "type": "Feature",
      "properties": {
        "@id": "node/14052475386",
        "camera:direction": "310",
        "camera:mount": "wall",
        "camera:type": "dome",
        "man_made": "surveillance",
        "surveillance": "public",
        "surveillance:type": "camera",
        "surveillance:zone": "street"
      },
      "geometry": {
        "type": "Point",
        "coordinates": [
          -122.3945758,
          37.7786157
        ]
      },
      "id": "node/14052475386"
    },
    {
      "type": "Feature",
      "properties": {
        "@id": "node/14052476352",
        "camera:direction": "77",
        "camera:mount": "wall",
        "camera:type": "fixed",
        "man_made": "surveillance",
        "surveillance": "public",
        "surveillance:type": "camera",
        "surveillance:zone": "corridor;entrance"
      },
      "geometry": {
        "type": "Point",
        "coordinates": [
          -122.3953207,
          37.7781414
        ]
      },
      "id": "node/14052476352"
    },
    {
      "type": "Feature",
      "properties": {
        "@id": "node/14052481024",
        "camera:direction": "67",
        "camera:mount": "wall",
        "camera:type": "fixed",
        "man_made": "surveillance",
        "surveillance": "public",
        "surveillance:type": "camera",
        "surveillance:zone": "parking;street"
      },
      "geometry": {
        "type": "Point",
        "coordinates": [
          -122.3947189,
          37.7786608
        ]
      },
      "id": "node/14052481024"
    },
    {
      "type": "Feature",
      "properties": {
        "@id": "node/14052481939",
        "camera:direction": "153",
        "camera:mount": "wall",
        "camera:type": "fixed",
        "man_made": "surveillance",
        "surveillance": "public",
        "surveillance:type": "camera",
        "surveillance:zone": "entrance"
      },
      "geometry": {
        "type": "Point",
        "coordinates": [
          -122.3955359,
          37.7776889
        ]
      },
      "id": "node/14052481939"
    },
    {
      "type": "Feature",
      "properties": {
        "@id": "node/14052481986",
        "camera:direction": "231",
        "camera:mount": "wall",
        "camera:type": "dome",
        "man_made": "surveillance",
        "surveillance": "outdoor",
        "surveillance:type": "camera",
        "surveillance:zone": "entrance"
      },
      "geometry": {
        "type": "Point",
        "coordinates": [
          -122.3961639,
          37.7782483
        ]
      },
      "id": "node/14052481986"
    },
    {
      "type": "Feature",
      "properties": {
        "@id": "node/14052482019",
        "camera:direction": "210",
        "camera:mount": "wall",
        "camera:type": "fixed",
        "man_made": "surveillance",
        "surveillance": "public",
        "surveillance:type": "camera",
        "surveillance:zone": "corridor;entrance"
      },
      "geometry": {
        "type": "Point",
        "coordinates": [
          -122.3952186,
          37.7782228
        ]
      },
      "id": "node/14052482019"
    },
    {
      "type": "Feature",
      "properties": {
        "@id": "node/14052485670",
        "camera:direction": "231",
        "camera:mount": "wall",
        "camera:type": "fixed",
        "man_made": "surveillance",
        "surveillance": "public",
        "surveillance:type": "camera",
        "surveillance:zone": "street"
      },
      "geometry": {
        "type": "Point",
        "coordinates": [
          -122.3940731,
          37.7781752
        ]
      },
      "id": "node/14052485670"
    },
    {
      "type": "Feature",
      "properties": {
        "@id": "node/14052487700",
        "camera:direction": "135",
        "camera:mount": "wall",
        "camera:type": "fixed",
        "man_made": "surveillance",
        "surveillance": "public",
        "surveillance:type": "camera",
        "surveillance:zone": "entrance;street"
      },
      "geometry": {
        "type": "Point",
        "coordinates": [
          -122.3938848,
          37.7781548
        ]
      },
      "id": "node/14052487700"
    },
    {
      "type": "Feature",
      "properties": {
        "@id": "node/14052490655",
        "camera:direction": "158",
        "camera:mount": "wall",
        "camera:type": "fixed",
        "man_made": "surveillance",
        "surveillance": "public",
        "surveillance:type": "camera",
        "surveillance:zone": "street"
      },
      "geometry": {
        "type": "Point",
        "coordinates": [
          -122.3954807,
          37.7776448
        ]
      },
      "id": "node/14052490655"
    },
    {
      "type": "Feature",
      "properties": {
        "@id": "node/14052492740",
        "camera:direction": "224",
        "camera:mount": "wall",
        "camera:type": "fixed",
        "man_made": "surveillance",
        "surveillance": "public",
        "surveillance:type": "camera",
        "surveillance:zone": "street"
      },
      "geometry": {
        "type": "Point",
        "coordinates": [
          -122.3971499,
          37.7789668
        ]
      },
      "id": "node/14052492740"
    },
    {
      "type": "Feature",
      "properties": {
        "@id": "node/14052495638",
        "camera:direction": "237",
        "camera:mount": "wall",
        "camera:type": "fixed",
        "man_made": "surveillance",
        "surveillance": "outdoor",
        "surveillance:type": "camera",
        "surveillance:zone": "entrance"
      },
      "geometry": {
        "type": "Point",
        "coordinates": [
          -122.395534,
          37.7789096
        ]
      },
      "id": "node/14052495638"
    },
    {
      "type": "Feature",
      "properties": {
        "@id": "node/14052495664",
        "camera:direction": "333",
        "camera:mount": "wall",
        "camera:type": "fixed",
        "man_made": "surveillance",
        "surveillance": "public",
        "surveillance:type": "camera",
        "surveillance:zone": "street"
      },
      "geometry": {
        "type": "Point",
        "coordinates": [
          -122.3959581,
          37.7797351
        ]
      },
      "id": "node/14052495664"
    },
    {
      "type": "Feature",
      "properties": {
        "@id": "node/14052498372",
        "camera:direction": "40",
        "camera:mount": "wall",
        "camera:type": "fixed",
        "man_made": "surveillance",
        "surveillance": "public",
        "surveillance:type": "camera",
        "surveillance:zone": "entrance;street"
      },
      "geometry": {
        "type": "Point",
        "coordinates": [
          -122.3959762,
          37.7786265
        ]
      },
      "id": "node/14052498372"
    },
    {
      "type": "Feature",
      "properties": {
        "@id": "node/14052498466",
        "camera:direction": "228",
        "camera:mount": "wall",
        "camera:type": "dome",
        "man_made": "surveillance",
        "surveillance": "public",
        "surveillance:type": "camera",
        "surveillance:zone": "street"
      },
      "geometry": {
        "type": "Point",
        "coordinates": [
          -122.3954398,
          37.7802029
        ]
      },
      "id": "node/14052498466"
    },
    {
      "type": "Feature",
      "properties": {
        "@id": "node/14052500199",
        "camera:direction": "133",
        "camera:mount": "wall",
        "camera:type": "dome",
        "man_made": "surveillance",
        "surveillance": "public",
        "surveillance:type": "camera",
        "surveillance:zone": "entrance;parking"
      },
      "geometry": {
        "type": "Point",
        "coordinates": [
          -122.3966651,
          37.779162
        ]
      },
      "id": "node/14052500199"
    },
    {
      "type": "Feature",
      "properties": {
        "@id": "node/14052502507",
        "camera:direction": "227",
        "camera:mount": "wall",
        "camera:type": "fixed",
        "man_made": "surveillance",
        "surveillance": "public",
        "surveillance:type": "camera",
        "surveillance:zone": "entrance"
      },
      "geometry": {
        "type": "Point",
        "coordinates": [
          -122.3953272,
          37.7790939
        ]
      },
      "id": "node/14052502507"
    },
    {
      "type": "Feature",
      "properties": {
        "@id": "node/14052510900",
        "camera:direction": "265",
        "camera:mount": "wall",
        "camera:type": "fixed",
        "man_made": "surveillance",
        "surveillance": "public",
        "surveillance:type": "camera",
        "surveillance:zone": "street"
      },
      "geometry": {
        "type": "Point",
        "coordinates": [
          -122.3953123,
          37.7801016
        ]
      },
      "id": "node/14052510900"
    },
    {
      "type": "Feature",
      "properties": {
        "@id": "node/14052510976",
        "camera:direction": "334",
        "camera:mount": "wall",
        "camera:type": "fixed",
        "man_made": "surveillance",
        "surveillance": "public",
        "surveillance:type": "camera",
        "surveillance:zone": "entrance;street"
      },
      "geometry": {
        "type": "Point",
        "coordinates": [
          -122.3962128,
          37.7806709
        ]
      },
      "id": "node/14052510976"
    },
    {
      "type": "Feature",
      "properties": {
        "@id": "node/14052511440",
        "camera:direction": "133",
        "camera:mount": "wall",
        "camera:type": "dome",
        "man_made": "surveillance",
        "surveillance": "public",
        "surveillance:type": "camera",
        "surveillance:zone": "entrance;parking"
      },
      "geometry": {
        "type": "Point",
        "coordinates": [
          -122.39668,
          37.7791504
        ]
      },
      "id": "node/14052511440"
    },
    {
      "type": "Feature",
      "properties": {
        "@id": "node/14052512158",
        "camera:direction": "145",
        "camera:mount": "wall",
        "camera:type": "dome",
        "man_made": "surveillance",
        "surveillance": "public",
        "surveillance:type": "camera",
        "surveillance:zone": "street"
      },
      "geometry": {
        "type": "Point",
        "coordinates": [
          -122.3959506,
          37.7797247
        ]
      },
      "id": "node/14052512158"
    },
    {
      "type": "Feature",
      "properties": {
        "@id": "node/14052519169",
        "camera:direction": "133",
        "camera:mount": "wall",
        "camera:type": "dome",
        "man_made": "surveillance",
        "surveillance": "public",
        "surveillance:type": "camera",
        "surveillance:zone": "entrance;parking"
      },
      "geometry": {
        "type": "Point",
        "coordinates": [
          -122.3967681,
          37.7790816
        ]
      },
      "id": "node/14052519169"
    },
    {
      "type": "Feature",
      "properties": {
        "@id": "node/14052519632",
        "camera:direction": "47",
        "camera:mount": "wall",
        "camera:type": "dome",
        "man_made": "surveillance",
        "surveillance": "public",
        "surveillance:type": "camera",
        "surveillance:zone": "street"
      },
      "geometry": {
        "type": "Point",
        "coordinates": [
          -122.3959519,
          37.7797302
        ]
      },
      "id": "node/14052519632"
    },
    {
      "type": "Feature",
      "properties": {
        "@id": "node/14052525543",
        "camera:direction": "70",
        "camera:mount": "wall",
        "camera:type": "fixed",
        "man_made": "surveillance",
        "surveillance": "outdoor",
        "surveillance:type": "camera",
        "surveillance:zone": "entrance"
      },
      "geometry": {
        "type": "Point",
        "coordinates": [
          -122.3970276,
          37.7789074
        ]
      },
      "id": "node/14052525543"
    },
    {
      "type": "Feature",
      "properties": {
        "@id": "node/14052525551",
        "camera:direction": "31",
        "camera:mount": "wall",
        "camera:type": "dome",
        "man_made": "surveillance",
        "surveillance": "public",
        "surveillance:type": "camera",
        "surveillance:zone": "entrance;street"
      },
      "geometry": {
        "type": "Point",
        "coordinates": [
          -122.395987,
          37.7804905
        ]
      },
      "id": "node/14052525551"
    },
    {
      "type": "Feature",
      "properties": {
        "@id": "node/14052525862",
        "camera:direction": "224",
        "camera:mount": "wall",
        "camera:type": "fixed",
        "man_made": "surveillance",
        "surveillance": "public",
        "surveillance:type": "camera",
        "surveillance:zone": "street"
      },
      "geometry": {
        "type": "Point",
        "coordinates": [
          -122.3973885,
          37.7791565
        ]
      },
      "id": "node/14052525862"
    },
    {
      "type": "Feature",
      "properties": {
        "@id": "node/14052528802",
        "camera:direction": "48",
        "camera:mount": "wall",
        "camera:type": "fixed",
        "man_made": "surveillance",
        "surveillance": "public",
        "surveillance:type": "camera",
        "surveillance:zone": "street"
      },
      "geometry": {
        "type": "Point",
        "coordinates": [
          -122.396306,
          37.7800023
        ]
      },
      "id": "node/14052528802"
    },
    {
      "type": "Feature",
      "properties": {
        "@id": "node/14052536666",
        "camera:direction": "167",
        "camera:mount": "wall",
        "camera:type": "fixed",
        "man_made": "surveillance",
        "surveillance": "public",
        "surveillance:type": "camera",
        "surveillance:zone": "entrance"
      },
      "geometry": {
        "type": "Point",
        "coordinates": [
          -122.3955874,
          37.7803317
        ]
      },
      "id": "node/14052536666"
    },
    {
      "type": "Feature",
      "properties": {
        "@id": "node/14052540109",
        "camera:direction": "31",
        "camera:mount": "wall",
        "camera:type": "dome",
        "man_made": "surveillance",
        "surveillance": "public",
        "surveillance:type": "camera",
        "surveillance:zone": "entrance;street"
      },
      "geometry": {
        "type": "Point",
        "coordinates": [
          -122.3960477,
          37.780539
        ]
      },
      "id": "node/14052540109"
    },
    {
      "type": "Feature",
      "properties": {
        "@id": "node/14052541744",
        "camera:direction": "182",
        "camera:mount": "wall",
        "camera:type": "fixed",
        "man_made": "surveillance",
        "surveillance": "public",
        "surveillance:type": "camera",
        "surveillance:zone": "street"
      },
      "geometry": {
        "type": "Point",
        "coordinates": [
          -122.3950784,
          37.7799156
        ]
      },
      "id": "node/14052541744"
    },
    {
      "type": "Feature",
      "properties": {
        "@id": "node/14052541745",
        "camera:direction": "268",
        "camera:mount": "wall",
        "camera:type": "fixed",
        "man_made": "surveillance",
        "surveillance": "public",
        "surveillance:type": "camera",
        "surveillance:zone": "street"
      },
      "geometry": {
        "type": "Point",
        "coordinates": [
          -122.3949342,
          37.779798
        ]
      },
      "id": "node/14052541745"
    },
    {
      "type": "Feature",
      "properties": {
        "@id": "node/14052545335",
        "camera:direction": "72",
        "camera:mount": "wall",
        "camera:type": "fixed",
        "man_made": "surveillance",
        "surveillance": "public",
        "surveillance:type": "camera",
        "surveillance:zone": "street"
      },
      "geometry": {
        "type": "Point",
        "coordinates": [
          -122.3948986,
          37.7797973
        ]
      },
      "id": "node/14052545335"
    },
    {
      "type": "Feature",
      "properties": {
        "@id": "node/14052546301",
        "camera:direction": "191",
        "camera:mount": "wall",
        "camera:type": "fixed",
        "man_made": "surveillance",
        "surveillance": "public",
        "surveillance:type": "camera",
        "surveillance:zone": "street"
      },
      "geometry": {
        "type": "Point",
        "coordinates": [
          -122.3952954,
          37.7800882
        ]
      },
      "id": "node/14052546301"
    },
    {
      "type": "Feature",
      "properties": {
        "@id": "node/14052546317",
        "camera:direction": "141",
        "camera:mount": "wall",
        "camera:type": "doorbell",
        "man_made": "surveillance",
        "surveillance": "public",
        "surveillance:type": "camera",
        "surveillance:zone": "entrance;street"
      },
      "geometry": {
        "type": "Point",
        "coordinates": [
          -122.3946009,
          37.7800357
        ]
      },
      "id": "node/14052546317"
    },
    {
      "type": "Feature",
      "properties": {
        "@id": "node/14058968301",
        "camera:type": "fixed",
        "direction": "313",
        "man_made": "surveillance",
        "manufacturer": "Flock Safety",
        "manufacturer:wikidata": "Q108485435",
        "surveillance": "public",
        "surveillance:type": "ALPR",
        "surveillance:zone": "traffic"
      },
      "geometry": {
        "type": "Point",
        "coordinates": [
          -122.4176933,
          37.770658
        ]
      },
      "id": "node/14058968301"
    },
    {
      "type": "Feature",
      "properties": {
        "@id": "node/14060546001",
        "camera:type": "fixed",
        "direction": "158",
        "man_made": "surveillance",
        "manufacturer": "Flock Safety",
        "manufacturer:wikidata": "Q108485435",
        "surveillance": "public",
        "surveillance:type": "ALPR",
        "surveillance:zone": "traffic"
      },
      "geometry": {
        "type": "Point",
        "coordinates": [
          -122.4481365,
          37.7534153
        ]
      },
      "id": "node/14060546001"
    },
    {
      "type": "Feature",
      "properties": {
        "@id": "node/14060546301",
        "camera:type": "fixed",
        "direction": "17",
        "man_made": "surveillance",
        "manufacturer": "Flock Safety",
        "manufacturer:wikidata": "Q108485435",
        "surveillance": "public",
        "surveillance:type": "ALPR",
        "surveillance:zone": "traffic"
      },
      "geometry": {
        "type": "Point",
        "coordinates": [
          -122.4485609,
          37.7511457
        ]
      },
      "id": "node/14060546301"
    },
    {
      "type": "Feature",
      "properties": {
        "@id": "node/14060555202",
        "camera:type": "fixed",
        "direction": "311",
        "man_made": "surveillance",
        "manufacturer": "Motorola Solutions",
        "manufacturer:wikidata": "Q634815",
        "surveillance": "public",
        "surveillance:type": "ALPR",
        "surveillance:zone": "traffic"
      },
      "geometry": {
        "type": "Point",
        "coordinates": [
          -122.4249003,
          37.8037602
        ]
      },
      "id": "node/14060555202"
    },
    {
      "type": "Feature",
      "properties": {
        "@id": "node/14060774001",
        "camera:type": "fixed",
        "direction": "62",
        "man_made": "surveillance",
        "manufacturer": "Flock Safety",
        "manufacturer:wikidata": "Q108485435",
        "surveillance": "public",
        "surveillance:type": "ALPR",
        "surveillance:zone": "traffic"
      },
      "geometry": {
        "type": "Point",
        "coordinates": [
          -122.4682458,
          37.7433462
        ]
      },
      "id": "node/14060774001"
    },
    {
      "type": "Feature",
      "properties": {
        "@id": "node/14065194175",
        "camera:direction": "217",
        "camera:mount": "wall",
        "camera:type": "dome",
        "man_made": "surveillance",
        "surveillance": "public",
        "surveillance:type": "camera",
        "surveillance:zone": "entrance;parking;street"
      },
      "geometry": {
        "type": "Point",
        "coordinates": [
          -122.3888962,
          37.7886254
        ]
      },
      "id": "node/14065194175"
    },
    {
      "type": "Feature",
      "properties": {
        "@id": "node/14065232755",
        "camera:direction": "223",
        "camera:mount": "wall",
        "camera:type": "dome",
        "man_made": "surveillance",
        "surveillance": "outdoor",
        "surveillance:type": "camera",
        "surveillance:zone": "parking"
      },
      "geometry": {
        "type": "Point",
        "coordinates": [
          -122.3898122,
          37.7867616
        ]
      },
      "id": "node/14065232755"
    },
    {
      "type": "Feature",
      "properties": {
        "@id": "node/14065252726",
        "camera:direction": "230",
        "camera:mount": "wall",
        "camera:type": "dome",
        "man_made": "surveillance",
        "surveillance": "public",
        "surveillance:type": "camera",
        "surveillance:zone": "entrance;street"
      },
      "geometry": {
        "type": "Point",
        "coordinates": [
          -122.3889356,
          37.7872075
        ]
      },
      "id": "node/14065252726"
    },
    {
      "type": "Feature",
      "properties": {
        "@id": "node/14065252727",
        "camera:direction": "95",
        "camera:mount": "wall",
        "camera:type": "fixed",
        "man_made": "surveillance",
        "surveillance": "public",
        "surveillance:type": "camera",
        "surveillance:zone": "entrance;street"
      },
      "geometry": {
        "type": "Point",
        "coordinates": [
          -122.3899786,
          37.7877279
        ]
      },
      "id": "node/14065252727"
    },
    {
      "type": "Feature",
      "properties": {
        "@id": "node/14065272325",
        "camera:direction": "63",
        "camera:mount": "wall",
        "camera:type": "dome",
        "man_made": "surveillance",
        "surveillance": "public",
        "surveillance:type": "camera",
        "surveillance:zone": "entrance;street"
      },
      "geometry": {
        "type": "Point",
        "coordinates": [
          -122.3900794,
          37.7878065
        ]
      },
      "id": "node/14065272325"
    },
    {
      "type": "Feature",
      "properties": {
        "@id": "node/14065272513",
        "camera:direction": "311",
        "camera:mount": "wall",
        "camera:type": "dome",
        "man_made": "surveillance",
        "surveillance": "indoor",
        "surveillance:type": "camera",
        "surveillance:zone": "entrance"
      },
      "geometry": {
        "type": "Point",
        "coordinates": [
          -122.3896555,
          37.7879558
        ]
      },
      "id": "node/14065272513"
    },
    {
      "type": "Feature",
      "properties": {
        "@id": "node/14065281138",
        "camera:direction": "339",
        "camera:type": "fixed",
        "man_made": "surveillance",
        "surveillance": "public",
        "surveillance:type": "camera",
        "surveillance:zone": "street"
      },
      "geometry": {
        "type": "Point",
        "coordinates": [
          -122.3894126,
          37.7872577
        ]
      },
      "id": "node/14065281138"
    },
    {
      "type": "Feature",
      "properties": {
        "@id": "node/14065281169",
        "camera:direction": "181",
        "camera:mount": "wall",
        "camera:type": "fixed",
        "man_made": "surveillance",
        "surveillance": "outdoor",
        "surveillance:type": "camera",
        "surveillance:zone": "entrance;parking"
      },
      "geometry": {
        "type": "Point",
        "coordinates": [
          -122.39037,
          37.7871346
        ]
      },
      "id": "node/14065281169"
    },
    {
      "type": "Feature",
      "properties": {
        "@id": "node/14065283247",
        "camera:direction": "54",
        "camera:mount": "wall",
        "camera:type": "dome",
        "man_made": "surveillance",
        "surveillance": "public",
        "surveillance:type": "camera",
        "surveillance:zone": "entrance;street"
      },
      "geometry": {
        "type": "Point",
        "coordinates": [
          -122.3911322,
          37.7872586
        ]
      },
      "id": "node/14065283247"
    },
    {
      "type": "Feature",
      "properties": {
        "@id": "node/14065287013",
        "camera:direction": "324",
        "camera:mount": "wall",
        "camera:type": "dome",
        "man_made": "surveillance",
        "surveillance": "public",
        "surveillance:type": "camera",
        "surveillance:zone": "entrance;street"
      },
      "geometry": {
        "type": "Point",
        "coordinates": [
          -122.3904817,
          37.7878501
        ]
      },
      "id": "node/14065287013"
    },
    {
      "type": "Feature",
      "properties": {
        "@id": "node/14065287822",
        "camera:direction": "332",
        "camera:mount": "pole",
        "camera:type": "fixed",
        "man_made": "surveillance",
        "surveillance": "public",
        "surveillance:type": "camera",
        "surveillance:zone": "street"
      },
      "geometry": {
        "type": "Point",
        "coordinates": [
          -122.3896451,
          37.786429
        ]
      },
      "id": "node/14065287822"
    },
    {
      "type": "Feature",
      "properties": {
        "@id": "node/14065296639",
        "camera:direction": "181",
        "camera:mount": "wall",
        "camera:type": "fixed",
        "man_made": "surveillance",
        "surveillance": "outdoor",
        "surveillance:type": "camera",
        "surveillance:zone": "entrance;parking"
      },
      "geometry": {
        "type": "Point",
        "coordinates": [
          -122.3905686,
          37.7872254
        ]
      },
      "id": "node/14065296639"
    },
    {
      "type": "Feature",
      "properties": {
        "@id": "node/14065300033",
        "camera:direction": "226",
        "camera:mount": "wall",
        "camera:type": "dome",
        "man_made": "surveillance",
        "surveillance": "public",
        "surveillance:type": "camera",
        "surveillance:zone": "entrance;street"
      },
      "geometry": {
        "type": "Point",
        "coordinates": [
          -122.3909123,
          37.7873972
        ]
      },
      "id": "node/14065300033"
    },
    {
      "type": "Feature",
      "properties": {
        "@id": "node/14065300038",
        "camera:direction": "223",
        "camera:mount": "wall",
        "camera:type": "dome",
        "man_made": "surveillance",
        "surveillance": "outdoor",
        "surveillance:type": "camera",
        "surveillance:zone": "parking"
      },
      "geometry": {
        "type": "Point",
        "coordinates": [
          -122.3901131,
          37.7869723
        ]
      },
      "id": "node/14065300038"
    },
    {
      "type": "Feature",
      "properties": {
        "@id": "node/14065304103",
        "camera:direction": "181",
        "camera:mount": "wall",
        "camera:type": "fixed",
        "man_made": "surveillance",
        "surveillance": "outdoor",
        "surveillance:type": "camera",
        "surveillance:zone": "entrance;parking"
      },
      "geometry": {
        "type": "Point",
        "coordinates": [
          -122.3905077,
          37.7871952
        ]
      },
      "id": "node/14065304103"
    },
    {
      "type": "Feature",
      "properties": {
        "@id": "node/14080924101",
        "camera:mount": "pole",
        "camera:type": "fixed",
        "direction": "227",
        "man_made": "surveillance",
        "manufacturer": "Flock Safety",
        "manufacturer:wikidata": "Q108485435",
        "surveillance": "public",
        "surveillance:type": "ALPR",
        "surveillance:zone": "traffic"
      },
      "geometry": {
        "type": "Point",
        "coordinates": [
          -122.4363537,
          37.7306097
        ]
      },
      "id": "node/14080924101"
    },
    {
      "type": "Feature",
      "properties": {
        "@id": "node/14081013001",
        "camera:type": "fixed",
        "direction": "139",
        "man_made": "surveillance",
        "manufacturer": "Flock Safety",
        "manufacturer:wikidata": "Q108485435",
        "surveillance": "public",
        "surveillance:type": "ALPR",
        "surveillance:zone": "traffic"
      },
      "geometry": {
        "type": "Point",
        "coordinates": [
          -122.471513,
          37.7159066
        ]
      },
      "id": "node/14081013001"
    },
    {
      "type": "Feature",
      "properties": {
        "@id": "node/14088636470",
        "camera:direction": "313",
        "camera:mount": "wall",
        "camera:type": "dome",
        "man_made": "surveillance",
        "surveillance": "outdoor",
        "surveillance:type": "camera",
        "surveillance:zone": "corridor;entrance"
      },
      "geometry": {
        "type": "Point",
        "coordinates": [
          -122.3896205,
          37.7894222
        ]
      },
      "id": "node/14088636470"
    },
    {
      "type": "Feature",
      "properties": {
        "@id": "node/14088651475",
        "camera:direction": "311",
        "camera:mount": "wall",
        "camera:type": "dome",
        "man_made": "surveillance",
        "surveillance": "outdoor",
        "surveillance:type": "camera",
        "surveillance:zone": "corridor;entrance"
      },
      "geometry": {
        "type": "Point",
        "coordinates": [
          -122.3893481,
          37.7896538
        ]
      },
      "id": "node/14088651475"
    },
    {
      "type": "Feature",
      "properties": {
        "@id": "node/14088653038",
        "camera:direction": "289",
        "camera:mount": "wall",
        "camera:type": "fixed",
        "man_made": "surveillance",
        "surveillance": "public",
        "surveillance:type": "camera",
        "surveillance:zone": "entrance"
      },
      "geometry": {
        "type": "Point",
        "coordinates": [
          -122.3880173,
          37.7895774
        ]
      },
      "id": "node/14088653038"
    },
    {
      "type": "Feature",
      "properties": {
        "@id": "node/14088669045",
        "camera:direction": "289",
        "camera:mount": "wall",
        "camera:type": "fixed",
        "man_made": "surveillance",
        "surveillance": "public",
        "surveillance:type": "camera",
        "surveillance:zone": "entrance"
      },
      "geometry": {
        "type": "Point",
        "coordinates": [
          -122.3880466,
          37.7896423
        ]
      },
      "id": "node/14088669045"
    },
    {
      "type": "Feature",
      "properties": {
        "@id": "node/14088671798",
        "camera:direction": "43",
        "camera:mount": "wall",
        "camera:type": "dome",
        "man_made": "surveillance",
        "surveillance": "public",
        "surveillance:type": "camera",
        "surveillance:zone": "entrance;street"
      },
      "geometry": {
        "type": "Point",
        "coordinates": [
          -122.3899062,
          37.789054
        ]
      },
      "id": "node/14088671798"
    },
    {
      "type": "Feature",
      "properties": {
        "@id": "node/14088682234",
        "camera:direction": "190",
        "camera:mount": "wall",
        "camera:type": "fixed",
        "man_made": "surveillance",
        "surveillance": "public",
        "surveillance:type": "camera",
        "surveillance:zone": "street"
      },
      "geometry": {
        "type": "Point",
        "coordinates": [
          -122.3898615,
          37.7886791
        ]
      },
      "id": "node/14088682234"
    },
    {
      "type": "Feature",
      "properties": {
        "@id": "node/14088684401",
        "camera:type": "fixed",
        "direction": "244",
        "man_made": "surveillance",
        "manufacturer": "Flock Safety",
        "manufacturer:wikidata": "Q108485435",
        "surveillance": "public",
        "surveillance:type": "ALPR",
        "surveillance:zone": "traffic"
      },
      "geometry": {
        "type": "Point",
        "coordinates": [
          -122.4245431,
          37.7985606
        ]
      },
      "id": "node/14088684401"
    },
    {
      "type": "Feature",
      "properties": {
        "@id": "node/14088696875",
        "camera:direction": "227",
        "camera:mount": "wall",
        "camera:type": "dome",
        "man_made": "surveillance",
        "surveillance": "public",
        "surveillance:type": "camera",
        "surveillance:zone": "entrance;street"
      },
      "geometry": {
        "type": "Point",
        "coordinates": [
          -122.3902182,
          37.7896739
        ]
      },
      "id": "node/14088696875"
    },
    {
      "type": "Feature",
      "properties": {
        "@id": "node/14088697865",
        "camera:direction": "208",
        "camera:mount": "wall",
        "camera:type": "dome",
        "man_made": "surveillance",
        "surveillance": "public",
        "surveillance:type": "camera",
        "surveillance:zone": "entrance;street"
      },
      "geometry": {
        "type": "Point",
        "coordinates": [
          -122.3904094,
          37.7897734
        ]
      },
      "id": "node/14088697865"
    },
    {
      "type": "Feature",
      "properties": {
        "@id": "node/14088701672",
        "camera:direction": "89",
        "camera:mount": "wall",
        "camera:type": "fixed",
        "man_made": "surveillance",
        "surveillance": "public",
        "surveillance:type": "camera",
        "surveillance:zone": "street"
      },
      "geometry": {
        "type": "Point",
        "coordinates": [
          -122.3898555,
          37.7886838
        ]
      },
      "id": "node/14088701672"
    },
    {
      "type": "Feature",
      "properties": {
        "@id": "node/14088701673",
        "camera:direction": "192",
        "camera:mount": "ceiling",
        "camera:type": "fixed",
        "man_made": "surveillance",
        "surveillance": "public",
        "surveillance:type": "camera",
        "surveillance:zone": "entrance"
      },
      "geometry": {
        "type": "Point",
        "coordinates": [
          -122.3878232,
          37.7891748
        ]
      },
      "id": "node/14088701673"
    },
    {
      "type": "Feature",
      "properties": {
        "@id": "node/14088706959",
        "camera:direction": "214",
        "camera:mount": "wall",
        "camera:type": "dome",
        "man_made": "surveillance",
        "surveillance": "public",
        "surveillance:type": "camera",
        "surveillance:zone": "entrance;street"
      },
      "geometry": {
        "type": "Point",
        "coordinates": [
          -122.390877,
          37.7887766
        ]
      },
      "id": "node/14088706959"
    },
    {
      "type": "Feature",
      "properties": {
        "@id": "node/14088714080",
        "camera:direction": "172",
        "camera:mount": "wall",
        "camera:type": "fixed",
        "man_made": "surveillance",
        "surveillance": "public",
        "surveillance:type": "camera",
        "surveillance:zone": "entrance"
      },
      "geometry": {
        "type": "Point",
        "coordinates": [
          -122.3879219,
          37.7893757
        ]
      },
      "id": "node/14088714080"
    },
    {
      "type": "Feature",
      "properties": {
        "@id": "node/14088722425",
        "camera:direction": "238",
        "camera:mount": "wall",
        "camera:type": "fixed",
        "man_made": "surveillance",
        "surveillance": "outdoor",
        "surveillance:type": "camera",
        "surveillance:zone": "corridor;entrance"
      },
      "geometry": {
        "type": "Point",
        "coordinates": [
          -122.387377,
          37.7887961
        ]
      },
      "id": "node/14088722425"
    },
    {
      "type": "Feature",
      "properties": {
        "@id": "node/14090488488",
        "camera:direction": "176",
        "camera:mount": "wall",
        "camera:type": "fixed",
        "man_made": "surveillance",
        "surveillance": "public",
        "surveillance:type": "camera",
        "surveillance:zone": "entrance;street"
      },
      "geometry": {
        "type": "Point",
        "coordinates": [
          -122.3973525,
          37.7803111
        ]
      },
      "id": "node/14090488488"
    },
    {
      "type": "Feature",
      "properties": {
        "@id": "node/14090510487",
        "camera:direction": "253",
        "camera:mount": "wall",
        "camera:type": "fixed",
        "man_made": "surveillance",
        "surveillance": "public",
        "surveillance:type": "camera",
        "surveillance:zone": "entrance"
      },
      "geometry": {
        "type": "Point",
        "coordinates": [
          -122.3947053,
          37.7830058
        ]
      },
      "id": "node/14090510487"
    },
    {
      "type": "Feature",
      "properties": {
        "@id": "node/14090541079",
        "camera:direction": "6",
        "camera:mount": "wall",
        "camera:type": "fixed",
        "man_made": "surveillance",
        "surveillance": "public",
        "surveillance:type": "camera",
        "surveillance:zone": "street"
      },
      "geometry": {
        "type": "Point",
        "coordinates": [
          -122.394784,
          37.7829437
        ]
      },
      "id": "node/14090541079"
    },
    {
      "type": "Feature",
      "properties": {
        "@id": "node/14090541986",
        "camera:direction": "138",
        "camera:mount": "wall",
        "camera:type": "dome",
        "man_made": "surveillance",
        "surveillance": "public",
        "surveillance:type": "camera",
        "surveillance:zone": "street"
      },
      "geometry": {
        "type": "Point",
        "coordinates": [
          -122.397647,
          37.7800778
        ]
      },
      "id": "node/14090541986"
    },
    {
      "type": "Feature",
      "properties": {
        "@id": "node/14090553136",
        "camera:direction": "97",
        "camera:mount": "wall",
        "camera:type": "fixed",
        "man_made": "surveillance",
        "surveillance": "public",
        "surveillance:type": "camera",
        "surveillance:zone": "entrance;street"
      },
      "geometry": {
        "type": "Point",
        "coordinates": [
          -122.3968113,
          37.7807391
        ]
      },
      "id": "node/14090553136"
    },
    {
      "type": "Feature",
      "properties": {
        "@id": "node/14090557089",
        "camera:direction": "104",
        "camera:mount": "wall",
        "camera:type": "fixed",
        "man_made": "surveillance",
        "surveillance": "public",
        "surveillance:type": "camera",
        "surveillance:zone": "entrance;street"
      },
      "geometry": {
        "type": "Point",
        "coordinates": [
          -122.396434,
          37.7816304
        ]
      },
      "id": "node/14090557089"
    },
    {
      "type": "Feature",
      "properties": {
        "@id": "node/14090557090",
        "camera:direction": "12",
        "camera:mount": "wall",
        "camera:type": "fixed",
        "man_made": "surveillance",
        "surveillance": "public",
        "surveillance:type": "camera",
        "surveillance:zone": "street"
      },
      "geometry": {
        "type": "Point",
        "coordinates": [
          -122.3959348,
          37.7820397
        ]
      },
      "id": "node/14090557090"
    },
    {
      "type": "Feature",
      "properties": {
        "@id": "node/14090558025",
        "camera:direction": "191",
        "camera:mount": "wall",
        "camera:type": "fixed",
        "man_made": "surveillance",
        "surveillance": "outdoor",
        "surveillance:type": "camera"
      },
      "geometry": {
        "type": "Point",
        "coordinates": [
          -122.3979137,
          37.7800362
        ]
      },
      "id": "node/14090558025"
    },
    {
      "type": "Feature",
      "properties": {
        "@id": "node/14090558043",
        "camera:direction": "142",
        "camera:mount": "wall",
        "camera:type": "dome",
        "man_made": "surveillance",
        "surveillance": "public",
        "surveillance:type": "camera",
        "surveillance:zone": "entrance;street"
      },
      "geometry": {
        "type": "Point",
        "coordinates": [
          -122.3946242,
          37.7832517
        ]
      },
      "id": "node/14090558043"
    },
    {
      "type": "Feature",
      "properties": {
        "@id": "node/14090558404",
        "camera:direction": "175",
        "camera:mount": "wall",
        "camera:type": "fixed",
        "man_made": "surveillance",
        "surveillance": "public",
        "surveillance:type": "camera",
        "surveillance:zone": "entrance;street"
      },
      "geometry": {
        "type": "Point",
        "coordinates": [
          -122.3972047,
          37.780428
        ]
      },
      "id": "node/14090558404"
    },
    {
      "type": "Feature",
      "properties": {
        "@id": "node/14090561387",
        "camera:direction": "184",
        "camera:mount": "wall",
        "camera:type": "fixed",
        "man_made": "surveillance",
        "surveillance": "public",
        "surveillance:type": "camera",
        "surveillance:zone": "entrance;street"
      },
      "geometry": {
        "type": "Point",
        "coordinates": [
          -122.3974845,
          37.7802065
        ]
      },
      "id": "node/14090561387"
    },
    {
      "type": "Feature",
      "properties": {
        "@id": "node/14090576099",
        "camera:direction": "138",
        "camera:mount": "wall",
        "camera:type": "dome",
        "man_made": "surveillance",
        "surveillance": "public",
        "surveillance:type": "camera",
        "surveillance:zone": "street"
      },
      "geometry": {
        "type": "Point",
        "coordinates": [
          -122.397562,
          37.7801451
        ]
      },
      "id": "node/14090576099"
    },
    {
      "type": "Feature",
      "properties": {
        "@id": "node/14090578030",
        "camera:direction": "97",
        "camera:mount": "wall",
        "camera:type": "fixed",
        "man_made": "surveillance",
        "surveillance": "public",
        "surveillance:type": "camera",
        "surveillance:zone": "entrance;street"
      },
      "geometry": {
        "type": "Point",
        "coordinates": [
          -122.3974686,
          37.7802192
        ]
      },
      "id": "node/14090578030"
    },
    {
      "type": "Feature",
      "properties": {
        "@id": "node/14090579550",
        "camera:direction": "176",
        "camera:mount": "wall",
        "camera:type": "fixed",
        "man_made": "surveillance",
        "surveillance": "public",
        "surveillance:type": "camera",
        "surveillance:zone": "entrance;street"
      },
      "geometry": {
        "type": "Point",
        "coordinates": [
          -122.3970436,
          37.7805559
        ]
      },
      "id": "node/14090579550"
    },
    {
      "type": "Feature",
      "properties": {
        "@id": "node/14090581406",
        "camera:direction": "272",
        "camera:mount": "wall",
        "camera:type": "fixed",
        "man_made": "surveillance",
        "surveillance": "public",
        "surveillance:type": "camera",
        "surveillance:zone": "street"
      },
      "geometry": {
        "type": "Point",
        "coordinates": [
          -122.3957467,
          37.7821871
        ]
      },
      "id": "node/14090581406"
    },
    {
      "type": "Feature",
      "properties": {
        "@id": "node/14090581407",
        "camera:direction": "300",
        "camera:mount": "wall",
        "camera:type": "dome",
        "man_made": "surveillance",
        "surveillance": "public",
        "surveillance:type": "camera",
        "surveillance:zone": "street"
      },
      "geometry": {
        "type": "Point",
        "coordinates": [
          -122.3951121,
          37.7826848
        ]
      },
      "id": "node/14090581407"
    },
    {
      "type": "Feature",
      "properties": {
        "@id": "node/14090581408",
        "camera:direction": "300",
        "camera:mount": "wall",
        "camera:type": "dome",
        "man_made": "surveillance",
        "surveillance": "public",
        "surveillance:type": "camera",
        "surveillance:zone": "street"
      },
      "geometry": {
        "type": "Point",
        "coordinates": [
          -122.3950803,
          37.7827099
        ]
      },
      "id": "node/14090581408"
    },
    {
      "type": "Feature",
      "properties": {
        "@id": "node/14090581552",
        "camera:direction": "83",
        "camera:mount": "wall",
        "camera:type": "fixed",
        "man_made": "surveillance",
        "surveillance": "public",
        "surveillance:type": "camera"
      },
      "geometry": {
        "type": "Point",
        "coordinates": [
          -122.3963263,
          37.7811261
        ]
      },
      "id": "node/14090581552"
    },
    {
      "type": "Feature",
      "properties": {
        "@id": "node/14090581929",
        "camera:direction": "98",
        "camera:mount": "wall",
        "camera:type": "fixed",
        "man_made": "surveillance",
        "surveillance": "public",
        "surveillance:type": "camera",
        "surveillance:zone": "entrance;street"
      },
      "geometry": {
        "type": "Point",
        "coordinates": [
          -122.397016,
          37.7805778
        ]
      },
      "id": "node/14090581929"
    },
    {
      "type": "Feature",
      "properties": {
        "@id": "node/14090581930",
        "camera:direction": "298",
        "camera:mount": "wall",
        "camera:type": "dome",
        "man_made": "surveillance",
        "surveillance": "public",
        "surveillance:type": "camera",
        "surveillance:zone": "entrance;street"
      },
      "geometry": {
        "type": "Point",
        "coordinates": [
          -122.3956815,
          37.7822382
        ]
      },
      "id": "node/14090581930"
    },
    {
      "type": "Feature",
      "properties": {
        "@id": "node/14090581934",
        "camera:direction": "300",
        "camera:mount": "wall",
        "camera:type": "dome",
        "man_made": "surveillance",
        "surveillance": "public",
        "surveillance:type": "camera",
        "surveillance:zone": "street"
      },
      "geometry": {
        "type": "Point",
        "coordinates": [
          -122.3949996,
          37.7827735
        ]
      },
      "id": "node/14090581934"
    },
    {
      "type": "Feature",
      "properties": {
        "@id": "node/14090587447",
        "camera:direction": "189",
        "camera:mount": "wall",
        "camera:type": "fixed",
        "man_made": "surveillance",
        "surveillance": "public",
        "surveillance:type": "camera"
      },
      "geometry": {
        "type": "Point",
        "coordinates": [
          -122.3963049,
          37.7811433
        ]
      },
      "id": "node/14090587447"
    },
    {
      "type": "Feature",
      "properties": {
        "@id": "node/14090587514",
        "camera:direction": "24",
        "camera:mount": "wall",
        "camera:type": "fixed",
        "man_made": "surveillance",
        "surveillance": "public",
        "surveillance:type": "camera",
        "surveillance:zone": "entrance;street"
      },
      "geometry": {
        "type": "Point",
        "coordinates": [
          -122.3964383,
          37.7816337
        ]
      },
      "id": "node/14090587514"
    },
    {
      "type": "Feature",
      "properties": {
        "@id": "node/14090595172",
        "camera:direction": "300",
        "camera:mount": "wall",
        "camera:type": "dome",
        "man_made": "surveillance",
        "surveillance": "public",
        "surveillance:type": "camera",
        "surveillance:zone": "street"
      },
      "geometry": {
        "type": "Point",
        "coordinates": [
          -122.3953006,
          37.7825367
        ]
      },
      "id": "node/14090595172"
    },
    {
      "type": "Feature",
      "properties": {
        "@id": "node/14090595173",
        "camera:direction": "300",
        "camera:mount": "wall",
        "camera:type": "dome",
        "man_made": "surveillance",
        "surveillance": "public",
        "surveillance:type": "camera",
        "surveillance:zone": "street"
      },
      "geometry": {
        "type": "Point",
        "coordinates": [
          -122.395265,
          37.7825646
        ]
      },
      "id": "node/14090595173"
    },
    {
      "type": "Feature",
      "properties": {
        "@id": "node/14090598140",
        "camera:direction": "316",
        "camera:mount": "wall",
        "camera:type": "dome",
        "man_made": "surveillance",
        "surveillance": "public",
        "surveillance:type": "camera",
        "surveillance:zone": "entrance;street"
      },
      "geometry": {
        "type": "Point",
        "coordinates": [
          -122.394881,
          37.7828672
        ]
      },
      "id": "node/14090598140"
    },
    {
      "type": "Feature",
      "properties": {
        "@id": "node/14090599416",
        "camera:direction": "300",
        "camera:mount": "wall",
        "camera:type": "dome",
        "man_made": "surveillance",
        "surveillance": "public",
        "surveillance:type": "camera",
        "surveillance:zone": "street"
      },
      "geometry": {
        "type": "Point",
        "coordinates": [
          -122.3951859,
          37.7826266
        ]
      },
      "id": "node/14090599416"
    },
    {
      "type": "Feature",
      "properties": {
        "@id": "node/14090602299",
        "camera:direction": "358",
        "camera:mount": "wall",
        "camera:type": "fixed",
        "man_made": "surveillance",
        "surveillance": "public",
        "surveillance:type": "camera",
        "surveillance:zone": "street"
      },
      "geometry": {
        "type": "Point",
        "coordinates": [
          -122.3949928,
          37.7827789
        ]
      },
      "id": "node/14090602299"
    },
    {
      "type": "Feature",
      "properties": {
        "@id": "node/14090620304",
        "camera:direction": "314",
        "camera:mount": "wall",
        "camera:type": "dome",
        "man_made": "surveillance",
        "surveillance": "public",
        "surveillance:type": "camera",
        "surveillance:zone": "street"
      },
      "geometry": {
        "type": "Point",
        "coordinates": [
          -122.3944882,
          37.7818652
        ]
      },
      "id": "node/14090620304"
    },
    {
      "type": "Feature",
      "properties": {
        "@id": "node/14091476903",
        "camera:type": "fixed",
        "direction": "142",
        "man_made": "surveillance",
        "manufacturer": "Flock Safety",
        "manufacturer:wikidata": "Q108485435",
        "surveillance": "public",
        "surveillance:type": "ALPR",
        "surveillance:zone": "traffic"
      },
      "geometry": {
        "type": "Point",
        "coordinates": [
          -122.4192613,
          37.7601031
        ]
      },
      "id": "node/14091476903"
    },
    {
      "type": "Feature",
      "properties": {
        "@id": "node/14092744002",
        "camera:type": "fixed",
        "direction": "228",
        "man_made": "surveillance",
        "manufacturer": "Flock Safety",
        "manufacturer:wikidata": "Q108485435",
        "surveillance": "public",
        "surveillance:type": "ALPR",
        "surveillance:zone": "traffic"
      },
      "geometry": {
        "type": "Point",
        "coordinates": [
          -122.4248382,
          37.7854782
        ]
      },
      "id": "node/14092744002"
    },
    {
      "type": "Feature",
      "properties": {
        "@id": "node/14095721001",
        "camera:type": "fixed",
        "direction": "331",
        "man_made": "surveillance",
        "manufacturer": "Flock Safety",
        "manufacturer:wikidata": "Q108485435",
        "operator": "San Francisco Police Department",
        "operator:type": "government",
        "operator:wikidata": "Q1320247",
        "surveillance": "public",
        "surveillance:type": "ALPR",
        "surveillance:zone": "traffic"
      },
      "geometry": {
        "type": "Point",
        "coordinates": [
          -122.3888272,
          37.7659981
        ]
      },
      "id": "node/14095721001"
    },
    {
      "type": "Feature",
      "properties": {
        "@id": "node/14095732501",
        "camera:type": "fixed",
        "direction": "331",
        "man_made": "surveillance",
        "manufacturer": "Flock Safety",
        "manufacturer:wikidata": "Q108485435",
        "operator": "San Francisco Police Department",
        "operator:type": "government",
        "operator:wikidata": "Q1320247",
        "surveillance": "public",
        "surveillance:type": "ALPR",
        "surveillance:zone": "traffic"
      },
      "geometry": {
        "type": "Point",
        "coordinates": [
          -122.3888272,
          37.7659981
        ]
      },
      "id": "node/14095732501"
    },
    {
      "type": "Feature",
      "properties": {
        "@id": "node/14098082301",
        "camera:type": "fixed",
        "direction": "0",
        "man_made": "surveillance",
        "manufacturer": "Leonardo",
        "manufacturer:wikidata": "Q910379",
        "surveillance": "public",
        "surveillance:type": "ALPR",
        "surveillance:zone": "traffic"
      },
      "geometry": {
        "type": "Point",
        "coordinates": [
          -122.4215408,
          37.7625434
        ]
      },
      "id": "node/14098082301"
    },
    {
      "type": "Feature",
      "properties": {
        "@id": "node/14105454104",
        "camera:type": "fixed",
        "direction": "359",
        "man_made": "surveillance",
        "manufacturer": "Flock Safety",
        "manufacturer:wikidata": "Q108485435",
        "surveillance": "public",
        "surveillance:type": "ALPR",
        "surveillance:zone": "traffic"
      },
      "geometry": {
        "type": "Point",
        "coordinates": [
          -122.4164161,
          37.7648066
        ]
      },
      "id": "node/14105454104"
    },
    {
      "type": "Feature",
      "properties": {
        "@id": "node/14105460901",
        "camera:mount": "street_lamp",
        "camera:type": "fixed",
        "direction": "359",
        "man_made": "surveillance",
        "manufacturer": "Flock Safety",
        "manufacturer:wikidata": "Q108485435",
        "surveillance": "public",
        "surveillance:type": "ALPR",
        "surveillance:zone": "traffic"
      },
      "geometry": {
        "type": "Point",
        "coordinates": [
          -122.4152624,
          37.7656302
        ]
      },
      "id": "node/14105460901"
    },
    {
      "type": "Feature",
      "properties": {
        "@id": "node/14106457701",
        "camera:type": "fixed",
        "direction": "0",
        "man_made": "surveillance",
        "manufacturer": "Flock Safety",
        "manufacturer:wikidata": "Q108485435",
        "surveillance": "public",
        "surveillance:type": "ALPR",
        "surveillance:zone": "traffic"
      },
      "geometry": {
        "type": "Point",
        "coordinates": [
          -122.4175725,
          37.7745485
        ]
      },
      "id": "node/14106457701"
    },
    {
      "type": "Feature",
      "properties": {
        "@id": "node/14106525501",
        "camera:type": "fixed",
        "direction": "0",
        "man_made": "surveillance",
        "manufacturer": "Flock Safety",
        "manufacturer:wikidata": "Q108485435",
        "surveillance": "public",
        "surveillance:type": "ALPR",
        "surveillance:zone": "traffic"
      },
      "geometry": {
        "type": "Point",
        "coordinates": [
          -122.4177083,
          37.7735158
        ]
      },
      "id": "node/14106525501"
    },
    {
      "type": "Feature",
      "properties": {
        "@id": "node/14106526901",
        "camera:type": "fixed",
        "direction": "0",
        "man_made": "surveillance",
        "manufacturer": "Flock Safety",
        "manufacturer:wikidata": "Q108485435",
        "surveillance": "public",
        "surveillance:type": "ALPR",
        "surveillance:zone": "traffic"
      },
      "geometry": {
        "type": "Point",
        "coordinates": [
          -122.4180502,
          37.7736232
        ]
      },
      "id": "node/14106526901"
    },
    {
      "type": "Feature",
      "properties": {
        "@id": "node/14106566310",
        "direction": "160",
        "man_made": "surveillance",
        "manufacturer": "Flock Safety",
        "manufacturer:wikidata": "Q108485435",
        "surveillance": "traffic",
        "surveillance:type": "ALPR",
        "surveillance:zone": "street"
      },
      "geometry": {
        "type": "Point",
        "coordinates": [
          -122.4144693,
          37.778608
        ]
      },
      "id": "node/14106566310"
    },
    {
      "type": "Feature",
      "properties": {
        "@id": "node/14108529001",
        "camera:type": "fixed",
        "direction": "0",
        "man_made": "surveillance",
        "manufacturer": "Flock Safety",
        "manufacturer:wikidata": "Q108485435",
        "surveillance": "public",
        "surveillance:type": "ALPR",
        "surveillance:zone": "traffic"
      },
      "geometry": {
        "type": "Point",
        "coordinates": [
          -122.4141975,
          37.7652389
        ]
      },
      "id": "node/14108529001"
    },
    {
      "type": "Feature",
      "properties": {
        "@id": "node/14108529002",
        "camera:type": "fixed",
        "direction": "0;36",
        "man_made": "surveillance",
        "manufacturer": "Flock Safety",
        "manufacturer:wikidata": "Q108485435",
        "surveillance": "public",
        "surveillance:type": "ALPR",
        "surveillance:zone": "traffic"
      },
      "geometry": {
        "type": "Point",
        "coordinates": [
          -122.4141975,
          37.7652389
        ]
      },
      "id": "node/14108529002"
    },
    {
      "type": "Feature",
      "properties": {
        "@id": "node/14116285906",
        "camera:model": "Condor",
        "camera:type": "dome",
        "direction": "0-360",
        "man_made": "surveillance",
        "manufacturer": "Flock Safety",
        "manufacturer:wikidata": "Q108485435",
        "surveillance": "public",
        "surveillance:type": "camera"
      },
      "geometry": {
        "type": "Point",
        "coordinates": [
          -122.4570543,
          37.8011795
        ]
      },
      "id": "node/14116285906"
    },
    {
      "type": "Feature",
      "properties": {
        "@id": "node/14116285907",
        "camera:type": "fixed",
        "direction": "313",
        "man_made": "surveillance",
        "manufacturer": "Flock Safety",
        "manufacturer:wikidata": "Q108485435",
        "name": "Flock Falcon",
        "surveillance": "public",
        "surveillance:type": "ALPR",
        "surveillance:zone": "traffic"
      },
      "geometry": {
        "type": "Point",
        "coordinates": [
          -122.4067914,
          37.7980407
        ]
      },
      "id": "node/14116285907"
    },
    {
      "type": "Feature",
      "properties": {
        "@id": "node/14116293904",
        "camera:type": "fixed",
        "direction": "262",
        "man_made": "surveillance",
        "manufacturer": "Flock Safety",
        "manufacturer:wikidata": "Q108485435",
        "name": "Flock Falcon",
        "surveillance": "public",
        "surveillance:type": "ALPR",
        "surveillance:zone": "traffic"
      },
      "geometry": {
        "type": "Point",
        "coordinates": [
          -122.4236614,
          37.795799
        ]
      },
      "id": "node/14116293904"
    },
    {
      "type": "Feature",
      "properties": {
        "@id": "node/14116295001",
        "camera:model": "Condor",
        "camera:type": "dome",
        "direction": "0-360",
        "man_made": "surveillance",
        "manufacturer": "Flock Safety",
        "manufacturer:wikidata": "Q108485435",
        "surveillance": "public",
        "surveillance:type": "camera"
      },
      "geometry": {
        "type": "Point",
        "coordinates": [
          -122.3741395,
          37.8218066
        ]
      },
      "id": "node/14116295001"
    },
    {
      "type": "Feature",
      "properties": {
        "@id": "node/14129917401",
        "camera:mount": "street_lamp",
        "camera:type": "fixed",
        "direction": "258",
        "man_made": "surveillance",
        "manufacturer": "Flock Safety",
        "manufacturer:wikidata": "Q108485435",
        "surveillance": "public",
        "surveillance:type": "ALPR",
        "surveillance:zone": "traffic"
      },
      "geometry": {
        "type": "Point",
        "coordinates": [
          -122.4445538,
          37.7920776
        ]
      },
      "id": "node/14129917401"
    },
    {
      "type": "Feature",
      "properties": {
        "@id": "node/14132225701",
        "camera:type": "fixed",
        "direction": "200",
        "man_made": "surveillance",
        "manufacturer": "Flock Safety",
        "manufacturer:wikidata": "Q108485435",
        "surveillance": "public",
        "surveillance:type": "ALPR",
        "surveillance:zone": "traffic"
      },
      "geometry": {
        "type": "Point",
        "coordinates": [
          -122.4043147,
          37.7387901
        ]
      },
      "id": "node/14132225701"
    },
    {
      "type": "Feature",
      "properties": {
        "@id": "node/14132485301",
        "camera:mount": "pole",
        "camera:type": "fixed",
        "direction": "208",
        "man_made": "surveillance",
        "manufacturer": "Genetec",
        "manufacturer:wikidata": "Q30295174",
        "surveillance": "public",
        "surveillance:type": "ALPR",
        "surveillance:zone": "traffic"
      },
      "geometry": {
        "type": "Point",
        "coordinates": [
          -122.395107,
          37.784406
        ]
      },
      "id": "node/14132485301"
    },
    {
      "type": "Feature",
      "properties": {
        "@id": "node/14133873401",
        "camera:mount": "pole",
        "camera:type": "fixed",
        "direction": "359",
        "man_made": "surveillance",
        "manufacturer": "Flock Safety",
        "manufacturer:wikidata": "Q108485435",
        "surveillance": "public",
        "surveillance:type": "ALPR",
        "surveillance:zone": "traffic"
      },
      "geometry": {
        "type": "Point",
        "coordinates": [
          -122.4135119,
          37.7782288
        ]
      },
      "id": "node/14133873401"
    },
    {
      "type": "Feature",
      "properties": {
        "@id": "node/14133882701",
        "camera:type": "fixed",
        "direction": "202",
        "man_made": "surveillance",
        "manufacturer": "Flock Safety",
        "manufacturer:wikidata": "Q108485435",
        "operator": "Simon Property Group",
        "operator:type": "private",
        "operator:wikidata": "Q2287759",
        "surveillance": "public",
        "surveillance:type": "ALPR",
        "surveillance:zone": "traffic"
      },
      "geometry": {
        "type": "Point",
        "coordinates": [
          -122.4135119,
          37.7782288
        ]
      },
      "id": "node/14133882701"
    },
    {
      "type": "Feature",
      "properties": {
        "@id": "node/14135192803",
        "direction": "330",
        "fixme": "position_estimated",
        "man_made": "surveillance",
        "operator": "San Francisco Police Department",
        "operator:wikidata": "Q1320247",
        "surveillance": "traffic",
        "surveillance:type": "ALPR",
        "surveillance:zone": "traffic"
      },
      "geometry": {
        "type": "Point",
        "coordinates": [
          -122.4224775,
          37.7748342
        ]
      },
      "id": "node/14135192803"
    },
    {
      "type": "Feature",
      "properties": {
        "@id": "node/14141619701",
        "camera:type": "fixed",
        "direction": "148",
        "man_made": "surveillance",
        "manufacturer": "Leonardo",
        "manufacturer:wikidata": "Q910379",
        "surveillance": "public",
        "surveillance:type": "ALPR",
        "surveillance:zone": "traffic"
      },
      "geometry": {
        "type": "Point",
        "coordinates": [
          -122.4240977,
          37.7388002
        ]
      },
      "id": "node/14141619701"
    },
    {
      "type": "Feature",
      "properties": {
        "@id": "node/14142151201",
        "camera:type": "fixed",
        "direction": "0",
        "man_made": "surveillance",
        "manufacturer": "Flock Safety",
        "manufacturer:wikidata": "Q108485435",
        "surveillance": "public",
        "surveillance:type": "ALPR",
        "surveillance:zone": "traffic"
      },
      "geometry": {
        "type": "Point",
        "coordinates": [
          -122.4207856,
          37.7744448
        ]
      },
      "id": "node/14142151201"
    },
    {
      "type": "Feature",
      "properties": {
        "@id": "node/14158014501",
        "camera:type": "fixed",
        "direction": "168",
        "man_made": "surveillance",
        "manufacturer": "Flock Safety",
        "manufacturer:wikidata": "Q108485435",
        "surveillance": "public",
        "surveillance:type": "ALPR",
        "surveillance:zone": "traffic"
      },
      "geometry": {
        "type": "Point",
        "coordinates": [
          -122.4268861,
          37.7679376
        ]
      },
      "id": "node/14158014501"
    },
    {
      "type": "Feature",
      "properties": {
        "@id": "node/14161932501",
        "camera:type": "fixed",
        "direction": "283",
        "man_made": "surveillance",
        "manufacturer": "Flock Safety",
        "manufacturer:wikidata": "Q108485435",
        "surveillance": "public",
        "surveillance:type": "ALPR",
        "surveillance:zone": "traffic"
      },
      "geometry": {
        "type": "Point",
        "coordinates": [
          -122.4378495,
          37.7967497
        ]
      },
      "id": "node/14161932501"
    },
    {
      "type": "Feature",
      "properties": {
        "@id": "node/14162743704",
        "camera:type": "fixed",
        "direction": "135",
        "man_made": "surveillance",
        "manufacturer": "Flock Safety",
        "manufacturer:wikidata": "Q108485435",
        "surveillance": "public",
        "surveillance:type": "ALPR",
        "surveillance:zone": "traffic"
      },
      "geometry": {
        "type": "Point",
        "coordinates": [
          -122.4136276,
          37.7809622
        ]
      },
      "id": "node/14162743704"
    },
    {
      "type": "Feature",
      "properties": {
        "@id": "node/14173727501",
        "camera:type": "fixed",
        "direction": "166",
        "man_made": "surveillance",
        "manufacturer": "Flock Safety",
        "manufacturer:wikidata": "Q108485435",
        "surveillance": "public",
        "surveillance:type": "ALPR",
        "surveillance:zone": "traffic"
      },
      "geometry": {
        "type": "Point",
        "coordinates": [
          -122.4760113,
          37.7257854
        ]
      },
      "id": "node/14173727501"
    },
    {
      "type": "Feature",
      "properties": {
        "@id": "node/14184093001",
        "camera:type": "fixed",
        "direction": "90",
        "image": "https://alpr.pictures/san-francisco/state%20ebns%20garage.jpg",
        "man_made": "surveillance",
        "manufacturer": "Flock Safety",
        "manufacturer:wikidata": "Q108485435",
        "surveillance": "public",
        "surveillance:type": "ALPR",
        "surveillance:zone": "traffic"
      },
      "geometry": {
        "type": "Point",
        "coordinates": [
          -122.4818963,
          37.7240401
        ]
      },
      "id": "node/14184093001"
    },
    {
      "type": "Feature",
      "properties": {
        "@id": "node/14184093101",
        "camera:type": "dome",
        "direction": "0-360",
        "man_made": "surveillance",
        "surveillance": "public",
        "surveillance:type": "camera"
      },
      "geometry": {
        "type": "Point",
        "coordinates": [
          -122.4839664,
          37.7269553
        ]
      },
      "id": "node/14184093101"
    },
    {
      "type": "Feature",
      "properties": {
        "@id": "node/14184093102",
        "camera:direction": "0-360",
        "camera:type": "dome",
        "direction": "0-360",
        "image": "https://alpr.pictures/san-francisco/great%20hwy%20sjo%20fulton.jpg",
        "man_made": "surveillance",
        "manufacturer": "Flock Safety",
        "manufacturer:wikidata": "Q108485435",
        "surveillance": "public",
        "surveillance:type": "camera"
      },
      "geometry": {
        "type": "Point",
        "coordinates": [
          -122.5110979,
          37.7703651
        ]
      },
      "id": "node/14184093102"
    },
    {
      "type": "Feature",
      "properties": {
        "@id": "node/14184093103",
        "camera:type": "fixed",
        "direction": "35;150;70;300",
        "man_made": "surveillance",
        "surveillance": "public",
        "surveillance:type": "camera",
        "surveillance:zone": "traffic"
      },
      "geometry": {
        "type": "Point",
        "coordinates": [
          -122.4757439,
          37.8043006
        ]
      },
      "id": "node/14184093103"
    },
    {
      "type": "Feature",
      "properties": {
        "@id": "node/14184093201",
        "camera:type": "dome",
        "direction": "0-360",
        "man_made": "surveillance",
        "surveillance": "public",
        "surveillance:type": "camera"
      },
      "geometry": {
        "type": "Point",
        "coordinates": [
          -122.4819988,
          37.7259885
        ]
      },
      "id": "node/14184093201"
    },
    {
      "type": "Feature",
      "properties": {
        "@id": "node/14184093202",
        "camera:type": "fixed",
        "direction": "85",
        "man_made": "surveillance",
        "surveillance": "public",
        "surveillance:type": "camera",
        "surveillance:zone": "traffic"
      },
      "geometry": {
        "type": "Point",
        "coordinates": [
          -122.4831056,
          37.7905686
        ]
      },
      "id": "node/14184093202"
    },
    {
      "type": "Feature",
      "properties": {
        "@id": "node/14184093302",
        "camera:type": "fixed",
        "direction": "175;295",
        "image": "https://alpr.pictures/san-francisco/bowley%20jso%20gibson.jpg",
        "man_made": "surveillance",
        "surveillance": "public",
        "surveillance:type": "ALPR",
        "surveillance:zone": "traffic"
      },
      "geometry": {
        "type": "Point",
        "coordinates": [
          -122.4822853,
          37.7904248
        ]
      },
      "id": "node/14184093302"
    },
    {
      "type": "Feature",
      "properties": {
        "@id": "node/14184094201",
        "camera:type": "dome",
        "direction": "0-360",
        "man_made": "surveillance",
        "surveillance": "public",
        "surveillance:type": "camera"
      },
      "geometry": {
        "type": "Point",
        "coordinates": [
          -122.4508388,
          37.8020059
        ]
      },
      "id": "node/14184094201"
    },
    {
      "type": "Feature",
      "properties": {
        "@id": "node/14185946201",
        "camera:type": "fixed",
        "direction": "0",
        "man_made": "surveillance",
        "manufacturer": "Flock Safety",
        "manufacturer:wikidata": "Q108485435",
        "surveillance": "public",
        "surveillance:type": "ALPR",
        "surveillance:zone": "traffic"
      },
      "geometry": {
        "type": "Point",
        "coordinates": [
          -122.4566398,
          37.7432853
        ]
      },
      "id": "node/14185946201"
    },
    {
      "type": "Feature",
      "properties": {
        "@id": "node/14197450102",
        "camera:type": "fixed",
        "direction": "182",
        "man_made": "surveillance",
        "manufacturer": "Flock Safety",
        "manufacturer:wikidata": "Q108485435",
        "surveillance": "public",
        "surveillance:type": "ALPR",
        "surveillance:zone": "traffic"
      },
      "geometry": {
        "type": "Point",
        "coordinates": [
          -122.4235338,
          37.7592338
        ]
      },
      "id": "node/14197450102"
    },
    {
      "type": "Feature",
      "properties": {
        "@id": "node/14197451501",
        "camera:type": "fixed",
        "direction": "26",
        "man_made": "surveillance",
        "manufacturer": "Motorola Solutions",
        "manufacturer:wikidata": "Q634815",
        "surveillance": "public",
        "surveillance:type": "ALPR",
        "surveillance:zone": "traffic"
      },
      "geometry": {
        "type": "Point",
        "coordinates": [
          -122.4231052,
          37.742733
        ]
      },
      "id": "node/14197451501"
    },
    {
      "type": "Feature",
      "properties": {
        "@id": "node/14197451601",
        "camera:type": "fixed",
        "direction": "194",
        "man_made": "surveillance",
        "manufacturer": "Motorola Solutions",
        "manufacturer:wikidata": "Q634815",
        "surveillance": "public",
        "surveillance:type": "ALPR",
        "surveillance:zone": "traffic"
      },
      "geometry": {
        "type": "Point",
        "coordinates": [
          -122.4228334,
          37.7433675
        ]
      },
      "id": "node/14197451601"
    },
    {
      "type": "Feature",
      "properties": {
        "@id": "node/14213736613",
        "camera:type": "fixed",
        "direction": "105",
        "man_made": "surveillance",
        "manufacturer": "Flock Safety",
        "manufacturer:wikidata": "Q108485435",
        "operator": "San Francisco Police Department",
        "operator:wikidata": "Q1320247",
        "surveillance": "public",
        "surveillance:type": "ALPR",
        "surveillance:zone": "traffic"
      },
      "geometry": {
        "type": "Point",
        "coordinates": [
          -122.3987525,
          37.7439285
        ]
      },
      "id": "node/14213736613"
    },
    {
      "type": "Feature",
      "properties": {
        "@id": "node/14219844101",
        "camera:type": "fixed",
        "direction": "0",
        "man_made": "surveillance",
        "manufacturer": "Flock Safety",
        "manufacturer:wikidata": "Q108485435",
        "surveillance": "public",
        "surveillance:type": "ALPR",
        "surveillance:zone": "traffic"
      },
      "geometry": {
        "type": "Point",
        "coordinates": [
          -122.436885,
          37.7387128
        ]
      },
      "id": "node/14219844101"
    }
  ]
}